instance_id,instance_local_id,class_id,class_name,centroid_x_px,centroid_y_px,bbox_xmin_px,bbox_ymin_px,bbox_xmax_px,bbox_ymax_px,bbox_w_px,bbox_h_px,area_px,world_x_m,world_y_m,world_z_m,geo3d_source,xyz_valid,mesh_ray_hit,mesh_face_index,mesh_ray_t_m,mesh_ray_backend,xyz_miss_reason,image_pixel_x,image_pixel_y,instance_mesh_sample_count,instance_mesh_hit_count,instance_mesh_hit_ratio,instance_mesh_unique_face_count,instance_mesh_ray_t_min_m,instance_mesh_ray_t_max_m,node_count,node_xyz_valid_count,node_xyz_hit_ratio,nodes_image_xy_json,nodes_world_xyz_json,nodes_geo3d_source,nodes_miss_reason
40,1,3,SPL,2833.2791,33.2209,2825,29,2840,37,15,8,86,243046.52403736,431253.20698547,86.79881477,dji_pose_mesh_ray_centroid,True,True,1219836,4.330067,warp,,2833.2791,33.2209,1,1,1.0,1,4.330067,4.330067,15,15,1.0,"[[2825.0,35.5],[2825.5,35.0],[2825.5,34.0],[2826.0,33.5],[2827.0,33.5],[2827.5,33.0],[2828.0,32.5],[2828.5,32.0],[2829.0,31.5],[2830.0,31.5],[2830.5,31.0],[2831.0,30.5],[2831.5,30.0],[2832.0,29.5],[2832.5,29.0]]","[[243046.51907253,431253.21438599,86.7953167],[243046.51987457,431253.21408844,86.79617405],[243046.52108288,431253.21444702,86.79786015],[243046.5218153,431253.21413422,86.79868031],[243046.5220747,431253.21313477,86.79863358],[243046.52280712,431253.21281433,86.79945373],[243046.52353954,431253.21250153,86.80027389],[243046.52427292,431253.21218109,86.80109405],[243046.52500534,431253.21186066,86.80191421],[243046.52526474,431253.21086884,86.80186844],[243046.52599812,431253.2105484,86.80268955],[243046.52673149,431253.21022797,86.80351067],[243046.52746582,431253.20991516,86.80433178],[243046.52820015,431253.20959473,86.80515289],[243046.52893353,431253.20927429,86.80597496]]",dji_pose_mesh_ray_contour_nodes,
41,2,3,SPL,1939.7067,388.048,1920,384,1964,395,44,11,375,243045.91573334,431253.89903259,86.28743935,dji_pose_mesh_ray_centroid,True,True,79226,3.853106,warp,,1939.7067,388.048,1,1,1.0,1,3.853106,3.853106,37,37,1.0,"[[1963.0,387.5],[1962.5,388.0],[1962.0,388.5],[1961.0,388.5],[1960.0,388.5],[1959.5,389.0],[1959.0,389.5],[1958.0,389.5],[1957.0,389.5],[1956.0,389.5],[1955.5,390.0],[1955.0,390.5],[1954.0,390.5],[1953.0,390.5],[1952.5,391.0],[1952.0,391.5],[1951.0,391.5],[1950.0,391.5],[1949.0,391.5],[1948.5,392.0],[1948.0,392.5],[1947.0,392.5],[1946.0,392.5],[1945.0,392.5],[1944.5,393.0],[1944.0,393.5],[1943.0,393.5],[1942.0,393.5],[1941.0,393.5],[1940.0,393.5],[1939.0,393.5],[1938.0,393.5],[1937.0,393.5],[1936.0,393.5],[1935.0,393.5],[1934.0,393.5],[1933.5,394.0]]","[[243045.92124939,431253.87743378,86.28709507],[243045.92058182,431253.87758636,86.28637886],[243045.91991425,431253.87773132,86.2856636],[243045.91971207,431253.87867737,86.28571701],[243045.91950989,431253.87962341,86.28577042],[243045.91884232,431253.879776,86.28505421],[243045.91817474,431253.87992096,86.28433895],[243045.91797256,431253.880867,86.28439236],[243045.91777039,431253.88181305,86.28444576],[243045.91756821,431253.88275909,86.28449917],[243045.91690063,431253.88290405,86.28378391],[243045.91623497,431253.88305664,86.28306866],[243045.91603088,431253.88400269,86.28312206],[243045.9158287,431253.88494873,86.28317547],[243045.91516304,431253.88509369,86.28246021],[243045.91449738,431253.88523865,86.28174591],[243045.91429329,431253.88618469,86.28179932],[243045.91409111,431253.88713074,86.28185272],[243045.91388893,431253.88807678,86.28190517],[243045.91322327,431253.88822174,86.28119087],[243045.9125576,431253.88837433,86.28047657],[243045.91235542,431253.88931274,86.28052998],[243045.91215324,431253.89025879,86.28058338],[243045.91195107,431253.89120483,86.28063679],[243045.9112854,431253.89134979,86.27992248],[243045.91061974,431253.89150238,86.27920818],[243045.91041756,431253.89244843,86.27926159],[243045.91021538,431253.89338684,86.27931499],[243045.9100132,431253.89433289,86.27936745],[243045.90980911,431253.89527893,86.27942085],[243045.90960693,431253.89622498,86.27947426],[243045.90930557,431253.89711761,86.27947903],[243045.9089489,431253.89797211,86.27945805],[243045.90859413,431253.8988266,86.27943706],[243045.90823936,431253.89968872,86.27941608],[243045.90788269,431253.90054321,86.2793951],[243045.90717125,431253.90065765,86.27865887]]",dji_pose_mesh_ray_contour_nodes,
42,3,3,SPL,1699.2326,418.4651,1688,413,1709,425,21,12,172,243045.80675316,431254.08905029,86.24247265,dji_pose_mesh_ray_centroid,True,True,1219737,3.843286,warp,,1699.2326,418.4651,1,1,1.0,1,3.843286,3.843286,15,15,1.0,"[[1688.0,417.5],[1689.0,417.5],[1690.0,417.5],[1691.0,417.5],[1692.0,417.5],[1693.0,417.5],[1694.0,417.5],[1694.5,417.0],[1695.0,416.5],[1695.5,416.0],[1695.5,415.0],[1696.0,414.5],[1696.5,414.0],[1697.0,413.5],[1697.5,413.0]]","[[243045.80372238,431254.09916687,86.24358463],[243045.80406189,431254.09831238,86.24359989],[243045.8044014,431254.09745789,86.24361515],[243045.80474281,431254.09660339,86.24362946],[243045.80508232,431254.0957489,86.24364471],[243045.80542183,431254.09489441,86.24365997],[243045.80576134,431254.09404755,86.24367428],[243045.80634117,431254.09388733,86.24434566],[243045.80692101,431254.09373474,86.24501705],[243045.80750084,431254.09358215,86.24568748],[243045.80831909,431254.09413147,86.24701595],[243045.80889893,431254.09397888,86.24768734],[243045.80947876,431254.09382629,86.24835968],[243045.81005859,431254.09366608,86.24903107],[243045.81064034,431254.09351349,86.24970341]]",dji_pose_mesh_ray_contour_nodes,
43,4,3,SPL,1605.5,488.0357,1576,478,1653,499,77,21,840,243045.71972847,431254.13028717,86.15068531,dji_pose_mesh_ray_centroid,True,True,1219737,3.764335,warp,,1605.5,488.0357,1,1,1.0,1,3.764335,3.764335,80,80,1.0,"[[1583.5,478.0],[1584.0,478.5],[1585.0,478.5],[1586.0,478.5],[1587.0,478.5],[1587.5,479.0],[1588.0,479.5],[1589.0,479.5],[1590.0,479.5],[1590.5,480.0],[1591.0,480.5],[1592.0,480.5],[1593.0,480.5],[1593.5,481.0],[1594.0,481.5],[1595.0,481.5],[1596.0,481.5],[1597.0,481.5],[1597.5,482.0],[1598.0,482.5],[1599.0,482.5],[1600.0,482.5],[1601.0,482.5],[1602.0,482.5],[1602.5,483.0],[1603.0,483.5],[1604.0,483.5],[1605.0,483.5],[1606.0,483.5],[1606.5,483.0],[1607.0,482.5],[1608.0,482.5],[1609.0,482.5],[1610.0,482.5],[1611.0,482.5],[1612.0,482.5],[1613.0,482.5],[1614.0,482.5],[1614.5,483.0],[1615.0,483.5],[1616.0,483.5],[1617.0,483.5],[1618.0,483.5],[1619.0,483.5],[1620.0,483.5],[1621.0,483.5],[1621.5,483.0],[1622.0,482.5],[1623.0,482.5],[1624.0,482.5],[1625.0,482.5],[1626.0,482.5],[1627.0,482.5],[1628.0,482.5],[1629.0,482.5],[1629.5,483.0],[1630.0,483.5],[1631.0,483.5],[1632.0,483.5],[1633.0,483.5],[1634.0,483.5],[1635.0,483.5],[1636.0,483.5],[1637.0,483.5],[1638.0,483.5],[1639.0,483.5],[1640.0,483.5],[1641.0,483.5],[1642.0,483.5],[1643.0,483.5],[1644.0,483.5],[1645.0,483.5],[1646.0,483.5],[1647.0,483.5],[1648.0,483.5],[1649.0,483.5],[1650.0,483.5],[1651.0,483.5],[1651.5,484.0],[1652.0,484.5]]","[[243045.7244072,431254.15717316,86.16519356],[243045.72404099,431254.1563797,86.16449165],[243045.72423744,431254.15544128,86.16444015],[243045.72443581,431254.15450287,86.16438866],[243045.72463036,431254.15357208,86.16433811],[243045.72426605,431254.152771,86.16363621],[243045.72389984,431254.15197754,86.1629343],[243045.7240963,431254.15103912,86.1628828],[243045.72429276,431254.15010834,86.16283226],[243045.72392654,431254.14931488,86.16213131],[243045.72356033,431254.14851379,86.16143036],[243045.72375679,431254.14758301,86.16137886],[243045.72395325,431254.14664459,86.16132736],[243045.72358704,431254.14585114,86.16062736],[243045.72322083,431254.14505768,86.15992641],[243045.72341728,431254.14412689,86.15987587],[243045.72361374,431254.14318848,86.15982437],[243045.7238102,431254.14225769,86.15977383],[243045.72344398,431254.14146423,86.15907383],[243045.72307968,431254.14067078,86.15837383],[243045.72327614,431254.13973236,86.15832329],[243045.7234726,431254.13880157,86.15827179],[243045.72366905,431254.13787079,86.15822124],[243045.7238636,431254.13693237,86.1581707],[243045.7234993,431254.13613892,86.15747166],[243045.72313499,431254.13535309,86.15677166],[243045.72332954,431254.13441467,86.15672111],[243045.723526,431254.13348389,86.15667057],[243045.72372246,431254.1325531,86.15662003],[243045.72428322,431254.13240814,86.15726757],[243045.72484589,431254.13226318,86.15791702],[243045.72504234,431254.1313324,86.15786552],[243045.7252388,431254.13040161,86.15781498],[243045.72554207,431254.12953949,86.15781498],[243045.72587395,431254.12870789,86.15782833],[243045.72620773,431254.12786865,86.15784264],[243045.72654152,431254.12702942,86.15785599],[243045.7268734,431254.12619019,86.15787029],[243045.72665024,431254.12550354,86.15723801],[243045.72642517,431254.12480927,86.15660572],[243045.72675896,431254.12397766,86.15661907],[243045.72709084,431254.12313843,86.15663338],[243045.72742462,431254.12229919,86.15664673],[243045.7277565,431254.12145996,86.15666103],[243045.72809029,431254.12062836,86.15667438],[243045.72842407,431254.11978912,86.15668869],[243045.72898102,431254.11964417,86.15733433],[243045.72953796,431254.11949158,86.15798092],[243045.72987175,431254.11865997,86.15799427],[243045.73020363,431254.11782074,86.15800858],[243045.73053741,431254.11698151,86.15802193],[243045.7308712,431254.11614227,86.15803623],[243045.73120308,431254.11530304,86.15804958],[243045.73153687,431254.11447144,86.15806389],[243045.73187065,431254.1136322,86.15807724],[243045.73164558,431254.11294556,86.15744495],[243045.73142052,431254.11225128,86.15681267],[243045.7317543,431254.11141205,86.15682602],[243045.73208618,431254.11058044,86.15684032],[243045.73241997,431254.10974121,86.15685463],[243045.73275375,431254.10890198,86.15686798],[243045.73308563,431254.10806274,86.15688133],[243045.73341942,431254.10723114,86.15689564],[243045.7337532,431254.10639191,86.15690899],[243045.73408508,431254.10555267,86.15692329],[243045.73441887,431254.10471344,86.15693665],[243045.73475075,431254.10387421,86.15695095],[243045.73508453,431254.1030426,86.1569643],[243045.73541832,431254.10220337,86.15697861],[243045.7357502,431254.10136414,86.15699196],[243045.73608398,431254.1005249,86.15700626],[243045.73641777,431254.09968567,86.15701961],[243045.73674965,431254.09885406,86.15703392],[243045.73708344,431254.09801483,86.15704727],[243045.73741722,431254.0971756,86.15706158],[243045.7377491,431254.09633636,86.15707493],[243045.73808289,431254.09550476,86.15708923],[243045.73841667,431254.09466553,86.15710258],[243045.7381897,431254.09397888,86.1564703],[243045.73796463,431254.09329224,86.15583801]]",dji_pose_mesh_ray_contour_nodes,
44,5,3,SPL,1566.6061,484.8182,1563,482,1571,488,8,6,33,243045.71476364,431254.16847992,86.15684319,dji_pose_mesh_ray_centroid,True,True,1219746,3.783363,warp,,1566.6061,484.8182,1,1,1.0,1,3.783363,3.783363,7,7,1.0,"[[1565.5,482.0],[1566.0,482.5],[1567.0,482.5],[1568.0,482.5],[1568.5,483.0],[1569.0,483.5],[1570.0,483.5]]","[[243045.71715546,431254.17138672,86.16070461],[243045.71679115,431254.17058563,86.16000366],[243045.71698761,431254.16964722,86.15995216],[243045.71718407,431254.16871643,86.15990162],[243045.71681976,431254.16791534,86.15920067],[243045.71645546,431254.16711426,86.15850067],[243045.71665192,431254.16618347,86.15844917]]",dji_pose_mesh_ray_contour_nodes,
45,6,3,SPL,2395.3611,507.5556,2364,489,2418,527,54,38,1044,243045.92695618,431253.43994141,86.1190958,dji_pose_mesh_ray_centroid,True,True,1219843,3.60754,warp,,2395.3611,507.5556,1,1,1.0,1,3.60754,3.60754,72,72,1.0,"[[2364.0,515.5],[2364.5,515.0],[2365.0,514.5],[2365.5,514.0],[2366.0,513.5],[2366.5,513.0],[2367.0,512.5],[2367.5,512.0],[2368.0,511.5],[2369.0,511.5],[2369.5,511.0],[2370.0,510.5],[2370.5,510.0],[2371.0,509.5],[2371.5,509.0],[2372.0,508.5],[2372.5,508.0],[2373.0,507.5],[2374.0,507.5],[2374.5,507.0],[2375.0,506.5],[2376.0,506.5],[2377.0,506.5],[2377.5,506.0],[2378.0,505.5],[2378.5,505.0],[2379.0,504.5],[2380.0,504.5],[2380.5,504.0],[2381.0,503.5],[2382.0,503.5],[2382.5,503.0],[2383.0,502.5],[2383.5,502.0],[2383.5,501.0],[2384.0,500.5],[2384.5,500.0],[2385.0,499.5],[2385.5,499.0],[2385.5,498.0],[2386.0,497.5],[2386.5,497.0],[2387.0,496.5],[2387.5,496.0],[2388.0,495.5],[2388.5,495.0],[2389.0,494.5],[2389.5,494.0],[2390.0,493.5],[2390.5,493.0],[2391.0,492.5],[2392.0,492.5],[2392.5,492.0],[2393.0,491.5],[2394.0,491.5],[2395.0,491.5],[2395.5,491.0],[2396.0,490.5],[2397.0,490.5],[2398.0,490.5],[2398.5,491.0],[2399.0,491.5],[2400.0,491.5],[2401.0,491.5],[2402.0,491.5],[2403.0,491.5],[2403.5,491.0],[2404.0,490.5],[2404.5,490.0],[2405.0,489.5],[2406.0,489.5],[2406.5,489.0]]","[[243045.91257477,431253.46434021,86.10982704],[243045.9131012,431253.46408081,86.11043739],[243045.91362762,431253.46382141,86.11104774],[243045.91415596,431253.46356201,86.1116581],[243045.9146843,431253.46331024,86.11226845],[243045.91521072,431253.46305084,86.11287975],[243045.91573906,431253.46279144,86.11349106],[243045.9162674,431253.46253204,86.11410141],[243045.91679573,431253.46228027,86.11471367],[243045.91705132,431253.46141052,86.11469459],[243045.91757965,431253.46115112,86.1153059],[243045.91810799,431253.46089172,86.11591721],[243045.91863632,431253.46063995,86.11652851],[243045.91916466,431253.46038055,86.11714077],[243045.91969299,431253.46012115,86.11775303],[243045.92022133,431253.45986176,86.11836529],[243045.92075157,431253.45960236,86.11897755],[243045.92127991,431253.45934296,86.11958981],[243045.92153549,431253.45848083,86.11957073],[243045.92206573,431253.45822144,86.12018394],[243045.92259407,431253.45796204,86.1207962],[243045.92285156,431253.45709229,86.12077713],[243045.92310715,431253.45623016,86.12075806],[243045.92363548,431253.45597076,86.12137127],[243045.92416573,431253.45571136,86.12198448],[243045.92469597,431253.45545197,86.12259769],[243045.92522621,431253.45519257,86.12321091],[243045.9254818,431253.45432281,86.12319183],[243045.92601204,431253.45406342,86.12380505],[243045.92654228,431253.45380402,86.12441921],[243045.92679787,431253.45294189,86.12440014],[243045.92732811,431253.4526825,86.1250143],[243045.92785835,431253.45241547,86.12562752],[243045.9283905,431253.45215607,86.12624168],[243045.9291954,431253.45250702,86.12749004],[243045.92972755,431253.45224762,86.12810421],[243045.9302578,431253.45198822,86.12871933],[243045.93078995,431253.45172882,86.12933445],[243045.93132019,431253.45146942,86.12994957],[243045.932127,431253.45182037,86.13119888],[243045.93265915,431253.45156097,86.13181496],[243045.9331913,431253.45130157,86.13243008],[243045.93372345,431253.45104218,86.13304615],[243045.9342556,431253.45078278,86.13366222],[243045.93478775,431253.45052338,86.1342783],[243045.9353199,431253.45025635,86.13489437],[243045.93585205,431253.44999695,86.13551044],[243045.93638611,431253.44973755,86.13612747],[243045.93691826,431253.44947815,86.1367445],[243045.93745041,431253.44921875,86.13736057],[243045.93798447,431253.44895935,86.1379776],[243045.93824196,431253.4480896,86.13795853],[243045.93877411,431253.4478302,86.13857555],[243045.93930817,431253.44756317,86.13919353],[243045.93956566,431253.44669342,86.13917351],[243045.93982124,431253.44582367,86.13915443],[243045.9403553,431253.44556427,86.13977146],[243045.94088936,431253.44530487,86.14038944],[243045.94114494,431253.44443512,86.14037037],[243045.94140244,431253.44356537,86.14035034],[243045.94112587,431253.44295502,86.13971329],[243045.9408493,431253.44234467,86.13907719],[243045.94110489,431253.44147491,86.13905716],[243045.94136238,431253.44060516,86.13903809],[243045.94161797,431253.43973541,86.13901806],[243045.94187546,431253.43886566,86.13899898],[243045.94240952,431253.43859863,86.13961697],[243045.94294167,431253.43833923,86.14023399],[243045.94347572,431253.43807983,86.14085197],[243045.94400978,431253.43781281,86.14146996],[243045.94426727,431253.43694305,86.14144993],[243045.94480133,431253.43668365,86.14206791]]",dji_pose_mesh_ray_contour_nodes,
46,7,3,SPL,1544.1475,499.6557,1540,491,1548,508,8,17,61,243045.69669533,431254.17962646,86.13804817,dji_pose_mesh_ray_centroid,True,True,1219746,3.769023,warp,,1544.1475,499.6557,1,1,1.0,1,3.769023,3.769023,21,21,1.0,"[[1540.0,505.5],[1540.5,505.0],[1540.5,504.0],[1541.0,503.5],[1541.5,503.0],[1542.0,502.5],[1542.5,502.0],[1542.5,501.0],[1542.5,500.0],[1543.0,499.5],[1543.5,499.0],[1543.5,498.0],[1543.5,497.0],[1543.5,496.0],[1543.5,495.0],[1543.0,494.5],[1542.5,494.0],[1542.5,493.0],[1542.5,492.0],[1543.0,491.5],[1543.5,491.0]]","[[243045.69054031,431254.17961884,86.13045216],[243045.69109535,431254.17948914,86.13109398],[243045.69200897,431254.18014526,86.13242722],[243045.6925621,431254.18001556,86.13306999],[243045.69311714,431254.17987823,86.13371181],[243045.69367218,431254.17974854,86.13435459],[243045.69422722,431254.17961121,86.13499737],[243045.69514275,431254.18027496,86.13633347],[243045.69605827,431254.18093872,86.13767052],[243045.69661331,431254.18080139,86.13831329],[243045.69716835,431254.18066406,86.13895798],[243045.69808578,431254.18132782,86.14029598],[243045.69900131,431254.18199158,86.14163494],[243045.69991875,431254.18265533,86.14297485],[243045.70083618,431254.18331909,86.14431572],[243045.70119858,431254.18412018,86.1450119],[243045.70155907,431254.18492126,86.14570808],[243045.70247841,431254.18558502,86.14705181],[243045.70339775,431254.18624878,86.14839458],[243045.7039566,431254.18611908,86.14904213],[243045.70451355,431254.18598175,86.14968872]]",dji_pose_mesh_ray_contour_nodes,
47,8,3,SPL,1569.3611,498.9167,1565,496,1574,502,9,6,36,243045.70232582,431254.1566391,86.13777828,dji_pose_mesh_ray_centroid,True,True,1219746,3.760656,warp,,1569.3611,498.9167,1,1,1.0,1,3.760656,3.760656,10,10,1.0,"[[1565.0,499.5],[1565.5,499.0],[1566.0,498.5],[1566.5,498.0],[1567.0,497.5],[1568.0,497.5],[1568.5,497.0],[1569.0,496.5],[1570.0,496.5],[1570.5,496.0]]","[[243045.70093536,431254.16030884,86.13721657],[243045.7014904,431254.16017151,86.13785934],[243045.70204735,431254.16003418,86.13850212],[243045.70260429,431254.15989685,86.13914585],[243045.70316124,431254.15975952,86.13979053],[243045.7033577,431254.15882874,86.13973999],[243045.70391464,431254.15869141,86.14038372],[243045.70447159,431254.15855408,86.1410284],[243045.70466805,431254.15762329,86.14097786],[243045.70522499,431254.15748596,86.14162254]]",dji_pose_mesh_ray_contour_nodes,
48,9,3,SPL,2058.013,523.4283,2029,497,2095,544,66,47,1847,243045.81316566,431253.71908569,86.09932423,dji_pose_mesh_ray_centroid,True,True,1219720,3.618209,warp,,2058.013,523.4283,1,1,1.0,1,3.618209,3.618209,72,72,1.0,"[[2055.5,497.0],[2056.0,497.5],[2056.5,498.0],[2057.0,498.5],[2058.0,498.5],[2058.5,499.0],[2059.0,499.5],[2059.5,500.0],[2060.0,500.5],[2061.0,500.5],[2062.0,500.5],[2063.0,500.5],[2064.0,500.5],[2064.5,501.0],[2065.0,501.5],[2066.0,501.5],[2066.5,502.0],[2067.0,502.5],[2067.5,503.0],[2068.0,503.5],[2068.5,504.0],[2069.0,504.5],[2069.5,505.0],[2070.0,505.5],[2070.5,506.0],[2071.0,506.5],[2071.5,507.0],[2072.0,507.5],[2072.5,508.0],[2073.0,508.5],[2073.5,509.0],[2073.5,510.0],[2073.5,511.0],[2073.5,512.0],[2073.5,513.0],[2073.5,514.0],[2074.0,514.5],[2074.5,515.0],[2075.0,515.5],[2075.5,516.0],[2076.0,516.5],[2077.0,516.5],[2078.0,516.5],[2078.5,517.0],[2079.0,517.5],[2080.0,517.5],[2080.5,518.0],[2081.0,518.5],[2081.5,519.0],[2082.0,519.5],[2082.5,520.0],[2082.5,521.0],[2083.0,521.5],[2083.5,522.0],[2084.0,522.5],[2084.5,523.0],[2084.5,524.0],[2085.0,524.5],[2085.5,525.0],[2085.5,526.0],[2086.0,526.5],[2086.5,527.0],[2087.0,527.5],[2087.5,528.0],[2088.0,528.5],[2089.0,528.5],[2089.5,529.0],[2090.0,529.5],[2091.0,529.5],[2092.0,529.5],[2093.0,529.5],[2094.0,529.5]]","[[243045.83440208,431253.73310089,86.13280582],[243045.83411598,431253.73243713,86.13215923],[243045.83382797,431253.73178101,86.1315136],[243045.83354187,431253.73111725,86.13086796],[243045.83380318,431253.7302475,86.13084984],[243045.83351707,431253.72958374,86.1302042],[243045.83323097,431253.72891998,86.12955856],[243045.83294296,431253.72826385,86.12891388],[243045.83265686,431253.7276001,86.12826824],[243045.83291817,431253.72673035,86.12825108],[243045.83317757,431253.7258606,86.128232],[243045.83343887,431253.72499084,86.12821484],[243045.83370018,431253.72412109,86.12819672],[243045.83341408,431253.72345734,86.12755203],[243045.83312798,431253.72280121,86.12690735],[243045.83338737,431253.72193146,86.12688923],[243045.83310127,431253.7212677,86.1262455],[243045.83281517,431253.72061157,86.12560081],[243045.83252907,431253.71995544,86.12495708],[243045.83224297,431253.71929169,86.12431335],[243045.83195877,431253.71863556,86.12366962],[243045.83167267,431253.71797943,86.12302589],[243045.83138657,431253.71731567,86.12238216],[243045.83110046,431253.71665955,86.12173939],[243045.83081627,431253.71600342,86.12109661],[243045.83053017,431253.71534729,86.12045383],[243045.83024406,431253.71469116,86.11981106],[243045.82995987,431253.71403503,86.11916923],[243045.82967377,431253.71337891,86.11852646],[243045.82938957,431253.71272278,86.11788559],[243045.82910347,431253.71205902,86.11724281],[243045.82827377,431253.71161652,86.11597824],[243045.82744598,431253.71117401,86.11471367],[243045.82661629,431253.71073151,86.1134491],[243045.8257885,431253.710289,86.11218643],[243045.82496071,431253.7098465,86.11092377],[243045.82467651,431253.70919037,86.11028385],[243045.82439232,431253.70853424,86.10964394],[243045.82411003,431253.70787811,86.10900497],[243045.82382584,431253.70722961,86.10836601],[243045.82354164,431253.70657349,86.10772705],[243045.82380104,431253.70570374,86.10770893],[243045.82406044,431253.70484161,86.10769176],[243045.82377625,431253.70418549,86.1070528],[243045.82349396,431253.70352936,86.10641384],[243045.82375336,431253.70266724,86.10639667],[243045.82346916,431253.70201111,86.10575771],[243045.82318497,431253.70136261,86.1051197],[243045.82290268,431253.70070648,86.1044817],[243045.82262039,431253.70005035,86.10384369],[243045.8223362,431253.69940186,86.10320568],[243045.82151031,431253.69895935,86.10194874],[243045.82122803,431253.69831085,86.10131168],[243045.82094574,431253.69766235,86.10067463],[243045.82066345,431253.69700623,86.10003757],[243045.82038116,431253.69635773,86.09940052],[243045.81955719,431253.69591522,86.09814548],[243045.8192749,431253.69526672,86.09750938],[243045.81899261,431253.69461823,86.09687424],[243045.81816864,431253.69417572,86.09562015],[243045.81788635,431253.69352722,86.09498501],[243045.81760597,431253.69287872,86.09434986],[243045.81732368,431253.69223022,86.09371471],[243045.8170414,431253.69158173,86.09307957],[243045.81676102,431253.6909256,86.09244537],[243045.81701851,431253.69006348,86.09242725],[243045.81673622,431253.68941498,86.09179306],[243045.81645584,431253.68876648,86.09115887],[243045.81671524,431253.68790436,86.0911417],[243045.81697273,431253.68704224,86.09112453],[243045.81723213,431253.68618011,86.09110737],[243045.81748962,431253.68531036,86.0910902]]",dji_pose_mesh_ray_contour_nodes,
49,10,3,SPL,2220.1515,520.0424,2184,507,2262,534,78,27,1155,243045.86669922,431253.58470917,86.10455131,dji_pose_mesh_ray_centroid,True,True,1219726,3.607323,warp,,2220.1515,520.0424,1,1,1.0,1,3.607323,3.607323,103,103,1.0,"[[2184.0,527.5],[2184.5,527.0],[2185.0,526.5],[2185.5,526.0],[2185.5,525.0],[2185.5,524.0],[2185.5,523.0],[2186.0,522.5],[2186.5,522.0],[2187.0,521.5],[2188.0,521.5],[2188.5,521.0],[2189.0,520.5],[2190.0,520.5],[2191.0,520.5],[2191.5,520.0],[2191.5,519.0],[2192.0,518.5],[2192.5,518.0],[2193.0,517.5],[2193.5,517.0],[2194.0,516.5],[2195.0,516.5],[2196.0,516.5],[2196.5,517.0],[2197.0,517.5],[2197.5,517.0],[2198.0,516.5],[2198.5,516.0],[2199.0,515.5],[2199.5,515.0],[2199.5,514.0],[2200.0,513.5],[2200.5,513.0],[2201.0,512.5],[2202.0,512.5],[2203.0,512.5],[2203.5,512.0],[2204.0,511.5],[2205.0,511.5],[2206.0,511.5],[2206.5,511.0],[2207.0,510.5],[2208.0,510.5],[2209.0,510.5],[2209.5,510.0],[2210.0,509.5],[2211.0,509.5],[2212.0,509.5],[2213.0,509.5],[2213.5,510.0],[2214.0,510.5],[2215.0,510.5],[2216.0,510.5],[2217.0,510.5],[2217.5,511.0],[2218.0,511.5],[2219.0,511.5],[2220.0,511.5],[2221.0,511.5],[2221.5,512.0],[2222.0,512.5],[2223.0,512.5],[2224.0,512.5],[2225.0,512.5],[2226.0,512.5],[2226.5,512.0],[2227.0,511.5],[2228.0,511.5],[2228.5,511.0],[2229.0,510.5],[2230.0,510.5],[2230.5,510.0],[2231.0,509.5],[2232.0,509.5],[2233.0,509.5],[2234.0,509.5],[2235.0,509.5],[2236.0,509.5],[2237.0,509.5],[2238.0,509.5],[2239.0,509.5],[2239.5,510.0],[2240.0,510.5],[2240.5,511.0],[2241.0,511.5],[2242.0,511.5],[2242.5,511.0],[2243.0,510.5],[2243.5,510.0],[2244.0,509.5],[2245.0,509.5],[2245.5,509.0],[2246.0,508.5],[2247.0,508.5],[2248.0,508.5],[2249.0,508.5],[2250.0,508.5],[2250.5,508.0],[2251.0,507.5],[2252.0,507.5],[2253.0,507.5],[2253.5,507.0]]","[[243045.84791183,431253.61130524,86.09442329],[243045.84849167,431253.61109924,86.09505653],[243045.8490715,431253.61089325,86.09568977],[243045.84965324,431253.61067963,86.09632397],[243045.85046196,431253.61108398,86.09756947],[243045.85127258,431253.61148834,86.09881496],[243045.85208321,431253.6118927,86.10006142],[243045.85266495,431253.61168671,86.10069656],[243045.85324669,431253.61148071,86.10133171],[243045.85383034,431253.61127472,86.10196686],[243045.85418129,431253.61045074,86.10198975],[243045.85476303,431253.61024475,86.10262585],[243045.85534668,431253.61003876,86.10326099],[243045.85569763,431253.60922241,86.10328388],[243045.85605049,431253.60839844,86.10330677],[243045.85663414,431253.60819244,86.10394382],[243045.85744667,431253.6085968,86.10519314],[243045.85803032,431253.60839081,86.10582924],[243045.85861206,431253.60817719,86.10646534],[243045.85919571,431253.60797119,86.10710239],[243045.85977936,431253.6077652,86.10773945],[243045.86036301,431253.6075592,86.1083765],[243045.86071587,431253.60673523,86.10839939],[243045.86106873,431253.60591888,86.10842323],[243045.86083794,431253.60530853,86.10780907],[243045.86060715,431253.60469818,86.1071949],[243045.8611908,431253.60448456,86.10783195],[243045.86177444,431253.60427856,86.10846901],[243045.86235809,431253.60407257,86.10910702],[243045.86294365,431253.60385895,86.10974407],[243045.8635273,431253.60365295,86.11038208],[243045.86434364,431253.60405731,86.11163521],[243045.8649292,431253.60384369,86.11227322],[243045.86551476,431253.6036377,86.11291218],[243045.86610031,431253.6034317,86.11355114],[243045.86645317,431253.60260773,86.11357403],[243045.86680603,431253.60178375,86.11359692],[243045.86739159,431253.60157776,86.11423588],[243045.86797714,431253.60137177,86.11487579],[243045.86833,431253.60054779,86.11489868],[243045.86868477,431253.59972382,86.11492157],[243045.86927032,431253.59951782,86.11556148],[243045.86985588,431253.5993042,86.11620045],[243045.87020874,431253.59848785,86.11622429],[243045.87056351,431253.59766388,86.11624718],[243045.87114906,431253.59745789,86.11688709],[243045.87173653,431253.59724426,86.11752701],[243045.87208939,431253.59642029,86.11755085],[243045.87244415,431253.59560394,86.11757374],[243045.87279701,431253.59477997,86.11759663],[243045.87256432,431253.59416962,86.11698055],[243045.87233162,431253.59355927,86.11636448],[243045.87268448,431253.59273529,86.11638737],[243045.87303925,431253.59191895,86.11641026],[243045.87339211,431253.59109497,86.1164341],[243045.87315941,431253.59048462,86.11581802],[243045.87292671,431253.58987427,86.11520195],[243045.87327957,431253.58905029,86.11522484],[243045.87363434,431253.58823395,86.11524773],[243045.8739872,431253.58740997,86.11527157],[243045.8737545,431253.58679962,86.11465549],[243045.8735218,431253.58618927,86.11403942],[243045.87387466,431253.58537292,86.11406326],[243045.87422752,431253.58454895,86.11408615],[243045.87458229,431253.58372498,86.11410904],[243045.87493515,431253.58290863,86.11413288],[243045.87552261,431253.58269501,86.11477184],[243045.87610817,431253.58248138,86.1154108],[243045.87646294,431253.58165741,86.11543465],[243045.8770504,431253.58145142,86.11607456],[243045.87763786,431253.58123779,86.11671352],[243045.87799263,431253.58041382,86.11673737],[243045.87858009,431253.5802002,86.11737728],[243045.87916756,431253.57998657,86.11801815],[243045.87952042,431253.57917023,86.11804104],[243045.87987518,431253.57834625,86.11806488],[243045.88022995,431253.57752228,86.11808777],[243045.88058281,431253.5766983,86.11811161],[243045.88093758,431253.57587433,86.1181345],[243045.88129044,431253.57505798,86.11815739],[243045.88158035,431253.57420349,86.11815357],[243045.88187218,431253.573349,86.1181488],[243045.88163185,431253.57273865,86.11752892],[243045.88139153,431253.5721283,86.11690998],[243045.8811512,431253.57151794,86.11629105],[243045.88091087,431253.57090759,86.11567211],[243045.88120079,431253.5700531,86.11566734],[243045.88173103,431253.56980896,86.11628246],[243045.88226318,431253.56957245,86.11689758],[243045.88279343,431253.56932831,86.1175127],[243045.88332367,431253.56908417,86.11812782],[243045.88361359,431253.56822968,86.11812305],[243045.88414574,431253.56799316,86.11873817],[243045.88467598,431253.56774902,86.11935425],[243045.8849678,431253.56689453,86.11934948],[243045.88525772,431253.56604004,86.11934566],[243045.88554764,431253.56519318,86.1193409],[243045.88583755,431253.56433868,86.11933708],[243045.88636971,431253.56409454,86.1199522],[243045.88690186,431253.5638504,86.12056828],[243045.88719177,431253.56299591,86.12056446],[243045.88748169,431253.56214905,86.12055969],[243045.88801384,431253.56190491,86.12117577]]",dji_pose_mesh_ray_contour_nodes,
50,11,3,SPL,2290.8893,527.5205,2279,521,2304,536,25,15,244,243045.8830452,431253.52266693,86.09578037,dji_pose_mesh_ray_centroid,True,True,1219719,3.593114,warp,,2290.8893,527.5205,1,1,1.0,1,3.593114,3.593114,24,24,1.0,"[[2303.0,526.5],[2302.5,527.0],[2302.5,528.0],[2302.0,528.5],[2301.5,529.0],[2301.0,529.5],[2300.5,530.0],[2300.0,530.5],[2299.5,531.0],[2299.0,531.5],[2298.0,531.5],[2297.5,532.0],[2297.0,532.5],[2296.5,533.0],[2296.0,533.5],[2295.0,533.5],[2294.5,534.0],[2294.0,534.5],[2293.0,534.5],[2292.0,534.5],[2291.0,534.5],[2290.0,534.5],[2289.0,534.5],[2288.5,535.0]]","[[243045.88733101,431253.51275635,86.09697819],[243045.88680077,431253.51300049,86.09636879],[243045.88603401,431253.51264954,86.09514523],[243045.88550568,431253.51289368,86.09453583],[243045.88497543,431253.51314545,86.09392643],[243045.8844471,431253.51338959,86.09331703],[243045.88391876,431253.51364136,86.09270859],[243045.88339233,431253.5138855,86.09210014],[243045.882864,431253.51413727,86.0914917],[243045.88233566,431253.51438141,86.09088325],[243045.88204765,431253.51522827,86.09088707],[243045.88151932,431253.51547241,86.09027863],[243045.88099289,431253.51572418,86.08967113],[243045.88046455,431253.51596832,86.08906269],[243045.87993813,431253.51622009,86.0884552],[243045.87964821,431253.51706696,86.08845901],[243045.87912178,431253.5173111,86.08785152],[243045.87859535,431253.51755524,86.08724403],[243045.87830544,431253.5184021,86.08724785],[243045.87801743,431253.51924896,86.08725262],[243045.87772942,431253.52009583,86.08725643],[243045.87744141,431253.52094269,86.08726025],[243045.87715149,431253.52179718,86.08726501],[243045.87662506,431253.52204132,86.08665752]]",dji_pose_mesh_ray_contour_nodes,
51,12,3,SPL,2174.3208,526.9245,2168,524,2180,532,12,8,53,243045.84497452,431253.6194458,86.09491825,dji_pose_mesh_ray_centroid,True,True,1219726,3.600017,warp,,2174.3208,526.9245,1,1,1.0,1,3.600017,3.600017,18,18,1.0,"[[2176.5,531.0],[2176.5,530.0],[2176.0,529.5],[2175.5,529.0],[2175.0,528.5],[2174.5,528.0],[2174.0,527.5],[2173.0,527.5],[2172.5,528.0],[2172.0,528.5],[2171.5,529.0],[2171.0,529.5],[2170.0,529.5],[2169.0,529.5],[2168.5,529.0],[2168.5,528.0],[2168.5,527.0],[2168.0,526.5]]","[[243045.84244919,431253.61601257,86.08990383],[243045.8432579,431253.61641693,86.09114552],[243045.84348488,431253.61702728,86.09175491],[243045.84371376,431253.61763763,86.09236526],[243045.84394073,431253.61824799,86.09297466],[243045.84416962,431253.61885834,86.09358501],[243045.84439659,431253.61946869,86.09419537],[243045.84404564,431253.62028503,86.09417248],[243045.84346581,431253.62049103,86.09353924],[243045.84288788,431253.62069702,86.09290695],[243045.84230804,431253.62090302,86.09227371],[243045.84173012,431253.62110901,86.09164143],[243045.84137917,431253.62192535,86.09161854],[243045.84102821,431253.6227417,86.09159565],[243045.84125519,431253.62335205,86.09220505],[243045.842062,431253.62375641,86.09344768],[243045.8428688,431253.6241684,86.09469128],[243045.84309769,431253.62477875,86.09530163]]",dji_pose_mesh_ray_contour_nodes,
52,13,3,SPL,2279.0,532.0,2279,532,2280,533,1,1,1,243045.87617683,431253.53115845,86.09035587,dji_pose_mesh_ray_centroid,True,True,1219719,3.588688,warp,,2279.0,532.0,1,1,1.0,1,3.588688,3.588688,1,1,1.0,"[[2279.0,532.0]]","[[243045.87617683,431253.53115845,86.09035587]]",dji_pose_mesh_ray_contour_nodes,
53,14,3,SPL,1912.3654,555.8654,1892,543,1930,565,38,22,364,243045.75099945,431253.83100128,86.06217384,dji_pose_mesh_ray_centroid,True,True,1219697,3.605875,warp,,1912.3654,555.8654,1,1,1.0,1,3.605875,3.605875,61,61,1.0,"[[1892.0,559.5],[1892.5,559.0],[1893.0,558.5],[1893.5,558.0],[1894.0,557.5],[1895.0,557.5],[1895.5,557.0],[1896.0,556.5],[1896.5,556.0],[1897.0,555.5],[1898.0,555.5],[1899.0,555.5],[1900.0,555.5],[1901.0,555.5],[1902.0,555.5],[1903.0,555.5],[1904.0,555.5],[1904.5,555.0],[1905.0,554.5],[1906.0,554.5],[1907.0,554.5],[1908.0,554.5],[1908.5,554.0],[1909.0,553.5],[1909.5,553.0],[1910.0,552.5],[1910.5,552.0],[1911.0,551.5],[1911.5,551.0],[1912.0,550.5],[1912.5,550.0],[1912.5,549.0],[1913.0,548.5],[1913.5,548.0],[1914.0,547.5],[1914.5,547.0],[1915.0,546.5],[1915.5,547.0],[1916.0,547.5],[1916.5,548.0],[1917.0,548.5],[1917.5,549.0],[1918.0,549.5],[1918.5,550.0],[1919.0,550.5],[1919.5,551.0],[1919.5,552.0],[1920.0,552.5],[1920.5,552.0],[1920.5,551.0],[1920.5,550.0],[1920.5,549.0],[1920.5,548.0],[1920.5,547.0],[1921.0,546.5],[1921.5,546.0],[1921.5,545.0],[1922.0,544.5],[1922.5,544.0],[1923.0,543.5],[1923.5,543.0]]","[[243045.74333763,431253.84712219,86.05823898],[243045.74384308,431253.8469162,86.05883884],[243045.74434853,431253.84671021,86.05943871],[243045.74485397,431253.84650421,86.06003857],[243045.74536133,431253.84629822,86.06063938],[243045.74559784,431253.84542084,86.06061363],[243045.74610519,431253.84521484,86.06121445],[243045.74661064,431253.84500885,86.06181431],[243045.747118,431253.84480286,86.06241512],[243045.74762344,431253.84459686,86.06301594],[243045.74786186,431253.84372711,86.06299114],[243045.74810028,431253.84284973,86.06296539],[243045.7483387,431253.84197235,86.06293964],[243045.74857712,431253.8411026,86.06291389],[243045.74881554,431253.84022522,86.06288815],[243045.74905396,431253.83935547,86.0628624],[243045.74929047,431253.83847809,86.06283665],[243045.74979782,431253.83827209,86.06343746],[243045.75030518,431253.8380661,86.06403923],[243045.75054169,431253.83718872,86.06401348],[243045.75078011,431253.83631897,86.06398773],[243045.75101852,431253.83544159,86.06396198],[243045.75152588,431253.8352356,86.0645628],[243045.75203323,431253.8350296,86.06516457],[243045.75254059,431253.83482361,86.06576633],[243045.75304794,431253.83461761,86.0663681],[243045.7535553,431253.83440399,86.06696892],[243045.75406265,431253.834198,86.06757164],[243045.75457191,431253.833992,86.06817341],[243045.75507927,431253.83378601,86.06877613],[243045.75558662,431253.83357239,86.0693779],[243045.75636482,431253.83403778,86.07060909],[243045.75687218,431253.83382416,86.07121181],[243045.75738144,431253.83361816,86.07181549],[243045.7578907,431253.83341217,86.07241821],[243045.75839996,431253.83320618,86.07302189],[243045.75890732,431253.83299255,86.07362556],[243045.75863838,431253.8323288,86.07299614],[243045.75836754,431253.83165741,86.07236671],[243045.75809669,431253.83099365,86.07173824],[243045.75782585,431253.8303299,86.07110882],[243045.75755692,431253.82965851,86.07048035],[243045.75728607,431253.82899475,86.06985187],[243045.75701523,431253.82833099,86.0692234],[243045.75674629,431253.82765961,86.06859493],[243045.75647545,431253.82699585,86.06796741],[243045.75569916,431253.82653809,86.06673717],[243045.75542831,431253.82587433,86.06610966],[243045.75593758,431253.82566833,86.06671143],[243045.75671387,431253.82611847,86.06794167],[243045.75749207,431253.82657623,86.06917191],[243045.75827026,431253.827034,86.07040214],[243045.75905037,431253.82749176,86.07163429],[243045.75982857,431253.82794952,86.07286644],[243045.76033783,431253.82774353,86.07347012],[243045.76084709,431253.82753754,86.07407379],[243045.7616272,431253.8279953,86.07530689],[243045.76213646,431253.82778168,86.07591057],[243045.76264763,431253.82757568,86.0765152],[243045.76315689,431253.82736206,86.07711983],[243045.76366615,431253.82715607,86.07772446]]",dji_pose_mesh_ray_contour_nodes,
54,15,3,SPL,515.7988,710.2561,502,690,533,730,31,40,656,243045.27090263,431254.92646027,85.89525318,dji_pose_mesh_ray_centroid,True,True,314601,3.873863,warp,,515.7988,710.2561,1,1,1.0,1,3.873863,3.873863,59,59,1.0,"[[532.0,695.5],[531.5,696.0],[531.5,697.0],[531.0,697.5],[530.5,698.0],[530.5,699.0],[530.5,700.0],[530.0,700.5],[529.5,701.0],[529.5,702.0],[529.5,703.0],[529.5,704.0],[529.5,705.0],[529.0,705.5],[528.5,706.0],[528.5,707.0],[528.5,708.0],[528.5,709.0],[528.5,710.0],[528.0,710.5],[527.5,711.0],[527.5,712.0],[527.0,712.5],[526.5,713.0],[526.0,713.5],[525.5,714.0],[525.0,714.5],[524.0,714.5],[523.5,715.0],[523.0,715.5],[522.0,715.5],[521.0,715.5],[520.5,716.0],[520.0,716.5],[519.5,717.0],[519.0,717.5],[518.5,718.0],[518.5,719.0],[518.0,719.5],[517.5,720.0],[517.5,721.0],[517.5,722.0],[517.5,723.0],[517.0,723.5],[516.5,724.0],[516.0,724.5],[515.5,725.0],[515.5,726.0],[515.0,726.5],[514.5,727.0],[514.0,727.5],[513.0,727.5],[512.5,728.0],[512.0,728.5],[511.0,728.5],[510.0,728.5],[509.0,728.5],[508.0,728.5],[507.5,729.0]]","[[243045.28557014,431254.92471313,85.91259575],[243045.28508759,431254.92473602,85.91200638],[243045.28445244,431254.9240036,85.91084766],[243045.28396988,431254.92402649,85.91025829],[243045.28348732,431254.92404938,85.90966988],[243045.28285217,431254.92331696,85.90851212],[243045.28221893,431254.92259216,85.90735435],[243045.28173828,431254.92260742,85.90676689],[243045.28125572,431254.92263031,85.90617943],[243045.28062248,431254.92190552,85.90502262],[243045.27998924,431254.9211731,85.90386677],[243045.27935791,431254.9204483,85.90271187],[243045.27872467,431254.91971588,85.90155697],[243045.27824402,431254.91973877,85.90097141],[243045.27776337,431254.91976166,85.9003849],[243045.27713203,431254.91903687,85.89923191],[243045.2765007,431254.91830444,85.89807892],[243045.27587128,431254.91757965,85.89692688],[243045.27523994,431254.91685486,85.89577579],[243045.2747612,431254.91687775,85.89519119],[243045.27428246,431254.91690063,85.89460659],[243045.27365303,431254.91617584,85.89345646],[243045.27317238,431254.91619873,85.89287186],[243045.27269363,431254.91622162,85.89228916],[243045.27221489,431254.91624451,85.89170551],[243045.27173615,431254.9162674,85.89112186],[243045.2712574,431254.91628265,85.89053822],[243045.27092934,431254.91705322,85.89052105],[243045.27045059,431254.91707611,85.8899374],[243045.26997375,431254.917099,85.88935471],[243045.26964569,431254.91786957,85.88933659],[243045.26931763,431254.91864014,85.88931942],[243045.26883888,431254.91866302,85.88873672],[243045.26836014,431254.91868591,85.88815403],[243045.2678833,431254.9187088,85.88757133],[243045.26740456,431254.91873169,85.88698864],[243045.26692772,431254.91875458,85.8864069],[243045.26630211,431254.91802979,85.88526058],[243045.26582527,431254.91805267,85.88467979],[243045.26534843,431254.91807556,85.88409805],[243045.26472092,431254.91735077,85.88295269],[243045.26409721,431254.91662598,85.88180923],[243045.2634716,431254.91590118,85.88066578],[243045.26299477,431254.91592407,85.88008499],[243045.26251984,431254.91594696,85.87950516],[243045.262043,431254.91596985,85.87892532],[243045.26156616,431254.91599274,85.87834454],[243045.26094437,431254.91526794,85.87720299],[243045.26046753,431254.91529083,85.87662411],[243045.2599926,431254.91531372,85.87604427],[243045.25951767,431254.91533661,85.87546539],[243045.25918961,431254.91609955,85.87544823],[243045.25871468,431254.91612244,85.87486839],[243045.25823975,431254.91614532,85.87429047],[243045.25791359,431254.91691589,85.87427235],[243045.25758553,431254.91767883,85.87425518],[243045.25725937,431254.9184494,85.87423801],[243045.25693321,431254.91921997,85.87421989],[243045.25645828,431254.91923523,85.87364197]]",dji_pose_mesh_ray_contour_nodes,
55,16,3,SPL,504.3333,751.7074,491,736,519,768,28,32,516,243045.24138641,431254.90533447,85.84786224,dji_pose_mesh_ray_centroid,True,True,314601,3.826768,warp,,504.3333,751.7074,1,1,1.0,1,3.826768,3.826768,59,59,1.0,"[[518.0,743.5],[517.5,744.0],[517.0,744.5],[516.5,745.0],[516.0,745.5],[515.5,746.0],[515.0,746.5],[514.0,746.5],[513.5,747.0],[513.0,747.5],[512.0,747.5],[511.5,747.0],[511.0,746.5],[510.0,746.5],[509.5,746.0],[509.0,745.5],[508.0,745.5],[507.5,745.0],[507.0,744.5],[506.0,744.5],[505.0,744.5],[504.5,745.0],[504.5,746.0],[504.5,747.0],[505.0,747.5],[505.5,748.0],[506.0,748.5],[507.0,748.5],[507.5,749.0],[507.5,750.0],[508.0,750.5],[508.5,751.0],[509.0,751.5],[509.5,752.0],[510.0,752.5],[510.5,752.0],[511.0,751.5],[512.0,751.5],[512.5,752.0],[513.0,752.5],[513.5,753.0],[513.5,754.0],[513.5,755.0],[513.5,756.0],[513.5,757.0],[513.0,757.5],[512.5,758.0],[512.5,759.0],[512.5,760.0],[512.0,760.5],[511.5,761.0],[511.5,762.0],[512.0,762.5],[512.5,763.0],[512.5,764.0],[512.5,765.0],[512.5,766.0],[512.0,766.5],[511.5,767.0]]","[[243045.25089073,431254.90076447,85.85735989],[243045.25041771,431254.90079498,85.85678577],[243045.24994659,431254.90081787,85.85621166],[243045.24947548,431254.90084076,85.85563755],[243045.24900246,431254.90086365,85.85506439],[243045.24853134,431254.90088654,85.85449123],[243045.24806023,431254.90091705,85.85391712],[243045.24773407,431254.90167999,85.85389996],[243045.24726295,431254.90170288,85.8533268],[243045.24679184,431254.90172577,85.85275364],[243045.24646759,431254.90248871,85.85273743],[243045.24661255,431254.90322876,85.85329342],[243045.24675941,431254.90396881,85.85384941],[243045.24643326,431254.90473175,85.85383224],[243045.24658012,431254.9054718,85.85438824],[243045.24672508,431254.90621185,85.85494423],[243045.24639893,431254.90697479,85.85492706],[243045.24654579,431254.90772247,85.85548401],[243045.24669075,431254.90846252,85.85604095],[243045.2463665,431254.90922546,85.85602379],[243045.24604034,431254.9099884,85.85600662],[243045.24556923,431254.91001129,85.85543251],[243045.24495316,431254.90929413,85.85430336],[243045.24433708,431254.90857697,85.85317326],[243045.24419212,431254.90783691,85.85261726],[243045.24404526,431254.90709686,85.85206222],[243045.2439003,431254.90635681,85.85150623],[243045.24422455,431254.90559387,85.8515234],[243045.24407959,431254.90485382,85.85096741],[243045.24346542,431254.90413666,85.84984016],[243045.24332047,431254.90339661,85.84928513],[243045.2431736,431254.90265656,85.84873009],[243045.24302864,431254.90192413,85.84817505],[243045.24288368,431254.90118408,85.84762096],[243045.24273872,431254.90044403,85.84706593],[243045.24320793,431254.90042114,85.84763813],[243045.24367905,431254.90039825,85.84820938],[243045.2440033,431254.89963531,85.84822655],[243045.24385834,431254.89889526,85.84767151],[243045.24371338,431254.89815521,85.84711742],[243045.24356842,431254.89741516,85.84656239],[243045.24295235,431254.89670563,85.84543705],[243045.24233818,431254.89599609,85.84431171],[243045.24171638,431254.8952713,85.84318542],[243045.24108124,431254.89453125,85.84205151],[243045.24059868,431254.89454651,85.84147549],[243045.24011803,431254.89455414,85.84090042],[243045.23948097,431254.89381409,85.83976841],[243045.23884583,431254.89308167,85.8386364],[243045.23836517,431254.89308929,85.83806133],[243045.23788261,431254.89310455,85.83748722],[243045.23724937,431254.8923645,85.83635616],[243045.23709488,431254.89161682,85.83580017],[243045.23694038,431254.89086914,85.83524418],[243045.23630524,431254.89013672,85.83411503],[243045.235672,431254.88939667,85.83298588],[243045.23503876,431254.88866425,85.83185768],[243045.23455811,431254.8886795,85.83128548],[243045.23407936,431254.88868713,85.83071232]]",dji_pose_mesh_ray_contour_nodes,
56,17,3,SPL,1393.7771,772.0663,1382,768,1406,777,24,9,166,243045.47945213,431254.17406464,85.82404137,dji_pose_mesh_ray_centroid,True,True,1219691,3.499481,warp,,1393.7771,772.0663,1,1,1.0,1,3.499481,3.499481,22,22,1.0,"[[1382.0,771.5],[1382.5,771.0],[1383.0,770.5],[1383.5,770.0],[1384.0,769.5],[1384.5,769.0],[1385.0,768.5],[1386.0,768.5],[1387.0,768.5],[1388.0,768.5],[1389.0,768.5],[1390.0,768.5],[1391.0,768.5],[1392.0,768.5],[1393.0,768.5],[1394.0,768.5],[1395.0,768.5],[1396.0,768.5],[1397.0,768.5],[1398.0,768.5],[1399.0,768.5],[1399.5,768.0]]","[[243045.4758606,431254.18333435,85.82442951],[243045.47639084,431254.18323517,85.82500648],[243045.47691917,431254.18313599,85.82558346],[243045.47744942,431254.1830368,85.82616043],[243045.47797966,431254.18294525,85.82673836],[243045.4785099,431254.18284607,85.82731628],[243045.47904015,431254.18274689,85.82789421],[243045.47937965,431254.18198395,85.82791519],[243045.47971916,431254.18122864,85.82793713],[243045.48006058,431254.1804657,85.82795906],[243045.48040009,431254.17971039,85.82798004],[243045.48073959,431254.17894745,85.82800198],[243045.4810791,431254.17818451,85.82802391],[243045.48141861,431254.1774292,85.82804584],[243045.48176003,431254.17666626,85.82806683],[243045.48209953,431254.17590332,85.82808876],[243045.48243904,431254.17514801,85.82811069],[243045.48277855,431254.17438507,85.82813168],[243045.48311996,431254.17362213,85.82815361],[243045.48345947,431254.17286682,85.82817554],[243045.48379898,431254.17210388,85.82819653],[243045.48433113,431254.1720047,85.82877541]]",dji_pose_mesh_ray_contour_nodes,
57,18,3,SPL,5273.4636,802.5402,5261,785,5280,824,19,39,261,243046.43234444,431251.10176849,85.75791359,dji_pose_mesh_ray_centroid,True,True,314734,3.851151,warp,,5273.4636,802.5402,1,1,1.0,1,3.851151,3.851151,52,52,1.0,"[[5278.5,823.0],[5278.5,822.0],[5278.0,821.5],[5277.0,821.5],[5276.5,821.0],[5276.5,820.0],[5276.0,819.5],[5275.5,819.0],[5275.5,818.0],[5275.5,817.0],[5275.0,816.5],[5274.5,816.0],[5274.5,815.0],[5274.0,814.5],[5273.5,814.0],[5274.0,813.5],[5274.5,813.0],[5274.5,812.0],[5275.0,811.5],[5275.5,811.0],[5276.0,810.5],[5276.5,810.0],[5276.5,809.0],[5276.5,808.0],[5276.5,807.0],[5276.5,806.0],[5276.5,805.0],[5276.0,804.5],[5275.5,804.0],[5275.0,803.5],[5274.5,804.0],[5274.0,804.5],[5273.5,805.0],[5273.0,805.5],[5272.0,805.5],[5271.5,806.0],[5271.0,806.5],[5270.0,806.5],[5269.0,806.5],[5268.0,806.5],[5267.0,806.5],[5266.5,806.0],[5266.0,805.5],[5265.5,805.0],[5265.0,804.5],[5264.0,804.5],[5263.5,804.0],[5263.0,803.5],[5262.5,803.0],[5262.0,802.5],[5261.5,802.0],[5261.0,801.5]]","[[243046.41619682,431251.10285187,85.73658085],[243046.41706276,431251.10260773,85.73762226],[243046.41734314,431251.10287476,85.7381382],[243046.41703987,431251.10364532,85.73812962],[243046.41731834,431251.10391235,85.73864651],[243046.41817856,431251.10366821,85.73968697],[243046.41845703,431251.10393524,85.74020386],[243046.41873741,431251.10420227,85.74071979],[243046.41959763,431251.10395813,85.74176216],[243046.42045975,431251.10371399,85.74280453],[243046.42073822,431251.10398102,85.74332142],[243046.4210186,431251.10424805,85.74383831],[243046.42188072,431251.10400391,85.74488163],[243046.4221611,431251.10427094,85.74539947],[243046.42244148,431251.10453796,85.74591732],[243046.42302322,431251.10402679,85.74644375],[243046.42360687,431251.10351562,85.74697018],[243046.4244709,431251.10327148,85.74801445],[243046.42505264,431251.10276794,85.74854088],[243046.4256382,431251.10225677,85.74906826],[243046.42622185,431251.10174561,85.74959469],[243046.4268055,431251.10123444,85.75012207],[243046.42766953,431251.1009903,85.75116825],[243046.42853546,431251.10073853,85.75221443],[243046.4294014,431251.10049438,85.75326252],[243046.43026733,431251.10025024,85.75430965],[243046.43113327,431251.1000061,85.7553587],[243046.43141556,431251.10027313,85.75587845],[243046.43169785,431251.10054016,85.75639915],[243046.43198013,431251.10080719,85.75691986],[243046.43139267,431251.10131836,85.75639057],[243046.43080902,431251.10182953,85.75586224],[243046.43022346,431251.1023407,85.7553339],[243046.42963791,431251.10285187,85.75480556],[243046.42933464,431251.1036377,85.75479698],[243046.42874908,431251.10414886,85.75426865],[243046.42816544,431251.10466003,85.75374031],[243046.42786026,431251.10543823,85.75373268],[243046.42755699,431251.10621643,85.7537241],[243046.42725372,431251.10699463,85.75371551],[243046.42695045,431251.10777283,85.75370789],[243046.42723083,431251.10803986,85.75422764],[243046.42751122,431251.10830688,85.75474739],[243046.4277935,431251.10857391,85.75526714],[243046.42807388,431251.10884094,85.75578785],[243046.42777061,431251.10961914,85.75577927],[243046.42805099,431251.10988617,85.75629902],[243046.42833328,431251.11016083,85.75681972],[243046.42861366,431251.11042786,85.75734043],[243046.42889404,431251.11069489,85.75786018],[243046.42917633,431251.11096191,85.75838184],[243046.42945862,431251.11122894,85.75890255]]",dji_pose_mesh_ray_contour_nodes,
58,19,3,SPL,3065.4,854.1333,3063,853,3068,857,5,4,15,243045.83898926,431252.80539703,85.71856213,dji_pose_mesh_ray_centroid,True,True,1219555,3.209596,warp,,3065.4,854.1333,1,1,1.0,1,3.209596,3.209596,5,5,1.0,"[[3065.5,856.0],[3065.0,855.5],[3064.5,855.0],[3064.0,854.5],[3063.0,854.5]]","[[243045.83774567,431252.80503082,85.71664143],[243045.83794975,431252.80549622,85.71715546],[243045.83815384,431252.80596161,85.71766949],[243045.83835602,431252.806427,85.71818447],[243045.83808327,431252.80719757,85.71818447]]",dji_pose_mesh_ray_contour_nodes,
59,20,3,SPL,2548.8074,941.2762,2483,922,2649,960,166,38,2549,243045.64556885,431253.18483734,85.63161325,dji_pose_mesh_ray_centroid,True,True,1219583,3.113766,warp,,2548.8074,941.2762,1,1,1.0,1,3.113766,3.113766,256,256,1.0,"[[2648.0,943.5],[2647.0,943.5],[2646.0,943.5],[2645.0,943.5],[2644.0,943.5],[2643.5,943.0],[2643.0,942.5],[2642.0,942.5],[2641.5,942.0],[2641.0,941.5],[2640.0,941.5],[2639.5,941.0],[2639.0,940.5],[2638.5,940.0],[2638.0,939.5],[2637.5,939.0],[2637.0,938.5],[2636.5,938.0],[2636.0,937.5],[2635.5,937.0],[2635.5,936.0],[2635.0,935.5],[2634.0,935.5],[2633.5,936.0],[2633.0,936.5],[2632.5,937.0],[2632.0,937.5],[2631.5,938.0],[2631.0,938.5],[2630.5,939.0],[2630.0,939.5],[2629.5,940.0],[2629.5,941.0],[2629.0,941.5],[2628.5,942.0],[2628.0,942.5],[2627.5,943.0],[2627.5,944.0],[2627.0,944.5],[2626.0,944.5],[2625.5,945.0],[2625.5,946.0],[2626.0,946.5],[2626.5,947.0],[2627.0,947.5],[2628.0,947.5],[2628.5,948.0],[2629.0,948.5],[2630.0,948.5],[2630.5,949.0],[2631.0,949.5],[2633.0,949.5],[2634.0,949.5],[2635.0,949.5],[2636.0,949.5],[2637.0,949.5],[2638.0,949.5],[2639.0,949.5],[2639.5,949.0],[2640.0,948.5],[2640.5,948.0],[2641.0,947.5],[2642.0,947.5],[2643.0,947.5],[2644.0,947.5],[2644.5,948.0],[2645.0,948.5],[2646.0,948.5],[2646.5,949.0],[2647.0,949.5],[2647.5,950.0],[2647.5,951.0],[2647.0,951.5],[2646.0,951.5],[2645.0,951.5],[2644.0,951.5],[2643.0,951.5],[2642.0,951.5],[2641.0,951.5],[2640.5,952.0],[2640.0,952.5],[2639.0,952.5],[2638.0,952.5],[2637.0,952.5],[2636.0,952.5],[2635.0,952.5],[2634.0,952.5],[2633.0,952.5],[2632.0,952.5],[2631.5,952.0],[2631.0,951.5],[2630.0,951.5],[2629.0,951.5],[2628.0,951.5],[2627.0,951.5],[2626.0,951.5],[2625.0,951.5],[2624.0,951.5],[2623.0,951.5],[2622.0,951.5],[2621.0,951.5],[2620.5,951.0],[2619.0,950.5],[2618.0,950.5],[2617.0,950.5],[2616.5,950.0],[2616.0,949.5],[2615.0,949.5],[2614.0,949.5],[2613.0,949.5],[2612.5,949.0],[2612.0,948.5],[2611.0,948.5],[2610.0,948.5],[2609.0,948.5],[2608.0,948.5],[2607.0,948.5],[2606.0,948.5],[2605.0,948.5],[2604.5,948.0],[2604.0,947.5],[2603.0,947.5],[2602.0,947.5],[2601.0,947.5],[2600.0,947.5],[2599.0,947.5],[2598.0,947.5],[2597.0,947.5],[2596.0,947.5],[2595.5,948.0],[2595.0,948.5],[2594.0,948.5],[2593.0,948.5],[2592.0,948.5],[2591.0,948.5],[2590.0,948.5],[2589.0,948.5],[2588.5,949.0],[2588.0,949.5],[2587.0,949.5],[2586.5,950.0],[2586.0,950.5],[2585.0,950.5],[2584.5,951.0],[2584.0,951.5],[2583.0,951.5],[2582.0,951.5],[2581.0,951.5],[2580.0,951.5],[2579.0,951.5],[2578.0,951.5],[2577.0,951.5],[2576.0,951.5],[2574.5,952.0],[2574.0,952.5],[2573.0,952.5],[2572.0,952.5],[2571.0,952.5],[2570.0,952.5],[2569.0,952.5],[2568.0,952.5],[2567.0,952.5],[2566.0,952.5],[2565.0,952.5],[2564.0,952.5],[2563.0,952.5],[2562.0,952.5],[2561.0,952.5],[2560.5,952.0],[2560.0,951.5],[2559.0,951.5],[2558.0,951.5],[2557.0,951.5],[2556.0,951.5],[2555.0,951.5],[2554.0,951.5],[2553.5,952.0],[2553.0,952.5],[2552.5,952.0],[2552.0,951.5],[2551.0,951.5],[2550.0,951.5],[2549.0,951.5],[2548.5,952.0],[2548.0,952.5],[2547.0,952.5],[2546.0,952.5],[2545.0,952.5],[2544.5,953.0],[2544.0,953.5],[2543.0,953.5],[2542.0,953.5],[2541.0,953.5],[2540.5,954.0],[2540.0,954.5],[2539.0,954.5],[2538.0,954.5],[2537.0,954.5],[2536.0,954.5],[2535.0,954.5],[2534.0,954.5],[2533.0,954.5],[2532.0,954.5],[2531.0,954.5],[2529.0,954.5],[2528.0,954.5],[2527.0,954.5],[2526.0,954.5],[2525.0,954.5],[2524.0,954.5],[2523.0,954.5],[2522.0,954.5],[2521.0,954.5],[2520.0,954.5],[2519.0,954.5],[2518.0,954.5],[2517.5,954.0],[2517.0,953.5],[2516.0,953.5],[2515.0,953.5],[2514.5,953.0],[2514.0,952.5],[2513.0,952.5],[2512.0,952.5],[2511.0,952.5],[2510.0,952.5],[2509.0,952.5],[2508.5,953.0],[2508.0,953.5],[2507.0,953.5],[2506.0,953.5],[2505.0,953.5],[2504.0,953.5],[2503.0,953.5],[2502.0,953.5],[2501.0,953.5],[2500.0,953.5],[2499.0,953.5],[2498.5,954.0],[2498.0,954.5],[2497.0,954.5],[2496.0,954.5],[2495.0,954.5],[2494.5,955.0],[2494.0,955.5],[2493.0,955.5],[2492.5,956.0],[2492.0,956.5],[2491.0,956.5],[2490.0,956.5],[2489.5,957.0],[2489.0,957.5],[2488.0,957.5],[2487.5,958.0],[2487.0,958.5],[2485.5,959.0]]","[[243045.66922951,431253.10850525,85.62894106],[243045.66897583,431253.10927582,85.62894535],[243045.66872215,431253.11003876,85.62894964],[243045.66846848,431253.1108017,85.62895393],[243045.6682148,431253.11156464,85.62895822],[243045.66842842,431253.11206055,85.6294632],[243045.66864204,431253.11256409,85.62996769],[243045.66838837,431253.11332703,85.62997198],[243045.66860199,431253.11383057,85.63047695],[243045.66881561,431253.11433411,85.63098192],[243045.66856194,431253.11509705,85.63098669],[243045.66877747,431253.11560059,85.63149166],[243045.66899109,431253.11610413,85.63199711],[243045.66920471,431253.11660767,85.63250256],[243045.66941833,431253.11711121,85.633008],[243045.66963196,431253.11761475,85.63351345],[243045.66984749,431253.11811829,85.63401937],[243045.67006111,431253.11862183,85.6345253],[243045.67027473,431253.11912537,85.63503122],[243045.67049026,431253.11962891,85.63553715],[243045.6711731,431253.11986542,85.63654566],[243045.67138672,431253.12036896,85.63705206],[243045.67113304,431253.12113953,85.63705635],[243045.67066383,431253.12139893,85.63655424],[243045.67019653,431253.12165833,85.63605261],[243045.66972733,431253.12191772,85.6355505],[243045.66926003,431253.12217712,85.63504887],[243045.66879082,431253.12244415,85.63454723],[243045.66832352,431253.12270355,85.6340456],[243045.66785622,431253.12296295,85.63354444],[243045.66738892,431253.12322235,85.63304329],[243045.66691971,431253.12348175,85.63254213],[243045.66623878,431253.12323761,85.63153553],[243045.66577148,431253.12349701,85.63103485],[243045.66530418,431253.12375641,85.63053417],[243045.66483688,431253.12402344,85.63003349],[243045.66437149,431253.12428284,85.62953329],[243045.66369057,431253.1240387,85.62852859],[243045.66322327,431253.1242981,85.62802839],[243045.66296959,431253.12506104,85.62803268],[243045.6625042,431253.12532043,85.62753248],[243045.66182518,431253.12507629,85.62652874],[243045.66161156,431253.12457275,85.6260252],[243045.66139984,431253.12406921,85.62552118],[243045.66118622,431253.12356567,85.62501717],[243045.6614399,431253.12280273,85.62501287],[243045.66122627,431253.12229919,85.62450933],[243045.66101456,431253.12179565,85.62400579],[243045.66126823,431253.12103271,85.6240015],[243045.66105461,431253.1205368,85.62349844],[243045.6608429,431253.12003326,85.6229949],[243045.66134834,431253.11850739,85.62298632],[243045.66160202,431253.11774445,85.62298202],[243045.6618557,431253.11698151,85.62297726],[243045.66210938,431253.11621857,85.62297296],[243045.66236115,431253.11545563,85.62296867],[243045.66261482,431253.11469269,85.62296438],[243045.6628685,431253.11392975,85.62296009],[243045.66333389,431253.11367035,85.62345886],[243045.66380119,431253.11341095,85.62395811],[243045.66426659,431253.11315155,85.62445688],[243045.66473389,431253.11289215,85.62495613],[243045.66498566,431253.11212921,85.62495184],[243045.66523933,431253.11136627,85.62494755],[243045.66549301,431253.11060333,85.62494326],[243045.66527939,431253.11009979,85.62443972],[243045.66506767,431253.10959625,85.62393618],[243045.66532135,431253.10884094,85.62393188],[243045.66510773,431253.1083374,85.62342882],[243045.6648941,431253.10783386,85.62292528],[243045.66468048,431253.10733795,85.62242222],[243045.66400146,431253.10709381,85.62142134],[243045.66353607,431253.10736084,85.62092257],[243045.66328239,431253.10811615,85.62092686],[243045.66303062,431253.10887909,85.62093162],[243045.66277695,431253.10964203,85.62093544],[243045.66252327,431253.11040497,85.62094021],[243045.6622715,431253.11116791,85.6209445],[243045.66201782,431253.11193085,85.62094831],[243045.66155243,431253.11219025,85.6204505],[243045.66108704,431253.11244965,85.6199522],[243045.66083336,431253.11321259,85.61995649],[243045.66058159,431253.11397552,85.61996126],[243045.66032791,431253.11473846,85.61996555],[243045.66007423,431253.11549377,85.61996984],[243045.65982056,431253.11625671,85.61997414],[243045.65956688,431253.11701965,85.61997843],[243045.65931511,431253.11778259,85.61998272],[243045.65906143,431253.11854553,85.61998701],[243045.65927315,431253.11904907,85.62048912],[243045.65948677,431253.11954498,85.62099218],[243045.65923309,431253.12030792,85.62099647],[243045.65897942,431253.12107086,85.62100077],[243045.65872765,431253.1218338,85.62100506],[243045.65847397,431253.12259674,85.62100935],[243045.65822029,431253.12335968,85.62101364],[243045.65796852,431253.12412262,85.62101793],[243045.65771484,431253.12488556,85.6210227],[243045.65746117,431253.12564087,85.62102699],[243045.65720749,431253.12640381,85.62103081],[243045.65695572,431253.12716675,85.62103558],[243045.65716743,431253.12767029,85.62153816],[243045.65712547,431253.12893677,85.62204552],[243045.6568737,431253.12969971,85.62204981],[243045.65662003,431253.13046265,85.6220541],[243045.65683174,431253.13096619,85.62255716],[243045.65704346,431253.13146973,85.62306023],[243045.65678978,431253.13223267,85.62306452],[243045.6565361,431253.13299561,85.62306881],[243045.65628242,431253.13375854,85.6230731],[243045.65649605,431253.13426208,85.62357664],[243045.65670776,431253.13476562,85.6240797],[243045.65645409,431253.13552856,85.62408447],[243045.65620041,431253.1362915,85.62408876],[243045.65594673,431253.13705444,85.62409306],[243045.65569305,431253.13781738,85.62409735],[243045.65544128,431253.13858032,85.62410164],[243045.65518761,431253.13934326,85.62410593],[243045.65493393,431253.14009857,85.62411022],[243045.65514565,431253.14060974,85.62461376],[243045.65535736,431253.14111328,85.62511778],[243045.65510368,431253.14187622,85.62512207],[243045.65485001,431253.14263916,85.62512636],[243045.65459633,431253.1434021,85.62513065],[243045.65434456,431253.14416504,85.62513494],[243045.65409088,431253.14492798,85.62513924],[243045.6538372,431253.14569092,85.625144],[243045.65358353,431253.14645386,85.6251483],[243045.65332985,431253.1472168,85.62515259],[243045.65286446,431253.1474762,85.62465334],[243045.65239906,431253.14772797,85.62415409],[243045.65214729,431253.14849091,85.62415838],[243045.65189362,431253.14925385,85.62416267],[243045.65163994,431253.15001678,85.62416697],[243045.65138626,431253.15077972,85.62417126],[243045.65113258,431253.15154266,85.62417555],[243045.65087891,431253.1523056,85.62418032],[243045.65041542,431253.152565,85.62368107],[243045.64995003,431253.15281677,85.6231823],[243045.64969635,431253.15357971,85.62318659],[243045.64923286,431253.15383911,85.62268734],[243045.64876747,431253.15409851,85.62218857],[243045.6485157,431253.15485382,85.62219334],[243045.64805031,431253.15511322,85.62169456],[243045.64758492,431253.15537262,85.62119579],[243045.64733315,431253.15612793,85.62120008],[243045.64707947,431253.15689087,85.62120438],[243045.64682579,431253.15765381,85.62120867],[243045.64657211,431253.15841675,85.62121344],[243045.64631844,431253.15917969,85.62121725],[243045.64606667,431253.15994263,85.62122202],[243045.64581299,431253.16070557,85.62122631],[243045.64555931,431253.16146851,85.6212306],[243045.64484215,431253.16248322,85.6207366],[243045.64437866,431253.16274261,85.62023783],[243045.64412498,431253.16350555,85.6202426],[243045.64387321,431253.16426849,85.62024689],[243045.64361954,431253.1650238,85.62025118],[243045.64336586,431253.16578674,85.62025547],[243045.64311218,431253.16654968,85.62025976],[243045.64286041,431253.16731262,85.62026405],[243045.64260674,431253.16807556,85.62026834],[243045.64235306,431253.1688385,85.62027264],[243045.64209938,431253.16960144,85.62027693],[243045.6418457,431253.17036438,85.6202817],[243045.64159393,431253.17112732,85.62028599],[243045.64134026,431253.17189026,85.6202898],[243045.64108658,431253.1726532,85.62029457],[243045.64129639,431253.17315674,85.62079716],[243045.6415062,431253.17366791,85.62130022],[243045.64125443,431253.17443085,85.62130451],[243045.64100075,431253.17519379,85.6213088],[243045.64074707,431253.17595673,85.62131262],[243045.64049339,431253.17671967,85.62131739],[243045.64023972,431253.1774826,85.62132168],[243045.63998604,431253.17824554,85.62132597],[243045.63952446,431253.17849731,85.62082767],[243045.63906097,431253.17874908,85.6203289],[243045.63927078,431253.17926025,85.62083197],[243045.63948059,431253.17977142,85.62133455],[243045.63922691,431253.18053436,85.62133884],[243045.63897324,431253.18128967,85.62134314],[243045.63871956,431253.18205261,85.6213479],[243045.63825798,431253.18231201,85.62084913],[243045.63779449,431253.18256378,85.62035084],[243045.63754082,431253.18332672,85.62035513],[243045.63728714,431253.18408966,85.62035942],[243045.63711357,431253.18488312,85.62038708],[243045.63671112,431253.18515778,85.61990643],[243045.63630867,431253.18543243,85.61942625],[243045.63614082,431253.18622589,85.61945581],[243045.63597488,431253.18701935,85.61948538],[243045.63580704,431253.18781281,85.61951494],[243045.63540459,431253.18809509,85.61903477],[243045.63500214,431253.18836975,85.61855459],[243045.63483429,431253.18916321,85.61858416],[243045.63466644,431253.18995667,85.61861372],[243045.6345005,431253.19075012,85.61864328],[243045.63433266,431253.19155121,85.61867285],[243045.63416481,431253.19234467,85.61870241],[243045.63399696,431253.19313812,85.6187315],[243045.63382912,431253.19393158,85.61876106],[243045.63366318,431253.19473267,85.6187911],[243045.63349533,431253.19552612,85.61882067],[243045.63315964,431253.19712067,85.61887979],[243045.63299179,431253.19791412,85.61890936],[243045.63282394,431253.19870758,85.61893892],[243045.6326561,431253.19950867,85.61896849],[243045.63248825,431253.20030212,85.61899805],[243045.63232231,431253.20109558,85.61902761],[243045.63215256,431253.20189667,85.61905718],[243045.63198662,431253.20269012,85.61908674],[243045.63181877,431253.20349121,85.61911631],[243045.63165092,431253.20428467,85.61914587],[243045.63148308,431253.20507812,85.61917543],[243045.63131523,431253.20587921,85.61920547],[243045.63154984,431253.20639801,85.61971569],[243045.63178253,431253.20692444,85.62022591],[243045.63161659,431253.2077179,85.62025595],[243045.63144875,431253.20851898,85.62028551],[243045.63168335,431253.20903778,85.6207962],[243045.63191605,431253.20956421,85.6213069],[243045.6317482,431253.21035767,85.62133646],[243045.63158226,431253.21115875,85.6213665],[243045.63141441,431253.21195221,85.62139606],[243045.63124657,431253.2127533,85.62142611],[243045.63107681,431253.21354675,85.62145567],[243045.63067627,431253.21382141,85.62097454],[243045.63027382,431253.21409607,85.62049293],[243045.63010597,431253.21489716,85.62052298],[243045.62993813,431253.21569061,85.62055254],[243045.62977028,431253.2164917,85.6205821],[243045.62960243,431253.21728516,85.62061214],[243045.62943268,431253.21808624,85.62064171],[243045.62926483,431253.2188797,85.62067127],[243045.62909698,431253.21968079,85.62070084],[243045.62892914,431253.22047424,85.62073088],[243045.62876129,431253.22127533,85.62076044],[243045.62835884,431253.22154999,85.62027883],[243045.6279583,431253.22181702,85.61979771],[243045.62779045,431253.2226181,85.61982775],[243045.6276207,431253.22341156,85.61985731],[243045.62745285,431253.22421265,85.61988687],[243045.6270504,431253.2244873,85.61940575],[243045.62664986,431253.22475433,85.61892462],[243045.62648201,431253.22555542,85.61895418],[243045.62607956,431253.22583008,85.61847353],[243045.62567711,431253.22609711,85.6179924],[243045.62551117,431253.22689819,85.61802244],[243045.62534142,431253.22769165,85.61805201],[243045.62494087,431253.22796631,85.61757088],[243045.62453842,431253.22824097,85.61709022],[243045.62437057,431253.22903442,85.61711979],[243045.62397003,431253.22930908,85.61663914],[243045.62356758,431253.22957611,85.61615849],[243045.62299919,431253.23064423,85.61570787]]",dji_pose_mesh_ray_contour_nodes,
60,21,3,SPL,2607.5,934.5,2607,934,2609,936,2,2,2,243045.66508102,431253.14165497,85.63818312,dji_pose_mesh_ray_centroid,True,True,1219583,3.118611,warp,,2607.5,934.5,1,1,1.0,1,3.118611,3.118611,2,2,1.0,"[[2608.0,934.5],[2607.5,934.0]]","[[243045.66520882,431253.1412735,85.63818073],[243045.66542244,431253.14178467,85.63868809]]",dji_pose_mesh_ray_contour_nodes,
61,22,3,SPL,2605.0,936.0,2605,936,2606,937,1,1,1,243045.66342354,431253.14319611,85.6366806,dji_pose_mesh_ray_centroid,True,True,1219583,3.117214,warp,,2605.0,936.0,1,1,1.0,1,3.117214,3.117214,1,1,1.0,"[[2605.0,936.0]]","[[243045.66342354,431253.14319611,85.6366806]]",dji_pose_mesh_ray_contour_nodes,
62,23,3,SPL,2602.5,937.0,2602,937,2604,938,2,1,2,243045.66210747,431253.14485931,85.63568354,dji_pose_mesh_ray_centroid,True,True,1219583,3.116304,warp,,2602.5,937.0,1,1,1.0,1,3.116304,3.116304,2,2,1.0,"[[2602.0,937.0],[2603.0,937.0]]","[[243045.66198158,431253.14524841,85.63568592],[243045.66223526,431253.14447784,85.63568115]]",dji_pose_mesh_ray_contour_nodes,
63,24,3,SPL,1990.3469,966.5079,1920,947,2062,993,142,46,3430,243045.48821259,431253.60453796,85.60906506,dji_pose_mesh_ray_centroid,True,True,79229,3.142571,warp,,1990.3469,966.5079,1,1,1.0,1,3.142571,3.142571,162,162,1.0,"[[2033.5,992.0],[2033.0,991.5],[2032.0,991.5],[2031.0,991.5],[2030.0,991.5],[2029.0,991.5],[2028.5,991.0],[2028.0,990.5],[2027.0,990.5],[2026.5,990.0],[2026.0,989.5],[2025.5,989.0],[2025.0,988.5],[2024.5,988.0],[2024.0,987.5],[2023.0,987.5],[2022.5,987.0],[2022.0,986.5],[2021.5,986.0],[2021.0,985.5],[2020.0,985.5],[2019.0,985.5],[2018.5,985.0],[2018.0,984.5],[2017.0,984.5],[2016.0,984.5],[2015.0,984.5],[2014.0,984.5],[2013.5,984.0],[2013.0,983.5],[2012.0,983.5],[2011.5,984.0],[2011.0,984.5],[2010.0,984.5],[2009.0,984.5],[2008.0,984.5],[2007.5,985.0],[2007.0,985.5],[2006.0,985.5],[2005.0,985.5],[2004.0,985.5],[2003.0,985.5],[2002.5,986.0],[2002.0,986.5],[2001.0,986.5],[2000.0,986.5],[1999.0,986.5],[1998.0,986.5],[1997.0,986.5],[1996.0,986.5],[1995.0,986.5],[1994.0,986.5],[1993.0,986.5],[1992.0,986.5],[1991.0,986.5],[1990.0,986.5],[1989.5,986.0],[1989.0,985.5],[1988.0,985.5],[1987.0,985.5],[1986.0,985.5],[1985.0,985.5],[1984.0,985.5],[1983.0,985.5],[1982.0,985.5],[1981.0,985.5],[1980.5,985.0],[1980.0,984.5],[1979.0,984.5],[1978.0,984.5],[1977.0,984.5],[1976.5,984.0],[1976.0,983.5],[1975.0,983.5],[1974.5,983.0],[1974.0,982.5],[1973.0,982.5],[1972.5,982.0],[1972.0,981.5],[1971.5,981.0],[1971.0,980.5],[1970.5,980.0],[1970.0,979.5],[1969.5,979.0],[1969.0,978.5],[1968.5,978.0],[1968.0,977.5],[1967.0,977.5],[1966.5,977.0],[1966.0,976.5],[1965.0,976.5],[1964.0,976.5],[1963.5,976.0],[1963.0,975.5],[1962.5,975.0],[1962.0,974.5],[1961.5,974.0],[1961.0,973.5],[1960.5,973.0],[1960.5,972.0],[1960.0,971.5],[1959.5,971.0],[1959.0,970.5],[1958.5,970.0],[1958.0,969.5],[1957.0,969.5],[1956.5,969.0],[1956.0,968.5],[1955.0,968.5],[1954.0,968.5],[1953.5,968.0],[1953.0,967.5],[1952.0,967.5],[1951.0,967.5],[1950.5,968.0],[1950.0,968.5],[1949.0,968.5],[1948.5,968.0],[1948.0,967.5],[1947.5,967.0],[1947.0,966.5],[1946.5,966.0],[1946.0,965.5],[1945.0,965.5],[1944.5,965.0],[1944.0,964.5],[1943.0,964.5],[1942.0,964.5],[1941.0,964.5],[1940.5,964.0],[1940.0,963.5],[1939.5,964.0],[1939.0,964.5],[1938.0,964.5],[1937.0,964.5],[1936.5,964.0],[1936.0,963.5],[1935.5,963.0],[1935.0,962.5],[1934.5,962.0],[1934.0,961.5],[1933.5,961.0],[1933.0,960.5],[1932.0,960.5],[1931.0,960.5],[1930.0,960.5],[1929.0,960.5],[1928.5,960.0],[1928.0,959.5],[1927.0,959.5],[1926.0,959.5],[1925.0,959.5],[1924.5,959.0],[1924.0,958.5],[1923.0,958.5],[1922.5,958.0],[1922.0,957.5],[1921.5,957.0],[1921.0,956.5],[1920.5,956.0],[1920.5,955.0],[1920.0,954.5]]","[[243045.48158646,431253.56189728,85.58317852],[243045.48180389,431253.56246948,85.58368206],[243045.4815464,431253.56322479,85.58368444],[243045.48128891,431253.5639801,85.58368731],[243045.48103142,431253.56473541,85.58368969],[243045.48077393,431253.56549072,85.58369255],[243045.48099327,431253.56606293,85.58419561],[243045.48121071,431253.56663513,85.58469963],[243045.48095322,431253.56739044,85.58470249],[243045.48117256,431253.56795502,85.58520603],[243045.48139,431253.56852722,85.58571005],[243045.48160934,431253.56909943,85.58621407],[243045.48182678,431253.56967163,85.58671856],[243045.48204613,431253.57023621,85.58722258],[243045.48226357,431253.57080841,85.58772755],[243045.48200607,431253.57156372,85.58772993],[243045.48222542,431253.57213593,85.58823442],[243045.48244286,431253.57270813,85.58873939],[243045.4826622,431253.57328033,85.58924437],[243045.48288155,431253.57385254,85.58974934],[243045.48262405,431253.57460785,85.5897522],[243045.48236465,431253.57536316,85.58975458],[243045.482584,431253.57593536,85.59025955],[243045.48280334,431253.57650757,85.59076548],[243045.48254585,431253.57726288,85.59076786],[243045.48228836,431253.57802582,85.59077072],[243045.48202896,431253.57878113,85.59077311],[243045.48177147,431253.57954407,85.59077597],[243045.48199081,431253.58010864,85.59128141],[243045.48221016,431253.58068085,85.59178686],[243045.48195076,431253.58144379,85.59178972],[243045.48147392,431253.58162689,85.59128666],[243045.48099899,431253.58181763,85.5907836],[243045.48073959,431253.58257294,85.59078646],[243045.4804821,431253.58332825,85.59078884],[243045.48022461,431253.58409119,85.5907917],[243045.47974777,431253.58427429,85.59028912],[243045.47927094,431253.5844574,85.58978653],[243045.47901344,431253.58522034,85.58978891],[243045.47875595,431253.58597565,85.58979177],[243045.47849846,431253.58673096,85.58979464],[243045.47824097,431253.5874939,85.58979702],[243045.47776413,431253.587677,85.58929443],[243045.4772892,431253.58786011,85.58879232],[243045.47703171,431253.58861542,85.58879471],[243045.47677231,431253.58937836,85.58879757],[243045.47651482,431253.59013367,85.58880043],[243045.47625732,431253.59088898,85.58880281],[243045.47599983,431253.59165192,85.58880568],[243045.47574234,431253.59240723,85.58880806],[243045.47548485,431253.59316254,85.58881092],[243045.47522545,431253.59392548,85.5888133],[243045.47496796,431253.59468079,85.58881617],[243045.47471046,431253.5954361,85.58881855],[243045.47445297,431253.59619904,85.58882141],[243045.47419548,431253.59695435,85.58882427],[243045.47441292,431253.59752655,85.58932877],[243045.47463036,431253.59809875,85.58983421],[243045.47437286,431253.59886169,85.5898366],[243045.47411537,431253.599617,85.58983946],[243045.47385597,431253.60037231,85.58984184],[243045.47359848,431253.60113525,85.5898447],[243045.47334099,431253.60189056,85.58984709],[243045.4730835,431253.60264587,85.58984995],[243045.472826,431253.60340881,85.58985281],[243045.47256851,431253.60416412,85.58985519],[243045.47278404,431253.60474396,85.59036064],[243045.47300339,431253.60531616,85.59086609],[243045.47274399,431253.60607147,85.59086847],[243045.4724865,431253.60683441,85.59087133],[243045.472229,431253.60758972,85.59087372],[243045.47244644,431253.60816956,85.59137964],[243045.47266388,431253.60874176,85.59188509],[243045.47240639,431253.6095047,85.59188795],[243045.47262383,431253.6100769,85.5923934],[243045.47284126,431253.61065674,85.59289932],[243045.47258377,431253.61141205,85.59290218],[243045.47280121,431253.61199188,85.59340811],[243045.47301865,431253.61256409,85.59391451],[243045.47323608,431253.61314392,85.59442091],[243045.47345352,431253.61372375,85.59492731],[243045.47367096,431253.61429596,85.59543371],[243045.4738903,431253.61487579,85.59594059],[243045.47410774,431253.61545563,85.59644747],[243045.47432518,431253.61602783,85.59695482],[243045.47454453,431253.61660767,85.59746218],[243045.47476196,431253.6171875,85.59796905],[243045.47450447,431253.61795044,85.59797192],[243045.47472191,431253.61852264,85.59847927],[243045.47493935,431253.61910248,85.59898663],[243045.47468185,431253.61986542,85.59898949],[243045.47442245,431253.62062073,85.59899235],[243045.4746418,431253.62120056,85.59950018],[243045.47485924,431253.6217804,85.60000801],[243045.47507858,431253.62236023,85.60051584],[243045.47529602,431253.62294006,85.60102415],[243045.47551537,431253.6235199,85.60153198],[243045.4757328,431253.62409973,85.60204077],[243045.47595215,431253.62467957,85.60254908],[243045.47664833,431253.62507629,85.60356379],[243045.47686768,431253.62565613,85.60407257],[243045.47708702,431253.62623596,85.60458183],[243045.47730446,431253.62682343,85.60509109],[243045.4775238,431253.62740326,85.60560036],[243045.47774315,431253.62798309,85.6061101],[243045.47748375,431253.62874603,85.60611248],[243045.47770309,431253.62932587,85.60662222],[243045.47792244,431253.6299057,85.60713196],[243045.47766304,431253.63066864,85.60713482],[243045.47740364,431253.63143158,85.60713768],[243045.47762299,431253.63201141,85.60764742],[243045.47784233,431253.63259125,85.60815716],[243045.47758293,431253.63335419,85.60816002],[243045.47732353,431253.63411713,85.60816288],[243045.47684669,431253.6342926,85.60765552],[243045.47636795,431253.63447571,85.60714817],[243045.47610855,431253.63523865,85.60715103],[243045.4763279,431253.63581848,85.60766077],[243045.47654724,431253.63639832,85.60817099],[243045.47676659,431253.63698578,85.6086812],[243045.47698593,431253.63756561,85.60919142],[243045.47720528,431253.63814545,85.60970211],[243045.47742462,431253.63873291,85.61021233],[243045.47716522,431253.63949585,85.61021519],[243045.47738457,431253.64007568,85.61072588],[243045.47760391,431253.64066315,85.61123705],[243045.47734451,431253.64142609,85.61123943],[243045.47708511,431253.6421814,85.61124229],[243045.47682571,431253.64294434,85.61124515],[243045.47704506,431253.6435318,85.61175632],[243045.4772644,431253.64411163,85.61226749],[243045.47678566,431253.64429474,85.61175871],[243045.47630692,431253.64447021,85.61125088],[243045.47604752,431253.64523315,85.61125326],[243045.47578812,431253.64599609,85.61125612],[243045.47600746,431253.64658356,85.61176681],[243045.47622681,431253.64716339,85.61227846],[243045.47644424,431253.64775085,85.61278915],[243045.4766655,431253.64833832,85.6133008],[243045.47688484,431253.64891815,85.61381245],[243045.47710419,431253.64950562,85.61432409],[243045.47732353,431253.65009308,85.61483622],[243045.47754288,431253.65067291,85.61534786],[243045.47728348,431253.65143585,85.61535072],[243045.47702408,431253.65219879,85.61535358],[243045.47676277,431253.65296173,85.61535644],[243045.47650337,431253.6537323,85.61535883],[243045.47672462,431253.65431213,85.61587143],[243045.47694397,431253.6548996,85.61638355],[243045.47668457,431253.65566254,85.61638641],[243045.47642326,431253.65642548,85.6163888],[243045.47616386,431253.65718842,85.61639214],[243045.47638321,431253.65777588,85.61690426],[243045.47660255,431253.65836334,85.61741686],[243045.47634315,431253.65912628,85.61741924],[243045.4765625,431253.65971375,85.61793232],[243045.47678185,431253.66030121,85.61844492],[243045.4770031,431253.66088867,85.618958],[243045.47722244,431253.66147614,85.61947107],[243045.47744179,431253.6620636,85.61998415],[243045.47814178,431253.66247559,85.6210084],[243045.47836113,431253.66306305,85.62152195]]",dji_pose_mesh_ray_contour_nodes,
64,25,3,SPL,758.53,952.65,750,949,766,958,16,9,100,243045.19144249,431254.57165527,85.63204956,dji_pose_mesh_ray_centroid,True,True,1219682,3.499857,warp,,758.53,952.65,1,1,1.0,1,3.499857,3.499857,15,15,1.0,"[[761.5,957.0],[761.0,956.5],[760.0,956.5],[759.5,956.0],[759.0,955.5],[758.0,955.5],[757.0,955.5],[756.0,955.5],[755.0,955.5],[754.0,955.5],[753.0,955.5],[752.0,955.5],[751.0,955.5],[750.5,955.0],[750.0,954.5]]","[[243045.19000244,431254.56702423,85.6277113],[243045.19011879,431254.56767273,85.62820768],[243045.18981171,431254.56840515,85.62819481],[243045.18992805,431254.56905365,85.6286912],[243045.1900444,431254.56970215,85.62918758],[243045.18973732,431254.57042694,85.62917471],[243045.18943024,431254.57115936,85.62916183],[243045.18912125,431254.57188416,85.62914896],[243045.18881416,431254.57261658,85.62913656],[243045.18850708,431254.573349,85.62912369],[243045.18819809,431254.57407379,85.62911081],[243045.18789101,431254.57480621,85.62909794],[243045.18758392,431254.57553101,85.62908554],[243045.18770027,431254.5761795,85.62958145],[243045.18781662,431254.576828,85.63007832]]",dji_pose_mesh_ray_contour_nodes,
65,26,3,SPL,2480.0,960.0,2479,960,2482,961,3,1,3,243045.62143898,431253.23477936,85.61487961,dji_pose_mesh_ray_centroid,True,True,1219847,3.105258,warp,,2480.0,960.0,1,1,1.0,1,3.105258,3.105258,3,3,1.0,"[[2479.0,960.0],[2480.0,960.0],[2481.0,960.0]]","[[243045.62127113,431253.23558044,85.61490917],[243045.62143898,431253.23477936,85.61487961],[243045.62160873,431253.23397827,85.61485004]]",dji_pose_mesh_ray_contour_nodes,
66,27,3,SPL,2475.0,961.0,2475,961,2476,962,1,1,1,243045.6199646,431253.23851013,85.61403656,dji_pose_mesh_ray_centroid,True,True,1219847,3.105066,warp,,2475.0,961.0,1,1,1.0,1,3.105066,3.105066,1,1,1.0,"[[2475.0,961.0]]","[[243045.6199646,431253.23851013,85.61403656]]",dji_pose_mesh_ray_contour_nodes,
67,28,3,SPL,175.2323,967.5657,165,965,189,971,24,6,99,243045.03112221,431255.01712799,85.61924458,dji_pose_mesh_ray_centroid,True,True,314587,3.726673,warp,,175.2323,967.5657,1,1,1.0,1,3.726673,3.726673,14,14,1.0,"[[179.5,965.0],[180.0,965.5],[180.5,966.0],[181.0,966.5],[182.0,966.5],[182.5,967.0],[183.0,967.5],[184.0,967.5],[184.5,968.0],[185.0,968.5],[186.0,968.5],[187.0,968.5],[187.5,969.0],[188.0,969.5]]","[[243045.0337677,431255.01582336,85.62189245],[243045.03352928,431255.01494598,85.62134457],[243045.03329086,431255.0140686,85.62079668],[243045.03305244,431255.01318359,85.62024879],[243045.03326035,431255.01233673,85.62022495],[243045.03302193,431255.01145935,85.61967754],[243045.03278351,431255.01057434,85.61913013],[243045.03299332,431255.00972748,85.61910629],[243045.0327549,431255.0088501,85.61855936],[243045.03251648,431255.00797272,85.61801243],[243045.03272438,431255.00711823,85.61798859],[243045.03293228,431255.00627136,85.61796474],[243045.03269386,431255.00539398,85.61741829],[243045.03245544,431255.0045166,85.61687183]]",dji_pose_mesh_ray_contour_nodes,
68,29,3,SPL,157.7407,970.037,154,968,163,973,9,5,27,243045.02578545,431255.02976227,85.61701393,dji_pose_mesh_ray_centroid,True,True,314587,3.732912,warp,,157.7407,970.037,1,1,1.0,1,3.732912,3.732912,7,7,1.0,"[[162.0,970.5],[161.0,970.5],[160.5,971.0],[160.0,971.5],[159.0,971.5],[158.0,971.5],[157.5,972.0]]","[[243045.02635765,431255.02571869,85.61641788],[243045.02614975,431255.02656555,85.61644125],[243045.02570343,431255.02653503,85.61591864],[243045.02525902,431255.02651215,85.61539602],[243045.02504921,431255.02735901,85.61541939],[243045.02484131,431255.0282135,85.61544323],[243045.02439499,431255.02818298,85.61492014]]",dji_pose_mesh_ray_contour_nodes,
69,30,3,SPL,111.6638,976.1135,85,972,142,981,57,9,229,243045.00933075,431255.05973816,85.6105895,dji_pose_mesh_ray_centroid,True,True,1218572,3.745428,warp,,111.6638,976.1135,1,1,1.0,1,3.745428,3.745428,51,51,1.0,"[[85.0,974.5],[86.0,974.5],[87.0,974.5],[87.5,974.0],[88.0,973.5],[88.5,974.0],[89.0,974.5],[90.0,974.5],[91.0,974.5],[92.0,974.5],[92.5,975.0],[93.0,975.5],[94.0,975.5],[95.0,975.5],[96.0,975.5],[97.0,975.5],[98.0,975.5],[99.0,975.5],[100.0,975.5],[101.0,975.5],[102.0,975.5],[103.0,975.5],[104.0,975.5],[105.0,975.5],[106.0,975.5],[107.0,975.5],[108.0,975.5],[109.0,975.5],[110.0,975.5],[111.0,975.5],[111.5,975.0],[112.0,974.5],[113.0,974.5],[113.5,974.0],[114.0,973.5],[115.0,973.5],[116.0,973.5],[117.0,973.5],[118.0,973.5],[119.0,973.5],[120.0,973.5],[121.0,973.5],[122.0,973.5],[123.0,973.5],[124.0,973.5],[124.5,973.0],[125.0,972.5],[126.0,972.5],[127.0,972.5],[128.0,972.5],[128.5,972.0]]","[[243045.00282669,431255.08114624,85.61217356],[243045.00310707,431255.08039093,85.61217689],[243045.00338745,431255.07963562,85.61218023],[243045.00382614,431255.07967377,85.61270094],[243045.00426674,431255.07970428,85.61322212],[243045.00410652,431255.07891846,85.61270428],[243045.00394821,431255.07813263,85.61218691],[243045.00422859,431255.07737732,85.61219025],[243045.00450706,431255.07662201,85.61219358],[243045.00478745,431255.07587433,85.6121974],[243045.00462914,431255.07508087,85.61168003],[243045.00446892,431255.07429504,85.61116266],[243045.0047493,431255.07354736,85.611166],[243045.00502968,431255.07279205,85.61116934],[243045.00531006,431255.07203674,85.61117268],[243045.00559044,431255.07128143,85.61117649],[243045.00587082,431255.07053375,85.61117983],[243045.00614929,431255.06977844,85.61118269],[243045.00642967,431255.06902313,85.6111865],[243045.00671005,431255.06826782,85.61118984],[243045.00699043,431255.06752014,85.61119318],[243045.00727081,431255.06676483,85.61119652],[243045.00755119,431255.06600952,85.61119986],[243045.00783157,431255.06526184,85.61120367],[243045.00811195,431255.06450653,85.61120701],[243045.00839233,431255.06375122,85.61121035],[243045.00867081,431255.06299591,85.61121368],[243045.00895119,431255.06224823,85.61121702],[243045.00923157,431255.06149292,85.61122036],[243045.00951195,431255.06073761,85.61122417],[243045.00995255,431255.06076813,85.6117444],[243045.01039124,431255.06079865,85.61226511],[243045.01067352,431255.06005096,85.61226892],[243045.01111221,431255.06008148,85.61278963],[243045.01155281,431255.060112,85.61331034],[243045.01183319,431255.05935669,85.61331415],[243045.01211357,431255.05860138,85.61331749],[243045.01239395,431255.05784607,85.61332083],[243045.01267433,431255.05709839,85.61332416],[243045.01295471,431255.05634308,85.6133275],[243045.01323509,431255.05558777,85.61333132],[243045.01351547,431255.05483246,85.61333466],[243045.01379585,431255.05407715,85.61333799],[243045.01407623,431255.05332947,85.61334133],[243045.01435661,431255.05257416,85.61334467],[243045.01479721,431255.05260468,85.61386585],[243045.01523972,431255.05263519,85.61438703],[243045.01551819,431255.05187988,85.61439037],[243045.01580048,431255.05112457,85.61439419],[243045.01607895,431255.05036926,85.61439705],[243045.01652145,431255.05039978,85.61491871]]",dji_pose_mesh_ray_contour_nodes,
70,31,3,SPL,216.9231,975.8077,213,974,222,979,9,5,26,243045.03415489,431254.97432709,85.60946321,dji_pose_mesh_ray_centroid,True,True,314587,3.693068,warp,,216.9231,975.8077,1,1,1.0,1,3.693068,3.693068,8,8,1.0,"[[216.5,978.0],[216.0,977.5],[215.0,977.5],[214.5,977.0],[214.5,976.0],[214.0,975.5],[213.5,975.0],[213.0,974.5]]","[[243045.03257179,431254.97273254,85.60714197],[243045.0328083,431254.97359467,85.60768509],[243045.0326004,431254.97444153,85.60770845],[243045.03283882,431254.97531128,85.60825157],[243045.03351974,431254.97620392,85.60931492],[243045.03375816,431254.97707367,85.60985899],[243045.03399658,431254.97794342,85.61040306],[243045.034235,431254.97881317,85.61094713]]",dji_pose_mesh_ray_contour_nodes,
71,32,3,SPL,1738.0737,986.0632,1727,981,1750,991,23,10,95,243045.40851784,431253.78756714,85.5896306,dji_pose_mesh_ray_centroid,True,True,1219716,3.163581,warp,,1738.0737,986.0632,1,1,1.0,1,3.163581,3.163581,46,46,1.0,"[[1727.0,989.5],[1727.5,989.0],[1727.5,988.0],[1727.5,987.0],[1728.0,986.5],[1728.5,986.0],[1729.0,985.5],[1730.0,985.5],[1731.0,985.5],[1732.0,985.5],[1733.0,985.5],[1734.0,985.5],[1735.0,985.5],[1735.5,985.0],[1736.0,984.5],[1736.5,984.0],[1737.0,983.5],[1738.0,983.5],[1738.5,983.0],[1739.0,982.5],[1740.0,982.5],[1741.0,982.5],[1742.0,982.5],[1742.5,982.0],[1743.0,981.5],[1744.0,981.5],[1745.0,981.5],[1746.0,981.5],[1747.0,981.5],[1748.0,981.5],[1748.5,982.0],[1748.0,982.5],[1747.0,982.5],[1746.5,983.0],[1746.5,984.0],[1746.0,984.5],[1745.5,985.0],[1745.5,986.0],[1745.0,986.5],[1744.5,987.0],[1744.0,987.5],[1743.0,987.5],[1742.5,988.0],[1742.0,988.5],[1741.5,989.0],[1741.5,990.0]]","[[243045.4032383,431253.79438782,85.58616781],[243045.4037056,431253.7942276,85.58666944],[243045.40436745,431253.79466248,85.58767271],[243045.4050312,431253.79509735,85.58867645],[243045.4054985,431253.79494476,85.58917904],[243045.40596581,431253.79478455,85.58968162],[243045.40643311,431253.79462433,85.59018469],[243045.40670395,431253.79387665,85.59018612],[243045.40697479,431253.79312134,85.59018707],[243045.40724564,431253.79237366,85.5901885],[243045.40751648,431253.79162598,85.59018993],[243045.40778732,431253.79087067,85.59019089],[243045.40805817,431253.79012299,85.59019232],[243045.40852737,431253.78996277,85.59069538],[243045.40899467,431253.78980255,85.59119844],[243045.40946198,431253.78964996,85.59170198],[243045.40993118,431253.78948975,85.59220505],[243045.41020203,431253.78873444,85.59220648],[243045.41066933,431253.78858185,85.59271002],[243045.41113853,431253.78842163,85.59321403],[243045.41140938,431253.78766632,85.59321499],[243045.41168022,431253.78691864,85.59321642],[243045.41195107,431253.78616333,85.59321785],[243045.41242027,431253.78601074,85.59372139],[243045.41288948,431253.78585052,85.59422541],[243045.41316032,431253.78509521,85.59422684],[243045.41343117,431253.78434753,85.59422827],[243045.41370201,431253.78359222,85.59422922],[243045.41397476,431253.78284454,85.59423065],[243045.41424561,431253.78208923,85.59423208],[243045.41404724,431253.78150177,85.59372902],[243045.41357803,431253.78166199,85.59322548],[243045.41330719,431253.78240967,85.59322405],[243045.41283989,431253.78256989,85.59272051],[243045.41217232,431253.78213501,85.59171438],[243045.41170502,431253.78229523,85.59121132],[243045.41123581,431253.78245544,85.59070826],[243045.41057014,431253.78202057,85.58970356],[243045.41010284,431253.78218079,85.5892005],[243045.40963554,431253.782341,85.58869791],[243045.40916634,431253.78250122,85.58819532],[243045.4088974,431253.7832489,85.58819389],[243045.40842819,431253.78340912,85.58769178],[243045.40796089,431253.78356934,85.58718967],[243045.40749359,431253.78372955,85.58668709],[243045.40682983,431253.78329468,85.5856843]]",dji_pose_mesh_ray_contour_nodes,
72,33,3,SPL,660.6667,984.6667,660,984,662,986,2,2,3,243045.14444351,431254.62454224,85.59886837,dji_pose_mesh_ray_centroid,True,True,1219677,3.498406,warp,,660.6667,984.6667,1,1,1.0,1,3.498406,3.498406,2,2,1.0,"[[660.0,984.5],[660.5,984.0]]","[[243045.14437294,431254.62516785,85.59904098],[243045.14479256,431254.62509918,85.59954452]]",dji_pose_mesh_ray_contour_nodes,
73,34,3,SPL,2267.0533,994.2787,2231,987,2304,1001,73,14,488,243045.54957199,431253.38909912,85.58305311,dji_pose_mesh_ray_centroid,True,True,314565,3.093053,warp,,2267.0533,994.2787,1,1,1.0,1,3.093053,3.093053,69,69,1.0,"[[2231.0,996.5],[2232.0,996.5],[2233.0,996.5],[2233.5,996.0],[2234.0,995.5],[2235.0,995.5],[2236.0,995.5],[2236.5,995.0],[2237.0,994.5],[2238.0,994.5],[2239.0,994.5],[2239.5,994.0],[2240.0,993.5],[2241.0,993.5],[2242.0,993.5],[2243.0,993.5],[2244.0,993.5],[2245.0,993.5],[2246.0,993.5],[2246.5,993.0],[2247.0,992.5],[2248.0,992.5],[2249.0,992.5],[2250.0,992.5],[2251.0,992.5],[2251.5,992.0],[2252.0,991.5],[2253.0,991.5],[2254.0,991.5],[2255.0,991.5],[2256.0,991.5],[2257.0,991.5],[2258.0,991.5],[2259.0,991.5],[2260.0,991.5],[2261.0,991.5],[2262.0,991.5],[2263.0,991.5],[2264.0,991.5],[2265.0,991.5],[2266.0,991.5],[2267.0,991.5],[2268.0,991.5],[2269.0,991.5],[2270.0,991.5],[2271.0,991.5],[2271.5,991.0],[2272.0,990.5],[2273.0,990.5],[2273.5,990.0],[2274.0,989.5],[2275.0,989.5],[2276.0,989.5],[2276.5,989.0],[2277.0,988.5],[2278.0,988.5],[2279.0,988.5],[2280.0,988.5],[2281.0,988.5],[2282.0,988.5],[2282.5,988.0],[2283.0,987.5],[2284.0,987.5],[2285.0,987.5],[2286.0,987.5],[2287.0,987.5],[2288.0,987.5],[2289.0,987.5],[2289.5,987.0]]","[[243045.53801537,431253.41532135,85.58071423],[243045.53828812,431253.41457367,85.58071613],[243045.53856277,431253.41382599,85.58071804],[243045.53908539,431253.41363525,85.58123016],[243045.539608,431253.41344452,85.58174276],[243045.53988075,431253.41269684,85.58174467],[243045.5401535,431253.41194153,85.58174658],[243045.54067612,431253.41175842,85.58225965],[243045.54119873,431253.41156769,85.58277225],[243045.54147148,431253.41082001,85.58277416],[243045.54174614,431253.4100647,85.58277607],[243045.54226875,431253.40987396,85.58328915],[243045.54279137,431253.40969086,85.58380222],[243045.54306602,431253.40893555,85.58380413],[243045.54333878,431253.40818787,85.58380604],[243045.54361153,431253.40744019,85.58380794],[243045.54388428,431253.40668488,85.58380985],[243045.54415703,431253.40593719,85.58381128],[243045.54442978,431253.40518951,85.58381319],[243045.5449543,431253.40499878,85.58432674],[243045.54547882,431253.40480804,85.5848403],[243045.54575157,431253.40405273,85.5848422],[243045.54602432,431253.40330505,85.58484411],[243045.54629707,431253.40255737,85.58484602],[243045.54656982,431253.40180206,85.58484745],[243045.54709435,431253.40161133,85.58536148],[243045.54761887,431253.40142059,85.58587503],[243045.54789352,431253.40067291,85.58587694],[243045.54816628,431253.3999176,85.58587885],[243045.54843903,431253.39916992,85.58588076],[243045.54871178,431253.39842224,85.58588266],[243045.54898453,431253.39766693,85.58588409],[243045.54925919,431253.39691925,85.585886],[243045.54953194,431253.39616394,85.58588791],[243045.54980469,431253.39541626,85.58588982],[243045.55007744,431253.39466095,85.58589172],[243045.5503521,431253.39391327,85.58589363],[243045.55062485,431253.39316559,85.58589506],[243045.5508976,431253.39241028,85.58589697],[243045.55117035,431253.3916626,85.58589888],[243045.55144501,431253.39090729,85.58590078],[243045.55171776,431253.39015961,85.58590269],[243045.55199051,431253.3894043,85.58590412],[243045.55226326,431253.38865662,85.58590603],[243045.55253601,431253.38790894,85.58590794],[243045.55280876,431253.38715363,85.58590937],[243045.55333519,431253.38696289,85.58642387],[243045.55386162,431253.38677216,85.5869379],[243045.55413437,431253.38601685,85.58693981],[243045.5546608,431253.38582611,85.58745432],[243045.55518532,431253.38563538,85.58796883],[243045.55545998,431253.38488007,85.58797026],[243045.55573273,431253.38413239,85.58797216],[243045.55625916,431253.38393402,85.58848715],[243045.55678558,431253.38374329,85.58900166],[243045.55706024,431253.38298798,85.58900356],[243045.55733299,431253.3822403,85.58900547],[243045.55760574,431253.38148499,85.58900738],[243045.5578804,431253.3807373,85.58900881],[243045.55815315,431253.37998199,85.58901119],[243045.55867958,431253.37979126,85.5895257],[243045.55920601,431253.3795929,85.59004116],[243045.55948067,431253.37884521,85.59004307],[243045.55975342,431253.3780899,85.5900445],[243045.56002808,431253.37734222,85.59004641],[243045.56030083,431253.37658691,85.59004831],[243045.56057549,431253.37583923,85.59005022],[243045.56084824,431253.37508392,85.59005165],[243045.56137657,431253.37489319,85.59056711]]",dji_pose_mesh_ray_contour_nodes,
74,35,3,SPL,1706.7555,997.7628,1691,992,1722,1004,31,12,274,243045.3928318,431253.8062973,85.57803583,dji_pose_mesh_ray_centroid,True,True,1219714,3.157971,warp,,1706.7555,997.7628,1,1,1.0,1,3.157971,3.157971,26,26,1.0,"[[1691.0,995.5],[1691.5,995.0],[1692.0,994.5],[1693.0,994.5],[1694.0,994.5],[1695.0,994.5],[1696.0,994.5],[1697.0,994.5],[1698.0,994.5],[1698.5,994.0],[1699.0,993.5],[1700.0,993.5],[1701.0,993.5],[1701.5,993.0],[1702.0,992.5],[1703.0,992.5],[1704.0,992.5],[1705.0,992.5],[1706.0,992.5],[1707.0,992.5],[1708.0,992.5],[1709.0,992.5],[1710.0,992.5],[1711.0,992.5],[1712.0,992.5],[1712.5,992.0]]","[[243045.39064026,431253.81946564,85.58045387],[243045.39107895,431253.81929779,85.58094645],[243045.39151764,431253.81912231,85.58143902],[243045.39175034,431253.81835175,85.58142853],[243045.39198112,431253.81757355,85.58141804],[243045.39221382,431253.81680298,85.58140707],[243045.39244461,431253.81602478,85.58139658],[243045.39267731,431253.81525421,85.58138609],[243045.3929081,431253.81447601,85.5813756],[243045.39334679,431253.81430054,85.58186817],[243045.39378548,431253.81413269,85.58236122],[243045.39401817,431253.81335449,85.58235073],[243045.39425087,431253.81258392,85.58234024],[243045.39468956,431253.81240845,85.58283329],[243045.39512825,431253.81223297,85.58332634],[243045.39535904,431253.8114624,85.58331537],[243045.39559174,431253.8106842,85.58330488],[243045.39582443,431253.80991364,85.58329439],[243045.39605522,431253.80913544,85.5832839],[243045.39628792,431253.80836487,85.58327293],[243045.39651871,431253.80758667,85.58326244],[243045.3967514,431253.80680847,85.58325195],[243045.39698219,431253.8060379,85.58324146],[243045.39721489,431253.8052597,85.5832305],[243045.39744568,431253.80448914,85.58322],[243045.39788628,431253.80431366,85.58371353]]",dji_pose_mesh_ray_contour_nodes,
75,36,3,SPL,643.4091,995.6364,640,994,647,998,7,4,22,243045.13381577,431254.63110352,85.58794928,dji_pose_mesh_ray_centroid,True,True,1219634,3.493658,warp,,643.4091,995.6364,1,1,1.0,1,3.493658,3.493658,6,6,1.0,"[[640.0,996.5],[640.5,996.0],[640.5,995.0],[641.0,994.5],[642.0,994.5],[642.5,994.0]]","[[243045.13241577,431254.63316345,85.58708715],[243045.13280487,431254.63306427,85.58757734],[243045.13329506,431254.63359833,85.58855152],[243045.13368225,431254.63349915,85.58904219],[243045.13396835,431254.63275909,85.58904791],[243045.13435745,431254.63265991,85.58953857]]",dji_pose_mesh_ray_contour_nodes,
76,37,3,SPL,1729.8696,997.3043,1727,996,1734,1000,7,4,23,243045.3988533,431253.78884888,85.57836199,dji_pose_mesh_ray_centroid,True,True,1219716,3.153618,warp,,1729.8696,997.3043,1,1,1.0,1,3.153618,3.153618,3,3,1.0,"[[1728.5,999.0],[1728.0,998.5],[1727.0,998.5]]","[[243045.39736366,431253.78914642,85.57666779],[243045.39755821,431253.78973389,85.57716608],[243045.39728737,431253.79048157,85.57716465]]",dji_pose_mesh_ray_contour_nodes,
77,38,3,SPL,607.9683,1002.4074,590,997,624,1008,34,11,189,243045.12037277,431254.65363312,85.58114862,dji_pose_mesh_ray_centroid,True,True,1219634,3.499633,warp,,607.9683,1002.4074,1,1,1.0,1,3.499633,3.499633,31,31,1.0,"[[623.0,1003.5],[622.5,1004.0],[622.0,1004.5],[621.0,1004.5],[620.0,1004.5],[619.0,1004.5],[618.0,1004.5],[617.0,1004.5],[616.0,1004.5],[615.0,1004.5],[614.0,1004.5],[613.0,1004.5],[612.0,1004.5],[611.0,1004.5],[610.5,1005.0],[610.0,1005.5],[609.0,1005.5],[608.0,1005.5],[607.5,1006.0],[607.0,1006.5],[606.0,1006.5],[605.0,1006.5],[604.0,1006.5],[603.0,1006.5],[602.0,1006.5],[601.0,1006.5],[600.0,1006.5],[599.0,1006.5],[598.0,1006.5],[597.0,1006.5],[596.5,1007.0]]","[[243045.12413597,431254.64194489,85.58017778],[243045.12375069,431254.64204407,85.5796895],[243045.12336349,431254.64214325,85.57920122],[243045.12307739,431254.6428833,85.57919502],[243045.1227932,431254.64362335,85.5791893],[243045.1225071,431254.6443634,85.5791831],[243045.12222099,431254.64509583,85.57917738],[243045.12193489,431254.64583588,85.57917118],[243045.12164879,431254.64657593,85.57916498],[243045.12136459,431254.64731598,85.57915926],[243045.12107849,431254.6480484,85.57915306],[243045.12079239,431254.64878845,85.57914734],[243045.12050819,431254.6495285,85.57914114],[243045.12022209,431254.65026093,85.57913542],[243045.1198349,431254.65036011,85.57864714],[243045.11944962,431254.65045929,85.57815933],[243045.11916542,431254.65119934,85.57815313],[243045.11887932,431254.65193939,85.57814741],[243045.11849403,431254.65203857,85.57765913],[243045.11810875,431254.65213013,85.57717133],[243045.11782265,431254.65287018,85.5771656],[243045.11753654,431254.65361023,85.57715988],[243045.11725235,431254.65434265,85.57715368],[243045.11696625,431254.6550827,85.57714748],[243045.11668015,431254.65582275,85.57714176],[243045.11639595,431254.65655518,85.57713556],[243045.11610985,431254.65729523,85.57712984],[243045.11582375,431254.65803528,85.57712364],[243045.11553764,431254.6587677,85.57711744],[243045.11525345,431254.65950775,85.57711172],[243045.11486816,431254.65960693,85.57662392]]",dji_pose_mesh_ray_contour_nodes,
78,39,3,SPL,3084.7442,1158.3953,3080,1156,3090,1162,10,6,43,243045.64012718,431252.74446869,85.42335081,dji_pose_mesh_ray_centroid,True,True,1219856,2.93464,warp,,3084.7442,1158.3953,1,1,1.0,1,2.93464,2.93464,8,8,1.0,"[[3083.5,1161.0],[3083.0,1160.5],[3082.5,1160.0],[3082.0,1159.5],[3081.5,1159.0],[3081.0,1158.5],[3080.5,1158.0],[3080.0,1157.5]]","[[243045.63788795,431252.74493408,85.42093086],[243045.63814163,431252.74537659,85.42139816],[243045.63839722,431252.74582672,85.42186546],[243045.63865089,431252.74626923,85.42233276],[243045.63890648,431252.74671936,85.42280054],[243045.63916016,431252.74716187,85.42326832],[243045.63941574,431252.747612,85.4237361],[243045.63967133,431252.7480545,85.42420387]]",dji_pose_mesh_ray_contour_nodes,
79,40,3,SPL,3327.0,1510.5,3326,1510,3329,1512,3,2,6,243045.47356606,431252.53357697,85.12572956,dji_pose_mesh_ray_centroid,True,True,314689,2.683777,warp,,3327.0,1510.5,1,1,1.0,1,2.683777,2.683777,6,6,1.0,"[[3326.0,1510.0],[3327.0,1510.0],[3328.0,1510.0],[3326.0,1511.0],[3327.0,1511.0],[3328.0,1511.0]]","[[243045.47368431,431252.53429413,85.12612534],[243045.47382736,431252.53361511,85.12611389],[243045.47396851,431252.53294373,85.12610245],[243045.4731617,431252.53421021,85.12535715],[243045.47330475,431252.53353882,85.12534523],[243045.47344589,431252.5328598,85.12533379]]",dji_pose_mesh_ray_contour_nodes,
80,41,3,SPL,3337.1765,1512.7647,3335,1511,3340,1516,5,5,17,243045.47383118,431252.52649689,85.12387323,dji_pose_mesh_ray_centroid,True,True,314689,2.682716,warp,,3337.1765,1512.7647,1,1,1.0,1,2.682716,2.682716,4,4,1.0,"[[3335.0,1512.5],[3335.5,1512.0],[3336.0,1511.5],[3336.5,1511.0]]","[[243045.47365952,431252.52799225,85.12410164],[243045.47399139,431252.5276947,85.12447977],[243045.47432327,431252.52739716,85.12485743],[243045.47465706,431252.52709961,85.12523603]]",dji_pose_mesh_ray_contour_nodes,
81,42,3,SPL,3355.1053,1520.8772,3346,1518,3364,1525,18,7,57,243045.47215271,431252.51373291,85.11745644,dji_pose_mesh_ray_centroid,True,True,314689,2.678361,warp,,3355.1053,1520.8772,1,1,1.0,1,2.678361,2.678361,16,16,1.0,"[[3356.5,1524.0],[3356.0,1523.5],[3355.0,1523.5],[3354.5,1523.0],[3354.5,1522.0],[3354.0,1521.5],[3353.5,1521.0],[3353.0,1520.5],[3352.0,1520.5],[3351.0,1520.5],[3350.0,1520.5],[3349.0,1520.5],[3348.0,1520.5],[3347.0,1520.5],[3346.5,1520.0],[3346.0,1519.5]]","[[243045.47072601,431252.51254272,85.11505508],[243045.47091484,431252.51292419,85.11544228],[243045.4707737,431252.51359558,85.11545324],[243045.47096252,431252.51396942,85.11584091],[243045.47148132,431252.51405334,85.1166048],[243045.47167015,431252.51442719,85.11699247],[243045.47186089,431252.51480865,85.11738062],[243045.47204971,431252.5151825,85.11776829],[243045.47190666,431252.51585388,85.11777973],[243045.47176552,431252.5165329,85.1177907],[243045.47162247,431252.51720428,85.11780214],[243045.47148132,431252.5178833,85.11781311],[243045.47133827,431252.51855469,85.11782455],[243045.47119713,431252.5192337,85.11783552],[243045.47138596,431252.51960754,85.11822367],[243045.47157669,431252.51998901,85.11861181]]",dji_pose_mesh_ray_contour_nodes,
82,43,3,SPL,3381.45,1522.975,3376,1521,3389,1527,13,6,40,243045.4747963,431252.49581146,85.11555958,dji_pose_mesh_ray_centroid,True,True,314689,2.678122,warp,,3381.45,1522.975,1,1,1.0,1,2.678122,2.678122,14,14,1.0,"[[3386.5,1526.0],[3386.0,1525.5],[3385.0,1525.5],[3384.5,1525.0],[3384.0,1524.5],[3383.0,1524.5],[3382.0,1524.5],[3381.0,1524.5],[3380.0,1524.5],[3379.0,1524.5],[3378.0,1524.5],[3377.5,1524.0],[3377.0,1523.5],[3376.0,1523.5]]","[[243045.4739399,431252.4921875,85.11319685],[243045.47412872,431252.49256134,85.11358356],[243045.47398758,431252.49323273,85.11359453],[243045.47417641,431252.49360657,85.11398125],[243045.47436523,431252.49398041,85.11436796],[243045.47422409,431252.49465179,85.11437893],[243045.47408104,431252.49533081,85.1143899],[243045.4739399,431252.4960022,85.11440134],[243045.47379875,431252.49667358,85.11441231],[243045.47365761,431252.49734497,85.11442327],[243045.47351456,431252.49802399,85.11443472],[243045.47370529,431252.49839783,85.11482143],[243045.47389412,431252.49877167,85.11520863],[243045.47375107,431252.49944305,85.11521959]]",dji_pose_mesh_ray_contour_nodes,
83,44,3,SPL,3336.5,1526.6818,3330,1526,3343,1529,13,3,22,243045.46649361,431252.5258255,85.11322975,dji_pose_mesh_ray_centroid,True,True,314689,2.674136,warp,,3336.5,1526.6818,1,1,1.0,1,2.674136,2.674136,12,12,1.0,"[[3340.5,1528.0],[3340.0,1527.5],[3339.0,1527.5],[3338.0,1527.5],[3337.0,1527.5],[3336.0,1527.5],[3335.0,1527.5],[3334.0,1527.5],[3333.0,1527.5],[3332.0,1527.5],[3331.0,1527.5],[3330.0,1527.5]]","[[243045.46637726,431252.52301788,85.11217976],[243045.46656609,431252.52339172,85.11256647],[243045.46642303,431252.52407074,85.11257791],[243045.46628189,431252.52474213,85.11258888],[243045.46613884,431252.52542114,85.11259985],[243045.4659977,431252.52609253,85.11261082],[243045.46585655,431252.52676392,85.11262178],[243045.4657135,431252.52744293,85.11263323],[243045.46557045,431252.52811432,85.1126442],[243045.46542931,431252.52879333,85.11265516],[243045.46528816,431252.52946472,85.11266613],[243045.46514511,431252.53014374,85.1126771]]",dji_pose_mesh_ray_contour_nodes,
84,45,3,SPL,3164.46,1541.74,3161,1538,3169,1546,8,8,50,243045.42523193,431252.63924408,85.10255766,dji_pose_mesh_ray_centroid,True,True,1219557,2.652497,warp,,3164.46,1541.74,1,1,1.0,1,2.652497,2.652497,6,6,1.0,"[[3161.0,1540.5],[3161.5,1540.0],[3162.0,1539.5],[3162.5,1539.0],[3163.0,1538.5],[3163.5,1538.0]]","[[243045.42506981,431252.6416626,85.10350323],[243045.42555237,431252.6414032,85.10389662],[243045.42603493,431252.64115143,85.10429048],[243045.42651939,431252.64089203,85.10468483],[243045.42700195,431252.64064026,85.1050787],[243045.42748642,431252.64038086,85.10547304]]",dji_pose_mesh_ray_contour_nodes,
85,46,3,SPL,3061.9394,1541.2727,3058,1539,3067,1544,9,5,33,243045.39595413,431252.70570374,85.1022501,dji_pose_mesh_ray_centroid,True,True,1219557,2.638061,warp,,3061.9394,1541.2727,1,1,1.0,1,2.638061,2.638061,8,8,1.0,"[[3059.5,1539.0],[3060.0,1539.5],[3061.0,1539.5],[3062.0,1539.5],[3063.0,1539.5],[3064.0,1539.5],[3065.0,1539.5],[3066.0,1539.5]]","[[243045.39676857,431252.70763397,85.10400534],[243045.39657784,431252.70722961,85.10361862],[243045.39686584,431252.70658112,85.1036253],[243045.39715385,431252.70594025,85.10363197],[243045.39744377,431252.70529175,85.10363817],[243045.39773178,431252.70464325,85.10364485],[243045.39801979,431252.70399475,85.10365152],[243045.3983078,431252.70335388,85.1036582]]",dji_pose_mesh_ray_contour_nodes,
86,47,3,SPL,3070.6,1540.8,3070,1540,3072,1543,2,3,5,243045.39876366,431252.70018005,85.10267496,dji_pose_mesh_ray_centroid,True,True,1219557,2.639599,warp,,3070.6,1540.8,1,1,1.0,1,2.639599,2.639599,2,2,1.0,"[[3070.5,1542.0],[3070.0,1541.5]]","[[243045.39793396,431252.70005798,85.10173988],[243045.39812469,431252.70045471,85.10212612]]",dji_pose_mesh_ray_contour_nodes,
87,48,3,SPL,3120.775,1542.425,3117,1540,3125,1547,8,7,40,243045.41214752,431252.66747284,85.1017375,dji_pose_mesh_ray_centroid,True,True,1219557,2.645421,warp,,3120.775,1542.425,1,1,1.0,1,2.645421,2.645421,9,9,1.0,"[[3119.5,1546.0],[3119.0,1545.5],[3118.5,1545.0],[3118.5,1544.0],[3118.0,1543.5],[3117.5,1543.0],[3117.5,1542.0],[3117.5,1541.0],[3117.0,1540.5]]","[[243045.40937805,431252.66777802,85.09894562],[243045.40956879,431252.66817474,85.09933138],[243045.40976143,431252.66857147,85.09971714],[243045.41043091,431252.66871643,85.10049534],[243045.41062355,431252.66911316,85.10088158],[243045.41081429,431252.66950989,85.10126781],[243045.41148758,431252.66965485,85.10204697],[243045.41215897,431252.6697998,85.10282707],[243045.41235161,431252.67019653,85.10321331]]",dji_pose_mesh_ray_contour_nodes,
88,49,3,SPL,3501.0,1540.5,3500,1540,3503,1542,3,2,6,243045.48174858,431252.41452789,85.10087347,dji_pose_mesh_ray_centroid,True,True,1219564,2.672913,warp,,3501.0,1540.5,1,1,1.0,1,2.672913,2.672913,6,6,1.0,"[[3500.0,1540.0],[3501.0,1540.0],[3502.0,1540.0],[3500.0,1541.0],[3501.0,1541.0],[3502.0,1541.0]]","[[243045.48187256,431252.4152298,85.10126209],[243045.48200607,431252.41455841,85.10125065],[243045.48213768,431252.41389465,85.1012392],[243045.48135948,431252.41516876,85.10050821],[243045.481493,431252.414505,85.10049677],[243045.4816246,431252.41383362,85.10048532]]",dji_pose_mesh_ray_contour_nodes,
89,50,3,SPL,3138.0,1541.0,3138,1541,3139,1542,1,1,1,243045.41808128,431252.6565094,85.10296154,dji_pose_mesh_ray_centroid,True,True,1219557,2.649062,warp,,3138.0,1541.0,1,1,1.0,1,2.649062,2.649062,1,1,1.0,"[[3138.0,1541.0]]","[[243045.41808128,431252.6565094,85.10296154]]",dji_pose_mesh_ray_contour_nodes,
90,51,3,SPL,3093.1154,1545.7692,3088,1543,3099,1550,11,7,52,243045.40192986,431252.68487549,85.0989542,dji_pose_mesh_ray_centroid,True,True,1219557,2.638886,warp,,3093.1154,1545.7692,1,1,1.0,1,2.638886,2.638886,13,13,1.0,"[[3098.0,1546.5],[3097.5,1547.0],[3097.0,1547.5],[3096.5,1548.0],[3096.0,1548.5],[3095.5,1548.0],[3095.0,1547.5],[3094.0,1547.5],[3093.0,1547.5],[3092.5,1548.0],[3092.0,1548.5],[3091.0,1548.5],[3090.5,1549.0]]","[[243045.40284729,431252.68161011,85.09841776],[243045.40236855,431252.68185425,85.0980258],[243045.40189171,431252.68210602,85.09763432],[243045.40141296,431252.68235779,85.09724235],[243045.40093422,431252.68260193,85.09685087],[243045.40112495,431252.68299866,85.09723616],[243045.40131569,431252.68339539,85.09762144],[243045.40102768,431252.68404388,85.09761476],[243045.40073967,431252.68469238,85.09760857],[243045.40026093,431252.68493652,85.09721661],[243045.39978409,431252.68518829,85.0968256],[243045.39949608,431252.68582916,85.09681892],[243045.39901924,431252.68608093,85.09642744]]",dji_pose_mesh_ray_contour_nodes,
91,52,3,SPL,3203.8037,1557.1402,3194,1547,3212,1568,18,21,107,243045.42546654,431252.61154175,85.09075165,dji_pose_mesh_ray_centroid,True,True,1219562,2.646049,warp,,3203.8037,1557.1402,1,1,1.0,1,2.646049,2.646049,43,43,1.0,"[[3211.0,1561.5],[3210.5,1562.0],[3210.0,1562.5],[3209.5,1563.0],[3209.0,1563.5],[3208.0,1563.5],[3207.5,1564.0],[3207.0,1564.5],[3206.0,1564.5],[3205.0,1564.5],[3204.0,1564.5],[3203.5,1564.0],[3203.0,1563.5],[3202.5,1563.0],[3202.0,1562.5],[3201.0,1562.5],[3200.0,1562.5],[3199.5,1562.0],[3200.0,1561.5],[3201.0,1561.5],[3201.5,1561.0],[3202.0,1560.5],[3202.5,1560.0],[3203.0,1559.5],[3203.5,1559.0],[3204.0,1558.5],[3204.5,1558.0],[3204.5,1557.0],[3204.5,1556.0],[3204.5,1555.0],[3204.5,1554.0],[3204.5,1553.0],[3204.0,1552.5],[3203.0,1552.5],[3202.0,1552.5],[3201.5,1552.0],[3201.0,1551.5],[3200.5,1551.0],[3200.0,1550.5],[3199.5,1550.0],[3199.5,1549.0],[3199.5,1548.0],[3199.5,1547.0]]","[[243045.42416573,431252.60623932,85.08737373],[243045.42371559,431252.60650635,85.0869875],[243045.42326546,431252.60677338,85.08660173],[243045.42281532,431252.60703278,85.0862155],[243045.42236328,431252.6072998,85.08582973],[243045.42213631,431252.60795593,85.08583021],[243045.42168617,431252.60822296,85.08544445],[243045.42123604,431252.60848999,85.08505869],[243045.42100906,431252.60914612,85.08505917],[243045.42078018,431252.60980225,85.08506012],[243045.42055321,431252.61045837,85.0850606],[243045.42077637,431252.6108551,85.08544683],[243045.42099762,431252.6112442,85.08583307],[243045.42122078,431252.61164093,85.08621931],[243045.42144394,431252.61203766,85.08660603],[243045.42121506,431252.61269379,85.0866065],[243045.42098808,431252.61334991,85.08660698],[243045.42121124,431252.61374664,85.08699369],[243045.42166138,431252.61347961,85.08737993],[243045.42188835,431252.61282349,85.08737946],[243045.42233849,431252.61255646,85.08776569],[243045.42279053,431252.61229706,85.08815193],[243045.42324066,431252.61203003,85.08853865],[243045.4236927,431252.61177063,85.08892488],[243045.42414284,431252.6115036,85.0893116],[243045.42459488,431252.61123657,85.08969831],[243045.42504501,431252.61097717,85.09008551],[243045.42572021,431252.61110687,85.09085989],[243045.42639542,431252.61123657,85.09163475],[243045.42707062,431252.61136627,85.09241056],[243045.42774773,431252.61149597,85.09318638],[243045.42842293,431252.61162567,85.09396267],[243045.42864799,431252.61201477,85.09435081],[243045.42841911,431252.61267853,85.09435177],[243045.42819023,431252.61333466,85.09435224],[243045.4284153,431252.61373138,85.09474087],[243045.42863846,431252.61412811,85.09512949],[243045.42886353,431252.61452484,85.09551859],[243045.42908859,431252.61492157,85.09590721],[243045.42931175,431252.61531067,85.09629679],[243045.42998886,431252.615448,85.09707451],[243045.43066788,431252.6155777,85.09785271],[243045.43134499,431252.6157074,85.09863138]]",dji_pose_mesh_ray_contour_nodes,
92,53,3,SPL,3696.3214,1548.3929,3692,1547,3703,1551,11,4,28,243045.52105522,431252.28626251,85.09472656,dji_pose_mesh_ray_centroid,True,True,1219551,2.699859,warp,,3696.3214,1548.3929,1,1,1.0,1,2.699859,2.699859,8,8,1.0,"[[3702.0,1549.5],[3701.0,1549.5],[3700.0,1549.5],[3699.0,1549.5],[3698.0,1549.5],[3697.0,1549.5],[3696.0,1549.5],[3695.5,1550.0]]","[[243045.5216732,431252.28250885,85.09388208],[243045.52144241,431252.28316498,85.09388256],[243045.52121353,431252.28382111,85.09388256],[243045.52098274,431252.2844696,85.09388256],[243045.52075386,431252.28512573,85.09388256],[243045.52052307,431252.28578186,85.09388304],[243045.52029228,431252.28643036,85.09388304],[243045.51986694,431252.28673553,85.09350252]]",dji_pose_mesh_ray_contour_nodes,
93,54,3,SPL,3077.26,1554.16,3074,1550,3083,1559,9,9,50,243045.39177895,431252.69384766,85.09234476,dji_pose_mesh_ray_centroid,True,True,1219557,2.630255,warp,,3077.26,1554.16,1,1,1.0,1,2.630255,2.630255,10,10,1.0,"[[3082.0,1553.5],[3081.5,1554.0],[3081.0,1554.5],[3080.5,1555.0],[3080.0,1555.5],[3079.5,1556.0],[3079.0,1556.5],[3078.5,1557.0],[3078.0,1557.5],[3077.5,1558.0]]","[[243045.39357758,431252.69088745,85.09288549],[243045.39310265,431252.69113922,85.09249496],[243045.39262581,431252.69138336,85.09210491],[243045.39215088,431252.69163513,85.09171534],[243045.39167404,431252.69187927,85.09132528],[243045.39119911,431252.69212341,85.09093571],[243045.39072418,431252.69237518,85.09054565],[243045.39024925,431252.69261932,85.09015655],[243045.38977432,431252.69286346,85.08976698],[243045.38929939,431252.69311523,85.0893774]]",dji_pose_mesh_ray_contour_nodes,
94,55,3,SPL,3504.8824,1556.5882,3503,1555,3508,1559,5,4,17,243045.47403526,431252.41101837,85.08874416,dji_pose_mesh_ray_centroid,True,True,1219545,2.663551,warp,,3504.8824,1556.5882,1,1,1.0,1,2.663551,2.663551,2,2,1.0,"[[3503.0,1555.5],[3503.5,1555.0]]","[[243045.47434044,431252.41233063,85.08957958],[243045.47466087,431252.41202545,85.08994865]]",dji_pose_mesh_ray_contour_nodes,
95,56,3,SPL,3242.5,1560.0,3241,1560,3245,1561,4,1,4,243045.43235397,431252.58569336,85.08851576,dji_pose_mesh_ray_centroid,True,True,1219562,2.647803,warp,,3242.5,1560.0,1,1,1.0,1,2.647803,2.647803,4,4,1.0,"[[3241.0,1560.0],[3242.0,1560.0],[3243.0,1560.0],[3244.0,1560.0]]","[[243045.43201256,431252.58668518,85.08851671],[243045.43223953,431252.58602905,85.08851623],[243045.43246841,431252.5853653,85.08851576],[243045.43269539,431252.58470917,85.08851528]]",dji_pose_mesh_ray_contour_nodes,
96,57,3,SPL,3091.9298,1573.4561,3087,1566,3097,1582,10,16,114,243045.38321114,431252.68153381,85.07757521,dji_pose_mesh_ray_centroid,True,True,1219557,2.617639,warp,,3091.9298,1573.4561,1,1,1.0,1,2.617639,2.617639,12,12,1.0,"[[3087.0,1573.5],[3087.5,1573.0],[3087.5,1572.0],[3088.0,1571.5],[3088.5,1571.0],[3088.5,1570.0],[3089.0,1569.5],[3089.5,1569.0],[3089.5,1568.0],[3089.5,1567.0],[3090.0,1566.5],[3090.5,1566.0]]","[[243045.3817749,431252.68469238,85.07751226],[243045.38224792,431252.68444824,85.0778985],[243045.38290596,431252.6845932,85.07866526],[243045.38337898,431252.68434906,85.07905149],[243045.38385201,431252.68409729,85.07943821],[243045.38451195,431252.68424988,85.08020544],[243045.38498306,431252.68399811,85.08059263],[243045.38545609,431252.68375397,85.08097935],[243045.38611794,431252.68389893,85.08174753],[243045.38677788,431252.68405151,85.08251619],[243045.38725281,431252.68379974,85.08290386],[243045.38772583,431252.6835556,85.08329153]]",dji_pose_mesh_ray_contour_nodes,
97,58,3,SPL,3728.8913,1569.0435,3723,1567,3735,1572,12,5,46,243045.51574326,431252.26426697,85.0790596,dji_pose_mesh_ray_centroid,True,True,1219551,2.691592,warp,,3728.8913,1569.0435,1,1,1.0,1,2.691592,2.691592,6,6,1.0,"[[3723.0,1568.5],[3723.5,1568.0],[3724.0,1567.5],[3725.0,1567.5],[3726.0,1567.5],[3726.5,1567.0]]","[[243045.51473045,431252.26811981,85.07947063],[243045.51515388,431252.26781464,85.07984829],[243045.51557541,431252.26750183,85.08022547],[243045.5158062,431252.26685333,85.08022547],[243045.51603508,431252.26620483,85.08022547],[243045.51645851,431252.26589203,85.08060312]]",dji_pose_mesh_ray_contour_nodes,
98,59,3,SPL,3415.3143,1571.0286,3412,1568,3419,1575,7,7,35,243045.45480728,431252.46967316,85.07890558,dji_pose_mesh_ray_centroid,True,True,1219564,2.65071,warp,,3415.3143,1571.0286,1,1,1.0,1,2.65071,2.65071,6,6,1.0,"[[3415.5,1574.0],[3415.0,1573.5],[3414.5,1573.0],[3414.0,1572.5],[3413.0,1572.5],[3412.0,1572.5]]","[[243045.45332336,431252.46934509,85.076684],[243045.45350838,431252.4697113,85.07706213],[243045.45369339,431252.47007751,85.07744074],[243045.4538784,431252.47044373,85.07781887],[243045.45373726,431252.47110748,85.07782888],[243045.45359612,431252.47177124,85.07783842]]",dji_pose_mesh_ray_contour_nodes,
99,60,3,SPL,3489.1667,1571.8194,3484,1568,3495,1577,11,9,72,243045.46421051,431252.42055511,85.07753658,dji_pose_mesh_ray_centroid,True,True,1219564,2.65372,warp,,3489.1667,1571.8194,1,1,1.0,1,2.65372,2.65372,8,8,1.0,"[[3488.5,1576.0],[3488.0,1575.5],[3487.0,1575.5],[3486.5,1575.0],[3486.0,1574.5],[3485.0,1574.5],[3484.5,1574.0],[3484.0,1573.5]]","[[243045.46200562,431252.42074585,85.0744319],[243045.46219254,431252.42110443,85.07480907],[243045.46205902,431252.42176819,85.07481909],[243045.46224785,431252.42212677,85.07519674],[243045.46243286,431252.42249298,85.07557392],[243045.46230125,431252.42315674,85.07558441],[243045.46248817,431252.42351532,85.07596159],[243045.46267509,431252.4238739,85.07633924]]",dji_pose_mesh_ray_contour_nodes,
100,61,3,SPL,2376.0952,1577.7143,2374,1576,2380,1581,6,5,21,243045.20762253,431253.14523315,85.07346868,dji_pose_mesh_ray_centroid,True,True,1219586,2.594107,warp,,2376.0952,1577.7143,1,1,1.0,1,2.594107,2.594107,6,6,1.0,"[[2379.0,1577.5],[2378.5,1578.0],[2378.0,1578.5],[2377.5,1579.0],[2377.0,1579.5],[2376.5,1580.0]]","[[243045.20840645,431253.14339447,85.07362986],[243045.20801544,431253.14360046,85.07325268],[243045.20762444,431253.14380646,85.07287502],[243045.20723152,431253.14401245,85.07249737],[243045.20684052,431253.14421844,85.07212019],[243045.20644951,431253.14441681,85.07174301]]",dji_pose_mesh_ray_contour_nodes,
101,62,3,SPL,3712.2361,1580.4583,3706,1576,3719,1585,13,9,72,243045.50490952,431252.27467346,85.07046747,dji_pose_mesh_ray_centroid,True,True,1219551,2.680546,warp,,3712.2361,1580.4583,1,1,1.0,1,2.680546,2.680546,15,15,1.0,"[[3706.0,1579.5],[3707.0,1579.5],[3707.5,1579.0],[3708.0,1578.5],[3709.0,1578.5],[3709.5,1578.0],[3710.0,1577.5],[3711.0,1577.5],[3712.0,1577.5],[3713.0,1577.5],[3714.0,1577.5],[3715.0,1577.5],[3715.5,1577.0],[3716.0,1576.5],[3716.5,1576.0]]","[[243045.50407219,431252.27875519,85.07118797],[243045.50429916,431252.27810669,85.07118797],[243045.50472069,431252.27780151,85.07156324],[243045.50514221,431252.27749634,85.07193899],[243045.50537109,431252.27684784,85.07193899],[243045.50579262,431252.27654266,85.07231474],[243045.50621414,431252.27623749,85.07269049],[243045.50644112,431252.27558899,85.07269049],[243045.50667,431252.27494049,85.07269049],[243045.50689888,431252.27429199,85.07269049],[243045.50712776,431252.27364349,85.07269049],[243045.50735664,431252.272995,85.07269001],[243045.50777817,431252.27268219,85.07306623],[243045.50819969,431252.27237701,85.07344198],[243045.50862122,431252.27207184,85.07381821]]",dji_pose_mesh_ray_contour_nodes,
102,63,3,SPL,3221.1569,1579.9412,3216,1577,3227,1584,11,7,51,243045.41410065,431252.59723663,85.07318163,dji_pose_mesh_ray_centroid,True,True,1219562,2.630395,warp,,3221.1569,1579.9412,1,1,1.0,1,2.630395,2.630395,8,8,1.0,"[[3220.5,1583.0],[3220.0,1582.5],[3219.0,1582.5],[3218.0,1582.5],[3217.5,1582.0],[3217.0,1581.5],[3216.5,1581.0],[3216.0,1580.5]]","[[243045.41191101,431252.59728241,85.07084227],[243045.41213036,431252.59767151,85.07122469],[243045.41190529,431252.59832764,85.07122517],[243045.41167831,431252.59897614,85.07122564],[243045.41189766,431252.59937286,85.07160854],[243045.41211891,431252.59976196,85.07199097],[243045.41233826,431252.60015106,85.07237387],[243045.41255951,431252.60054016,85.07275677]]",dji_pose_mesh_ray_contour_nodes,
103,64,3,SPL,3447.1163,1588.6047,3436,1579,3456,1596,20,17,215,243045.45016098,431252.44737244,85.06549501,dji_pose_mesh_ray_centroid,True,True,1219564,2.641835,warp,,3447.1163,1588.6047,1,1,1.0,1,2.641835,2.641835,28,28,1.0,"[[3436.0,1590.5],[3436.5,1590.0],[3436.5,1589.0],[3436.5,1588.0],[3437.0,1587.5],[3437.5,1587.0],[3438.0,1586.5],[3439.0,1586.5],[3439.5,1586.0],[3440.0,1585.5],[3441.0,1585.5],[3442.0,1585.5],[3443.0,1585.5],[3444.0,1585.5],[3445.0,1585.5],[3446.0,1585.5],[3446.5,1585.0],[3447.0,1584.5],[3447.5,1584.0],[3448.0,1583.5],[3448.5,1583.0],[3449.0,1582.5],[3449.5,1582.0],[3450.0,1581.5],[3450.5,1581.0],[3450.5,1580.0],[3451.0,1579.5],[3451.5,1579.0]]","[[243045.44773102,431252.45461273,85.06420135],[243045.44804955,431252.45431519,85.06456709],[243045.44855118,431252.45438385,85.06530809],[243045.44905472,431252.45444489,85.06605005],[243045.44937325,431252.45414734,85.06641579],[243045.44969177,431252.45384979,85.066782],[243045.45000839,431252.45355225,85.06714773],[243045.45014191,431252.45288849,85.06713772],[243045.45046043,431252.45259094,85.06750393],[243045.45077896,431252.4522934,85.06787014],[243045.45091248,431252.45162964,85.06785965],[243045.45104408,431252.45096588,85.06784964],[243045.4511776,431252.45030212,85.06783962],[243045.4513092,431252.44963837,85.06782961],[243045.45144272,431252.44897461,85.06781912],[243045.45157433,431252.44831085,85.0678091],[243045.45189285,431252.44801331,85.06817532],[243045.45221138,431252.44771576,85.06854153],[243045.45252991,431252.44741821,85.06890774],[243045.45284843,431252.44711304,85.06927395],[243045.45316696,431252.44681549,85.06964016],[243045.45348549,431252.44651794,85.07000685],[243045.45380402,431252.4462204,85.07037306],[243045.45412445,431252.44591522,85.07073975],[243045.45444107,431252.44561768,85.07110596],[243045.45494652,431252.44567871,85.07184982],[243045.45526505,431252.44538116,85.07221651],[243045.45558548,431252.44508362,85.0725832]]",dji_pose_mesh_ray_contour_nodes,
104,65,3,SPL,3460.0,1582.0,3460,1582,3461,1583,1,1,1,243045.45519829,431252.43925476,85.07026577,dji_pose_mesh_ray_centroid,True,True,1219564,2.646286,warp,,3460.0,1582.0,1,1,1.0,1,2.646286,2.646286,1,1,1.0,"[[3460.0,1582.0]]","[[243045.45519829,431252.43925476,85.07026577]]",dji_pose_mesh_ray_contour_nodes,
105,66,3,SPL,3465.7083,1584.25,3463,1582,3470,1587,7,5,24,243045.45481873,431252.43533325,85.06853723,dji_pose_mesh_ray_centroid,True,True,1219564,2.645257,warp,,3465.7083,1584.25,1,1,1.0,1,2.645257,2.645257,7,7,1.0,"[[3465.5,1582.0],[3466.0,1582.5],[3466.5,1583.0],[3467.0,1583.5],[3468.0,1583.5],[3468.5,1584.0],[3469.0,1584.5]]","[[243045.4559269,431252.43561554,85.0702095],[243045.45573997,431252.43524933,85.06983328],[243045.45555496,431252.43489075,85.06945658],[243045.45536804,431252.43452454,85.06908035],[243045.45550156,431252.43386841,85.06907034],[243045.45531464,431252.4335022,85.06869411],[243045.45512962,431252.43314362,85.06831789]]",dji_pose_mesh_ray_contour_nodes,
106,67,3,SPL,3472.4171,1594.4914,3464,1586,3483,1603,19,17,175,243045.45055389,431252.43026733,85.06088638,dji_pose_mesh_ray_centroid,True,True,1219564,2.639659,warp,,3472.4171,1594.4914,1,1,1.0,1,2.639659,2.639659,24,24,1.0,"[[3464.0,1595.5],[3464.5,1595.0],[3464.5,1594.0],[3465.0,1593.5],[3465.5,1593.0],[3466.0,1592.5],[3466.5,1592.0],[3467.0,1591.5],[3467.5,1591.0],[3468.0,1590.5],[3469.0,1590.5],[3470.0,1590.5],[3471.0,1590.5],[3472.0,1590.5],[3472.5,1590.0],[3473.0,1589.5],[3474.0,1589.5],[3475.0,1589.5],[3475.5,1589.0],[3476.0,1588.5],[3476.5,1588.0],[3476.5,1587.0],[3477.0,1586.5],[3477.5,1586.0]]","[[243045.44893265,431252.43576813,85.06022406],[243045.44924927,431252.43547058,85.06058836],[243045.44975281,431252.43553162,85.06132746],[243045.45006943,431252.43523407,85.06169224],[243045.45038795,431252.43492889,85.06205702],[243045.45070457,431252.43463135,85.0624218],[243045.4510231,431252.4343338,85.06278706],[243045.45133972,431252.43403625,85.06315184],[243045.45165825,431252.43373108,85.06351709],[243045.45197487,431252.43343353,85.06388187],[243045.45210838,431252.43276978,85.06387186],[243045.45223999,431252.43211365,85.06386185],[243045.4523716,431252.43144989,85.06385183],[243045.45250511,431252.43078613,85.0638423],[243045.45282364,431252.43048859,85.06420708],[243045.45314026,431252.43019104,85.06457233],[243045.45327377,431252.42952728,85.06456232],[243045.45340538,431252.42887115,85.06455231],[243045.45372391,431252.42856598,85.06491756],[243045.45404053,431252.42826843,85.06528282],[243045.45435905,431252.42796326,85.06564808],[243045.45486259,431252.42802429,85.06638861],[243045.45518112,431252.42772675,85.06675434],[243045.45549965,431252.4274292,85.0671196]]",dji_pose_mesh_ray_contour_nodes,
107,68,3,SPL,3857.0,1588.5,3856,1588,3859,1590,3,2,6,243045.53165245,431252.1806488,85.06428957,dji_pose_mesh_ray_centroid,True,True,79357,2.702554,warp,,3857.0,1588.5,1,1,1.0,1,2.702554,2.702554,6,6,1.0,"[[3856.0,1588.0],[3857.0,1588.0],[3858.0,1588.0],[3856.0,1589.0],[3857.0,1589.0],[3858.0,1589.0]]","[[243045.53180504,431252.18130493,85.06467056],[243045.5319767,431252.18065643,85.06466484],[243045.53214836,431252.18000793,85.06465912],[243045.53115654,431252.18128967,85.06392002],[243045.5313282,431252.18064117,85.0639143],[243045.53149796,431252.17999268,85.06390858]]",dji_pose_mesh_ray_contour_nodes,
108,69,3,SPL,3414.3333,1594.3333,3414,1594,3416,1596,2,2,3,243045.44282722,431252.46871185,85.06156683,dji_pose_mesh_ray_centroid,True,True,314689,2.636983,warp,,3414.3333,1594.3333,1,1,1.0,1,2.636983,2.636983,2,2,1.0,"[[3415.0,1594.5],[3414.5,1595.0]]","[[243045.44283867,431252.46825409,85.06143713],[243045.44251442,431252.46855164,85.06107092]]",dji_pose_mesh_ray_contour_nodes,
109,70,3,SPL,3248.2857,1598.4,3243,1596,3254,1602,11,6,35,243045.40794945,431252.57724762,85.05910397,dji_pose_mesh_ray_centroid,True,True,1219562,2.619334,warp,,3248.2857,1598.4,1,1,1.0,1,2.619334,2.619334,11,11,1.0,"[[3253.0,1598.5],[3252.5,1599.0],[3252.0,1599.5],[3251.0,1599.5],[3250.0,1599.5],[3249.5,1600.0],[3249.0,1600.5],[3248.0,1600.5],[3247.0,1600.5],[3246.0,1600.5],[3245.5,1601.0]]","[[243045.40894699,431252.57416534,85.05902576],[243045.40850258,431252.57443237,85.05864716],[243045.40805817,431252.5746994,85.05826807],[243045.4078331,431252.5753479,85.05826902],[243045.40760612,431252.5759964,85.0582695],[243045.40716362,431252.57626343,85.05789089],[243045.40671921,431252.57653046,85.05751228],[243045.40649414,431252.57717896,85.05751276],[243045.40626717,431252.57783508,85.05751324],[243045.4060421,431252.57848358,85.05751371],[243045.40559769,431252.57875061,85.0571351]]",dji_pose_mesh_ray_contour_nodes,
110,71,3,SPL,3092.875,1597.875,3092,1597,3095,1600,3,3,8,243045.36749077,431252.67736816,85.05898476,dji_pose_mesh_ray_centroid,True,True,1219557,2.599541,warp,,3092.875,1597.875,1,1,1.0,1,2.599541,2.599541,2,2,1.0,"[[3094.0,1598.5],[3093.5,1599.0]]","[[243045.36740303,431252.67655945,85.05851841],[243045.36693573,431252.67680359,85.05813742]]",dji_pose_mesh_ray_contour_nodes,
111,72,3,SPL,3499.68,1599.24,3497,1597,3503,1602,6,5,25,243045.45181847,431252.41201782,85.0571208,dji_pose_mesh_ray_centroid,True,True,1219545,2.638415,warp,,3499.68,1599.24,1,1,1.0,1,2.638415,2.638415,4,4,1.0,"[[3497.0,1597.5],[3498.0,1597.5],[3499.0,1597.5],[3499.5,1597.0]]","[[243045.45232773,431252.41387939,85.05842829],[243045.45246315,431252.41322327,85.05841875],[243045.45259666,431252.41256714,85.05840921],[243045.45291519,431252.41226196,85.05877304]]",dji_pose_mesh_ray_contour_nodes,
112,73,3,SPL,3451.7436,1616.7244,3446,1603,3456,1628,10,25,156,243045.43669701,431252.44252777,85.04471827,dji_pose_mesh_ray_centroid,True,True,1219564,2.625901,warp,,3451.7436,1616.7244,1,1,1.0,1,2.625901,2.625901,30,30,1.0,"[[3446.0,1619.5],[3446.5,1619.0],[3447.0,1618.5],[3447.5,1618.0],[3448.0,1617.5],[3448.5,1617.0],[3449.0,1616.5],[3449.5,1616.0],[3450.0,1615.5],[3450.5,1615.0],[3450.5,1614.0],[3450.5,1613.0],[3450.5,1612.0],[3450.0,1611.5],[3449.5,1611.0],[3449.0,1610.5],[3448.5,1610.0],[3448.5,1609.0],[3448.5,1608.0],[3449.0,1607.5],[3449.5,1607.0],[3450.0,1606.5],[3450.5,1606.0],[3451.0,1605.5],[3452.0,1605.5],[3452.5,1605.0],[3453.0,1604.5],[3454.0,1604.5],[3454.5,1604.0],[3454.5,1603.0]]","[[243045.43455505,431252.44613647,85.04273653],[243045.43486977,431252.44583893,85.04309845],[243045.43518639,431252.44554138,85.04346037],[243045.4355011,431252.44524384,85.04382229],[243045.43581581,431252.44494629,85.04418421],[243045.43613052,431252.44464874,85.04454613],[243045.43644524,431252.4443512,85.04490805],[243045.43676186,431252.44405365,85.04526997],[243045.43707657,431252.4437561,85.04563236],[243045.43739128,431252.44345856,85.04599476],[243045.43789101,431252.44351959,85.04672861],[243045.43838882,431252.44358063,85.04746246],[243045.43888664,431252.44364929,85.04819727],[243045.43906975,431252.44400787,85.0485692],[243045.43925285,431252.44436646,85.04894114],[243045.43943596,431252.44473267,85.04931354],[243045.43962097,431252.44509125,85.04968548],[243045.44011879,431252.44515228,85.05042124],[243045.44061852,431252.44522095,85.05115652],[243045.44093513,431252.4449234,85.05151987],[243045.44125175,431252.44462585,85.05188322],[243045.44156647,431252.44432068,85.05224657],[243045.44188309,431252.44402313,85.05260992],[243045.44219971,431252.44372559,85.05297327],[243045.44233322,431252.44306946,85.05296373],[243045.44264793,431252.44277191,85.05332708],[243045.44296455,431252.44247437,85.05369043],[243045.44309807,431252.44181061,85.0536809],[243045.44341469,431252.44151306,85.05404472],[243045.44391441,431252.4415741,85.05478144]]",dji_pose_mesh_ray_contour_nodes,
113,74,3,SPL,3077.6585,1607.6585,3075,1604,3082,1612,7,8,41,243045.35684204,431252.6856308,85.05151844,dji_pose_mesh_ray_centroid,True,True,1219557,2.590266,warp,,3077.6585,1607.6585,1,1,1.0,1,2.590266,2.590266,7,7,1.0,"[[3077.5,1604.0],[3078.0,1604.5],[3079.0,1604.5],[3079.5,1605.0],[3080.0,1605.5],[3080.5,1606.0],[3081.0,1606.5]]","[[243045.35916328,431252.68626404,85.0542736],[243045.35898018,431252.68587494,85.05389929],[243045.35926437,431252.68523407,85.05390501],[243045.35908127,431252.68484497,85.05353069],[243045.35889816,431252.68445587,85.05315638],[243045.35871696,431252.68406677,85.05278254],[243045.35853386,431252.68367004,85.05240869]]",dji_pose_mesh_ray_contour_nodes,
114,75,3,SPL,3538.4167,1605.0833,3536,1604,3541,1607,5,3,12,243045.45409775,431252.38625336,85.05246162,dji_pose_mesh_ray_centroid,True,True,1219545,2.637435,warp,,3538.4167,1605.0833,1,1,1.0,1,2.637435,2.637435,3,3,1.0,"[[3536.0,1604.5],[3537.0,1604.5],[3537.5,1604.0]]","[[243045.45406532,431252.38787079,85.05291223],[243045.45419884,431252.38721466,85.05290317],[243045.45451546,431252.38690948,85.05326557]]",dji_pose_mesh_ray_contour_nodes,
115,76,3,SPL,3408.3125,1609.3125,3406,1608,3411,1612,5,4,16,243045.43442345,431252.4716568,85.05055046,dji_pose_mesh_ray_centroid,True,True,314689,2.628011,warp,,3408.3125,1609.3125,1,1,1.0,1,2.628011,2.628011,4,4,1.0,"[[3408.5,1611.0],[3408.0,1610.5],[3407.0,1610.5],[3406.0,1610.5]]","[[243045.43359947,431252.47141266,85.04930592],[243045.43378067,431252.47177887,85.04967833],[243045.43364143,431252.47244263,85.04968691],[243045.43350029,431252.47309875,85.04969549]]",dji_pose_mesh_ray_contour_nodes,
116,77,3,SPL,3472.1111,1617.4444,3469,1615,3476,1621,7,6,27,243045.43903542,431252.42908478,85.04400349,dji_pose_mesh_ray_centroid,True,True,1219564,2.626498,warp,,3472.1111,1617.4444,1,1,1.0,1,2.626498,2.626498,6,6,1.0,"[[3469.0,1617.5],[3469.5,1617.0],[3470.0,1616.5],[3470.5,1616.0],[3471.0,1615.5],[3471.5,1615.0]]","[[243045.43859482,431252.43112183,85.04399109],[243045.43891144,431252.43082428,85.04435301],[243045.43922615,431252.43052673,85.04471445],[243045.43954086,431252.43022919,85.04507637],[243045.43985558,431252.42993164,85.04543829],[243045.4401722,431252.42963409,85.04580021]]",dji_pose_mesh_ray_contour_nodes,
117,78,3,SPL,3427.2712,1626.3492,3410,1616,3444,1635,34,19,295,243045.42853928,431252.45800781,85.03788042,dji_pose_mesh_ray_centroid,True,True,314689,2.61919,warp,,3427.2712,1626.3492,1,1,1.0,1,2.61919,2.61919,50,50,1.0,"[[3410.0,1625.5],[3410.5,1625.0],[3411.0,1624.5],[3411.5,1624.0],[3412.0,1623.5],[3413.0,1623.5],[3413.5,1623.0],[3414.0,1622.5],[3415.0,1622.5],[3416.0,1622.5],[3416.5,1622.0],[3417.0,1621.5],[3418.0,1621.5],[3418.5,1621.0],[3419.0,1620.5],[3420.0,1620.5],[3421.0,1620.5],[3421.5,1620.0],[3422.0,1619.5],[3422.5,1620.0],[3423.0,1620.5],[3423.5,1621.0],[3424.0,1621.5],[3424.5,1622.0],[3425.0,1622.5],[3426.0,1622.5],[3427.0,1622.5],[3428.0,1622.5],[3429.0,1622.5],[3430.0,1622.5],[3431.0,1622.5],[3431.5,1623.0],[3432.0,1623.5],[3433.0,1623.5],[3434.0,1623.5],[3434.5,1623.0],[3435.0,1622.5],[3436.0,1622.5],[3437.0,1622.5],[3438.0,1622.5],[3438.5,1622.0],[3439.0,1621.5],[3439.5,1622.0],[3440.0,1622.5],[3441.0,1622.5],[3441.5,1623.0],[3442.0,1623.5],[3442.5,1624.0],[3442.5,1625.0],[3443.0,1625.5]]","[[243045.42632294,431252.4693985,85.03862429],[243045.42676735,431252.46911621,85.03899765],[243045.42718124,431252.46883392,85.03936863],[243045.42750168,431252.46854401,85.03973103],[243045.42782211,431252.46824646,85.04009342],[243045.42796326,431252.46759033,85.04008484],[243045.42828369,431252.46729279,85.04044723],[243045.42860413,431252.46699524,85.04080963],[243045.42874336,431252.46633911,85.04080105],[243045.42888451,431252.46568298,85.04079294],[243045.42920494,431252.46538544,85.04115534],[243045.42952538,431252.46508789,85.04151726],[243045.42966652,431252.46443176,85.04150915],[243045.42998695,431252.46413422,85.04187155],[243045.43030739,431252.4638443,85.04223394],[243045.43044853,431252.46318054,85.04222584],[243045.43058777,431252.46252441,85.04221725],[243045.4309082,431252.46222687,85.04257965],[243045.43122864,431252.46192932,85.04294252],[243045.43104935,431252.46157074,85.04257154],[243045.43086815,431252.46120453,85.04220056],[243045.43068886,431252.46084595,85.04182959],[243045.43050766,431252.46047974,85.04145908],[243045.43032837,431252.46012115,85.0410881],[243045.43014717,431252.45975494,85.0407176],[243045.43028831,431252.45909882,85.0407095],[243045.43042755,431252.45844269,85.04070091],[243045.4305687,431252.45778656,85.04069281],[243045.43070793,431252.4571228,85.04068422],[243045.43084908,431252.45646667,85.04067612],[243045.43098831,431252.45581055,85.04066753],[243045.43080902,431252.45544434,85.04029703],[243045.43062782,431252.45508575,85.03992701],[243045.43076897,431252.45442963,85.03991842],[243045.4309082,431252.4537735,85.03991032],[243045.43122864,431252.45347595,85.04027224],[243045.43154907,431252.45317841,85.04063415],[243045.43169022,431252.45252228,85.04062605],[243045.43182945,431252.45186615,85.04061747],[243045.4319706,431252.45120239,85.04060936],[243045.43229103,431252.45091248,85.04097128],[243045.43261147,431252.45061493,85.0413332],[243045.43243027,431252.45024872,85.0409627],[243045.43225098,431252.44989014,85.04059267],[243045.43239021,431252.44923401,85.04058409],[243045.43221092,431252.44887543,85.04021406],[243045.43202972,431252.44850922,85.03984356],[243045.43185043,431252.44815063,85.03947353],[243045.4313488,431252.4480896,85.03874207],[243045.43116951,431252.44772339,85.03837204]]",dji_pose_mesh_ray_contour_nodes,
118,79,3,SPL,3879.3571,1619.8571,3877,1618,3882,1622,5,4,14,243045.51526642,431252.16577148,85.04080868,dji_pose_mesh_ray_centroid,True,True,79357,2.683694,warp,,3879.3571,1619.8571,1,1,1.0,1,2.683694,2.683694,5,5,1.0,"[[3877.0,1619.5],[3877.5,1619.0],[3878.0,1618.5],[3879.0,1618.5],[3879.5,1618.0]]","[[243045.51509476,431252.16728973,85.04108524],[243045.51549911,431252.16697693,85.04145193],[243045.51590347,431252.16666412,85.0418191],[243045.51607323,431252.16601562,85.04181385],[243045.51647758,431252.16570282,85.04218101]]",dji_pose_mesh_ray_contour_nodes,
119,80,3,SPL,3877.7778,1636.4444,3876,1636,3881,1638,5,2,9,243045.50443268,431252.1665802,85.02860546,dji_pose_mesh_ray_centroid,True,True,79357,2.671837,warp,,3877.7778,1636.4444,1,1,1.0,1,2.671837,2.671837,2,2,1.0,"[[3880.0,1636.5],[3879.5,1637.0]]","[[243045.50477409,431252.1651535,85.02855349],[243045.50437164,431252.16547394,85.02818918]]",dji_pose_mesh_ray_contour_nodes,
120,81,3,SPL,3445.1667,1649.8333,3443,1649,3449,1652,6,3,12,243045.41811371,431252.44458771,85.02053356,dji_pose_mesh_ray_centroid,True,True,1219562,2.605622,warp,,3445.1667,1649.8333,1,1,1.0,1,2.605622,2.605622,3,3,1.0,"[[3446.5,1649.0],[3447.0,1649.5],[3448.0,1649.5]]","[[243045.41895866,431252.44380188,85.0211482],[243045.41874123,431252.4434433,85.02077913],[243045.41896248,431252.4427948,85.02077866]]",dji_pose_mesh_ray_contour_nodes,
121,82,3,SPL,2453.0595,1685.8095,2448,1681,2459,1691,11,10,84,243045.16321182,431253.06954193,84.9935441,dji_pose_mesh_ray_centroid,True,True,314564,2.516592,warp,,2453.0595,1685.8095,1,1,1.0,1,2.516592,2.516592,9,9,1.0,"[[2453.5,1681.0],[2454.0,1681.5],[2455.0,1681.5],[2455.5,1682.0],[2456.0,1682.5],[2456.5,1683.0],[2457.0,1683.5],[2457.5,1684.0],[2458.0,1684.5]]","[[243045.16584969,431253.07030487,84.99699783],[243045.16573906,431253.06990051,84.99664211],[243045.16603661,431253.06929016,84.99664831],[243045.16592407,431253.0688858,84.99629259],[243045.16581345,431253.06847382,84.99593639],[243045.16570091,431253.06806183,84.99558067],[243045.16558838,431253.06765747,84.99522495],[243045.16547775,431253.06724548,84.99486923],[243045.16536522,431253.06684113,84.99451399]]",dji_pose_mesh_ray_contour_nodes,
122,83,3,SPL,1131.5351,1729.7472,1106,1685,1176,1774,70,89,2880,243044.86037445,431253.90207672,84.96348524,dji_pose_mesh_ray_centroid,True,True,1219707,2.70038,warp,,1131.5351,1729.7472,1,1,1.0,1,2.70038,2.70038,147,147,1.0,"[[1175.0,1724.5],[1174.5,1725.0],[1174.0,1725.5],[1173.0,1725.5],[1172.5,1726.0],[1172.0,1726.5],[1171.0,1726.5],[1170.5,1727.0],[1170.0,1727.5],[1169.0,1727.5],[1168.0,1727.5],[1167.5,1728.0],[1167.0,1728.5],[1166.0,1728.5],[1165.5,1729.0],[1165.0,1729.5],[1164.0,1729.5],[1163.0,1729.5],[1162.0,1729.5],[1161.5,1730.0],[1161.0,1730.5],[1160.0,1730.5],[1159.5,1731.0],[1159.0,1731.5],[1158.5,1732.0],[1158.0,1732.5],[1157.0,1732.5],[1156.5,1733.0],[1156.0,1733.5],[1155.5,1733.0],[1155.0,1732.5],[1154.5,1732.0],[1154.5,1731.0],[1154.0,1730.5],[1153.5,1730.0],[1153.0,1729.5],[1152.5,1729.0],[1152.0,1728.5],[1151.5,1729.0],[1151.5,1730.0],[1151.5,1731.0],[1151.5,1732.0],[1151.5,1733.0],[1151.5,1734.0],[1151.5,1735.0],[1151.5,1736.0],[1151.5,1737.0],[1151.5,1738.0],[1151.5,1739.0],[1151.5,1740.0],[1151.5,1741.0],[1151.5,1742.0],[1151.5,1743.0],[1151.5,1744.0],[1151.5,1745.0],[1151.5,1746.0],[1151.5,1747.0],[1151.5,1748.0],[1151.5,1749.0],[1151.5,1750.0],[1151.5,1751.0],[1151.5,1752.0],[1151.0,1752.5],[1150.5,1753.0],[1150.0,1753.5],[1149.5,1754.0],[1149.0,1754.5],[1148.5,1755.0],[1148.0,1755.5],[1147.0,1755.5],[1146.0,1755.5],[1145.5,1755.0],[1145.0,1754.5],[1144.0,1754.5],[1143.5,1754.0],[1143.0,1753.5],[1142.5,1754.0],[1142.0,1754.5],[1141.5,1755.0],[1141.5,1756.0],[1141.0,1756.5],[1140.5,1757.0],[1140.0,1757.5],[1139.5,1758.0],[1139.0,1758.5],[1138.0,1758.5],[1137.0,1758.5],[1136.5,1759.0],[1136.0,1759.5],[1135.0,1759.5],[1134.0,1759.5],[1133.5,1760.0],[1133.0,1760.5],[1132.5,1761.0],[1132.0,1761.5],[1131.5,1762.0],[1131.0,1762.5],[1130.5,1763.0],[1131.0,1763.5],[1131.5,1764.0],[1131.5,1765.0],[1131.5,1766.0],[1131.5,1767.0],[1131.5,1768.0],[1131.5,1769.0],[1131.0,1769.5],[1130.5,1769.0],[1130.0,1768.5],[1129.5,1768.0],[1129.0,1767.5],[1128.5,1767.0],[1128.5,1766.0],[1128.5,1765.0],[1128.5,1764.0],[1128.5,1763.0],[1128.5,1762.0],[1128.0,1761.5],[1127.0,1761.5],[1126.0,1761.5],[1125.0,1761.5],[1124.0,1761.5],[1123.5,1762.0],[1123.0,1762.5],[1122.5,1763.0],[1122.0,1763.5],[1121.5,1764.0],[1121.5,1765.0],[1121.0,1765.5],[1120.0,1765.5],[1119.5,1766.0],[1119.0,1766.5],[1118.0,1766.5],[1117.0,1766.5],[1116.5,1767.0],[1116.0,1767.5],[1115.0,1767.5],[1114.0,1767.5],[1113.5,1768.0],[1113.0,1768.5],[1112.5,1769.0],[1112.0,1769.5],[1111.5,1770.0],[1111.5,1771.0],[1111.0,1771.5],[1110.5,1772.0],[1110.0,1772.5],[1109.5,1773.0]]","[[243044.87283707,431253.87697601,84.96723318],[243044.87247086,431253.87706757,84.96687651],[243044.87210655,431253.87716675,84.96651936],[243044.87184525,431253.87776947,84.96651649],[243044.87148094,431253.87786102,84.96615982],[243044.87111664,431253.87796021,84.96580315],[243044.87085533,431253.87856293,84.96579981],[243044.87048912,431253.87865448,84.96544313],[243044.87012672,431253.87875366,84.96508694],[243044.86986351,431253.87935638,84.9650836],[243044.8696022,431253.87995148,84.96508074],[243044.8692379,431253.88005066,84.96472406],[243044.8688755,431253.88014984,84.96436787],[243044.86862373,431253.88076019,84.96436596],[243044.8682766,431253.880867,84.96401119],[243044.86792755,431253.88097382,84.96365595],[243044.8677063,431253.88161469,84.96365643],[243044.86748314,431253.88224792,84.96365643],[243044.86726189,431253.88288116,84.96365643],[243044.86691475,431253.88298798,84.96330166],[243044.8665657,431253.88309479,84.96294737],[243044.86634445,431253.88373566,84.96294737],[243044.86599731,431253.88384247,84.96259308],[243044.86564827,431253.88394928,84.96223831],[243044.86530113,431253.88406372,84.96188402],[243044.86495399,431253.88417053,84.96152973],[243044.86473274,431253.88480377,84.96152973],[243044.8643856,431253.88491821,84.96117592],[243044.86403847,431253.88502502,84.96082163],[243044.86416245,431253.88555145,84.96117592],[243044.86428833,431253.88607025,84.96153021],[243044.86441422,431253.88659668,84.9618845],[243044.86488533,431253.88700867,84.96259356],[243044.86501122,431253.8875351,84.96294832],[243044.8651371,431253.88805389,84.96330309],[243044.86526108,431253.88858032,84.96365786],[243044.86538696,431253.88910675,84.96401262],[243044.86551094,431253.88962555,84.96436787],[243044.8651638,431253.88973999,84.96401262],[243044.86469269,431253.88932037,84.96330309],[243044.86421967,431253.88890839,84.96259403],[243044.86374664,431253.8884964,84.96188498],[243044.86327553,431253.88807678,84.9611764],[243044.86280251,431253.88766479,84.96046829],[243044.86233139,431253.88725281,84.95976019],[243044.86186028,431253.88684082,84.95905256],[243044.86138916,431253.8864212,84.95834494],[243044.86091805,431253.88600922,84.95763826],[243044.86044693,431253.88559723,84.95693159],[243044.85997772,431253.88518524,84.95622539],[243044.85950661,431253.88477325,84.9555192],[243044.85899734,431253.88432312,84.95481062],[243044.85847282,431253.88386536,84.95410109],[243044.8579483,431253.88340759,84.95339155],[243044.85742569,431253.8829422,84.95268297],[243044.85690117,431253.88248444,84.95197439],[243044.85637856,431253.88202667,84.95126629],[243044.85585594,431253.88156891,84.95055866],[243044.85533142,431253.88110352,84.94985104],[243044.85480881,431253.88064575,84.94914436],[243044.85428619,431253.88018799,84.94843769],[243044.85376549,431253.87973022,84.94773149],[243044.8533802,431253.87980652,84.94737768],[243044.85299683,431253.87988281,84.94702387],[243044.85261154,431253.87995148,84.94667005],[243044.85222816,431253.88002777,84.94631624],[243044.85184479,431253.88010406,84.94596291],[243044.85146141,431253.88018036,84.94560957],[243044.85107613,431253.88025665,84.94525623],[243044.85083008,431253.88085938,84.94525433],[243044.85058403,431253.88146973,84.94525242],[243044.85072136,431253.88199615,84.94560385],[243044.85085869,431253.88253021,84.94595575],[243044.85061264,431253.88314056,84.94595385],[243044.85074806,431253.88367462,84.94630575],[243044.85088539,431253.88420868,84.94665718],[243044.85050201,431253.88427734,84.94630384],[243044.85011864,431253.88435364,84.94595051],[243044.84973526,431253.88442993,84.94559717],[243044.84921455,431253.88396454,84.94489241],[243044.84883118,431253.88404083,84.94453907],[243044.8484478,431253.88411713,84.94418621],[243044.84806633,431253.88419342,84.94383335],[243044.84768295,431253.88426208,84.94348049],[243044.84729958,431253.88433838,84.94312763],[243044.84705353,431253.8849411,84.94312572],[243044.84680748,431253.88555145,84.94312429],[243044.8464241,431253.88562775,84.94277143],[243044.84604263,431253.88569641,84.94241905],[243044.84579659,431253.88630676,84.94241714],[243044.84555054,431253.88690948,84.94241571],[243044.84516716,431253.88698578,84.94206333],[243044.84478569,431253.88705444,84.94171095],[243044.84440231,431253.88713074,84.94135857],[243044.84402084,431253.88720703,84.94100666],[243044.84363937,431253.8872757,84.94065428],[243044.8432579,431253.88735199,84.94030237],[243044.84287643,431253.88742828,84.93995047],[243044.84273911,431253.88689423,84.93960047],[243044.84260368,431253.88636017,84.93925047],[243044.84208679,431253.8859024,84.93854952],[243044.8415699,431253.88544464,84.93784809],[243044.84105301,431253.88498688,84.93714762],[243044.84053612,431253.88452911,84.93644762],[243044.84002113,431253.88407135,84.93574762],[243044.83963966,431253.88414764,84.93539667],[243044.83977509,431253.88467407,84.93574572],[243044.83991051,431253.88520813,84.93609476],[243044.84004593,431253.88573456,84.93644428],[243044.84018135,431253.88626862,84.93679333],[243044.84031677,431253.88680267,84.93714285],[243044.84083366,431253.88726044,84.93784332],[243044.84135056,431253.8877182,84.93854427],[243044.84186554,431253.88817596,84.9392457],[243044.84238434,431253.88863373,84.93994713],[243044.84290123,431253.88909149,84.94064951],[243044.84303665,431253.88962555,84.94099951],[243044.84279251,431253.8902359,84.94099808],[243044.84254646,431253.89083862,84.94099617],[243044.84230042,431253.89144135,84.94099426],[243044.84205437,431253.8920517,84.94099283],[243044.8416729,431253.89212036,84.94064093],[243044.84128952,431253.89219666,84.94028854],[243044.84090805,431253.89226532,84.93993711],[243044.84052849,431253.89234161,84.93958521],[243044.84014702,431253.89241028,84.93923378],[243044.83963013,431253.89195251,84.93853235],[243044.83924866,431253.89202881,84.93818092],[243044.83900261,431253.89263153,84.93817949],[243044.83862305,431253.89270782,84.93782806],[243044.83824158,431253.89277649,84.93747711],[243044.83799744,431253.89337921,84.9374752],[243044.83775139,431253.89398956,84.93747377],[243044.83736992,431253.89405823,84.93712282],[243044.83699036,431253.89413452,84.93677187],[243044.83674431,431253.89473724,84.93676996],[243044.83650017,431253.89533997,84.93676853],[243044.8361187,431253.89541626,84.93641758],[243044.83573914,431253.89548492,84.93606663],[243044.83535957,431253.89556122,84.93571615],[243044.8349781,431253.89562988,84.93536568],[243044.83459854,431253.89569855,84.9350152],[243044.83408546,431253.89524078,84.93431616],[243044.8337059,431253.89531708,84.93396568],[243044.83332634,431253.89538574,84.93361568],[243044.83294678,431253.89546204,84.93326569],[243044.83256721,431253.8955307,84.93291616]]",dji_pose_mesh_ray_contour_nodes,
123,84,3,SPL,2446.0,1689.0,2446,1689,2447,1690,1,1,1,243045.15945244,431253.07312012,84.99121571,dji_pose_mesh_ray_centroid,True,True,314564,2.514307,warp,,2446.0,1689.0,1,1,1.0,1,2.514307,2.514307,1,1,1.0,"[[2446.0,1689.0]]","[[243045.15945244,431253.07312012,84.99121571]]",dji_pose_mesh_ray_contour_nodes,
124,85,3,SPL,3136.0,1705.5,3135,1705,3138,1707,3,2,6,243045.31118584,431252.63537598,84.97990131,dji_pose_mesh_ray_centroid,True,True,1219557,2.529,warp,,3136.0,1705.5,1,1,1.0,1,2.529,2.529,6,6,1.0,"[[3135.0,1705.0],[3136.0,1705.0],[3137.0,1705.0],[3135.0,1706.0],[3136.0,1706.0],[3137.0,1706.0]]","[[243045.31122208,431252.63606262,84.98025608],[243045.31149673,431252.63543701,84.98025989],[243045.31177139,431252.63481903,84.98026371],[243045.31060219,431252.63593292,84.97953892],[243045.31087685,431252.63530731,84.97954273],[243045.3111515,431252.63468933,84.97954655]]",dji_pose_mesh_ray_contour_nodes,
125,86,3,SPL,3693.0,1796.5,3693,1796,3694,1798,1,2,2,243045.37691689,431252.2791214,84.9160471,dji_pose_mesh_ray_centroid,True,True,1219563,2.541883,warp,,3693.0,1796.5,1,1,1.0,1,2.541883,2.541883,2,2,1.0,"[[3693.0,1796.0],[3693.0,1797.0]]","[[243045.37719536,431252.27914429,84.91638803],[243045.37663651,431252.27910614,84.91570616]]",dji_pose_mesh_ray_contour_nodes,
126,87,3,SPL,3679.4,1802.4,3678,1802,3682,1804,4,2,5,243045.37134933,431252.28735352,84.91205931,dji_pose_mesh_ray_centroid,True,True,1219563,2.536697,warp,,3679.4,1802.4,1,1,1.0,1,2.536697,2.536697,3,3,1.0,"[[3681.0,1802.5],[3680.0,1802.5],[3679.5,1803.0]]","[[243045.37156296,431252.28636169,84.91198778],[243045.37139511,431252.28697968,84.91198969],[243045.37103271,431252.28726959,84.91165066]]",dji_pose_mesh_ray_contour_nodes,
127,88,3,SPL,1297.1795,1847.1282,1293,1845,1303,1850,10,5,39,243044.84481621,431253.75424194,84.88251734,dji_pose_mesh_ray_centroid,True,True,1219630,2.588912,warp,,1297.1795,1847.1282,1,1,1.0,1,2.588912,2.588912,5,5,1.0,"[[1293.0,1846.5],[1293.5,1846.0],[1294.0,1845.5],[1295.0,1845.5],[1295.5,1845.0]]","[[243044.84407806,431253.75695801,84.88293505],[243044.84443855,431253.75685883,84.88327265],[243044.84479713,431253.75675964,84.88361025],[243044.84504509,431253.75616455,84.88361168],[243044.84540558,431253.75606537,84.88394928]]",dji_pose_mesh_ray_contour_nodes,
128,89,3,SPL,1353.1781,1881.9863,1348,1879,1360,1887,12,8,73,243044.84222603,431253.70795441,84.8592782,dji_pose_mesh_ray_centroid,True,True,1219630,2.557148,warp,,1353.1781,1881.9863,1,1,1.0,1,2.557148,2.557148,10,10,1.0,"[[1359.0,1881.5],[1358.5,1882.0],[1358.5,1883.0],[1358.0,1883.5],[1357.5,1884.0],[1357.0,1884.5],[1356.5,1885.0],[1356.0,1885.5],[1355.0,1885.5],[1354.5,1886.0]]","[[243044.84388542,431253.70470428,84.85960627],[243044.84352684,431253.70481873,84.85927391],[243044.84305954,431253.70444489,84.85861111],[243044.84270096,431253.7045517,84.85827923],[243044.84234428,431253.70465851,84.85794735],[243044.84198761,431253.70476532,84.85761547],[243044.84163094,431253.70487213,84.85728359],[243044.84127426,431253.70497894,84.85695219],[243044.84102821,431253.70556641,84.85695124],[243044.84067154,431253.70567322,84.85661983]]",dji_pose_mesh_ray_contour_nodes,
129,90,3,SPL,2662.9813,1911.4899,2622,1883,2708,1942,86,59,3362,243045.10744286,431252.90071106,84.83979368,dji_pose_mesh_ray_centroid,True,True,314684,2.397252,warp,,2662.9813,1911.4899,1,1,1.0,1,2.397252,2.397252,96,96,1.0,"[[2661.5,1883.0],[2662.0,1883.5],[2663.0,1883.5],[2664.0,1883.5],[2664.5,1884.0],[2665.0,1884.5],[2666.0,1884.5],[2667.0,1884.5],[2668.0,1884.5],[2669.0,1884.5],[2670.0,1884.5],[2671.0,1884.5],[2672.0,1884.5],[2673.0,1884.5],[2674.0,1884.5],[2675.0,1884.5],[2676.0,1884.5],[2677.0,1884.5],[2677.5,1885.0],[2678.0,1885.5],[2679.0,1885.5],[2680.0,1885.5],[2681.0,1885.5],[2681.5,1886.0],[2682.0,1886.5],[2683.0,1886.5],[2684.0,1886.5],[2685.0,1886.5],[2685.5,1887.0],[2686.0,1887.5],[2687.0,1887.5],[2687.5,1888.0],[2687.5,1889.0],[2687.5,1890.0],[2687.5,1891.0],[2687.5,1892.0],[2687.5,1893.0],[2687.5,1894.0],[2687.5,1895.0],[2687.5,1896.0],[2688.0,1896.5],[2689.0,1896.5],[2689.5,1896.0],[2690.0,1895.5],[2691.0,1895.5],[2691.5,1895.0],[2692.0,1894.5],[2693.0,1894.5],[2694.0,1894.5],[2695.0,1894.5],[2695.5,1894.0],[2696.0,1893.5],[2697.0,1893.5],[2697.5,1894.0],[2698.0,1894.5],[2699.0,1894.5],[2700.0,1894.5],[2700.5,1895.0],[2701.0,1895.5],[2701.5,1896.0],[2702.0,1896.5],[2702.5,1897.0],[2702.5,1898.0],[2702.5,1899.0],[2702.0,1899.5],[2701.5,1900.0],[2701.0,1900.5],[2700.0,1900.5],[2699.5,1901.0],[2699.5,1902.0],[2699.5,1903.0],[2699.5,1904.0],[2700.0,1904.5],[2700.5,1905.0],[2700.5,1906.0],[2701.0,1906.5],[2701.5,1907.0],[2701.0,1907.5],[2700.5,1908.0],[2700.5,1909.0],[2700.5,1910.0],[2701.0,1910.5],[2701.5,1911.0],[2701.5,1912.0],[2702.0,1912.5],[2702.5,1913.0],[2702.5,1914.0],[2702.5,1915.0],[2703.0,1915.5],[2703.5,1916.0],[2704.0,1916.5],[2704.5,1917.0],[2705.0,1917.5],[2705.5,1918.0],[2706.0,1918.5],[2707.0,1918.5]]","[[243045.12064934,431252.90631104,84.85848951],[243045.12054253,431252.90592957,84.85816002],[243045.12080956,431252.90533447,84.85816145],[243045.12107658,431252.90474701,84.85816288],[243045.12096977,431252.90436554,84.85783386],[243045.12086296,431252.90398407,84.85750437],[243045.12112999,431252.90339661,84.8575058],[243045.12139702,431252.90280151,84.85750723],[243045.12166405,431252.90220642,84.85750866],[243045.12193108,431252.90161896,84.85750961],[243045.1221981,431252.90102386,84.85751104],[243045.12246513,431252.90042877,84.85751247],[243045.12273216,431252.89984131,84.8575139],[243045.1230011,431252.89924622,84.85751533],[243045.12326813,431252.89865112,84.85751677],[243045.12353516,431252.89806366,84.85751772],[243045.12380219,431252.89746857,84.85751915],[243045.12406921,431252.89687347,84.85752058],[243045.1239624,431252.89649963,84.85719156],[243045.12385559,431252.89611816,84.85686207],[243045.12412262,431252.89552307,84.8568635],[243045.12438965,431252.89493561,84.85686493],[243045.12465668,431252.89434052,84.85686588],[243045.12454987,431252.89395905,84.85653686],[243045.12444305,431252.89358521,84.85620785],[243045.12471008,431252.89299011,84.85620928],[243045.12497711,431252.89240265,84.85621023],[243045.12524414,431252.89180756,84.85621166],[243045.12513733,431252.89142609,84.85588264],[243045.12503052,431252.89105225,84.85555363],[243045.12529755,431252.89045715,84.85555506],[243045.12519073,431252.89008331,84.85522604],[243045.12471008,431252.88991547,84.85456705],[243045.12422943,431252.88975525,84.85390806],[243045.12374878,431252.8895874,84.85324955],[243045.12327003,431252.88942719,84.85259104],[243045.12278938,431252.88926697,84.85193348],[243045.12230873,431252.88909912,84.85127544],[243045.12182999,431252.8889389,84.85061789],[243045.12134933,431252.88877106,84.8499608],[243045.12124443,431252.88839722,84.84963322],[243045.12150955,431252.88780212,84.84963417],[243045.12188339,431252.8875885,84.84996319],[243045.12225533,431252.88737488,84.85029268],[243045.12252235,431252.88678741,84.85029364],[243045.12289619,431252.88657379,84.85062313],[243045.12327003,431252.88635254,84.85095215],[243045.12353706,431252.88576508,84.85095358],[243045.12380219,431252.88516998,84.85095453],[243045.12406921,431252.88458252,84.85095596],[243045.12444305,431252.8843689,84.85128546],[243045.12481689,431252.88414764,84.85161495],[243045.12508392,431252.88356018,84.85161591],[243045.12497711,431252.88317871,84.85128784],[243045.1248703,431252.88280487,84.8509593],[243045.12513733,431252.88220978,84.85096073],[243045.12540245,431252.88162231,84.85096168],[243045.12529755,431252.88124084,84.85063362],[243045.12519073,431252.880867,84.85030556],[243045.12508202,431252.88049316,84.84997749],[243045.12497711,431252.88011169,84.84964943],[243045.1248703,431252.87973785,84.84932184],[243045.12438965,431252.87957764,84.84866476],[243045.123909,431252.87941742,84.84800816],[243045.12353706,431252.87963104,84.84767961],[243045.12316322,431252.87984467,84.84735107],[243045.12279129,431252.88005829,84.84702253],[243045.12252426,431252.88065338,84.8470211],[243045.12215233,431252.880867,84.84669256],[243045.12167358,431252.88070679,84.84603691],[243045.12119293,431252.88054657,84.84538174],[243045.12071609,431252.88038635,84.84472656],[243045.12060928,431252.88001251,84.84439945],[243045.12050247,431252.87963104,84.84407282],[243045.12002563,431252.87947083,84.84341812],[243045.11991882,431252.87909698,84.84309149],[243045.11981201,431252.87872314,84.84276485],[243045.11944008,431252.87893677,84.84243727],[243045.11906815,431252.87915039,84.84210968],[243045.11859131,431252.87899017,84.84145594],[243045.11811256,431252.87882996,84.84080267],[243045.11800766,431252.87845612,84.84047651],[243045.11790276,431252.87808228,84.84015036],[243045.11742592,431252.87792206,84.83949757],[243045.11731911,431252.87754822,84.83917141],[243045.1172142,431252.87716675,84.83884573],[243045.11673737,431252.87701416,84.83819342],[243045.11626053,431252.87685394,84.8375411],[243045.11615562,431252.87647247,84.83721542],[243045.11604881,431252.87609863,84.83689022],[243045.11594391,431252.87572479,84.83656454],[243045.1158371,431252.87535095,84.83623934],[243045.1157341,431252.87497711,84.83591413],[243045.11562729,431252.87460327,84.83558893],[243045.11552238,431252.87422943,84.83526373],[243045.11578751,431252.87364197,84.83526468]]",dji_pose_mesh_ray_contour_nodes,
130,91,3,SPL,1154.7769,1931.6612,1126,1920,1184,1947,58,27,1107,243044.76798439,431253.80183411,84.82657623,dji_pose_mesh_ray_centroid,True,True,1219708,2.559823,warp,,1154.7769,1931.6612,1,1,1.0,1,2.559823,2.559823,63,63,1.0,"[[1183.0,1924.5],[1182.5,1925.0],[1182.5,1926.0],[1182.0,1926.5],[1181.5,1927.0],[1181.0,1927.5],[1180.0,1927.5],[1179.5,1928.0],[1179.5,1929.0],[1179.0,1929.5],[1178.5,1930.0],[1178.5,1931.0],[1178.5,1932.0],[1178.0,1932.5],[1177.5,1933.0],[1177.5,1934.0],[1177.0,1934.5],[1176.0,1934.5],[1175.5,1935.0],[1175.0,1935.5],[1174.5,1936.0],[1174.0,1936.5],[1173.0,1936.5],[1172.5,1937.0],[1172.0,1937.5],[1171.0,1937.5],[1170.5,1938.0],[1170.0,1938.5],[1169.5,1939.0],[1169.5,1940.0],[1169.0,1940.5],[1168.5,1941.0],[1168.0,1941.5],[1167.5,1942.0],[1167.0,1942.5],[1166.5,1943.0],[1166.0,1943.5],[1165.5,1944.0],[1165.0,1944.5],[1164.0,1944.5],[1163.5,1945.0],[1163.0,1945.5],[1162.0,1945.5],[1161.0,1945.5],[1160.0,1945.5],[1159.0,1945.5],[1158.0,1945.5],[1157.0,1945.5],[1156.0,1945.5],[1155.0,1945.5],[1154.0,1945.5],[1153.5,1945.0],[1153.0,1944.5],[1152.0,1944.5],[1151.5,1945.0],[1151.0,1945.5],[1150.0,1945.5],[1149.0,1945.5],[1148.0,1945.5],[1147.0,1945.5],[1146.0,1945.5],[1145.0,1945.5],[1144.5,1946.0]]","[[243044.77860451,431253.78884125,84.83122873],[243044.77824211,431253.78892517,84.83090448],[243044.77777863,431253.78852081,84.83025646],[243044.77741623,431253.78860474,84.82993269],[243044.77705574,431253.78868103,84.82960844],[243044.77669334,431253.78876495,84.82928467],[243044.77643394,431253.78932953,84.82928371],[243044.77607346,431253.78940582,84.82895994],[243044.77560997,431253.78900909,84.82831335],[243044.77524948,431253.78908539,84.82798958],[243044.77488899,431253.78916931,84.82766628],[243044.77442551,431253.78876495,84.82702017],[243044.77396393,431253.78836823,84.82637405],[243044.77360344,431253.78844452,84.82605123],[243044.77324295,431253.78852844,84.82572794],[243044.77278137,431253.78812408,84.82508278],[243044.77242088,431253.78820801,84.82476044],[243044.77216148,431253.78877258,84.82475948],[243044.7718029,431253.78884888,84.82443666],[243044.77144241,431253.7889328,84.82411432],[243044.77108192,431253.78900909,84.82379198],[243044.77072334,431253.78909302,84.82346916],[243044.77046394,431253.78965759,84.82346868],[243044.77010536,431253.78973389,84.82314634],[243044.76970863,431253.78977966,84.82282352],[243044.7694416,431253.79033661,84.82282305],[243044.76898384,431253.79032898,84.82249927],[243044.76852608,431253.79032898,84.82217598],[243044.76806831,431253.79032135,84.82185268],[243044.76741791,431253.78975677,84.82120752],[243044.76696014,431253.78974915,84.8208847],[243044.76650238,431253.78974152,84.82056189],[243044.76604462,431253.78974152,84.82023907],[243044.76558876,431253.78973389,84.81991672],[243044.765131,431253.78972626,84.81959438],[243044.76467514,431253.78971863,84.81927204],[243044.76421738,431253.78971863,84.8189497],[243044.76376152,431253.789711,84.81862783],[243044.76330566,431253.78970337,84.81830597],[243044.76304054,431253.79026031,84.81830502],[243044.76258469,431253.79025269,84.81798315],[243044.76212883,431253.79024506,84.81766176],[243044.76186371,431253.790802,84.81766128],[243044.76160049,431253.79135132,84.81766033],[243044.76133537,431253.79190826,84.81765985],[243044.76107025,431253.79245758,84.81765938],[243044.76080513,431253.79301453,84.8176589],[243044.76054192,431253.79356384,84.81765842],[243044.76027679,431253.79412079,84.81765795],[243044.76001167,431253.7946701,84.81765699],[243044.75974655,431253.79522705,84.81765652],[243044.75993729,431253.795784,84.81797743],[243044.76012802,431253.79634857,84.81829882],[243044.75986481,431253.79689789,84.81829834],[243044.75940895,431253.79689026,84.81797647],[243044.75895309,431253.79688263,84.81765509],[243044.75868988,431253.79743958,84.81765413],[243044.75842476,431253.79798889,84.81765366],[243044.75815964,431253.79854584,84.81765318],[243044.75789642,431253.79909515,84.8176527],[243044.7576313,431253.7996521,84.81765223],[243044.75736809,431253.80020142,84.81765175],[243044.75691223,431253.80019379,84.81732988]]",dji_pose_mesh_ray_contour_nodes,
131,92,3,SPL,1009.1498,1991.3129,987,1965,1036,2023,49,58,1355,243044.70833969,431253.86263275,84.78863096,dji_pose_mesh_ray_centroid,True,True,1219629,2.556303,warp,,1009.1498,1991.3129,1,1,1.0,1,2.556303,2.556303,93,93,1.0,"[[987.0,2016.5],[987.5,2016.0],[988.0,2015.5],[988.5,2015.0],[989.0,2014.5],[990.0,2014.5],[991.0,2014.5],[991.5,2014.0],[991.5,2013.0],[991.5,2012.0],[991.5,2011.0],[991.5,2010.0],[991.5,2009.0],[991.5,2008.0],[991.0,2007.5],[990.5,2007.0],[990.5,2006.0],[990.0,2005.5],[989.5,2005.0],[989.5,2004.0],[989.5,2003.0],[989.0,2002.5],[988.5,2002.0],[989.0,2001.5],[989.5,2001.0],[989.5,2000.0],[990.0,1999.5],[990.5,1999.0],[990.5,1998.0],[990.5,1997.0],[991.0,1996.5],[991.5,1996.0],[991.5,1995.0],[991.5,1994.0],[992.0,1993.5],[992.5,1993.0],[992.5,1992.0],[993.0,1991.5],[993.5,1991.0],[994.0,1990.5],[995.0,1990.5],[995.5,1990.0],[996.0,1989.5],[997.0,1989.5],[997.5,1989.0],[998.0,1988.5],[998.5,1988.0],[999.0,1987.5],[999.5,1987.0],[1000.0,1986.5],[1001.0,1986.5],[1001.5,1986.0],[1002.0,1985.5],[1003.0,1985.5],[1003.5,1985.0],[1003.5,1984.0],[1003.5,1983.0],[1003.5,1982.0],[1003.0,1981.5],[1002.5,1981.0],[1002.0,1980.5],[1001.5,1980.0],[1001.0,1979.5],[1000.0,1979.5],[999.5,1979.0],[999.0,1978.5],[998.5,1978.0],[998.0,1977.5],[997.5,1977.0],[997.5,1976.0],[998.0,1975.5],[998.5,1975.0],[998.5,1974.0],[998.5,1973.0],[999.0,1972.5],[999.5,1972.0],[1000.0,1971.5],[1000.5,1971.0],[1001.0,1970.5],[1002.0,1970.5],[1002.5,1970.0],[1003.0,1969.5],[1003.5,1969.0],[1004.0,1968.5],[1005.0,1968.5],[1005.5,1968.0],[1006.0,1967.5],[1007.0,1967.5],[1007.5,1967.0],[1008.0,1966.5],[1008.5,1966.0],[1009.0,1965.5],[1009.5,1965.0]]","[[243044.69441414,431253.86697388,84.7729187],[243044.69470024,431253.86685181,84.77322912],[243044.69498825,431253.86672974,84.77353954],[243044.69527626,431253.86660767,84.77384996],[243044.69556236,431253.8664856,84.77416086],[243044.69576073,431253.8658905,84.77416086],[243044.69595909,431253.86528778,84.77416086],[243044.6962471,431253.86516571,84.77447176],[243044.69662285,431253.86552429,84.77509308],[243044.6970005,431253.86587524,84.7757144],[243044.69737625,431253.86623383,84.77633619],[243044.697752,431253.86659241,84.77695847],[243044.69812965,431253.86694336,84.77758074],[243044.69850731,431253.86730194,84.77820349],[243044.69859505,431253.86778259,84.77851486],[243044.69868469,431253.86825562,84.77882624],[243044.69906235,431253.8686142,84.77944946],[243044.69915199,431253.86909485,84.77976084],[243044.69923973,431253.8695755,84.78007269],[243044.69961739,431253.86992645,84.78069591],[243044.69999504,431253.87028503,84.78132009],[243044.70008469,431253.87076569,84.78163195],[243044.70017433,431253.87124634,84.78194427],[243044.70046234,431253.87112427,84.78225613],[243044.70075226,431253.8710022,84.78256845],[243044.70112991,431253.87136078,84.78319311],[243044.70141792,431253.87123871,84.78350544],[243044.70170784,431253.87111664,84.78381824],[243044.70208549,431253.87147522,84.78444338],[243044.70246506,431253.8718338,84.78506851],[243044.70275307,431253.87171173,84.78538132],[243044.70304298,431253.87158966,84.7856946],[243044.70342064,431253.87194824,84.78632021],[243044.7038002,431253.87230682,84.7869463],[243044.70409012,431253.87218475,84.78725958],[243044.70438004,431253.87206268,84.78757286],[243044.70475769,431253.87242126,84.78819942],[243044.70504761,431253.87229919,84.78851318],[243044.70533752,431253.87217712,84.78882647],[243044.70562744,431253.87205505,84.78914022],[243044.70582581,431253.87145233,84.78914022],[243044.70611572,431253.87133026,84.78945398],[243044.70640564,431253.87120819,84.78976774],[243044.70660591,431253.87060547,84.78976774],[243044.70689583,431253.8704834,84.7900815],[243044.70718575,431253.87036133,84.79039526],[243044.70747566,431253.87023926,84.79070902],[243044.70776558,431253.87010956,84.79102325],[243044.7080555,431253.86998749,84.79133701],[243044.70834541,431253.86986542,84.79165125],[243044.70854568,431253.8692627,84.79165125],[243044.7088356,431253.86914062,84.79196548],[243044.70912552,431253.86901855,84.79227972],[243044.70932579,431253.86841583,84.79227972],[243044.70961571,431253.86829376,84.79259396],[243044.70999718,431253.86865234,84.79322243],[243044.71037865,431253.86901093,84.79385138],[243044.71076012,431253.86936951,84.7944808],[243044.71084976,431253.86985016,84.79479504],[243044.71094131,431253.87033081,84.79511023],[243044.71103287,431253.87081146,84.79542494],[243044.71112251,431253.87129211,84.79573965],[243044.71121407,431253.87177277,84.79605484],[243044.71101379,431253.87238312,84.79605484],[243044.71110535,431253.87286377,84.79636955],[243044.7111969,431253.87334442,84.79668474],[243044.71128654,431253.87382507,84.79699993],[243044.7113781,431253.87430573,84.79731512],[243044.71146965,431253.87478638,84.79763031],[243044.71185112,431253.87515259,84.79826117],[243044.71214294,431253.87503052,84.79857683],[243044.71243286,431253.87490845,84.79889202],[243044.71281624,431253.87526703,84.79952335],[243044.71319962,431253.87562561,84.80015516],[243044.71348953,431253.87550354,84.80047083],[243044.71378136,431253.87538147,84.80078697],[243044.71407318,431253.8752594,84.80110264],[243044.71436501,431253.87513733,84.80141878],[243044.71465683,431253.87501526,84.80173492],[243044.7148571,431253.87441254,84.80173492],[243044.71514893,431253.87429047,84.80205107],[243044.71544075,431253.8741684,84.80236721],[243044.71573257,431253.8740387,84.80268335],[243044.7160244,431253.87391663,84.80299997],[243044.71622467,431253.8733139,84.80299997],[243044.71651649,431253.87319183,84.80331612],[243044.71680832,431253.87306976,84.80363274],[243044.71700859,431253.87246704,84.80363274],[243044.71730042,431253.87234497,84.80394936],[243044.71759415,431253.87221527,84.80426598],[243044.71788597,431253.8720932,84.8045826],[243044.7181778,431253.87197113,84.80489922],[243044.71847153,431253.87184906,84.80521631]]",dji_pose_mesh_ray_contour_nodes,
132,93,3,SPL,3185.6042,1992.1829,3162,1971,3213,2016,51,45,1564,243045.17132378,431252.5741806,84.78806019,dji_pose_mesh_ray_centroid,True,True,1219546,2.373113,warp,,3185.6042,1992.1829,1,1,1.0,1,2.373113,2.373113,55,55,1.0,"[[3212.0,1994.5],[3211.5,1995.0],[3211.0,1995.5],[3210.5,1996.0],[3210.5,1997.0],[3210.0,1997.5],[3209.5,1998.0],[3209.0,1998.5],[3208.5,1999.0],[3208.0,1999.5],[3207.0,1999.5],[3206.5,2000.0],[3206.0,2000.5],[3205.0,2000.5],[3204.0,2000.5],[3203.0,2000.5],[3202.0,2000.5],[3201.5,2001.0],[3201.5,2002.0],[3201.0,2002.5],[3200.5,2003.0],[3200.5,2004.0],[3200.5,2005.0],[3200.5,2006.0],[3200.0,2006.5],[3199.0,2006.5],[3198.5,2007.0],[3198.0,2007.5],[3197.0,2007.5],[3196.0,2007.5],[3195.5,2007.0],[3195.0,2006.5],[3194.0,2006.5],[3193.0,2006.5],[3192.0,2006.5],[3191.0,2006.5],[3190.5,2007.0],[3190.0,2007.5],[3189.0,2007.5],[3188.5,2008.0],[3188.0,2008.5],[3187.5,2009.0],[3187.0,2009.5],[3186.5,2010.0],[3186.5,2011.0],[3186.5,2012.0],[3186.0,2012.5],[3185.5,2013.0],[3185.0,2013.5],[3184.0,2013.5],[3183.5,2014.0],[3183.0,2014.5],[3182.0,2014.5],[3181.0,2014.5],[3180.5,2015.0]]","[[243045.17419434,431252.55799103,84.78661156],[243045.1738739,431252.5582428,84.7862978],[243045.17355347,431252.5585022,84.78598404],[243045.17323494,431252.55875397,84.78567028],[243045.17274666,431252.55866241,84.78504324],[243045.17242622,431252.55892181,84.78472996],[243045.1721077,431252.55917358,84.7844162],[243045.17178917,431252.55943298,84.78410292],[243045.17146873,431252.55968475,84.78378963],[243045.17115021,431252.55994415,84.78347635],[243045.17099953,431252.56054688,84.78347588],[243045.17067909,431252.56079865,84.78316259],[243045.17036057,431252.56105804,84.78284979],[243045.17020798,431252.56166077,84.78284931],[243045.1700573,431252.56226349,84.78284883],[243045.16990662,431252.56286621,84.78284836],[243045.16975403,431252.56347656,84.78284836],[243045.1694355,431252.56372833,84.78253508],[243045.16894913,431252.56363678,84.78190947],[243045.1686306,431252.56388855,84.78159618],[243045.16831207,431252.56414795,84.78128338],[243045.1678257,431252.56404877,84.78065824],[243045.16733932,431252.56395721,84.78003311],[243045.16685295,431252.56386566,84.77940845],[243045.16653442,431252.56411743,84.77909613],[243045.16638374,431252.56472015,84.77909565],[243045.16606522,431252.56497955,84.77878332],[243045.16574669,431252.56523132,84.77847052],[243045.16559601,431252.56583405,84.77847004],[243045.16544533,431252.56643677,84.77846956],[243045.16561127,431252.56678772,84.77878189],[243045.16577911,431252.56713867,84.77909374],[243045.16562653,431252.56774139,84.77909327],[243045.16547585,431252.56834412,84.77909279],[243045.16532326,431252.56894684,84.77909231],[243045.16517258,431252.56954956,84.77909183],[243045.16485405,431252.56980133,84.77877951],[243045.16453552,431252.57006073,84.77846718],[243045.16438484,431252.57066345,84.7784667],[243045.16406631,431252.57091522,84.77815437],[243045.16374779,431252.57116699,84.77784204],[243045.16343117,431252.57142639,84.77752972],[243045.16311264,431252.57167816,84.77721739],[243045.16279411,431252.57192993,84.77690506],[243045.16230965,431252.57183838,84.77628136],[243045.16182518,431252.5717392,84.77565813],[243045.16150856,431252.5719986,84.77534628],[243045.16119003,431252.57225037,84.77503443],[243045.16087341,431252.57250214,84.77472258],[243045.16072083,431252.57310486,84.7747221],[243045.16040421,431252.57335663,84.77441025],[243045.16008759,431252.57361603,84.77409887],[243045.159935,431252.57421875,84.7740984],[243045.15978432,431252.57482147,84.77409744],[243045.1594677,431252.57507324,84.77378607]]",dji_pose_mesh_ray_contour_nodes,
133,94,3,SPL,1037.1818,1980.5455,1034,1980,1041,1982,7,2,11,243044.71795845,431253.84947968,84.7953968,dji_pose_mesh_ray_centroid,True,True,1219625,2.554365,warp,,1037.1818,1980.5455,1,1,1.0,1,2.554365,2.554365,3,3,1.0,"[[1034.0,1980.5],[1035.0,1980.5],[1035.5,1980.0]]","[[243044.71740341,431253.85147858,84.79542494],[243044.7175827,431253.85085297,84.79542494],[243044.71786308,431253.85071564,84.79574013]]",dji_pose_mesh_ray_contour_nodes,
134,95,3,SPL,1660.1564,2078.5273,1583,2051,1749,2122,166,71,6482,243044.81216621,431253.45455933,84.73484087,dji_pose_mesh_ray_centroid,True,True,1219589,2.382525,warp,,1660.1564,2078.5273,1,1,1.0,1,2.382525,2.382525,160,160,1.0,"[[1583.0,2069.5],[1583.5,2069.0],[1583.5,2068.0],[1584.0,2067.5],[1585.0,2067.5],[1586.0,2067.5],[1587.0,2067.5],[1587.5,2067.0],[1588.0,2066.5],[1589.0,2066.5],[1590.0,2066.5],[1590.5,2066.0],[1591.0,2065.5],[1592.0,2065.5],[1592.5,2065.0],[1593.0,2064.5],[1594.0,2064.5],[1594.5,2064.0],[1595.0,2063.5],[1596.0,2063.5],[1596.5,2063.0],[1597.0,2062.5],[1598.0,2062.5],[1599.0,2062.5],[1599.5,2062.0],[1600.0,2061.5],[1600.5,2061.0],[1601.0,2060.5],[1601.5,2060.0],[1602.0,2059.5],[1602.5,2059.0],[1603.0,2058.5],[1604.0,2058.5],[1605.0,2058.5],[1605.5,2059.0],[1606.0,2059.5],[1607.0,2059.5],[1608.0,2059.5],[1608.5,2060.0],[1609.0,2060.5],[1610.0,2060.5],[1611.0,2060.5],[1612.0,2060.5],[1613.0,2060.5],[1614.0,2060.5],[1614.5,2060.0],[1615.0,2059.5],[1616.0,2059.5],[1617.0,2059.5],[1617.5,2059.0],[1618.0,2058.5],[1619.0,2058.5],[1619.5,2058.0],[1620.0,2057.5],[1621.0,2057.5],[1621.5,2057.0],[1622.0,2056.5],[1623.0,2056.5],[1624.0,2056.5],[1625.0,2056.5],[1626.0,2056.5],[1626.5,2056.0],[1627.0,2055.5],[1628.0,2055.5],[1629.0,2055.5],[1630.0,2055.5],[1631.0,2055.5],[1632.0,2055.5],[1633.0,2055.5],[1634.0,2055.5],[1635.0,2055.5],[1635.5,2056.0],[1636.0,2056.5],[1637.0,2056.5],[1638.0,2056.5],[1638.5,2057.0],[1639.0,2057.5],[1640.0,2057.5],[1640.5,2058.0],[1641.0,2058.5],[1641.5,2058.0],[1642.0,2057.5],[1643.0,2057.5],[1644.0,2057.5],[1644.5,2057.0],[1645.0,2056.5],[1646.0,2056.5],[1646.5,2056.0],[1647.0,2055.5],[1648.0,2055.5],[1649.0,2055.5],[1649.5,2055.0],[1650.0,2054.5],[1651.0,2054.5],[1652.0,2054.5],[1653.0,2054.5],[1654.0,2054.5],[1655.0,2054.5],[1656.0,2054.5],[1656.5,2055.0],[1657.0,2055.5],[1658.0,2055.5],[1658.5,2056.0],[1659.0,2056.5],[1660.0,2056.5],[1660.5,2057.0],[1661.0,2057.5],[1662.0,2057.5],[1663.0,2057.5],[1664.0,2057.5],[1664.5,2057.0],[1665.0,2056.5],[1666.0,2056.5],[1666.5,2056.0],[1667.0,2055.5],[1668.0,2055.5],[1668.5,2055.0],[1669.0,2054.5],[1670.0,2054.5],[1671.0,2054.5],[1671.5,2055.0],[1672.0,2055.5],[1673.0,2055.5],[1674.0,2055.5],[1674.5,2055.0],[1675.0,2054.5],[1676.0,2054.5],[1677.0,2054.5],[1678.0,2054.5],[1679.0,2054.5],[1680.0,2054.5],[1681.0,2054.5],[1682.0,2054.5],[1682.5,2054.0],[1683.0,2053.5],[1684.0,2053.5],[1684.5,2053.0],[1685.0,2052.5],[1686.0,2052.5],[1686.5,2053.0],[1687.0,2053.5],[1688.0,2053.5],[1688.5,2054.0],[1689.0,2054.5],[1690.0,2054.5],[1691.0,2054.5],[1692.0,2054.5],[1692.5,2054.0],[1693.0,2053.5],[1694.0,2053.5],[1695.0,2053.5],[1695.5,2053.0],[1696.0,2052.5],[1697.0,2052.5],[1697.5,2052.0],[1698.0,2051.5],[1699.0,2051.5],[1700.0,2051.5],[1701.0,2051.5],[1701.5,2051.0]]","[[243044.79748154,431253.50041199,84.74038696],[243044.79781532,431253.50028229,84.74068975],[243044.79823303,431253.50057983,84.74129677],[243044.79856682,431253.50045013,84.74159956],[243044.79881287,431253.49990082,84.74159861],[243044.79905701,431253.49934387,84.74159718],[243044.79930305,431253.49878693,84.74159622],[243044.79963684,431253.49865723,84.74189949],[243044.79997063,431253.49852753,84.74220228],[243044.80021477,431253.49797058,84.74220133],[243044.80046082,431253.49741364,84.74220037],[243044.8007946,431253.49728394,84.74250364],[243044.80112648,431253.49715424,84.74280691],[243044.80137444,431253.49659729,84.74280548],[243044.80170631,431253.49646759,84.74310875],[243044.8020401,431253.49633789,84.74341249],[243044.80228615,431253.49578094,84.74341154],[243044.80261993,431253.49565125,84.74371481],[243044.80295372,431253.49552155,84.74401855],[243044.80319977,431253.4949646,84.74401712],[243044.80353355,431253.4948349,84.74432087],[243044.80386543,431253.4947052,84.74462461],[243044.80411339,431253.49414825,84.74462366],[243044.80435944,431253.49359131,84.74462271],[243044.80469322,431253.49346161,84.74492645],[243044.80502701,431253.49333191,84.7452302],[243044.80536079,431253.49320221,84.74553442],[243044.80569458,431253.49307251,84.74583816],[243044.80602837,431253.49294281,84.74614239],[243044.80636215,431253.49281311,84.74644661],[243044.80669785,431253.49268341,84.74675083],[243044.80703163,431253.49255371,84.74705505],[243044.80727768,431253.49199677,84.7470541],[243044.80752373,431253.49143982,84.74705315],[243044.8074379,431253.49101257,84.74674797],[243044.80734825,431253.49058533,84.74644232],[243044.80759621,431253.49002838,84.74644136],[243044.80784225,431253.48947144,84.74644041],[243044.80775452,431253.48904419,84.74613523],[243044.80766678,431253.48861694,84.74583006],[243044.80791283,431253.48806,84.7458291],[243044.80815887,431253.48750305,84.74582815],[243044.80840683,431253.48694611,84.7458272],[243044.80865288,431253.48638916,84.74582577],[243044.80889893,431253.48583221,84.74582481],[243044.80923462,431253.48570251,84.74612904],[243044.80956841,431253.48557281,84.74643326],[243044.80981445,431253.48501587,84.7464323],[243044.81006241,431253.48445892,84.74643135],[243044.81039619,431253.48432159,84.74673557],[243044.81073189,431253.48419189,84.74703979],[243044.81097794,431253.48363495,84.74703884],[243044.81131363,431253.48350525,84.74734354],[243044.81164932,431253.48337555,84.74764824],[243044.81189537,431253.48281097,84.74764729],[243044.81223106,431253.48268127,84.74795151],[243044.81256676,431253.48255157,84.74825621],[243044.81281281,431253.48199463,84.74825525],[243044.81305885,431253.48143768,84.7482543],[243044.81330681,431253.48088074,84.74825335],[243044.81355286,431253.48031616,84.74825239],[243044.81388855,431253.48018646,84.74855709],[243044.81422424,431253.48005676,84.74886227],[243044.8144722,431253.47949982,84.74886131],[243044.81471825,431253.47894287,84.74886036],[243044.8149662,431253.4783783,84.74885941],[243044.81521225,431253.47782135,84.74885845],[243044.81546021,431253.4772644,84.7488575],[243044.81570625,431253.47670746,84.74885607],[243044.81595421,431253.47615051,84.74885511],[243044.81620216,431253.47559357,84.74885416],[243044.81611252,431253.47516632,84.74854851],[243044.81602478,431253.47473907,84.74824285],[243044.81627083,431253.47418213,84.74824142],[243044.81651878,431253.47362518,84.74824047],[243044.81642914,431253.47319794,84.74793482],[243044.81633949,431253.47277069,84.74762917],[243044.81658745,431253.47221375,84.74762821],[243044.8164978,431253.4717865,84.74732256],[243044.81641006,431253.47136688,84.74701691],[243044.81674576,431253.47122955,84.74732161],[243044.81708145,431253.47109985,84.7476263],[243044.8173275,431253.47054291,84.74762535],[243044.81757545,431253.46998596,84.7476244],[243044.81791115,431253.46984863,84.7479291],[243044.81824684,431253.46971893,84.74823379],[243044.8184948,431253.46915436,84.74823284],[243044.81883049,431253.46902466,84.74853754],[243044.81916809,431253.46888733,84.74884272],[243044.81941414,431253.46833038,84.74884176],[243044.81966209,431253.46777344,84.74884081],[243044.81999779,431253.46764374,84.74914598],[243044.82033539,431253.46750641,84.74945116],[243044.82058144,431253.46694946,84.74945021],[243044.82082939,431253.46639252,84.74944925],[243044.82107735,431253.46582794,84.7494483],[243044.82131767,431253.46526337,84.74944735],[243044.82151031,431253.46466827,84.74944782],[243044.82170296,431253.46407318,84.74944782],[243044.82158279,431253.46363068,84.74914265],[243044.82146454,431253.46318817,84.74883747],[243044.82165527,431253.46258545,84.74883747],[243044.82153702,431253.46214294,84.74853229],[243044.82141685,431253.46170044,84.74822712],[243044.8216095,431253.46110535,84.7482276],[243044.82148933,431253.46065521,84.74792242],[243044.82136917,431253.46021271,84.74761724],[243044.82156181,431253.45961761,84.74761772],[243044.82175446,431253.45902252,84.7476182],[243044.8219471,431253.45842743,84.74761867],[243044.8222599,431253.45827484,84.74792385],[243044.82257271,431253.45812225,84.7482295],[243044.82276535,431253.45752716,84.74822998],[243044.82307816,431253.45737457,84.74853516],[243044.82338905,431253.45722961,84.74884081],[243044.8235836,431253.45662689,84.74884129],[243044.8238945,431253.45648193,84.74914694],[243044.82420731,431253.45632935,84.74945259],[243044.82439995,431253.45573425,84.74945307],[243044.82459259,431253.45513916,84.74945354],[243044.82447243,431253.45468903,84.74914789],[243044.82435226,431253.45424652,84.74884272],[243044.82454491,431253.45365143,84.74884319],[243044.82473755,431253.45305634,84.74884367],[243044.82505035,431253.45290375,84.74914885],[243044.82536316,431253.45275116,84.74945497],[243044.8255558,431253.45215607,84.74945497],[243044.82574844,431253.45156097,84.74945545],[243044.82594109,431253.45096588,84.74945593],[243044.82613564,431253.45037079,84.74945641],[243044.82632637,431253.4497757,84.74945641],[243044.82651901,431253.4491806,84.74945688],[243044.82671165,431253.44857788,84.74945736],[243044.82702446,431253.44843292,84.74976301],[243044.82733727,431253.44828033,84.75006866],[243044.82753181,431253.44767761,84.75006914],[243044.82784462,431253.44752502,84.75037527],[243044.82815742,431253.44738007,84.75068092],[243044.82835007,431253.44677734,84.7506814],[243044.8282299,431253.44633484,84.75037575],[243044.82810974,431253.44589233,84.75007009],[243044.82830238,431253.44529724,84.75007057],[243044.82818031,431253.44485474,84.74976492],[243044.82806015,431253.44441223,84.74945974],[243044.82825279,431253.44381714,84.74946022],[243044.82844543,431253.44322205,84.7494607],[243044.82863808,431253.44262695,84.7494607],[243044.82895088,431253.44247437,84.74976635],[243044.82926559,431253.44232178,84.75007248],[243044.82945824,431253.44171906,84.75007248],[243044.82965088,431253.44112396,84.75007296],[243044.82996368,431253.44097137,84.75037909],[243044.83027649,431253.44081879,84.75068474],[243044.83046913,431253.44022369,84.75068521],[243044.83078384,431253.44007111,84.75099134],[243044.83109665,431253.43991852,84.751297],[243044.83128929,431253.43932343,84.75129747],[243044.83148193,431253.43872833,84.75129795],[243044.83167458,431253.43813324,84.75129843],[243044.83198929,431253.43798065,84.75160456]]",dji_pose_mesh_ray_contour_nodes,
135,96,3,SPL,4321.9021,2937.5241,4254,2908,4384,2972,130,64,5068,243045.00824356,431251.93280029,84.28693533,dji_pose_mesh_ray_centroid,True,True,1220029,2.231768,warp,,4321.9021,2937.5241,1,1,1.0,1,2.231768,2.231768,132,132,1.0,"[[4383.0,2929.5],[4382.5,2930.0],[4382.0,2930.5],[4381.5,2931.0],[4381.0,2931.5],[4380.5,2932.0],[4380.0,2932.5],[4379.5,2933.0],[4379.5,2934.0],[4379.5,2935.0],[4379.5,2936.0],[4380.0,2936.5],[4380.5,2937.0],[4381.0,2937.5],[4381.5,2938.0],[4381.5,2939.0],[4381.0,2939.5],[4380.5,2940.0],[4380.0,2940.5],[4379.0,2940.5],[4378.0,2940.5],[4377.5,2941.0],[4377.0,2941.5],[4376.5,2942.0],[4376.0,2942.5],[4375.5,2943.0],[4375.5,2944.0],[4375.0,2944.5],[4374.5,2945.0],[4374.0,2945.5],[4373.0,2945.5],[4372.0,2945.5],[4371.5,2945.0],[4371.0,2944.5],[4370.0,2944.5],[4369.0,2944.5],[4368.0,2944.5],[4367.5,2945.0],[4367.5,2946.0],[4367.5,2947.0],[4367.5,2948.0],[4367.5,2949.0],[4367.5,2950.0],[4368.0,2950.5],[4368.5,2951.0],[4369.0,2951.5],[4369.5,2952.0],[4370.0,2952.5],[4370.5,2953.0],[4370.5,2954.0],[4370.0,2954.5],[4369.0,2954.5],[4368.5,2955.0],[4368.0,2955.5],[4367.0,2955.5],[4366.0,2955.5],[4365.0,2955.5],[4364.0,2955.5],[4363.0,2955.5],[4362.0,2955.5],[4361.5,2956.0],[4361.0,2956.5],[4360.0,2956.5],[4359.0,2956.5],[4358.5,2957.0],[4358.0,2957.5],[4357.5,2958.0],[4357.0,2958.5],[4356.5,2959.0],[4356.5,2960.0],[4356.5,2961.0],[4356.0,2961.5],[4355.5,2962.0],[4355.5,2963.0],[4355.0,2963.5],[4354.5,2964.0],[4354.0,2964.5],[4353.0,2964.5],[4352.5,2965.0],[4352.0,2965.5],[4351.5,2966.0],[4351.0,2966.5],[4350.0,2966.5],[4349.0,2966.5],[4348.0,2966.5],[4347.5,2966.0],[4347.0,2965.5],[4346.0,2965.5],[4345.5,2965.0],[4345.0,2964.5],[4344.5,2964.0],[4344.0,2963.5],[4343.5,2963.0],[4343.0,2962.5],[4342.5,2962.0],[4342.0,2961.5],[4341.0,2961.5],[4340.5,2962.0],[4340.0,2962.5],[4339.5,2963.0],[4339.5,2964.0],[4339.0,2964.5],[4338.5,2965.0],[4338.0,2965.5],[4337.5,2966.0],[4337.0,2966.5],[4336.5,2966.0],[4336.0,2965.5],[4335.0,2965.5],[4334.0,2965.5],[4333.5,2965.0],[4333.0,2964.5],[4332.5,2964.0],[4332.0,2963.5],[4331.0,2963.5],[4330.0,2963.5],[4329.5,2964.0],[4329.0,2964.5],[4328.0,2964.5],[4327.5,2965.0],[4327.5,2966.0],[4327.0,2966.5],[4326.0,2966.5],[4325.5,2967.0],[4325.0,2967.5],[4324.0,2967.5],[4323.5,2968.0],[4323.0,2968.5],[4322.5,2969.0],[4322.5,2970.0],[4322.0,2970.5],[4321.5,2971.0]]","[[243045.02213669,431251.90188599,84.29049158],[243045.0218792,431251.90215302,84.29026461],[243045.0216217,431251.90242004,84.29003763],[243045.02136421,431251.90268707,84.28981066],[243045.02110672,431251.9029541,84.28958368],[243045.02085114,431251.90322113,84.28935671],[243045.02059364,431251.90348816,84.28913021],[243045.02033615,431251.90375519,84.28890324],[243045.01997185,431251.90378571,84.28845596],[243045.01960945,431251.90382385,84.28800917],[243045.01924515,431251.903862,84.28756237],[243045.01913834,431251.90362549,84.28734207],[243045.01903343,431251.90339661,84.28712225],[243045.01892662,431251.90316772,84.28690195],[243045.01881981,431251.90293121,84.28668213],[243045.01845551,431251.90296936,84.28623581],[243045.01819992,431251.90323639,84.28600931],[243045.01794243,431251.90350342,84.28578329],[243045.01768684,431251.90377045,84.28555679],[243045.01753616,431251.90426636,84.28555059],[243045.01738548,431251.90476227,84.2855444],[243045.0171299,431251.9050293,84.2853179],[243045.01687431,431251.90529633,84.28509188],[243045.01661682,431251.90556335,84.28486538],[243045.01636124,431251.90583038,84.28463936],[243045.01610565,431251.90609741,84.28441334],[243045.01574326,431251.90613556,84.28396797],[243045.01548576,431251.90639496,84.28374195],[243045.01523018,431251.90666199,84.28351593],[243045.01497459,431251.90692902,84.28328991],[243045.01482391,431251.90743256,84.28328371],[243045.01467323,431251.90792847,84.28327703],[243045.01478004,431251.90815735,84.28349638],[243045.01488686,431251.90839386,84.2837162],[243045.01473618,431251.90888977,84.28370953],[243045.01458549,431251.90938568,84.28370333],[243045.01443672,431251.90988159,84.28369665],[243045.01418114,431251.91014862,84.28347063],[243045.01381874,431251.91018677,84.28302526],[243045.01345634,431251.91021729,84.28258038],[243045.01309395,431251.91025543,84.28213501],[243045.01273346,431251.91028595,84.28169012],[243045.01237106,431251.9103241,84.28124571],[243045.01226616,431251.91008759,84.28102636],[243045.01215935,431251.9098587,84.28080749],[243045.01205444,431251.90962982,84.28058863],[243045.01194763,431251.90939331,84.28036928],[243045.01184273,431251.90916443,84.28015041],[243045.01173782,431251.90892792,84.27993154],[243045.01137543,431251.90896606,84.27948761],[243045.01111984,431251.90923309,84.27926207],[243045.01097107,431251.909729,84.27925587],[243045.01071548,431251.90999603,84.27903032],[243045.0104599,431251.91026306,84.27880526],[243045.01031113,431251.91075897,84.27879906],[243045.01016045,431251.91125488,84.27879238],[243045.01001167,431251.91175079,84.27878571],[243045.00986099,431251.9122467,84.27877951],[243045.00971031,431251.91274261,84.27877283],[243045.00956154,431251.91324615,84.27876663],[243045.00930595,431251.91350555,84.27854109],[243045.00905037,431251.91377258,84.27831602],[243045.0089016,431251.91426849,84.27830934],[243045.00875092,431251.9147644,84.27830315],[243045.00849724,431251.91503143,84.27807808],[243045.00824165,431251.91529846,84.27785301],[243045.00798607,431251.91556549,84.27762794],[243045.00773048,431251.91582489,84.27740288],[243045.00747681,431251.91609192,84.27717781],[243045.00711632,431251.91613007,84.27673435],[243045.00675583,431251.91616058,84.27629137],[243045.00650215,431251.91642761,84.27606678],[243045.00624657,431251.91668701,84.27584171],[243045.00588608,431251.91672516,84.27539873],[243045.0056324,431251.91698456,84.27517414],[243045.00537682,431251.91725159,84.27494955],[243045.00512314,431251.91751862,84.27472496],[243045.00497246,431251.91801453,84.27471876],[243045.00471878,431251.91827393,84.27449417],[243045.0044632,431251.91854095,84.27426958],[243045.00420952,431251.91880798,84.27404499],[243045.00395584,431251.91907501,84.2738204],[243045.00380516,431251.91957092,84.2738142],[243045.00365639,431251.92006683,84.27380753],[243045.00350571,431251.92056274,84.27380085],[243045.00361061,431251.92079163,84.27401876],[243045.00371552,431251.92102814,84.27423668],[243045.00356674,431251.92152405,84.27423048],[243045.00367165,431251.92175293,84.27444839],[243045.00377655,431251.92198944,84.27466631],[243045.00388145,431251.92221832,84.27488422],[243045.00398445,431251.9224472,84.27510261],[243045.00409126,431251.92268372,84.27532053],[243045.00419426,431251.9229126,84.27553892],[243045.004282,431251.92314911,84.27576113],[243045.00434685,431251.92338562,84.27598906],[243045.00414658,431251.92388916,84.27599478],[243045.00388145,431251.92415619,84.27577257],[243045.00361633,431251.92441559,84.27555037],[243045.00335121,431251.92468262,84.27532816],[243045.00302315,431251.92471313,84.27487802],[243045.00275803,431251.92498016,84.27465582],[243045.0024929,431251.92523956,84.27443409],[243045.00222969,431251.92550659,84.27421188],[243045.00196457,431251.92577362,84.27398968],[243045.00169945,431251.92604065,84.27376795],[243045.0017643,431251.92626953,84.2739954],[243045.00182915,431251.92650604,84.27422333],[243045.00162888,431251.92700958,84.27422857],[243045.0014286,431251.92751312,84.27423429],[243045.00149345,431251.92774963,84.27446222],[243045.0015583,431251.92798615,84.27468967],[243045.00162125,431251.92822266,84.2749176],[243045.0016861,431251.92845917,84.27514553],[243045.00148773,431251.92895508,84.27515078],[243045.00128746,431251.92945862,84.2751565],[243045.00102234,431251.92972565,84.27493429],[243045.00075722,431251.92998505,84.27471209],[243045.00055695,431251.93048859,84.27471781],[243045.00029373,431251.93075562,84.27449608],[243044.99996376,431251.9307785,84.27404594],[243044.99970055,431251.93104553,84.27382421],[243044.99950027,431251.93154907,84.27382994],[243044.99923515,431251.93180847,84.27360821],[243044.99897194,431251.9320755,84.273386],[243044.99877167,431251.93257904,84.27339172],[243044.99850845,431251.93283844,84.27316999],[243044.99824333,431251.93310547,84.27294826],[243044.99798012,431251.9333725,84.27272654],[243044.99765205,431251.93339539,84.27227735],[243044.99738693,431251.93366241,84.27205563],[243044.99712372,431251.93392181,84.2718339]]",dji_pose_mesh_ray_contour_nodes,
136,97,3,SPL,4733.0,2910.25,4732,2910,4735,2912,3,2,4,243045.08057022,431251.72690582,84.30157137,dji_pose_mesh_ray_centroid,True,True,1220028,2.324163,warp,,4733.0,2910.25,1,1,1.0,1,2.324163,2.324163,2,2,1.0,"[[4732.5,2911.0],[4732.0,2910.5]]","[[243045.0802269,431251.72720337,84.30122852],[243045.08034325,431251.72741699,84.3014493]]",dji_pose_mesh_ray_contour_nodes,
137,98,3,SPL,1755.5136,2943.604,1682,2922,1807,2962,125,40,1692,243044.554142,431253.21961975,84.28331566,dji_pose_mesh_ray_centroid,True,True,1219593,2.100588,warp,,1755.5136,2943.604,1,1,1.0,1,2.100588,2.100588,199,199,1.0,"[[1682.0,2953.5],[1682.5,2953.0],[1683.0,2952.5],[1684.0,2952.5],[1684.5,2952.0],[1685.0,2951.5],[1686.0,2951.5],[1686.5,2951.0],[1687.0,2950.5],[1687.5,2950.0],[1688.0,2949.5],[1688.5,2949.0],[1689.0,2948.5],[1690.0,2948.5],[1691.0,2948.5],[1692.0,2948.5],[1692.5,2948.0],[1693.0,2947.5],[1694.0,2947.5],[1695.0,2947.5],[1696.0,2947.5],[1697.0,2947.5],[1698.0,2947.5],[1698.5,2948.0],[1699.0,2948.5],[1700.0,2948.5],[1700.5,2949.0],[1701.0,2949.5],[1702.0,2949.5],[1702.5,2950.0],[1703.0,2950.5],[1704.0,2950.5],[1705.0,2950.5],[1706.0,2950.5],[1707.0,2950.5],[1707.5,2951.0],[1708.0,2951.5],[1709.0,2951.5],[1710.0,2951.5],[1711.0,2951.5],[1712.0,2951.5],[1712.5,2951.0],[1713.0,2950.5],[1714.0,2950.5],[1714.5,2950.0],[1715.0,2949.5],[1715.5,2949.0],[1716.0,2948.5],[1716.5,2948.0],[1717.0,2947.5],[1718.0,2947.5],[1718.5,2947.0],[1719.0,2946.5],[1720.0,2946.5],[1721.0,2946.5],[1721.5,2946.0],[1722.0,2945.5],[1723.0,2945.5],[1723.5,2945.0],[1724.0,2944.5],[1725.0,2944.5],[1726.0,2944.5],[1727.0,2944.5],[1728.0,2944.5],[1728.5,2945.0],[1729.0,2945.5],[1729.5,2946.0],[1729.5,2947.0],[1730.0,2947.5],[1730.5,2948.0],[1730.5,2949.0],[1730.5,2950.0],[1731.0,2950.5],[1732.0,2950.5],[1733.0,2950.5],[1733.5,2951.0],[1734.0,2951.5],[1735.0,2951.5],[1736.0,2951.5],[1737.0,2951.5],[1737.5,2952.0],[1738.0,2952.5],[1739.0,2952.5],[1740.0,2952.5],[1741.0,2952.5],[1741.5,2952.0],[1742.0,2951.5],[1742.5,2951.0],[1742.5,2950.0],[1743.0,2949.5],[1743.5,2949.0],[1743.5,2948.0],[1744.0,2947.5],[1744.5,2947.0],[1744.5,2946.0],[1744.5,2945.0],[1745.0,2944.5],[1746.0,2944.5],[1746.5,2944.0],[1747.0,2943.5],[1747.5,2943.0],[1747.5,2942.0],[1748.0,2941.5],[1748.5,2941.0],[1749.0,2940.5],[1749.5,2940.0],[1750.0,2939.5],[1751.0,2939.5],[1752.0,2939.5],[1753.0,2939.5],[1753.5,2939.0],[1754.0,2938.5],[1755.0,2938.5],[1755.5,2938.0],[1755.5,2937.0],[1755.5,2936.0],[1755.5,2935.0],[1755.0,2934.5],[1754.5,2934.0],[1755.0,2933.5],[1755.5,2933.0],[1756.0,2932.5],[1757.0,2932.5],[1758.0,2932.5],[1759.0,2932.5],[1760.0,2932.5],[1761.0,2932.5],[1762.0,2932.5],[1762.5,2932.0],[1763.0,2931.5],[1763.5,2931.0],[1763.5,2930.0],[1764.0,2929.5],[1764.5,2929.0],[1765.0,2928.5],[1765.5,2928.0],[1766.0,2927.5],[1766.5,2927.0],[1767.0,2926.5],[1767.5,2926.0],[1768.0,2925.5],[1768.5,2925.0],[1769.0,2924.5],[1769.5,2924.0],[1770.0,2923.5],[1771.0,2923.5],[1772.0,2923.5],[1773.0,2923.5],[1774.0,2923.5],[1774.5,2923.0],[1775.0,2922.5],[1776.0,2922.5],[1777.0,2922.5],[1777.5,2923.0],[1777.5,2924.0],[1778.0,2924.5],[1778.5,2925.0],[1778.5,2926.0],[1779.0,2926.5],[1779.5,2926.0],[1780.0,2925.5],[1781.0,2925.5],[1782.0,2925.5],[1783.0,2925.5],[1783.5,2926.0],[1784.0,2926.5],[1785.0,2926.5],[1786.0,2926.5],[1786.5,2926.0],[1787.0,2925.5],[1787.5,2925.0],[1788.0,2924.5],[1788.5,2924.0],[1788.5,2923.0],[1789.0,2922.5],[1790.0,2922.5],[1791.0,2922.5],[1791.5,2923.0],[1792.0,2923.5],[1792.5,2924.0],[1793.0,2924.5],[1793.5,2925.0],[1794.0,2925.5],[1795.0,2925.5],[1796.0,2925.5],[1797.0,2925.5],[1798.0,2925.5],[1798.5,2925.0],[1798.5,2924.0],[1798.0,2923.5],[1797.5,2923.0],[1798.0,2922.5],[1799.0,2922.5],[1800.0,2922.5],[1801.0,2922.5],[1802.0,2922.5],[1803.0,2922.5],[1804.0,2922.5],[1804.5,2922.0]]","[[243044.53787041,431253.25432587,84.27903414],[243044.53808784,431253.25415802,84.27926016],[243044.53830719,431253.2539978,84.27948618],[243044.53849983,431253.25350952,84.27948093],[243044.53871727,431253.25334167,84.27970695],[243044.53893661,431253.25318146,84.27993345],[243044.53912926,431253.25269318,84.27992821],[243044.53934669,431253.25252533,84.2801547],[243044.53956604,431253.25236511,84.28038073],[243044.53978348,431253.2522049,84.28060675],[243044.54000092,431253.25203705,84.28083324],[243044.54022026,431253.25187683,84.28105926],[243044.5404377,431253.25170898,84.28128576],[243044.54063225,431253.2512207,84.28128099],[243044.54082489,431253.25073242,84.28127623],[243044.54101753,431253.25023651,84.28127098],[243044.54123688,431253.25007629,84.28149748],[243044.54145622,431253.24990845,84.28172398],[243044.54164886,431253.24942017,84.28171873],[243044.54184151,431253.24893188,84.28171396],[243044.54203606,431253.2484436,84.28170919],[243044.5422287,431253.24794769,84.28170443],[243044.54242325,431253.24745941,84.28169918],[243044.54239845,431253.24713135,84.28146839],[243044.54237366,431253.24681091,84.28123665],[243044.5425663,431253.246315,84.28123188],[243044.5425415,431253.24599457,84.28100061],[243044.54251671,431253.2456665,84.28076982],[243044.54270935,431253.24517822,84.28076458],[243044.54268456,431253.24485016,84.28053379],[243044.54265976,431253.24452209,84.28030252],[243044.54285431,431253.24403381,84.28029776],[243044.54304695,431253.24354553,84.28029251],[243044.54323959,431253.24304962,84.28028774],[243044.54343414,431253.24256134,84.28028297],[243044.54340935,431253.24224091,84.28005171],[243044.54338264,431253.24191284,84.27982092],[243044.54357719,431253.24142456,84.27981567],[243044.54376984,431253.24092865,84.27981091],[243044.54396439,431253.24044037,84.27980614],[243044.54415703,431253.23995209,84.27980137],[243044.54437637,431253.23978424,84.28002739],[243044.54459381,431253.23962402,84.28025341],[243044.54478836,431253.23912811,84.28024864],[243044.5450058,431253.2389679,84.28047514],[243044.54522514,431253.23880005,84.28070116],[243044.54544449,431253.23863983,84.28092766],[243044.54566193,431253.23847198,84.28115416],[243044.54588127,431253.23831177,84.28138018],[243044.54610062,431253.23814392,84.28160667],[243044.54629326,431253.23765564,84.28160191],[243044.5465126,431253.23748779,84.2818284],[243044.54673195,431253.23731995,84.2820549],[243044.54692459,431253.23683167,84.28205013],[243044.54711914,431253.23634338,84.28204489],[243044.54733658,431253.23617554,84.28227138],[243044.54755592,431253.23601532,84.28249788],[243044.54775047,431253.23551941,84.28249311],[243044.54796982,431253.23535919,84.28271961],[243044.54818726,431253.23519135,84.28294659],[243044.54838181,431253.23470306,84.28294182],[243044.54857635,431253.23420715,84.28293657],[243044.548769,431253.23371887,84.2829318],[243044.54896355,431253.23323059,84.28292704],[243044.54893684,431253.23290253,84.28269529],[243044.54891205,431253.23257446,84.28246403],[243044.54888725,431253.23225403,84.28223276],[243044.5486412,431253.23209381,84.28177452],[243044.54861641,431253.23176575,84.28154325],[243044.54859161,431253.23143768,84.28131199],[243044.54834747,431253.2312851,84.28085422],[243044.54810333,431253.23111725,84.28039694],[243044.54807663,431253.23079681,84.28016567],[243044.54827118,431253.23030853,84.2801609],[243044.54846382,431253.22981262,84.28015566],[243044.54843903,431253.22949219,84.27992439],[243044.54841423,431253.22916412,84.2796936],[243044.54860687,431253.22867584,84.27968883],[243044.54880142,431253.22818756,84.27968359],[243044.54899406,431253.22769165,84.27967882],[243044.54896927,431253.22737122,84.27944756],[243044.54894257,431253.22704315,84.27921677],[243044.54913712,431253.22655487,84.279212],[243044.54932404,431253.22605896,84.27920866],[243044.54948616,431253.22554779,84.27921343],[243044.54969597,431253.22537994,84.27944231],[243044.54990768,431253.22520447,84.27967119],[243044.55011749,431253.22503662,84.27990007],[243044.55037498,431253.22520447,84.28035307],[243044.55058479,431253.22502899,84.28058243],[243044.55079651,431253.22486115,84.28081131],[243044.551054,431253.22502899,84.28126478],[243044.55126381,431253.22485352,84.28149414],[243044.55147552,431253.22468567,84.28172302],[243044.55173302,431253.22485352,84.28217697],[243044.55199242,431253.22502136,84.28263092],[243044.55220222,431253.22484589,84.28286028],[243044.55236626,431253.22433472,84.28286505],[243044.55257607,431253.22416687,84.28309441],[243044.55278587,431253.22399139,84.28332376],[243044.55299759,431253.22382355,84.28355312],[243044.55325508,431253.22399139,84.28400755],[243044.5534668,431253.22381592,84.28423691],[243044.55367661,431253.22364807,84.28446674],[243044.55388832,431253.2234726,84.2846961],[243044.55409813,431253.22330475,84.28492594],[243044.55430984,431253.22312927,84.2851553],[243044.55447197,431253.2226181,84.28516006],[243044.55463409,431253.22210693,84.28516436],[243044.55479622,431253.22159576,84.28516912],[243044.55500793,431253.22142792,84.28539896],[243044.55521965,431253.22125244,84.28562832],[243044.55538177,431253.22074127,84.28563309],[243044.55559349,431253.2205658,84.28586292],[243044.55585289,431253.22073364,84.28631782],[243044.55611229,431253.22090149,84.2867732],[243044.55637169,431253.22106934,84.28722858],[243044.55641937,431253.22141266,84.28745413],[243044.55646896,431253.22174835,84.2876792],[243044.55667877,431253.22158051,84.28790951],[243044.55689049,431253.22140503,84.28813934],[243044.5571022,431253.22123718,84.28836966],[243044.55726433,431253.22072601,84.28837395],[243044.55742836,431253.22020721,84.28837872],[243044.55759048,431253.21969604,84.28838301],[243044.55775261,431253.21918488,84.28838778],[243044.55791473,431253.21867371,84.28839207],[243044.55807686,431253.21816254,84.28839683],[243044.55828857,431253.21798706,84.28862715],[243044.55850029,431253.21781921,84.28885698],[243044.55871201,431253.21764374,84.2890873],[243044.55897141,431253.21781158,84.28954315],[243044.55918312,431253.21763611,84.28977394],[243044.55939484,431253.21746826,84.29000378],[243044.55960655,431253.21729279,84.29023457],[243044.55981827,431253.21712494,84.29046488],[243044.56002998,431253.21694946,84.29069519],[243044.5602417,431253.21677399,84.29092598],[243044.56045341,431253.21660614,84.29115629],[243044.56066513,431253.21643066,84.2913866],[243044.56087685,431253.21626282,84.29161739],[243044.56108856,431253.21608734,84.29184771],[243044.56130028,431253.21591187,84.29207849],[243044.56151199,431253.21574402,84.29230928],[243044.56172371,431253.21556854,84.29254007],[243044.56188583,431253.21505737,84.29254436],[243044.56204987,431253.2145462,84.29254913],[243044.56221199,431253.2140274,84.29255342],[243044.56237411,431253.21351624,84.29255772],[243044.56258583,431253.21334076,84.29278898],[243044.56279755,431253.21317291,84.29301929],[243044.56296158,431253.21266174,84.29302406],[243044.5631237,431253.21214294,84.29302835],[243044.56307411,431253.21180725,84.29280233],[243044.56281281,431253.2116394,84.29234505],[243044.56276321,431253.21129608,84.29211903],[243044.56271553,431253.21096039,84.291893],[243044.56245422,431253.21079254,84.29143667],[243044.56240463,431253.21045685,84.29121065],[243044.56261635,431253.21028137,84.29144096],[243044.56282806,431253.2101059,84.29167175],[243044.5629921,431253.20959473,84.29167604],[243044.56315422,431253.20908356,84.29168081],[243044.56331635,431253.20857239,84.2916851],[243044.56326675,431253.20822906,84.29145908],[243044.56321716,431253.20789337,84.29123306],[243044.5633812,431253.2073822,84.29123783],[243044.56354332,431253.20687103,84.29124212],[243044.56375504,431253.20669556,84.29147243],[243044.56396675,431253.20652008,84.29170322],[243044.56417847,431253.2063446,84.29193354],[243044.56439018,431253.20617676,84.29216433],[243044.5646019,431253.20600128,84.29239511],[243044.5648632,431253.20616913,84.29285192],[243044.56507683,431253.20599365,84.29308271],[243044.56523895,431253.20548248,84.29308701],[243044.56540108,431253.20496368,84.29309177],[243044.56535149,431253.20462799,84.29286528],[243044.5653038,431253.2042923,84.29263926],[243044.56525421,431253.20394897,84.29241276],[243044.56520462,431253.20361328,84.29218674],[243044.56515503,431253.20326996,84.29196072],[243044.56510544,431253.20293427,84.2917347],[243044.56526756,431253.2024231,84.29173899],[243044.56543159,431253.20191193,84.29174375],[243044.56559372,431253.20139313,84.29174852],[243044.56575584,431253.20088196,84.29175281],[243044.56596756,431253.20071411,84.29198313],[243044.56622887,431253.20087433,84.29243994],[243044.56627846,431253.20121765,84.29266596],[243044.56632805,431253.20155334,84.29289246],[243044.56653976,431253.20137787,84.29312324],[243044.5667038,431253.2008667,84.29312754],[243044.56686592,431253.20035553,84.2931323],[243044.56702805,431253.19984436,84.2931366],[243044.56719208,431253.19932556,84.29314136],[243044.5673542,431253.19881439,84.29314566],[243044.56751633,431253.19830322,84.29314995],[243044.56772804,431253.19812775,84.29338074]]",dji_pose_mesh_ray_contour_nodes,
138,99,3,SPL,4390.12,2926.84,4387,2925,4394,2930,7,5,25,243045.02417564,431251.89823151,84.29172802,dji_pose_mesh_ray_centroid,True,True,314716,2.249207,warp,,4390.12,2926.84,1,1,1.0,1,2.249207,2.249207,7,7,1.0,"[[4391.5,2929.0],[4391.0,2928.5],[4390.0,2928.5],[4389.0,2928.5],[4388.0,2928.5],[4387.5,2928.0],[4387.0,2927.5]]","[[243045.02359581,431251.89762115,84.29076958],[243045.02370262,431251.89785767,84.29098988],[243045.02355194,431251.89835358,84.29098368],[243045.02340317,431251.89884949,84.29097748],[243045.02325249,431251.89935303,84.2909708],[243045.0233593,431251.89958191,84.29119158],[243045.02346611,431251.89981842,84.29141235]]",dji_pose_mesh_ray_contour_nodes,
139,100,3,SPL,4074.6016,2934.5625,4059,2932,4089,2939,30,7,128,243044.97077179,431252.05654144,84.28697252,dji_pose_mesh_ray_centroid,True,True,1220035,2.188659,warp,,4074.6016,2934.5625,1,1,1.0,1,2.188659,2.188659,32,32,1.0,"[[4083.5,2938.0],[4083.0,2937.5],[4082.0,2937.5],[4081.0,2937.5],[4080.0,2937.5],[4079.0,2937.5],[4078.5,2937.0],[4078.0,2936.5],[4077.0,2936.5],[4076.0,2936.5],[4075.5,2936.0],[4075.0,2935.5],[4074.0,2935.5],[4073.0,2935.5],[4072.0,2935.5],[4071.0,2935.5],[4070.0,2935.5],[4069.0,2935.5],[4068.5,2936.0],[4068.0,2936.5],[4067.0,2936.5],[4066.5,2937.0],[4066.0,2937.5],[4065.0,2937.5],[4064.0,2937.5],[4063.5,2937.0],[4063.0,2936.5],[4062.0,2936.5],[4061.5,2936.0],[4061.0,2935.5],[4060.0,2935.5],[4059.0,2935.5]]","[[243044.97101593,431252.05210876,84.2854619],[243044.97110748,431252.05235291,84.28568506],[243044.97094917,431252.05285645,84.28568077],[243044.97078896,431252.05335999,84.285676],[243044.97063065,431252.05386353,84.28567123],[243044.97047234,431252.05435944,84.28566694],[243044.97056198,431252.05461121,84.2858901],[243044.97065353,431252.05485535,84.28611326],[243044.97049522,431252.05535889,84.28610897],[243044.97033501,431252.0558548,84.2861042],[243044.97042656,431252.05610657,84.28632784],[243044.9705162,431252.05635071,84.286551],[243044.97035789,431252.05685425,84.28654671],[243044.97019958,431252.05735779,84.28654194],[243044.97003937,431252.0578537,84.28653717],[243044.96988106,431252.05835724,84.28653288],[243044.96972275,431252.05886078,84.28652811],[243044.96956253,431252.05936432,84.28652382],[243044.96931458,431252.05961609,84.28629589],[243044.96906471,431252.05987549,84.28606796],[243044.9689045,431252.06037903,84.28606319],[243044.96865654,431252.0606308,84.28583527],[243044.96840668,431252.06088257,84.28560734],[243044.96824837,431252.06138611,84.28560257],[243044.96809006,431252.06188965,84.28559828],[243044.9681797,431252.06213379,84.28582144],[243044.96826935,431252.06238556,84.2860446],[243044.96811104,431252.0628891,84.28604031],[243044.96820259,431252.06313324,84.28626347],[243044.96829224,431252.06337738,84.2864871],[243044.96813393,431252.06388092,84.28648233],[243044.96797371,431252.06438446,84.28647804]]",dji_pose_mesh_ray_contour_nodes,
140,101,3,SPL,1708.2821,2936.2436,1700,2933,1717,2940,17,7,78,243044.5471611,431253.24423981,84.28680992,dji_pose_mesh_ray_centroid,True,True,314536,2.107146,warp,,1708.2821,2936.2436,1,1,1.0,1,2.107146,2.107146,16,16,1.0,"[[1700.0,2936.5],[1700.5,2936.0],[1701.0,2935.5],[1702.0,2935.5],[1702.5,2935.0],[1703.0,2934.5],[1704.0,2934.5],[1705.0,2934.5],[1705.5,2934.0],[1706.0,2933.5],[1707.0,2933.5],[1708.0,2933.5],[1709.0,2933.5],[1710.0,2933.5],[1711.0,2933.5],[1711.5,2933.0]]","[[243044.54549217,431253.24826813,84.2867322],[243044.54571152,431253.24810028,84.28695965],[243044.54593086,431253.24794006,84.28718662],[243044.5461235,431253.24744415,84.28718185],[243044.54634285,431253.24728394,84.28740883],[243044.54656219,431253.24711609,84.28763628],[243044.54675674,431253.24662781,84.28763151],[243044.54695129,431253.24613953,84.28762674],[243044.54717064,431253.24597168,84.28785372],[243044.54738998,431253.24580383,84.28808117],[243044.54758263,431253.24531555,84.2880764],[243044.54777718,431253.24482727,84.28807163],[243044.54797173,431253.24433136,84.28806686],[243044.54816437,431253.24384308,84.2880621],[243044.54835892,431253.24334717,84.28805733],[243044.54857826,431253.24318695,84.2882843]]",dji_pose_mesh_ray_contour_nodes,
141,102,3,SPL,1744.5,2933.0,1742,2933,1748,2934,6,1,6,243044.55498314,431253.22696686,84.28812504,dji_pose_mesh_ray_centroid,True,True,314536,2.103974,warp,,1744.5,2933.0,1,1,1.0,1,2.103974,2.103974,6,6,1.0,"[[1742.0,2933.0],[1743.0,2933.0],[1744.0,2933.0],[1745.0,2933.0],[1746.0,2933.0],[1747.0,2933.0]]","[[243044.55449677,431253.22819519,84.28813744],[243044.55469131,431253.22769928,84.28813267],[243044.55488586,431253.227211,84.2881279],[243044.55507851,431253.22671509,84.28812265],[243044.55527306,431253.22622681,84.28811789],[243044.55546761,431253.2257309,84.28811312]]",dji_pose_mesh_ray_contour_nodes,
142,103,3,SPL,3433.0,2933.0,3433,2933,3434,2934,1,1,1,243044.85470009,431252.37876892,84.28828096,dji_pose_mesh_ray_centroid,True,True,1219541,2.091623,warp,,3433.0,2933.0,1,1,1.0,1,2.091623,2.091623,1,1,1.0,"[[3433.0,2933.0]]","[[243044.85470009,431252.37876892,84.28828096]]",dji_pose_mesh_ray_contour_nodes,
143,104,3,SPL,2528.3333,2937.8788,2523,2936,2537,2941,14,5,33,243044.68896675,431252.83113861,84.28702736,dji_pose_mesh_ray_centroid,True,True,1219533,2.044639,warp,,2528.3333,2937.8788,1,1,1.0,1,2.044639,2.044639,11,11,1.0,"[[2523.0,2937.5],[2524.0,2937.5],[2524.5,2937.0],[2525.0,2936.5],[2526.0,2936.5],[2527.0,2936.5],[2528.0,2936.5],[2529.0,2936.5],[2530.0,2936.5],[2531.0,2936.5],[2531.5,2936.0]]","[[243044.68803596,431252.83381653,84.28722429],[243044.68823051,431252.83332825,84.28722],[243044.6884594,431252.83312988,84.28744698],[243044.68868828,431252.83293152,84.28767347],[243044.68888283,431252.83243561,84.28766918],[243044.68907547,431252.83194733,84.28766489],[243044.68926811,431252.83145142,84.2876606],[243044.68946266,431252.83095551,84.28765583],[243044.6896553,431252.83045959,84.28765154],[243044.68984795,431252.82996368,84.28764725],[243044.69007874,431252.82976532,84.28787422]]",dji_pose_mesh_ray_contour_nodes,
144,105,3,SPL,4055.2222,2936.5556,4053,2936,4058,2938,5,2,9,243044.96701622,431252.06629181,84.28598404,dji_pose_mesh_ray_centroid,True,True,1220031,2.185,warp,,4055.2222,2936.5556,1,1,1.0,1,2.185,2.185,2,2,1.0,"[[4053.0,2936.5],[4053.5,2936.0]]","[[243044.96668053,431252.0674057,84.28599882],[243044.96693039,431252.0671463,84.28622675]]",dji_pose_mesh_ray_contour_nodes,
145,106,3,SPL,2514.0789,2939.7105,2508,2938,2520,2942,12,4,38,243044.68572617,431252.83800507,84.28625154,dji_pose_mesh_ray_centroid,True,True,1219533,2.044326,warp,,2514.0789,2939.7105,1,1,1.0,1,2.044326,2.044326,8,8,1.0,"[[2508.0,2940.5],[2508.5,2940.0],[2509.0,2939.5],[2509.5,2939.0],[2510.0,2938.5],[2511.0,2938.5],[2512.0,2938.5],[2512.5,2938.0]]","[[243044.68434334,431252.84092712,84.2859168],[243044.68457222,431252.84072876,84.28614378],[243044.6848011,431252.84053802,84.28637028],[243044.68502998,431252.84033966,84.28659677],[243044.68526077,431252.8401413,84.28682327],[243044.68545341,431252.83965302,84.28681898],[243044.68564606,431252.8391571,84.28681469],[243044.68587494,431252.83895874,84.28704166]]",dji_pose_mesh_ray_contour_nodes,
146,107,3,SPL,3954.4303,2956.8096,3910,2940,4016,2982,106,42,2038,243044.94417381,431252.11693573,84.276402,dji_pose_mesh_ray_centroid,True,True,1220031,2.164551,warp,,3954.4303,2956.8096,1,1,1.0,1,2.164551,2.164551,101,101,1.0,"[[4015.0,2950.5],[4014.5,2951.0],[4014.0,2951.5],[4013.0,2951.5],[4012.0,2951.5],[4011.5,2952.0],[4011.0,2952.5],[4010.0,2952.5],[4009.0,2952.5],[4008.5,2953.0],[4008.0,2953.5],[4007.5,2954.0],[4007.0,2954.5],[4006.0,2954.5],[4005.5,2955.0],[4005.0,2955.5],[4004.0,2955.5],[4003.0,2955.5],[4002.5,2956.0],[4002.0,2956.5],[4001.0,2956.5],[4000.0,2956.5],[3999.0,2956.5],[3998.0,2956.5],[3997.0,2956.5],[3996.5,2957.0],[3996.0,2957.5],[3995.0,2957.5],[3994.0,2957.5],[3993.0,2957.5],[3992.0,2957.5],[3991.0,2957.5],[3990.5,2958.0],[3990.0,2958.5],[3989.0,2958.5],[3988.0,2958.5],[3987.0,2958.5],[3986.5,2958.0],[3986.0,2957.5],[3985.0,2957.5],[3984.0,2957.5],[3983.5,2957.0],[3983.0,2956.5],[3982.0,2956.5],[3981.5,2956.0],[3981.0,2955.5],[3980.5,2956.0],[3980.0,2956.5],[3979.0,2956.5],[3978.5,2957.0],[3978.0,2957.5],[3977.5,2958.0],[3977.0,2958.5],[3976.5,2959.0],[3976.0,2959.5],[3975.5,2960.0],[3975.5,2961.0],[3975.5,2962.0],[3975.5,2963.0],[3975.5,2964.0],[3976.0,2964.5],[3976.5,2965.0],[3977.0,2965.5],[3977.5,2966.0],[3977.5,2967.0],[3978.0,2967.5],[3978.5,2968.0],[3979.0,2968.5],[3979.5,2969.0],[3979.5,2970.0],[3980.0,2970.5],[3980.5,2971.0],[3980.5,2972.0],[3980.5,2973.0],[3980.0,2973.5],[3979.0,2973.5],[3978.5,2974.0],[3978.0,2974.5],[3977.0,2974.5],[3976.0,2974.5],[3975.0,2974.5],[3974.0,2974.5],[3973.0,2974.5],[3972.0,2974.5],[3971.0,2974.5],[3970.0,2974.5],[3969.0,2974.5],[3968.5,2975.0],[3968.0,2975.5],[3967.0,2975.5],[3966.0,2975.5],[3965.5,2976.0],[3965.0,2976.5],[3964.5,2977.0],[3964.0,2977.5],[3963.5,2978.0],[3963.0,2978.5],[3962.5,2979.0],[3962.5,2980.0],[3962.0,2980.5],[3961.5,2981.0]]","[[243044.95590782,431252.08655548,84.27951717],[243044.95566177,431252.08680725,84.2792902],[243044.95541382,431252.08705902,84.27906322],[243044.9552536,431252.08756256,84.27905846],[243044.95509529,431252.0880661,84.27905416],[243044.95484734,431252.08831787,84.27882719],[243044.95459938,431252.08856964,84.27860022],[243044.95444107,431252.08906555,84.27859545],[243044.95428276,431252.08956909,84.27859068],[243044.95403481,431252.08982086,84.2783637],[243044.95378685,431252.09007263,84.27813673],[243044.95353889,431252.0903244,84.27791023],[243044.95329094,431252.0905838,84.27768326],[243044.95313263,431252.09107971,84.27767849],[243044.95288467,431252.09133148,84.27745199],[243044.95263863,431252.09158325,84.27722502],[243044.95248032,431252.09208679,84.27722025],[243044.9523201,431252.09259033,84.27721596],[243044.95207214,431252.0928421,84.27698898],[243044.9518261,431252.09309387,84.27676249],[243044.95166779,431252.09359741,84.27675772],[243044.95150948,431252.09409332,84.27675295],[243044.95134926,431252.09459686,84.27674818],[243044.95119095,431252.0951004,84.27674389],[243044.95103264,431252.09559631,84.27673912],[243044.95078468,431252.09584808,84.27651215],[243044.95053673,431252.09609985,84.27628565],[243044.95037842,431252.09660339,84.27628088],[243044.95022011,431252.09710693,84.27627659],[243044.9500618,431252.09760284,84.27627182],[243044.94990349,431252.09810638,84.27626705],[243044.94974518,431252.09860992,84.27626228],[243044.94949722,431252.09886169,84.27603579],[243044.94925117,431252.09911346,84.27580929],[243044.94909096,431252.09960938,84.27580452],[243044.94893265,431252.10011292,84.27580023],[243044.94877434,431252.10061646,84.27579546],[243044.94886208,431252.1008606,84.27601719],[243044.94895172,431252.10111237,84.27623939],[243044.94879341,431252.10161591,84.27623463],[243044.9486351,431252.10211182,84.27622986],[243044.94872284,431252.10236359,84.27645206],[243044.94881058,431252.10261536,84.27667379],[243044.94865227,431252.10311127,84.27666903],[243044.94874191,431252.10336304,84.27689123],[243044.94882965,431252.10361481,84.27711344],[243044.9485836,431252.10386658,84.27688646],[243044.94833565,431252.10411835,84.27665997],[243044.94817734,431252.10461426,84.2766552],[243044.94792938,431252.10486603,84.2764287],[243044.94768143,431252.1051178,84.27620172],[243044.94743538,431252.10536957,84.27597523],[243044.94718742,431252.10562134,84.27574873],[243044.94694138,431252.10587311,84.27552223],[243044.94669342,431252.10612488,84.27529573],[243044.94644737,431252.10637665,84.27506924],[243044.94611168,431252.10637665,84.27462101],[243044.94577599,431252.10637665,84.27417278],[243044.9454422,431252.10638428,84.27372503],[243044.94510651,431252.10638428,84.27327681],[243044.94501877,431252.10613251,84.27305555],[243044.94493103,431252.10588074,84.2728343],[243044.94484138,431252.1056366,84.27261257],[243044.94475365,431252.10538483,84.27239132],[243044.94441986,431252.10538483,84.27194405],[243044.94433022,431252.10513306,84.27172279],[243044.94424248,431252.10488892,84.27150154],[243044.94415474,431252.10463715,84.27128029],[243044.944067,431252.10438538,84.27105904],[243044.94373322,431252.10439301,84.27061224],[243044.94364548,431252.10414124,84.27039099],[243044.94355774,431252.10388947,84.27017021],[243044.94322205,431252.10388947,84.26972341],[243044.94288826,431252.10389709,84.2692771],[243044.94264221,431252.10414886,84.26905155],[243044.9424839,431252.10464478,84.26904678],[243044.94223785,431252.10489655,84.26882124],[243044.94199181,431252.10514832,84.2685957],[243044.9418335,431252.10564423,84.26859093],[243044.94167519,431252.10614777,84.26858616],[243044.94151688,431252.10664368,84.26858139],[243044.94135857,431252.10714722,84.26857662],[243044.94120026,431252.10764313,84.26857185],[243044.94104195,431252.10814667,84.26856756],[243044.94088364,431252.10864258,84.26856279],[243044.94072533,431252.10914612,84.26855802],[243044.94056702,431252.10964203,84.26855326],[243044.94032097,431252.1098938,84.26832771],[243044.94007492,431252.11014557,84.26810217],[243044.93991661,431252.11064148,84.26809788],[243044.9397583,431252.11114502,84.26809311],[243044.93951225,431252.11139679,84.26786756],[243044.93926811,431252.11164856,84.26764202],[243044.93902206,431252.1118927,84.26741695],[243044.93877602,431252.11214447,84.26719141],[243044.93852997,431252.11239624,84.26696634],[243044.93828392,431252.11264801,84.2667408],[243044.93803787,431252.11289215,84.26651573],[243044.93770599,431252.11289215,84.26607037],[243044.93745995,431252.11314392,84.2658453],[243044.9372139,431252.11339569,84.26562023]]",dji_pose_mesh_ray_contour_nodes,
147,108,3,SPL,1822.2222,2943.9136,1815,2941,1830,2948,15,7,81,243044.56488419,431253.18548584,84.28348017,dji_pose_mesh_ray_centroid,True,True,1219593,2.091623,warp,,1822.2222,2943.9136,1,1,1.0,1,2.091623,2.091623,10,10,1.0,"[[1829.0,2943.5],[1828.5,2944.0],[1828.5,2945.0],[1828.0,2945.5],[1827.0,2945.5],[1826.5,2946.0],[1826.0,2946.5],[1825.0,2946.5],[1824.0,2946.5],[1823.5,2947.0]]","[[243044.56608963,431253.18209076,84.28369904],[243044.56587791,431253.18226624,84.28346968],[243044.56561661,431253.18210602,84.28301573],[243044.5654068,431253.18227386,84.28278685],[243044.56524467,431253.18278503,84.28278208],[243044.56503296,431253.18296051,84.2825532],[243044.56482124,431253.18313599,84.28232384],[243044.56465912,431253.18364716,84.28231955],[243044.56449699,431253.18415833,84.28231478],[243044.56428719,431253.1843338,84.28208542]]",dji_pose_mesh_ray_contour_nodes,
148,109,3,SPL,1798.5,2949.0,1795,2948,1803,2951,8,3,18,243044.55971527,431253.19676971,84.28106403,dji_pose_mesh_ray_centroid,True,True,1219593,2.093776,warp,,1798.5,2949.0,1,1,1.0,1,2.093776,2.093776,3,3,1.0,"[[1795.0,2948.5],[1796.0,2948.5],[1796.5,2948.0]]","[[243044.55927658,431253.19863892,84.2812748],[243044.55943871,431253.19812775,84.28127909],[243044.55965042,431253.19795227,84.28150845]]",dji_pose_mesh_ray_contour_nodes,
149,110,3,SPL,4325.25,2977.25,4324,2977,4327,2979,3,2,4,243044.99582291,431251.93222046,84.26900959,dji_pose_mesh_ray_centroid,True,True,1220029,2.223956,warp,,4325.25,2977.25,1,1,1.0,1,2.223956,2.223956,3,3,1.0,"[[4325.5,2978.0],[4325.0,2977.5],[4324.0,2977.5]]","[[243044.99562645,431251.93211365,84.26867247],[243044.9956913,431251.93235016,84.26889944],[243044.99549103,431251.9328537,84.26890516]]",dji_pose_mesh_ray_contour_nodes,
150,111,3,SPL,4.0645,3278.7742,3,3269,6,3286,3,17,31,243044.18136406,431254.01042938,84.13553667,dji_pose_mesh_ray_centroid,True,True,1219622,2.413006,warp,,4.0645,3278.7742,1,1,1.0,1,2.413006,2.413006,11,11,1.0,"[[3.0,3278.5],[3.5,3278.0],[3.5,3277.0],[3.5,3276.0],[3.5,3275.0],[3.5,3274.0],[3.5,3273.0],[3.5,3272.0],[3.5,3271.0],[3.5,3270.0],[3.5,3269.0]]","[[243044.18123817,431254.01101685,84.13564825],[243044.18142509,431254.01092529,84.13585186],[243044.18163109,431254.01121521,84.13625956],[243044.18183517,431254.01150513,84.13666725],[243044.18204117,431254.01179504,84.13707495],[243044.18224525,431254.01208496,84.13748312],[243044.18244934,431254.01237488,84.13789082],[243044.18265533,431254.01266479,84.13829899],[243044.18285942,431254.01295471,84.13870716],[243044.18306541,431254.01324463,84.13911581],[243044.18327141,431254.01353455,84.13952398]]",dji_pose_mesh_ray_contour_nodes,
