instance_id,instance_local_id,class_id,class_name,centroid_x_px,centroid_y_px,bbox_xmin_px,bbox_ymin_px,bbox_xmax_px,bbox_ymax_px,bbox_w_px,bbox_h_px,area_px,world_x_m,world_y_m,world_z_m,geo3d_source,xyz_valid,mesh_ray_hit,mesh_face_index,mesh_ray_t_m,mesh_ray_backend,xyz_miss_reason,image_pixel_x,image_pixel_y,instance_mesh_sample_count,instance_mesh_hit_count,instance_mesh_hit_ratio,instance_mesh_unique_face_count,instance_mesh_ray_t_min_m,instance_mesh_ray_t_max_m,node_count,node_xyz_valid_count,node_xyz_hit_ratio,nodes_image_xy_json,nodes_world_xyz_json,nodes_geo3d_source,nodes_miss_reason
1,1,1,CRC,1853.875,222.7292,1851,219,1858,228,7,9,48,243042.8282795,431263.51599121,86.46354675,dji_pose_mesh_ray_centroid,True,True,1113392,4.018645,warp,,1853.875,222.7292,1,1,1.0,1,4.018645,4.018645,7,7,1.0,"[[1857.0,223.5],[1856.5,224.0],[1856.5,225.0],[1856.0,225.5],[1855.5,226.0],[1855.0,226.5],[1854.5,227.0]]","[[243042.82833481,431263.51259613,86.46229744],[243042.82771111,431263.51276398,86.46156883],[243042.82672691,431263.51216125,86.46008015],[243042.82610512,431263.51233673,86.45935249],[243042.82548332,431263.51250458,86.45862389],[243042.82486153,431263.51267242,86.45789623],[243042.82424164,431263.51284027,86.45716953]]",dji_pose_mesh_ray_contour_nodes,
2,2,1,CRC,1842.2706,261.1529,1836,255,1848,267,12,12,85,243042.78789902,431263.50393677,86.40731716,dji_pose_mesh_ray_centroid,True,True,1113392,3.958259,warp,,1842.2706,261.1529,1,1,1.0,1,3.958259,3.958259,19,19,1.0,"[[1836.0,264.5],[1836.5,264.0],[1836.5,263.0],[1837.0,262.5],[1837.5,262.0],[1837.5,261.0],[1838.0,260.5],[1839.0,260.5],[1839.5,260.0],[1840.0,259.5],[1840.5,259.0],[1840.5,258.0],[1841.0,257.5],[1841.5,257.0],[1842.0,256.5],[1842.5,256.0],[1843.0,255.5],[1844.0,255.5],[1844.5,255.0]]","[[243042.78307152,431263.50777435,86.40264225],[243042.78367805,431263.50760651,86.40335369],[243042.78463745,431263.5082016,86.40480709],[243042.7852459,431263.50803375,86.40551853],[243042.78585434,431263.50786591,86.40623093],[243042.78681564,431263.50845337,86.40768623],[243042.78742409,431263.50828552,86.40839863],[243042.78768158,431263.50735474,86.40836811],[243042.78829193,431263.50718689,86.4090805],[243042.78890228,431263.50701904,86.40979385],[243042.78951073,431263.5068512,86.4105072],[243042.79047394,431263.50744629,86.41196537],[243042.79108429,431263.50727844,86.41267872],[243042.79169464,431263.50710297,86.41339302],[243042.79230499,431263.50693512,86.41410732],[243042.79291534,431263.50676727,86.41482162],[243042.7935276,431263.50659943,86.41553688],[243042.7937851,431263.50566864,86.41550541],[243042.79439735,431263.50550079,86.41622066]]",dji_pose_mesh_ray_contour_nodes,
3,3,1,CRC,1828.8571,291.7143,1828,289,1830,295,2,6,7,243042.75135803,431263.49589539,86.36155987,dji_pose_mesh_ray_centroid,True,True,286090,3.907356,warp,,1828.8571,291.7143,1,1,1.0,1,3.907356,3.907356,5,5,1.0,"[[1828.0,292.5],[1828.5,292.0],[1828.5,291.0],[1828.5,290.0],[1828.5,289.0]]","[[243042.75002289,431263.49599457,86.36026859],[243042.7508564,431263.49597168,86.36108971],[243042.75216675,431263.4967804,86.36270809],[243042.7534771,431263.49759674,86.36432934],[243042.75478935,431263.49840546,86.36595154]]",dji_pose_mesh_ray_contour_nodes,
4,4,1,CRC,1806.0296,354.3333,1789,329,1824,383,35,54,507,243042.70137405,431263.48917389,86.28135204,dji_pose_mesh_ray_centroid,True,True,286079,3.833262,warp,,1806.0296,354.3333,1,1,1.0,1,3.833262,3.833262,89,89,1.0,"[[1823.0,329.5],[1822.5,330.0],[1822.5,331.0],[1822.0,331.5],[1821.5,332.0],[1821.0,332.5],[1820.5,333.0],[1820.5,334.0],[1820.5,335.0],[1820.5,336.0],[1820.0,336.5],[1819.5,337.0],[1819.5,338.0],[1820.0,338.5],[1820.5,339.0],[1820.5,340.0],[1820.5,341.0],[1820.0,341.5],[1819.5,342.0],[1819.5,343.0],[1819.0,343.5],[1818.5,344.0],[1818.5,345.0],[1818.0,345.5],[1817.5,346.0],[1817.0,346.5],[1816.0,346.5],[1815.5,347.0],[1815.5,348.0],[1815.0,348.5],[1814.5,349.0],[1814.0,349.5],[1813.5,350.0],[1813.0,350.5],[1812.5,351.0],[1812.0,351.5],[1811.5,352.0],[1811.5,353.0],[1811.0,353.5],[1810.5,354.0],[1810.5,355.0],[1810.0,355.5],[1809.5,356.0],[1809.5,357.0],[1809.5,358.0],[1809.0,358.5],[1808.5,359.0],[1808.0,359.5],[1807.5,360.0],[1807.0,360.5],[1806.0,360.5],[1805.0,360.5],[1804.5,361.0],[1804.5,362.0],[1804.5,363.0],[1804.5,364.0],[1804.5,365.0],[1805.0,365.5],[1805.5,366.0],[1805.5,367.0],[1805.5,368.0],[1805.5,369.0],[1805.5,370.0],[1805.0,370.5],[1804.0,370.5],[1803.5,371.0],[1803.0,371.5],[1802.0,371.5],[1801.5,372.0],[1801.0,372.5],[1800.5,373.0],[1800.0,373.5],[1799.5,374.0],[1799.0,374.5],[1798.5,375.0],[1798.0,375.5],[1797.5,376.0],[1797.5,377.0],[1797.5,378.0],[1797.0,378.5],[1796.5,379.0],[1796.0,379.5],[1795.5,380.0],[1795.0,380.5],[1794.0,380.5],[1793.0,380.5],[1792.5,381.0],[1792.0,381.5],[1791.5,382.0]]","[[243042.72358894,431263.4849472,86.31294155],[243042.72306061,431263.4851532,86.31228733],[243042.72249985,431263.48480225,86.31107235],[243042.72197151,431263.48500824,86.31041908],[243042.72144318,431263.48521423,86.30976486],[243042.72091675,431263.48542023,86.30911159],[243042.72038841,431263.48562622,86.30845737],[243042.71982765,431263.48527527,86.3072443],[243042.7192688,431263.48493195,86.30603218],[243042.71870804,431263.48458099,86.30482006],[243042.71818161,431263.48478699,86.30416775],[243042.71765518,431263.48499298,86.30351448],[243042.71709442,431263.48464203,86.30230331],[243042.717062,431263.48408508,86.30174446],[243042.71702957,431263.48353577,86.30118561],[243042.71646881,431263.48318481,86.29997539],[243042.71584702,431263.48279572,86.29873371],[243042.7153511,431263.4830246,86.29809761],[243042.7148571,431263.48324585,86.29746151],[243042.71402168,431263.48272705,86.29611301],[243042.71352768,431263.48295593,86.29547882],[243042.71303177,431263.48317719,86.29484367],[243042.71219826,431263.48265839,86.29349613],[243042.71170425,431263.48287964,86.29286194],[243042.71120834,431263.48310852,86.29222679],[243042.71071434,431263.48332977,86.2915926],[243042.71055794,431263.48429871,86.29166985],[243042.71006393,431263.48452759,86.29103565],[243042.70923233,431263.48400116,86.28969097],[243042.70873833,431263.48423004,86.28905678],[243042.70824432,431263.48445129,86.28842354],[243042.70775032,431263.48468018,86.28778934],[243042.70725632,431263.48490143,86.2871561],[243042.70676231,431263.48512268,86.28652286],[243042.70627022,431263.48535156,86.28589058],[243042.70577621,431263.48557281,86.28525734],[243042.70528412,431263.48579407,86.28462505],[243042.70445251,431263.48527527,86.28328323],[243042.70396042,431263.48550415,86.28265095],[243042.70346642,431263.4857254,86.28201866],[243042.70263863,431263.4852066,86.28067875],[243042.70214653,431263.48542786,86.28004646],[243042.70165443,431263.48564911,86.27941513],[243042.70082664,431263.48513031,86.27807617],[243042.69999695,431263.48461151,86.27673817],[243042.69950676,431263.48484039,86.27610779],[243042.69901466,431263.48506165,86.27547741],[243042.69852257,431263.4852829,86.27484608],[243042.69803238,431263.48551178,86.27421665],[243042.69754028,431263.48573303,86.27358627],[243042.69738388,431263.48669434,86.27366257],[243042.69722748,431263.48766327,86.27373791],[243042.69673729,431263.48788452,86.27310848],[243042.69591141,431263.48736572,86.27177238],[243042.69508553,431263.48684692,86.27043724],[243042.69426155,431263.48632812,86.269104],[243042.69343567,431263.48580933,86.26776981],[243042.69310188,431263.48506927,86.267066],[243042.6927681,431263.48432922,86.26636219],[243042.69194412,431263.48381042,86.26502991],[243042.69112206,431263.48329926,86.26369858],[243042.69029999,431263.48278046,86.26236916],[243042.68947601,431263.48226166,86.26103878],[243042.68898773,431263.48249054,86.26041222],[243042.68883133,431263.48345184,86.26048756],[243042.68834305,431263.4836731,86.25986004],[243042.68785477,431263.48389435,86.25923347],[243042.68769836,431263.48485565,86.25930881],[243042.68721008,431263.48508453,86.25868225],[243042.68671989,431263.48530579,86.25805569],[243042.68623161,431263.48552704,86.25742912],[243042.68574333,431263.48574829,86.25680256],[243042.68525505,431263.48596954,86.25617695],[243042.68476868,431263.4861908,86.25555134],[243042.68427849,431263.48641968,86.25492477],[243042.68379211,431263.48664093,86.25429916],[243042.68330383,431263.48686218,86.25367355],[243042.68248367,431263.48634338,86.25234795],[243042.68166542,431263.48583221,86.25102425],[243042.68117905,431263.48605347,86.25039959],[243042.68069267,431263.48627472,86.24977493],[243042.68020439,431263.48649597,86.24915028],[243042.67971802,431263.48671722,86.24852657],[243042.67923164,431263.48693848,86.24790192],[243042.67907524,431263.48789978,86.2479763],[243042.67891884,431263.48886108,86.24805069],[243042.67843246,431263.48908234,86.24742699],[243042.67794609,431263.48930359,86.24680233],[243042.67745972,431263.48952484,86.24617863]]",dji_pose_mesh_ray_contour_nodes,
5,5,1,CRC,2625.3317,659.8075,2570,649,2688,674,118,25,1221,243042.6718483,431262.67431641,85.89297771,dji_pose_mesh_ray_centroid,True,True,1113236,3.333362,warp,,2625.3317,659.8075,1,1,1.0,1,3.333362,3.333362,131,131,1.0,"[[2687.0,657.5],[2686.5,658.0],[2686.0,658.5],[2685.5,659.0],[2685.0,659.5],[2684.5,660.0],[2684.0,660.5],[2683.0,660.5],[2682.0,660.5],[2681.5,661.0],[2681.0,661.5],[2680.0,661.5],[2679.0,661.5],[2678.0,661.5],[2677.0,661.5],[2676.0,661.5],[2675.0,661.5],[2674.0,661.5],[2673.5,661.0],[2673.0,660.5],[2672.0,660.5],[2671.0,660.5],[2670.5,660.0],[2670.0,659.5],[2669.0,659.5],[2668.5,659.0],[2668.0,658.5],[2667.0,658.5],[2666.0,658.5],[2665.0,658.5],[2664.0,658.5],[2663.0,658.5],[2662.0,658.5],[2661.0,658.5],[2660.0,658.5],[2659.0,658.5],[2658.0,658.5],[2657.5,659.0],[2657.0,659.5],[2656.0,659.5],[2655.0,659.5],[2654.0,659.5],[2653.0,659.5],[2652.0,659.5],[2651.0,659.5],[2650.0,659.5],[2649.0,659.5],[2648.5,660.0],[2648.0,660.5],[2647.0,660.5],[2646.0,660.5],[2645.0,660.5],[2644.0,660.5],[2643.0,660.5],[2642.0,660.5],[2641.0,660.5],[2640.0,660.5],[2639.0,660.5],[2638.0,660.5],[2637.0,660.5],[2636.5,661.0],[2636.0,661.5],[2635.0,661.5],[2634.0,661.5],[2633.5,662.0],[2633.0,662.5],[2632.0,662.5],[2631.0,662.5],[2630.5,663.0],[2630.0,663.5],[2629.0,663.5],[2628.0,663.5],[2627.5,664.0],[2627.0,664.5],[2626.0,664.5],[2625.0,664.5],[2624.0,664.5],[2623.5,665.0],[2623.0,665.5],[2622.0,665.5],[2621.0,665.5],[2620.0,665.5],[2619.5,666.0],[2619.0,666.5],[2618.0,666.5],[2617.0,666.5],[2616.5,667.0],[2616.0,667.5],[2615.0,667.5],[2614.0,667.5],[2613.0,667.5],[2612.0,667.5],[2611.5,667.0],[2611.0,666.5],[2610.0,666.5],[2609.5,666.0],[2609.0,665.5],[2608.0,665.5],[2607.0,665.5],[2606.5,666.0],[2606.0,666.5],[2605.0,666.5],[2604.5,667.0],[2604.0,667.5],[2603.0,667.5],[2602.5,668.0],[2602.0,668.5],[2601.5,669.0],[2601.0,669.5],[2600.5,670.0],[2600.0,670.5],[2599.0,670.5],[2598.5,671.0],[2598.0,671.5],[2597.0,671.5],[2596.0,671.5],[2595.5,672.0],[2595.0,672.5],[2594.0,672.5],[2593.0,672.5],[2592.0,672.5],[2591.0,672.5],[2590.0,672.5],[2589.0,672.5],[2588.0,672.5],[2587.0,672.5],[2586.0,672.5],[2585.0,672.5],[2584.0,672.5],[2583.0,672.5],[2582.5,673.0]]","[[243042.69142914,431262.6260376,85.89575386],[243042.69083595,431262.62628174,85.89516163],[243042.69024086,431262.62651825,85.89457035],[243042.68964767,431262.62676239,85.89397907],[243042.68905449,431262.62700653,85.89338779],[243042.6884594,431262.62725067,85.89279652],[243042.68786621,431262.62749481,85.89220619],[243042.68758392,431262.62828827,85.89220524],[243042.68729973,431262.62908173,85.89220428],[243042.68670654,431262.62932587,85.89161301],[243042.68611336,431262.62957001,85.89102268],[243042.68582916,431262.63036346,85.89102173],[243042.68554688,431262.63115692,85.89102173],[243042.68526268,431262.63195038,85.89102077],[243042.68498039,431262.63274384,85.89101982],[243042.6846962,431262.63353729,85.89101887],[243042.684412,431262.63433838,85.89101791],[243042.68412971,431262.63513184,85.89101791],[243042.68443871,431262.63568115,85.89160728],[243042.6847477,431262.63623047,85.89219761],[243042.6844635,431262.63702393,85.89219665],[243042.68417931,431262.63782501,85.8921957],[243042.6844883,431262.63837433,85.89278507],[243042.68479729,431262.63892365,85.8933754],[243042.68451309,431262.63972473,85.8933754],[243042.68482399,431262.64027405,85.89396572],[243042.68513298,431262.64083099,85.89455605],[243042.68484879,431262.64162445,85.89455509],[243042.68456459,431262.64241791,85.89455414],[243042.6842823,431262.64321136,85.89455414],[243042.68399811,431262.64400482,85.89455318],[243042.68371391,431262.64480591,85.89455223],[243042.68342972,431262.64559937,85.89455128],[243042.68314552,431262.64639282,85.89455032],[243042.68286324,431262.64718628,85.89455032],[243042.68257904,431262.64797974,85.89454937],[243042.68229485,431262.64877319,85.89454842],[243042.68170166,431262.64901733,85.89395714],[243042.68111038,431262.64925385,85.89336586],[243042.68082619,431262.6500473,85.89336491],[243042.68054199,431262.65084839,85.89336395],[243042.6802578,431262.65164185,85.893363],[243042.6799736,431262.6524353,85.89336204],[243042.67969131,431262.65322876,85.89336204],[243042.67940712,431262.65402222,85.89336109],[243042.67912292,431262.65481567,85.89336014],[243042.67884064,431262.65560913,85.89335918],[243042.67824745,431262.65585327,85.89276886],[243042.67765617,431262.65608978,85.89217758],[243042.67737198,431262.65688324,85.89217663],[243042.67708778,431262.6576767,85.89217567],[243042.6768055,431262.65847015,85.89217472],[243042.6765213,431262.65927124,85.89217472],[243042.67623711,431262.6600647,85.89217377],[243042.67595482,431262.66085815,85.89217281],[243042.67567062,431262.66165161,85.89217186],[243042.67538643,431262.66244507,85.89217091],[243042.67510414,431262.66323853,85.89217091],[243042.67481995,431262.66403198,85.89216995],[243042.67453575,431262.66482544,85.892169],[243042.67394447,431262.66506195,85.89157772],[243042.6733532,431262.66530609,85.8909874],[243042.67307091,431262.66609955,85.8909874],[243042.67278671,431262.66689301,85.89098644],[243042.67219734,431262.66712952,85.89039612],[243042.67160606,431262.66736603,85.88980579],[243042.67132187,431262.66815948,85.88980484],[243042.67103958,431262.66895294,85.88980389],[243042.6704483,431262.66918945,85.88921452],[243042.66985893,431262.66942596,85.88862419],[243042.66957474,431262.67021942,85.88862324],[243042.66929245,431262.67101288,85.88862324],[243042.66870308,431262.67124939,85.88803387],[243042.6681118,431262.6714859,85.88744354],[243042.66782951,431262.67227936,85.88744354],[243042.66754723,431262.67307281,85.88744259],[243042.66726303,431262.67386627,85.88744163],[243042.66667366,431262.67410278,85.88685226],[243042.66608429,431262.67433929,85.88626289],[243042.665802,431262.67513275,85.88626289],[243042.66551781,431262.67592621,85.88626194],[243042.66523552,431262.67671967,85.88626099],[243042.66464615,431262.67694855,85.88567257],[243042.66405678,431262.67718506,85.8850832],[243042.66377449,431262.67797852,85.88508224],[243042.6634903,431262.67877197,85.88508224],[243042.66290283,431262.67900848,85.88449287],[243042.66231537,431262.679245,85.88390541],[243042.66203117,431262.68003845,85.88390446],[243042.66174889,431262.68082428,85.8839035],[243042.66146469,431262.68161774,85.88390255],[243042.6611824,431262.68241119,85.8839016],[243042.66148758,431262.68296814,85.88448906],[243042.66179276,431262.68353271,85.88507748],[243042.66151047,431262.68432617,85.88507652],[243042.66181564,431262.68488312,85.88566399],[243042.66211891,431262.68544006,85.8862524],[243042.66183662,431262.68623352,85.88625145],[243042.66155243,431262.68702698,85.8862505],[243042.66096497,431262.68726349,85.88566208],[243042.6603775,431262.68749237,85.88507366],[243042.66009331,431262.68828583,85.88507271],[243042.65950584,431262.68852234,85.88448429],[243042.65891838,431262.68875122,85.88389587],[243042.65863609,431262.68954468,85.88389492],[243042.65804863,431262.68978119,85.8833065],[243042.65746117,431262.69001007,85.88271904],[243042.6568737,431262.69024658,85.88213062],[243042.65628624,431262.69047546,85.88154316],[243042.65570068,431262.69071198,85.8809557],[243042.65511322,431262.69094849,85.88036919],[243042.65483093,431262.69173431,85.88036823],[243042.65424538,431262.69197083,85.87978077],[243042.65365791,431262.69219971,85.87919426],[243042.65337563,431262.69299316,85.87919331],[243042.65309334,431262.69378662,85.87919235],[243042.65250778,431262.6940155,85.87860584],[243042.65192223,431262.69425201,85.87801933],[243042.65163994,431262.69503784,85.87801838],[243042.65135574,431262.6958313,85.87801743],[243042.65107346,431262.69662476,85.87801647],[243042.65079117,431262.69741821,85.87801647],[243042.65050888,431262.69820404,85.87801552],[243042.65022659,431262.6989975,85.87801456],[243042.64994431,431262.69979095,85.87801361],[243042.64966202,431262.70058441,85.87801361],[243042.64937782,431262.70137024,85.87801266],[243042.64909554,431262.7021637,85.8780117],[243042.64881325,431262.70295715,85.87801075],[243042.64853096,431262.70374298,85.8780098],[243042.6479454,431262.70397949,85.87742329]]",dji_pose_mesh_ray_contour_nodes,
6,6,1,CRC,2533.8203,666.922,2508,661,2555,673,47,12,295,243042.63957024,431262.74456787,85.88452053,dji_pose_mesh_ray_centroid,True,True,1113236,3.325148,warp,,2533.8203,666.922,1,1,1.0,1,3.325148,3.325148,40,40,1.0,"[[2508.0,669.5],[2508.5,669.0],[2509.0,668.5],[2510.0,668.5],[2511.0,668.5],[2512.0,668.5],[2513.0,668.5],[2513.5,668.0],[2514.0,667.5],[2515.0,667.5],[2515.5,667.0],[2516.0,666.5],[2517.0,666.5],[2518.0,666.5],[2519.0,666.5],[2520.0,666.5],[2521.0,666.5],[2522.0,666.5],[2522.5,666.0],[2523.0,665.5],[2524.0,665.5],[2525.0,665.5],[2525.5,665.0],[2526.0,664.5],[2527.0,664.5],[2528.0,664.5],[2529.0,664.5],[2530.0,664.5],[2531.0,664.5],[2531.5,664.0],[2532.0,663.5],[2533.0,663.5],[2533.5,663.0],[2534.0,662.5],[2535.0,662.5],[2536.0,662.5],[2536.5,662.0],[2537.0,661.5],[2538.0,661.5],[2538.5,661.0]]","[[243042.62998581,431262.76413727,85.88147163],[243042.63056755,431262.76391602,85.8820591],[243042.6311512,431262.76369476,85.88264656],[243042.63143539,431262.76290131,85.88264751],[243042.63171768,431262.76210785,85.88264847],[243042.63199997,431262.76131439,85.88264847],[243042.63228226,431262.76052094,85.88264942],[243042.63286591,431262.76029968,85.88323784],[243042.63344955,431262.76007843,85.8838253],[243042.63373184,431262.75928497,85.88382626],[243042.6343174,431262.75906372,85.88441467],[243042.63490105,431262.75884247,85.88500309],[243042.63518333,431262.75804901,85.88500404],[243042.63546753,431262.75725555,85.885005],[243042.63574982,431262.7564621,85.885005],[243042.6360321,431262.75566864,85.88500595],[243042.6363163,431262.75487518,85.8850069],[243042.63659859,431262.75408173,85.88500786],[243042.63718414,431262.75386047,85.88559627],[243042.63776779,431262.75363922,85.88618565],[243042.63805199,431262.75284576,85.8861866],[243042.63833427,431262.75205231,85.8861866],[243042.63891983,431262.75183105,85.88677597],[243042.63950348,431262.75160217,85.88736534],[243042.63978767,431262.75080872,85.88736534],[243042.64006996,431262.75001526,85.88736629],[243042.64035416,431262.7492218,85.88736725],[243042.64063644,431262.74842834,85.8873682],[243042.64092064,431262.74763489,85.88736916],[243042.6415062,431262.74741364,85.88795853],[243042.64209175,431262.74718475,85.8885479],[243042.64237404,431262.7463913,85.88854885],[243042.64295959,431262.74617004,85.88913822],[243042.64354706,431262.74594116,85.88972855],[243042.64382935,431262.74514771,85.88972855],[243042.64411354,431262.74435425,85.8897295],[243042.6446991,431262.744133,85.89031982],[243042.64528656,431262.74390411,85.89091015],[243042.64556885,431262.74311066,85.8909111],[243042.64615631,431262.7428894,85.89150143]]",dji_pose_mesh_ray_contour_nodes,
7,7,1,CRC,4774.9569,700.4441,4730,690,4823,712,93,22,626,243043.19221497,431260.98045349,85.83300877,dji_pose_mesh_ray_centroid,True,True,1112927,3.688756,warp,,4774.9569,700.4441,1,1,1.0,1,3.688756,3.688756,99,99,1.0,"[[4822.0,700.5],[4821.0,700.5],[4820.0,700.5],[4819.0,700.5],[4818.0,700.5],[4817.5,700.0],[4817.0,699.5],[4816.0,699.5],[4815.0,699.5],[4814.0,699.5],[4813.5,699.0],[4813.0,698.5],[4812.0,698.5],[4811.5,698.0],[4811.0,697.5],[4810.0,697.5],[4809.0,697.5],[4808.5,697.0],[4808.0,696.5],[4807.0,696.5],[4806.0,696.5],[4805.0,696.5],[4804.0,696.5],[4803.0,696.5],[4802.5,696.0],[4802.0,695.5],[4801.0,695.5],[4800.0,695.5],[4799.0,695.5],[4798.0,695.5],[4797.5,695.0],[4797.0,694.5],[4796.5,695.0],[4796.0,695.5],[4795.0,695.5],[4794.0,695.5],[4793.0,695.5],[4792.0,695.5],[4791.5,696.0],[4791.0,696.5],[4790.5,697.0],[4790.0,697.5],[4789.0,697.5],[4788.5,698.0],[4788.0,698.5],[4787.5,699.0],[4787.0,699.5],[4786.0,699.5],[4785.0,699.5],[4784.5,700.0],[4784.0,700.5],[4783.5,701.0],[4783.5,702.0],[4783.0,702.5],[4782.5,703.0],[4782.0,703.5],[4781.0,703.5],[4780.0,703.5],[4779.0,703.5],[4778.0,703.5],[4777.0,703.5],[4776.0,703.5],[4775.5,704.0],[4775.0,704.5],[4774.0,704.5],[4773.0,704.5],[4772.5,705.0],[4772.0,705.5],[4771.0,705.5],[4770.0,705.5],[4769.5,706.0],[4769.0,706.5],[4768.0,706.5],[4767.0,706.5],[4766.0,706.5],[4765.0,706.5],[4764.0,706.5],[4763.5,707.0],[4763.0,707.5],[4762.0,707.5],[4761.0,707.5],[4760.0,707.5],[4759.0,707.5],[4758.0,707.5],[4757.5,708.0],[4757.0,708.5],[4756.0,708.5],[4755.5,709.0],[4755.0,709.5],[4754.0,709.5],[4753.0,709.5],[4752.5,710.0],[4752.0,710.5],[4751.0,710.5],[4750.0,710.5],[4749.0,710.5],[4748.0,710.5],[4747.0,710.5],[4746.5,711.0]]","[[243043.20231819,431260.94447327,85.8321104],[243043.20210266,431260.94524384,85.83212852],[243043.20188713,431260.94600677,85.83214569],[243043.2016716,431260.94676971,85.83216381],[243043.20145607,431260.94753265,85.83218193],[243043.20174599,431260.94783783,85.83272266],[243043.20203781,431260.94814301,85.8332634],[243043.20182228,431260.94891357,85.83328152],[243043.20160675,431260.94967651,85.83329868],[243043.20139122,431260.95043945,85.8333168],[243043.20168304,431260.95074463,85.83385754],[243043.20197487,431260.9510498,85.83439922],[243043.20175934,431260.95182037,85.83441639],[243043.20205116,431260.95212555,85.83495808],[243043.20234299,431260.95243073,85.83549976],[243043.20212555,431260.95319366,85.83551693],[243043.20191193,431260.95396423,85.83553505],[243043.20220184,431260.95426941,85.83607674],[243043.20249557,431260.95457458,85.83661842],[243043.20227814,431260.95533752,85.83663654],[243043.20206261,431260.95610809,85.83665466],[243043.20184708,431260.95687103,85.83667183],[243043.20163155,431260.95763397,85.83668995],[243043.20141602,431260.95840454,85.83670807],[243043.20170784,431260.95870972,85.83724976],[243043.20199966,431260.95901489,85.8377924],[243043.20178413,431260.95978546,85.83781052],[243043.2015686,431260.9605484,85.83782768],[243043.20135117,431260.96131134,85.8378458],[243043.20113564,431260.96208191,85.83786392],[243043.20142746,431260.96238708,85.83840656],[243043.20171928,431260.96269989,85.83894825],[243043.20121193,431260.96315765,85.83842373],[243043.20070457,431260.96361542,85.83790016],[243043.20048904,431260.96437836,85.83791733],[243043.20027161,431260.9651413,85.83793545],[243043.20005608,431260.96591187,85.83795357],[243043.19984055,431260.9666748,85.83797169],[243043.19933319,431260.96713257,85.83744717],[243043.19882584,431260.96759033,85.8369236],[243043.19831848,431260.9680481,85.83639908],[243043.19781113,431260.96850586,85.83587551],[243043.1975956,431260.9692688,85.83589363],[243043.19708824,431260.96972656,85.83536911],[243043.19658089,431260.97018433,85.83484554],[243043.19607353,431260.97063446,85.83432198],[243043.19556808,431260.97109222,85.83379936],[243043.19535065,431260.97186279,85.83381653],[243043.19513512,431260.97262573,85.83383465],[243043.19462967,431260.9730835,85.83331108],[243043.19412231,431260.97353363,85.83278751],[243043.19361687,431260.97399139,85.8322649],[243043.1928196,431260.97413635,85.8312006],[243043.19231415,431260.97459412,85.83067799],[243043.19180679,431260.97505188,85.83015537],[243043.19130135,431260.97550964,85.82963276],[243043.19108582,431260.97627258,85.82965088],[243043.19087029,431260.97703552,85.82966804],[243043.19065475,431260.97779846,85.82968616],[243043.19043732,431260.97856903,85.82970428],[243043.19022179,431260.97933197,85.82972145],[243043.19000626,431260.98009491,85.82973957],[243043.18950081,431260.98055267,85.82921696],[243043.18899536,431260.98100281,85.82869434],[243043.18877983,431260.98177338,85.82871246],[243043.1885643,431260.98253632,85.82873058],[243043.18805885,431260.98298645,85.82820797],[243043.18755341,431260.98344421,85.82768536],[243043.18733788,431260.98420715,85.82770348],[243043.18712234,431260.98497009,85.8277216],[243043.1866169,431260.98542786,85.82719898],[243043.18611145,431260.98587799,85.82667732],[243043.18589592,431260.98664856,85.82669449],[243043.18568039,431260.9874115,85.82671261],[243043.18546486,431260.98817444,85.82672977],[243043.18524933,431260.98893738,85.82674789],[243043.1850338,431260.98970795,85.82676601],[243043.18452835,431260.99015808,85.8262434],[243043.1840229,431260.99061584,85.82572174],[243043.18380737,431260.99137878,85.82573891],[243043.18359184,431260.99214172,85.82575703],[243043.18337631,431260.99290466,85.82577515],[243043.18316078,431260.9936676,85.82579231],[243043.18294525,431260.99443817,85.82581043],[243043.1824398,431260.99488831,85.82528877],[243043.18193626,431260.99533844,85.82476711],[243043.18172073,431260.99610901,85.82478428],[243043.18121529,431260.99655914,85.82426262],[243043.18070984,431260.99700928,85.82374096],[243043.18049431,431260.99777985,85.82375908],[243043.18027878,431260.99854279,85.82377624],[243043.17977524,431260.99899292,85.82325554],[243043.1792717,431260.99944305,85.82273388],[243043.17905617,431261.00020599,85.822752],[243043.17884064,431261.00097656,85.82276916],[243043.17862511,431261.0017395,85.82278728],[243043.17840767,431261.00250244,85.82280445],[243043.17819214,431261.00326538,85.82282257],[243043.1776886,431261.00372314,85.82230091]]",dji_pose_mesh_ray_contour_nodes,
8,8,1,CRC,4895.75,698.625,4892,697,4901,701,9,4,24,243043.21969604,431260.88787079,85.83278942,dji_pose_mesh_ray_centroid,True,True,1112927,3.731516,warp,,4895.75,698.625,1,1,1.0,1,3.731516,3.731516,7,7,1.0,"[[4895.5,697.0],[4896.0,697.5],[4897.0,697.5],[4898.0,697.5],[4899.0,697.5],[4899.5,698.0],[4900.0,698.5]]","[[243043.22094536,431260.88779449,85.83452129],[243043.22065163,431260.88749695,85.83398056],[243043.22086525,431260.88673401,85.83396339],[243043.22108078,431260.88597107,85.83394527],[243043.22129631,431260.88520813,85.83392811],[243043.22100258,431260.88491058,85.83338737],[243043.22070885,431260.88461304,85.83284664]]",dji_pose_mesh_ray_contour_nodes,
9,9,1,CRC,4958.0,727.0,4957,727,4960,728,3,1,3,243043.21049118,431260.84540558,85.80178833,dji_pose_mesh_ray_centroid,True,True,1112970,3.722761,warp,,4958.0,727.0,1,1,1.0,1,3.722761,3.722761,3,3,1.0,"[[4957.0,727.0],[4958.0,727.0],[4959.0,727.0]]","[[243043.21027374,431260.84616089,85.80180454],[243043.21049118,431260.84540558,85.80178833],[243043.21070671,431260.84465027,85.80177212]]",dji_pose_mesh_ray_contour_nodes,
10,10,1,CRC,5000.0952,737.8254,4992,735,5010,742,18,7,63,243043.210989,431260.81552887,85.78979111,dji_pose_mesh_ray_centroid,True,True,1112970,3.726243,warp,,5000.0952,737.8254,1,1,1.0,1,3.726243,3.726243,18,18,1.0,"[[5004.5,741.0],[5004.0,740.5],[5003.0,740.5],[5002.0,740.5],[5001.0,740.5],[5000.5,740.0],[5000.0,739.5],[4999.0,739.5],[4998.0,739.5],[4997.0,739.5],[4996.5,739.0],[4996.0,738.5],[4995.0,738.5],[4994.0,738.5],[4993.5,738.0],[4993.0,737.5],[4992.5,737.0],[4992.0,736.5]]","[[243043.2096386,431260.81273651,85.78647613],[243043.20988846,431260.81303406,85.78699398],[243043.20962524,431260.813797,85.78699684],[243043.20936584,431260.81455994,85.7869997],[243043.20910263,431260.81532288,85.78700161],[243043.20935249,431260.81562042,85.78751945],[243043.2096405,431260.81591034,85.78804779],[243043.20942307,431260.81665802,85.788064],[243043.20920753,431260.81741333,85.78807926],[243043.208992,431260.81816864,85.78809547],[243043.20928001,431260.81845856,85.78862476],[243043.20956802,431260.81874084,85.7891531],[243043.20935249,431260.81949615,85.78916931],[243043.20913696,431260.82025146,85.78918552],[243043.20942688,431260.82053375,85.78971481],[243043.20971489,431260.82082367,85.7902441],[243043.2100029,431260.82111359,85.79077339],[243043.21029282,431260.82139587,85.79130363]]",dji_pose_mesh_ray_contour_nodes,
11,11,1,CRC,5023.5758,740.2424,5020,738,5029,743,9,5,33,243043.21520996,431260.79802704,85.7872057,dji_pose_mesh_ray_centroid,True,True,285936,3.733291,warp,,5023.5758,740.2424,1,1,1.0,1,3.733291,3.733291,8,8,1.0,"[[5023.5,738.0],[5024.0,738.5],[5025.0,738.5],[5026.0,738.5],[5026.5,739.0],[5027.0,739.5],[5027.5,740.0],[5028.0,740.5]]","[[243043.21689987,431260.79769135,85.78952122],[243043.21665001,431260.7973938,85.78900337],[243043.21691132,431260.79663086,85.78900051],[243043.21717453,431260.79586792,85.7889986],[243043.21692276,431260.795578,85.78848076],[243043.2166729,431260.79528046,85.78796291],[243043.21642303,431260.79499054,85.78744507],[243043.21617126,431260.79469299,85.78692818]]",dji_pose_mesh_ray_contour_nodes,
12,12,1,CRC,5050.5,746.0,5050,746,5052,747,2,1,2,243043.2178669,431260.77850342,85.7811985,dji_pose_mesh_ray_centroid,True,True,285936,3.738484,warp,,5050.5,746.0,1,1,1.0,1,3.738484,3.738484,2,2,1.0,"[[5050.0,746.0],[5051.0,746.0]]","[[243043.2177372,431260.77888489,85.78119945],[243043.2179985,431260.77812195,85.78119755]]",dji_pose_mesh_ray_contour_nodes,
13,13,1,CRC,1942.6007,774.4366,1924,770,1968,784,44,14,268,243042.39900208,431263.17047882,85.76669407,dji_pose_mesh_ray_centroid,True,True,1113366,3.256583,warp,,1942.6007,774.4366,1,1,1.0,1,3.256583,3.256583,58,58,1.0,"[[1967.0,772.5],[1966.0,772.5],[1965.0,772.5],[1964.5,773.0],[1964.0,773.5],[1963.0,773.5],[1962.0,773.5],[1961.5,774.0],[1961.0,774.5],[1960.0,774.5],[1959.0,774.5],[1958.0,774.5],[1957.0,774.5],[1956.0,774.5],[1955.0,774.5],[1954.0,774.5],[1953.0,774.5],[1952.0,774.5],[1951.0,774.5],[1950.5,775.0],[1950.0,775.5],[1949.0,775.5],[1948.5,776.0],[1948.0,776.5],[1947.0,776.5],[1946.0,776.5],[1945.5,777.0],[1945.0,777.5],[1944.0,777.5],[1943.0,777.5],[1942.5,778.0],[1942.0,778.5],[1941.0,778.5],[1940.0,778.5],[1939.0,778.5],[1938.0,778.5],[1937.0,778.5],[1936.0,778.5],[1935.5,778.0],[1935.0,777.5],[1934.0,777.5],[1933.5,777.0],[1933.5,776.0],[1933.0,775.5],[1932.0,775.5],[1931.5,776.0],[1931.5,777.0],[1932.0,777.5],[1932.5,778.0],[1932.5,779.0],[1932.5,780.0],[1932.0,780.5],[1931.5,781.0],[1931.0,781.5],[1930.5,782.0],[1930.0,782.5],[1929.0,782.5],[1928.5,783.0]]","[[243042.40725327,431263.15254974,85.76885986],[243042.40697861,431263.15332031,85.76885891],[243042.40670204,431263.15409088,85.76885891],[243042.40616798,431263.1542511,85.76830292],[243042.40563393,431263.15441132,85.76774788],[243042.40535927,431263.15518188,85.76774692],[243042.4050827,431263.15595245,85.76774597],[243042.40454865,431263.15611267,85.76719093],[243042.40401459,431263.15626526,85.76663589],[243042.40373993,431263.15703583,85.76663494],[243042.40346527,431263.1578064,85.76663494],[243042.40319061,431263.15857697,85.76663399],[243042.40291405,431263.15935516,85.76663303],[243042.40263939,431263.16012573,85.76663303],[243042.40236473,431263.1608963,85.76663208],[243042.40209007,431263.16166687,85.76663113],[243042.40181351,431263.16243744,85.76663113],[243042.40153885,431263.16320801,85.76663017],[243042.40126419,431263.16397858,85.76662922],[243042.40073013,431263.16413116,85.76607418],[243042.40019608,431263.16429138,85.7655201],[243042.39992142,431263.16506195,85.76551914],[243042.39938927,431263.16522217,85.76496506],[243042.39885712,431263.16537476,85.76441002],[243042.39858055,431263.16614532,85.76440906],[243042.39830589,431263.16691589,85.76440906],[243042.39777374,431263.16707611,85.76385498],[243042.39724159,431263.1672287,85.7633009],[243042.39696693,431263.16799927,85.76329994],[243042.39669037,431263.16876984,85.76329899],[243042.39615822,431263.16893005,85.7627449],[243042.39562798,431263.16908264,85.76219177],[243042.39535332,431263.16985321,85.76219082],[243042.39507675,431263.17062378,85.76218986],[243042.39480209,431263.17139435,85.76218986],[243042.39452744,431263.17216492,85.76218891],[243042.39425278,431263.17293549,85.76218796],[243042.39397812,431263.17370605,85.76218796],[243042.39423561,431263.17431641,85.76274013],[243042.3944912,431263.17493439,85.76329422],[243042.39421654,431263.17570496,85.76329327],[243042.39447403,431263.17631531,85.7638464],[243042.39526367,431263.1767807,85.76495457],[243042.39552116,431263.17739105,85.76550865],[243042.3952446,431263.17816162,85.7655077],[243042.39471245,431263.17832184,85.76495361],[243042.39392471,431263.17785645,85.76384544],[243042.39366722,431263.17724609,85.76329231],[243042.39340973,431263.17662811,85.76273823],[243042.39262199,431263.17617035,85.76163197],[243042.39183426,431263.17571259,85.7605257],[243042.39130211,431263.17586517,85.75997257],[243042.39077187,431263.17601776,85.75941944],[243042.39024162,431263.17617798,85.75886726],[243042.38971138,431263.17633057,85.75831413],[243042.38917923,431263.17648315,85.75776195],[243042.38890648,431263.17725372,85.757761],[243042.38837624,431263.17740631,85.75720882]]",dji_pose_mesh_ray_contour_nodes,
14,1,3,SPL,759.3925,39.3067,702,0,833,81,131,81,6629,243042.69322777,431264.72999573,86.78401852,dji_pose_mesh_ray_centroid,True,True,1114534,4.75397,warp,,759.3925,39.3067,1,1,1.0,1,4.75397,4.75397,214,214,1.0,"[[832.0,28.5],[831.5,29.0],[831.0,29.5],[830.0,29.5],[829.5,30.0],[829.0,30.5],[828.0,30.5],[827.0,30.5],[826.0,30.5],[825.5,31.0],[825.0,31.5],[824.0,31.5],[823.5,32.0],[823.0,32.5],[822.0,32.5],[821.5,33.0],[821.0,33.5],[820.5,34.0],[820.0,34.5],[819.5,35.0],[819.5,36.0],[819.0,36.5],[818.0,36.5],[817.5,37.0],[817.0,37.5],[816.0,37.5],[815.0,37.5],[814.0,37.5],[813.0,37.5],[812.0,37.5],[811.5,37.0],[811.0,36.5],[810.5,36.0],[810.0,35.5],[809.5,35.0],[809.0,34.5],[808.5,34.0],[808.0,33.5],[807.5,33.0],[807.5,32.0],[807.0,31.5],[806.5,31.0],[806.0,30.5],[805.5,30.0],[805.0,29.5],[804.0,29.5],[803.5,30.0],[803.0,30.5],[802.5,31.0],[802.5,32.0],[802.5,33.0],[802.0,33.5],[801.5,34.0],[801.5,35.0],[801.0,35.5],[800.5,36.0],[800.0,36.5],[799.0,36.5],[798.0,36.5],[797.5,37.0],[797.0,37.5],[796.5,38.0],[796.0,38.5],[795.5,39.0],[795.5,40.0],[796.0,40.5],[796.5,41.0],[797.0,41.5],[798.0,41.5],[798.5,42.0],[799.0,42.5],[799.5,43.0],[799.5,44.0],[799.5,45.0],[800.0,45.5],[800.5,46.0],[801.0,46.5],[801.5,47.0],[802.0,47.5],[803.0,47.5],[803.5,48.0],[804.0,48.5],[804.5,49.0],[805.0,49.5],[805.5,50.0],[806.0,50.5],[806.5,51.0],[806.5,52.0],[806.0,52.5],[805.5,53.0],[805.0,53.5],[804.5,54.0],[804.5,55.0],[804.0,55.5],[803.0,55.5],[802.0,55.5],[801.0,55.5],[800.0,55.5],[799.0,55.5],[798.0,55.5],[797.0,55.5],[796.0,55.5],[795.0,55.5],[794.0,55.5],[793.0,55.5],[792.0,55.5],[791.5,55.0],[791.0,54.5],[790.0,54.5],[789.5,55.0],[789.0,55.5],[788.5,56.0],[788.5,57.0],[789.0,57.5],[789.5,58.0],[790.0,58.5],[791.0,58.5],[791.5,59.0],[791.5,60.0],[792.0,60.5],[793.0,60.5],[794.0,60.5],[795.0,60.5],[795.5,61.0],[796.0,61.5],[797.0,61.5],[797.5,62.0],[798.0,62.5],[799.0,62.5],[800.0,62.5],[801.0,62.5],[801.5,63.0],[802.0,63.5],[802.5,64.0],[802.0,64.5],[801.5,65.0],[801.0,65.5],[800.0,65.5],[799.0,65.5],[798.0,65.5],[797.5,66.0],[797.0,66.5],[796.5,67.0],[796.0,67.5],[795.0,67.5],[794.5,68.0],[794.0,68.5],[793.0,68.5],[792.0,68.5],[791.0,68.5],[790.5,69.0],[790.0,69.5],[789.0,69.5],[788.0,69.5],[787.5,70.0],[787.0,70.5],[786.5,71.0],[786.0,71.5],[785.5,72.0],[785.0,72.5],[784.5,73.0],[784.0,73.5],[783.0,73.5],[782.5,73.0],[782.0,72.5],[781.0,72.5],[780.0,72.5],[779.0,72.5],[778.0,72.5],[777.5,73.0],[777.0,73.5],[776.0,73.5],[775.5,73.0],[775.0,72.5],[774.0,72.5],[773.0,72.5],[772.0,72.5],[771.0,72.5],[770.0,72.5],[769.5,72.0],[769.0,71.5],[768.5,71.0],[768.0,70.5],[767.5,71.0],[767.5,72.0],[767.5,73.0],[767.5,74.0],[767.5,75.0],[767.0,75.5],[766.0,75.5],[765.0,75.5],[764.0,75.5],[763.5,75.0],[763.0,74.5],[762.0,74.5],[761.5,74.0],[761.0,73.5],[760.0,73.5],[759.0,73.5],[758.5,74.0],[758.0,74.5],[757.5,75.0],[757.5,76.0],[757.0,76.5],[756.5,77.0],[756.0,77.5],[755.5,78.0],[755.0,78.5],[754.0,78.5],[753.5,79.0],[753.0,79.5],[752.0,79.5],[751.0,79.5],[750.5,80.0]]","[[243042.74039841,431264.68171692,86.81001854],[243042.73971367,431264.6816864,86.80915642],[243042.73902893,431264.68166351,86.80829334],[243042.73841095,431264.68236542,86.80811214],[243042.73772812,431264.68234253,86.80725002],[243042.73704338,431264.68231201,86.8063879],[243042.7364254,431264.68301392,86.8062067],[243042.73580742,431264.68372345,86.8060255],[243042.73519135,431264.68442535,86.80584431],[243042.73450851,431264.68440247,86.80498314],[243042.73382568,431264.68437195,86.80412292],[243042.7332077,431264.68507385,86.80394077],[243042.73252678,431264.68505096,86.80308151],[243042.73184395,431264.68502045,86.80222034],[243042.73122787,431264.68572998,86.8020401],[243042.73054695,431264.68569946,86.80118084],[243042.72986412,431264.68566895,86.80032062],[243042.7291832,431264.68564606,86.79946232],[243042.72850227,431264.68561554,86.79860306],[243042.72782326,431264.68558502,86.79774475],[243042.72707748,431264.68482971,86.79620838],[243042.72639847,431264.68479919,86.79535103],[243042.72578239,431264.68550873,86.79517174],[243042.72510338,431264.68547821,86.79431343],[243042.72442245,431264.68544769,86.79345608],[243042.72380829,431264.6861496,86.79327679],[243042.72319412,431264.68685913,86.7930975],[243042.72257805,431264.68756104,86.79291725],[243042.72196388,431264.68826294,86.79273796],[243042.72134972,431264.68896484,86.79255772],[243042.72141266,431264.68969727,86.79323578],[243042.72147751,431264.69042969,86.79391193],[243042.72154236,431264.69115448,86.79459],[243042.7216053,431264.6918869,86.7952671],[243042.72167015,431264.69261932,86.79594421],[243042.72173309,431264.69335175,86.79662132],[243042.72179794,431264.69408417,86.79729843],[243042.72186279,431264.69481659,86.79797649],[243042.72192574,431264.69554901,86.79865456],[243042.7226696,431264.69631195,86.80019093],[243042.72273445,431264.69704437,86.80086899],[243042.7227993,431264.69777679,86.80154705],[243042.72286224,431264.69850922,86.80222511],[243042.72292709,431264.69924164,86.80290413],[243042.72299194,431264.69997406,86.80358314],[243042.72237587,431264.70067596,86.80340195],[243042.72169685,431264.70064545,86.80254269],[243042.72101784,431264.70061493,86.80168438],[243042.72033882,431264.70058441,86.80082607],[243042.71959496,431264.69982147,86.7992897],[243042.718853,431264.69905853,86.79775429],[243042.71817589,431264.69902802,86.79689693],[243042.71749687,431264.6989975,86.79603958],[243042.71675491,431264.69823456,86.79450607],[243042.7160778,431264.69821167,86.79364967],[243042.7154007,431264.69818115,86.79279327],[243042.71472359,431264.69815063,86.79193783],[243042.71411133,431264.69885254,86.79175854],[243042.71349716,431264.69955444,86.79157925],[243042.71282196,431264.69952393,86.7907238],[243042.71214485,431264.69949341,86.78986931],[243042.71146774,431264.69946289,86.78901386],[243042.71079254,431264.69943237,86.78816032],[243042.71011734,431264.69940186,86.78730583],[243042.7093792,431264.69863892,86.78577709],[243042.70931625,431264.69790649,86.78510189],[243042.70925331,431264.6971817,86.78442764],[243042.70919037,431264.69644928,86.78375339],[243042.70980263,431264.69574738,86.78393078],[243042.70973969,431264.69502258,86.78325653],[243042.70967674,431264.69429016,86.78258228],[243042.7096138,431264.69355774,86.78190803],[243042.70887566,431264.69280243,86.7803812],[243042.70813942,431264.69204712,86.77885532],[243042.70807648,431264.6913147,86.77818203],[243042.70801353,431264.69058228,86.77750778],[243042.70795059,431264.68985748,86.77683449],[243042.70788765,431264.68912506,86.77616024],[243042.70782471,431264.68840027,86.7754879],[243042.70843506,431264.68769836,86.77566528],[243042.70837212,431264.68697357,86.77499104],[243042.70830917,431264.68624115,86.77431869],[243042.70824814,431264.68551636,86.7736454],[243042.7081852,431264.68478394,86.77297211],[243042.70812225,431264.68405914,86.77229977],[243042.70805931,431264.68333435,86.77162743],[243042.70799637,431264.68260193,86.77095413],[243042.70726013,431264.68184662,86.76943207],[243042.70672989,431264.68196869,86.76867962],[243042.70622063,431264.68210602,86.76793861],[243042.70570755,431264.68224335,86.76719665],[243042.70519829,431264.68238831,86.7664566],[243042.70462608,431264.68180084,86.76504612],[243042.70411682,431264.68193817,86.76430511],[243042.70366478,431264.68280029,86.76423454],[243042.70321465,431264.68366241,86.76416397],[243042.70276451,431264.68453217,86.7640934],[243042.70231247,431264.68539429,86.76402283],[243042.70186234,431264.68625641,86.76395225],[243042.7014122,431264.68711853,86.76388168],[243042.70096207,431264.68798065,86.76381111],[243042.70051003,431264.68884277,86.76374054],[243042.70005989,431264.6897049,86.76366997],[243042.69960976,431264.69056702,86.7635994],[243042.69915962,431264.69142914,86.76352882],[243042.69870949,431264.69229126,86.76345825],[243042.69876862,431264.69301605,86.76412773],[243042.69882774,431264.69374084,86.76479721],[243042.69837761,431264.69460297,86.76472664],[243042.69786835,431264.6947403,86.76398659],[243042.69735718,431264.69487762,86.76324749],[243042.69684792,431264.69501495,86.76250744],[243042.69627953,431264.69442749,86.76109886],[243042.6962204,431264.69371033,86.76043034],[243042.69616127,431264.69298553,86.75976181],[243042.69610214,431264.69226074,86.75909233],[243042.69655228,431264.69139862,86.7591629],[243042.69649315,431264.69067383,86.75849438],[243042.69592476,431264.69008636,86.75708771],[243042.69586563,431264.68936157,86.75641918],[243042.69631577,431264.68849945,86.75648975],[243042.6967659,431264.68763733,86.75656033],[243042.69721603,431264.68677521,86.75662994],[243042.69715691,431264.68605042,86.75596142],[243042.69709778,431264.68532562,86.75529385],[243042.69754601,431264.6844635,86.75536346],[243042.69748878,431264.68374634,86.75469589],[243042.69742775,431264.68302155,86.75402737],[243042.69787788,431264.68215942,86.75409794],[243042.69832802,431264.6812973,86.75416851],[243042.69877815,431264.68043518,86.75423813],[243042.69871902,431264.67971039,86.75357056],[243042.6986599,431264.6789856,86.75290203],[243042.69860077,431264.67826843,86.75223541],[243042.69809151,431264.67840576,86.75149727],[243042.69758224,431264.67854309,86.75076008],[243042.69707298,431264.67868042,86.75002289],[243042.69662476,431264.67954254,86.74995327],[243042.69617462,431264.68040466,86.7498827],[243042.69572449,431264.68126678,86.74981308],[243042.69521523,431264.68140411,86.74907589],[243042.69470787,431264.68154144,86.7483387],[243042.69420052,431264.6816864,86.74760246],[243042.69369125,431264.68182373,86.74686527],[243042.69324303,431264.68268585,86.74679661],[243042.69273376,431264.68282318,86.74605942],[243042.69222641,431264.68296051,86.74532318],[243042.69177628,431264.68382263,86.74525356],[243042.69132805,431264.68468475,86.74518394],[243042.69087982,431264.68553925,86.74511433],[243042.69037056,431264.68567657,86.74437809],[243042.6898632,431264.68582153,86.74364281],[243042.68941498,431264.68667603,86.74357319],[243042.68896675,431264.68753815,86.74350357],[243042.6884594,431264.68767548,86.74276829],[243042.68795204,431264.68781281,86.742033],[243042.68744469,431264.68795013,86.74129772],[243042.68693733,431264.68808746,86.74056244],[243042.68643188,431264.68822479,86.73982811],[243042.68592453,431264.68836212,86.73909378],[243042.68541908,431264.68850708,86.73835945],[243042.68491173,431264.68864441,86.73762417],[243042.6844635,431264.6894989,86.7375555],[243042.68452072,431264.69022369,86.73822021],[243042.68457985,431264.69094086,86.73888493],[243042.68413162,431264.69180298,86.73881531],[243042.6836834,431264.6926651,86.73874664],[243042.68323517,431264.69351959,86.73867702],[243042.68278694,431264.69438171,86.73860741],[243042.68228149,431264.69451904,86.73787308],[243042.68177605,431264.69465637,86.7371397],[243042.68132782,431264.69551849,86.73707008],[243042.68138504,431264.69623566,86.73773479],[243042.68144226,431264.69696045,86.73839951],[243042.68099403,431264.69781494,86.73832989],[243042.68054581,431264.69867706,86.73826027],[243042.68009758,431264.69953918,86.7381916],[243042.67964935,431264.70039368,86.73812199],[243042.67920303,431264.7012558,86.73805237],[243042.67926025,431264.70197296,86.73871708],[243042.67931747,431264.70269775,86.73938179],[243042.67937469,431264.70342255,86.74004745],[243042.67943192,431264.70414734,86.74071217],[243042.67892647,431264.70427704,86.73997784],[243042.6783638,431264.7036972,86.7385788],[243042.67780113,431264.70310974,86.73717976],[243042.67723846,431264.70252228,86.73578167],[243042.6766758,431264.70193481,86.73438454],[243042.67617035,431264.70207214,86.73365116],[243042.67572403,431264.70292664,86.7335825],[243042.6752758,431264.70378876,86.73351288],[243042.67482948,431264.70464325,86.73344421],[243042.6748867,431264.70536804,86.73410797],[243042.67494392,431264.70609283,86.73477173],[243042.6744957,431264.70694733,86.73470211],[243042.67455292,431264.70767212,86.73536682],[243042.67461014,431264.70838928,86.73603058],[243042.67416382,431264.7092514,86.73596191],[243042.67371559,431264.7101059,86.7358923],[243042.67321014,431264.71024323,86.73515892],[243042.6727066,431264.71038055,86.7344265],[243042.67220116,431264.71051025,86.73369312],[243042.6716404,431264.70992279,86.73229694],[243042.67113686,431264.71006012,86.73156452],[243042.67063332,431264.71019745,86.7308321],[243042.67012978,431264.71032715,86.73009968],[243042.66962433,431264.71046448,86.72936726],[243042.6691227,431264.71060181,86.72863579],[243042.66867447,431264.7114563,86.72856712],[243042.66817093,431264.71159363,86.72783565],[243042.66766739,431264.71172333,86.72710323],[243042.66722107,431264.71258545,86.72703457],[243042.66677475,431264.71343994,86.7269659],[243042.66627121,431264.71357727,86.72623539]]",dji_pose_mesh_ray_contour_nodes,
15,2,3,SPL,3925.2987,1.6234,3913,0,3937,5,24,5,77,243043.71185875,431261.64607239,86.78622055,dji_pose_mesh_ray_centroid,True,True,1112793,4.472831,warp,,3925.2987,1.6234,1,1,1.0,1,4.472831,4.472831,19,19,1.0,"[[3927.5,4.0],[3927.5,3.0],[3927.0,2.5],[3926.5,2.0],[3926.0,1.5],[3925.0,1.5],[3924.0,1.5],[3923.5,1.0],[3923.0,0.5],[3922.0,0.5],[3921.0,0.5],[3920.0,0.5],[3919.0,0.5],[3918.5,1.0],[3918.0,1.5],[3917.5,2.0],[3917.0,2.5],[3916.5,3.0],[3916.5,4.0]]","[[243043.70851135,431261.64393616,86.78176022],[243043.71037292,431261.64395142,86.78370571],[243043.71105957,431261.64443207,86.78464222],[243043.71174622,431261.64492035,86.78557777],[243043.71243286,431261.645401,86.78651428],[243043.71194077,431261.6463623,86.78643799],[243043.71144867,431261.64731598,86.78636074],[243043.71213722,431261.64779663,86.7872982],[243043.71282196,431261.64828491,86.78823471],[243043.71232986,431261.64923859,86.78815842],[243043.71183968,431261.65019989,86.78808117],[243043.71134758,431261.65115356,86.78800487],[243043.71085548,431261.65210724,86.78792763],[243043.70967674,431261.65257263,86.78691387],[243043.70849991,431261.65304565,86.78590107],[243043.70732307,431261.65351105,86.78488827],[243043.70614815,431261.65397644,86.78387642],[243043.70497322,431261.65444946,86.78286457],[243043.70311356,431261.65442657,86.78091907]]",dji_pose_mesh_ray_contour_nodes,
16,3,3,SPL,808.4615,43.4615,807,41,811,46,4,5,13,243042.71475983,431264.6869278,86.78279972,dji_pose_mesh_ray_centroid,True,True,18050,4.738938,warp,,808.4615,43.4615,1,1,1.0,1,4.738938,4.738938,5,5,1.0,"[[808.5,41.0],[809.0,41.5],[809.5,42.0],[809.5,43.0],[810.0,43.5]]","[[243042.71660614,431264.68876648,86.78657055],[243042.71654129,431264.68803406,86.78589535],[243042.71647835,431264.68730927,86.78521919],[243042.7157383,431264.68654633,86.78369045],[243042.71567535,431264.68582153,86.78301525]]",dji_pose_mesh_ray_contour_nodes,
17,4,3,SPL,702.5,44.0,702,44,704,45,2,1,2,243042.66497612,431264.77615356,86.77334213,dji_pose_mesh_ray_centroid,True,True,1114534,4.762336,warp,,702.5,44.0,1,1,1.0,1,4.762336,4.762336,2,2,1.0,"[[702.0,44.0],[703.0,44.0]]","[[243042.66475105,431264.77658844,86.77330685],[243042.66520119,431264.77572632,86.77337837]]",dji_pose_mesh_ray_contour_nodes,
18,5,3,SPL,812.8571,51.2857,812,50,815,53,3,3,7,243042.71167183,431264.67793274,86.77164459,dji_pose_mesh_ray_centroid,True,True,18050,4.726442,warp,,812.8571,51.2857,1,1,1.0,1,4.726442,4.726442,3,3,1.0,"[[812.5,50.0],[813.0,50.5],[814.0,50.5]]","[[243042.71240234,431264.67915344,86.77353954],[243042.7123394,431264.67842102,86.7728672],[243042.71294975,431264.67771912,86.77304363]]",dji_pose_mesh_ray_contour_nodes,
19,6,3,SPL,2969.9784,311.5679,2905,265,3021,349,116,84,5175,243043.07121849,431262.47809601,86.32584763,dji_pose_mesh_ray_centroid,True,True,1113528,3.795501,warp,,2969.9784,311.5679,1,1,1.0,1,3.795501,3.795501,227,227,1.0,"[[2905.0,336.5],[2905.5,336.0],[2906.0,335.5],[2906.5,335.0],[2907.0,334.5],[2907.5,334.0],[2908.0,333.5],[2908.5,333.0],[2908.0,332.5],[2907.5,332.0],[2907.5,331.0],[2907.0,330.5],[2906.0,330.5],[2905.5,330.0],[2906.0,329.5],[2906.5,329.0],[2907.0,328.5],[2908.0,328.5],[2909.0,328.5],[2909.5,328.0],[2910.0,327.5],[2911.0,327.5],[2911.5,328.0],[2912.0,328.5],[2912.5,329.0],[2913.0,329.5],[2913.5,330.0],[2914.0,330.5],[2915.0,330.5],[2916.0,330.5],[2917.0,330.5],[2918.0,330.5],[2918.5,330.0],[2919.0,329.5],[2920.0,329.5],[2920.5,329.0],[2921.0,328.5],[2922.0,328.5],[2922.5,328.0],[2923.0,327.5],[2924.0,327.5],[2925.0,327.5],[2926.0,327.5],[2926.5,327.0],[2927.0,326.5],[2927.5,326.0],[2928.0,325.5],[2928.5,325.0],[2928.5,324.0],[2928.5,323.0],[2928.5,322.0],[2928.5,321.0],[2929.0,320.5],[2929.5,320.0],[2929.5,319.0],[2929.5,318.0],[2930.0,317.5],[2930.5,317.0],[2930.0,316.5],[2929.5,316.0],[2929.0,315.5],[2928.0,315.5],[2927.0,315.5],[2926.5,315.0],[2926.0,314.5],[2925.0,314.5],[2924.5,314.0],[2924.5,313.0],[2924.5,312.0],[2924.5,311.0],[2924.5,310.0],[2924.5,309.0],[2925.0,308.5],[2925.5,308.0],[2926.0,307.5],[2926.5,307.0],[2927.0,306.5],[2927.5,306.0],[2928.0,305.5],[2928.5,305.0],[2929.0,304.5],[2930.0,304.5],[2930.5,305.0],[2931.0,305.5],[2931.5,306.0],[2931.5,307.0],[2931.5,308.0],[2931.5,309.0],[2931.5,310.0],[2932.0,310.5],[2932.5,311.0],[2933.0,311.5],[2934.0,311.5],[2934.5,312.0],[2935.0,312.5],[2936.0,312.5],[2937.0,312.5],[2937.5,312.0],[2938.0,311.5],[2939.0,311.5],[2940.0,311.5],[2940.5,311.0],[2941.0,310.5],[2941.5,310.0],[2942.0,309.5],[2942.5,309.0],[2942.5,308.0],[2942.0,307.5],[2941.5,307.0],[2941.5,306.0],[2941.0,305.5],[2940.5,305.0],[2940.0,304.5],[2939.5,304.0],[2939.0,303.5],[2938.5,303.0],[2938.5,302.0],[2938.0,301.5],[2937.5,301.0],[2937.5,300.0],[2937.0,299.5],[2936.5,299.0],[2936.5,298.0],[2936.5,297.0],[2937.0,296.5],[2937.5,296.0],[2938.0,295.5],[2939.0,295.5],[2939.5,295.0],[2940.0,294.5],[2941.0,294.5],[2941.5,294.0],[2942.0,293.5],[2943.0,293.5],[2944.0,293.5],[2944.5,293.0],[2945.0,292.5],[2946.0,292.5],[2947.0,292.5],[2948.0,292.5],[2949.0,292.5],[2950.0,292.5],[2951.0,292.5],[2951.5,292.0],[2952.0,291.5],[2953.0,291.5],[2954.0,291.5],[2954.5,291.0],[2955.0,290.5],[2956.0,290.5],[2956.5,290.0],[2957.0,289.5],[2958.0,289.5],[2959.0,289.5],[2960.0,289.5],[2961.0,289.5],[2961.5,289.0],[2961.5,288.0],[2962.0,287.5],[2962.5,287.0],[2962.5,286.0],[2963.0,285.5],[2963.5,285.0],[2963.5,284.0],[2963.5,283.0],[2963.5,282.0],[2963.5,281.0],[2964.0,280.5],[2965.0,280.5],[2965.5,280.0],[2966.0,279.5],[2967.0,279.5],[2967.5,279.0],[2968.0,278.5],[2969.0,278.5],[2970.0,278.5],[2970.5,278.0],[2971.0,277.5],[2972.0,277.5],[2972.5,277.0],[2973.0,276.5],[2974.0,276.5],[2975.0,276.5],[2976.0,276.5],[2977.0,276.5],[2978.0,276.5],[2978.5,276.0],[2979.0,275.5],[2980.0,275.5],[2980.5,275.0],[2981.0,274.5],[2982.0,274.5],[2983.0,274.5],[2983.5,274.0],[2984.0,273.5],[2985.0,273.5],[2986.0,273.5],[2987.0,273.5],[2988.0,273.5],[2988.5,273.0],[2989.0,272.5],[2990.0,272.5],[2990.5,272.0],[2991.0,271.5],[2992.0,271.5],[2992.5,271.0],[2993.0,270.5],[2994.0,270.5],[2994.5,270.0],[2995.0,269.5],[2996.0,269.5],[2996.5,269.0],[2997.0,268.5],[2998.0,268.5],[2999.0,268.5],[3000.0,268.5],[3000.5,268.0],[3001.0,267.5],[3002.0,267.5],[3003.0,267.5],[3004.0,267.5],[3004.5,267.0],[3005.0,266.5],[3006.0,266.5],[3006.5,266.0],[3007.0,265.5],[3007.5,265.0]]","[[243043.02214622,431262.52688599,86.28952789],[243043.02288437,431262.52661896,86.29025364],[243043.02362442,431262.5263443,86.29098034],[243043.02436256,431262.52606964,86.29170704],[243043.02510262,431262.52580261,86.29243469],[243043.02584076,431262.52552795,86.29316139],[243043.02658081,431262.5252533,86.29388905],[243043.02732086,431262.52498627,86.29461765],[243043.02755165,431262.52552032,86.2952528],[243043.02778244,431262.52606201,86.29588795],[243043.02875328,431262.52632904,86.29725265],[243043.02898407,431262.52687073,86.29788876],[243043.0284729,431262.52767944,86.29779625],[243043.02870369,431262.52822113,86.29843235],[243043.02944565,431262.52794647,86.29916191],[243043.0301857,431262.52767944,86.29989147],[243043.03092766,431262.52740479,86.30062103],[243043.03143883,431262.52658844,86.30071449],[243043.03195,431262.52577972,86.300807],[243043.03269196,431262.52550507,86.30153751],[243043.03343391,431262.52523041,86.30226803],[243043.03394508,431262.52442169,86.30236149],[243043.03371239,431262.52388,86.30172348],[243043.0334816,431262.52333832,86.30108643],[243043.03325081,431262.52280426,86.30044937],[243043.03301811,431262.52226257,86.29981232],[243043.03278732,431262.52172089,86.29917526],[243043.03255653,431262.5211792,86.29853916],[243043.0330677,431262.52037048,86.29863167],[243043.03357697,431262.51955414,86.29872513],[243043.03408813,431262.51874542,86.29881763],[243043.0345993,431262.51792908,86.29891109],[243043.03534126,431262.51765442,86.29964066],[243043.03608513,431262.51737976,86.30037117],[243043.0365963,431262.51657104,86.30046368],[243043.03733826,431262.51629639,86.30119419],[243043.03808212,431262.51602173,86.30192471],[243043.03859329,431262.51520538,86.30201817],[243043.03933716,431262.51493073,86.30274868],[243043.04008102,431262.51465607,86.30348015],[243043.0405941,431262.51383972,86.30357361],[243043.04110527,431262.51303101,86.30366611],[243043.04161644,431262.51221466,86.30376053],[243043.04236221,431262.51194,86.304492],[243043.04310799,431262.51166534,86.30522442],[243043.04385185,431262.51138306,86.30595589],[243043.04459763,431262.5111084,86.30668831],[243043.0453434,431262.51083374,86.30742073],[243043.04632378,431262.51110077,86.30879402],[243043.04730415,431262.51136017,86.31016731],[243043.04828453,431262.5116272,86.31154156],[243043.04926491,431262.51189423,86.3129158],[243043.05001259,431262.51161194,86.31365013],[243043.05076027,431262.51133728,86.31438541],[243043.05174255,431262.51160431,86.31576252],[243043.05272484,431262.51186371,86.31713963],[243043.05347443,431262.51158905,86.31787586],[243043.05422401,431262.51131439,86.31861305],[243043.05445862,431262.51185608,86.31925487],[243043.05469322,431262.51239777,86.3198967],[243043.05492973,431262.51293945,86.32053947],[243043.05441475,431262.5137558,86.32044506],[243043.05389977,431262.51457214,86.32034969],[243043.05413437,431262.51511383,86.32099247],[243043.05437088,431262.51565552,86.32163525],[243043.0538559,431262.51647186,86.32154083],[243043.0540905,431262.51701355,86.32218361],[243043.05507469,431262.51728058,86.32356453],[243043.05606079,431262.51754761,86.3249464],[243043.05704689,431262.51781464,86.32632828],[243043.05803299,431262.51808167,86.32771206],[243043.059021,431262.51834869,86.32909584],[243043.05977249,431262.51807404,86.32983684],[243043.06052589,431262.51779938,86.3305769],[243043.06127739,431262.51752472,86.3313179],[243043.06203079,431262.51724243,86.33205795],[243043.06278229,431262.51696777,86.33279991],[243043.06353569,431262.51669312,86.33354092],[243043.06428909,431262.51641846,86.33428287],[243043.0650444,431262.51613617,86.33502483],[243043.06579781,431262.51586151,86.33576679],[243043.0663147,431262.51504517,86.33586311],[243043.06607819,431262.51450348,86.33521652],[243043.06583977,431262.51395416,86.33456993],[243043.06560326,431262.51341248,86.33392429],[243043.06461334,431262.51314545,86.3325367],[243043.06362343,431262.51287842,86.33115005],[243043.06263351,431262.51261902,86.32976437],[243043.06164551,431262.51235199,86.32837963],[243043.061409,431262.5118103,86.32773495],[243043.06117249,431262.51126862,86.32709026],[243043.06093597,431262.51072693,86.32644653],[243043.06145096,431262.50990295,86.32654095],[243043.06121635,431262.50936127,86.32589722],[243043.06097984,431262.50881958,86.32525349],[243043.06149483,431262.50800323,86.3253479],[243043.06201172,431262.50718689,86.32544422],[243043.06276321,431262.5069046,86.32618332],[243043.06351662,431262.50662994,86.32692242],[243043.0640316,431262.50580597,86.32701778],[243043.06440735,431262.50495148,86.3270483],[243043.06485367,431262.5045929,86.32764626],[243043.06529808,431262.50423431,86.32824421],[243043.06574249,431262.50387573,86.32884216],[243043.06618881,431262.50350952,86.32944107],[243043.06663513,431262.50315094,86.33003902],[243043.06729698,431262.50332642,86.33127308],[243043.06751251,431262.50386047,86.33190918],[243043.06772995,431262.50440216,86.33254528],[243043.0683918,431262.50457764,86.33378029],[243043.06860924,431262.50511169,86.33441734],[243043.06882668,431262.50564575,86.33505344],[243043.06904221,431262.50618744,86.33568954],[243043.06925964,431262.5067215,86.3363266],[243043.06947708,431262.50726318,86.33696461],[243043.06969452,431262.50779724,86.33760166],[243043.07035828,431262.50797272,86.33883858],[243043.07057381,431262.50850677,86.33947563],[243043.07079124,431262.50904846,86.34011459],[243043.071455,431262.50922394,86.34135246],[243043.07167435,431262.50976562,86.34199047],[243043.07188988,431262.51029968,86.34262848],[243043.07255554,431262.51047516,86.34386826],[243043.0732193,431262.51065826,86.34510803],[243043.07366562,431262.51029205,86.34570885],[243043.07411385,431262.50993347,86.34630966],[243043.07456207,431262.50957489,86.34691143],[243043.07479095,431262.50867462,86.34687328],[243043.07523727,431262.50831604,86.34747505],[243043.0756855,431262.50794983,86.34807682],[243043.07591438,431262.50705719,86.34803867],[243043.07636261,431262.50669098,86.34864044],[243043.07681084,431262.5063324,86.34924221],[243043.07703972,431262.50543213,86.34920406],[243043.0772686,431262.50453186,86.34916592],[243043.07771683,431262.50417328,86.34976768],[243043.07816505,431262.50380707,86.35036945],[243043.07839394,431262.50291443,86.35033226],[243043.07862282,431262.50201416,86.35029411],[243043.0788517,431262.50111389,86.35025597],[243043.07908058,431262.50021362,86.35021782],[243043.07931137,431262.49931335,86.35017967],[243043.07954025,431262.49841309,86.35014248],[243043.07998848,431262.4980545,86.35074329],[243043.0804348,431262.49768829,86.35134602],[243043.08066559,431262.49679565,86.35130787],[243043.08089447,431262.49589539,86.35126972],[243043.0813427,431262.49552917,86.35187149],[243043.08179092,431262.49517059,86.35247421],[243043.08201981,431262.49427032,86.35243607],[243043.08246803,431262.49390411,86.35303783],[243043.08291626,431262.49354553,86.35364056],[243043.08314514,431262.49264526,86.35360241],[243043.08337593,431262.491745,86.35356426],[243043.08360481,431262.49084473,86.35352612],[243043.08383369,431262.48994446,86.35348797],[243043.08428192,431262.48958588,86.35409069],[243043.08494949,431262.48976135,86.35533333],[243043.08539772,431262.48939514,86.35593605],[243043.08584785,431262.48903656,86.35653973],[243043.08651543,431262.48920441,86.35778332],[243043.08696556,431262.48884583,86.35838699],[243043.08741379,431262.48847961,86.35898972],[243043.08808327,431262.48865509,86.36023521],[243043.08875275,431262.48883057,86.36148071],[243043.08942223,431262.48899841,86.36272716],[243043.09009171,431262.48917389,86.36397362],[243043.09053993,431262.48880768,86.36457729],[243043.09077072,431262.48790741,86.3645401],[243043.09122086,431262.48754883,86.36514378],[243043.09167099,431262.48718262,86.36574841],[243043.09189987,431262.48628235,86.36571026],[243043.09235001,431262.48591614,86.36631489],[243043.09280014,431262.48555756,86.36691952],[243043.09302902,431262.48465729,86.36688042],[243043.0932579,431262.48374939,86.36684227],[243043.09370804,431262.48339081,86.3674469],[243043.09415817,431262.4830246,86.36805153],[243043.09438896,431262.48212433,86.36801338],[243043.0948391,431262.48175812,86.36861801],[243043.09528923,431262.48139191,86.36922264],[243043.09551811,431262.48049164,86.36918449],[243043.09574699,431262.47959137,86.36914635],[243043.09597778,431262.4786911,86.36910725],[243043.09620667,431262.47779083,86.3690691],[243043.09643555,431262.47689056,86.36903],[243043.09688759,431262.47652435,86.36963558],[243043.09733772,431262.47616577,86.37024021],[243043.0975666,431262.47525787,86.37020206],[243043.09801674,431262.47489929,86.37080765],[243043.09846878,431262.47453308,86.37141228],[243043.09869766,431262.47363281,86.37137413],[243043.09892845,431262.47273254,86.37133598],[243043.09937859,431262.47236633,86.37194061],[243043.09982872,431262.47200012,86.3725462],[243043.1000576,431262.47109985,86.37250805],[243043.10028839,431262.47019958,86.37246895],[243043.10051727,431262.46929932,86.3724308],[243043.10074615,431262.46839905,86.3723917],[243043.1011982,431262.46803284,86.37299728],[243043.10164833,431262.46766663,86.37360287],[243043.10187912,431262.46676636,86.37356472],[243043.10232925,431262.46640015,86.3741703],[243043.1027813,431262.46603394,86.37477589],[243043.10301018,431262.46513367,86.37473774],[243043.10346222,431262.46476746,86.37534332],[243043.10391235,431262.46440125,86.37594986],[243043.10414314,431262.46350098,86.37591076],[243043.10459518,431262.46313477,86.3765173],[243043.1056633,431262.46292114,86.37741375],[243043.10614204,431262.46208191,86.37749195],[243043.10727882,431262.46188354,86.37842083],[243043.1084137,431262.46169281,86.37934971],[243043.10889435,431262.46084595,86.37942886],[243043.10937309,431262.46000671,86.37950706],[243043.10985374,431262.45916748,86.37958622],[243043.11099052,431262.45897675,86.38051605],[243043.11212921,431262.45877838,86.38144588],[243043.11260986,431262.45793915,86.38152504],[243043.11309052,431262.45709991,86.38160419],[243043.11357117,431262.45625305,86.3816843],[243043.11470985,431262.45606232,86.38261509],[243043.11585045,431262.45586395,86.38354588],[243043.1163311,431262.45501709,86.38362598],[243043.11747169,431262.45481873,86.38455677],[243043.11861229,431262.45462036,86.38548946],[243043.11975479,431262.454422,86.38642311]]",dji_pose_mesh_ray_contour_nodes,
20,7,3,SPL,4158.2,276.6,4157,276,4160,278,3,2,5,243043.44858551,431261.43930054,86.36235809,dji_pose_mesh_ray_centroid,True,True,1112860,4.0595,warp,,4158.2,276.6,1,1,1.0,1,4.0595,4.0595,2,2,1.0,"[[4157.0,276.5],[4157.5,276.0]]","[[243043.44857216,431261.44033813,86.36260414],[243043.44931793,431261.43987274,86.36331749]]",dji_pose_mesh_ray_contour_nodes,
21,8,3,SPL,492.7966,279.8136,488,277,499,284,11,7,59,243042.4048996,431264.76003265,86.41620064,dji_pose_mesh_ray_centroid,True,True,1114582,4.451423,warp,,492.7966,279.8136,1,1,1.0,1,4.451423,4.451423,8,8,1.0,"[[491.5,283.0],[491.0,282.5],[490.0,282.5],[489.5,282.0],[489.0,281.5],[488.5,281.0],[488.5,280.0],[488.0,279.5]]","[[243042.40177155,431264.75803375,86.41148758],[243042.40191269,431264.75884247,86.41215134],[243042.40141678,431264.75954437,86.41204548],[243042.40155602,431264.76035309,86.41270924],[243042.40169716,431264.7611618,86.41337299],[243042.4018383,431264.76196289,86.4140377],[243042.40261841,431264.76287842,86.41547394],[243042.40275955,431264.76368713,86.41613865]]",dji_pose_mesh_ray_contour_nodes,
22,9,3,SPL,1552.944,294.472,1544,289,1562,302,18,13,125,243042.6631031,431263.73828888,86.35794449,dji_pose_mesh_ray_centroid,True,True,1113343,3.962179,warp,,1552.944,294.472,1,1,1.0,1,3.962179,3.962179,34,34,1.0,"[[1561.0,293.5],[1560.5,294.0],[1560.5,295.0],[1560.5,296.0],[1560.0,296.5],[1559.5,297.0],[1559.0,297.5],[1558.5,298.0],[1558.0,298.5],[1557.0,298.5],[1556.5,299.0],[1556.0,299.5],[1555.0,299.5],[1554.5,299.0],[1554.0,298.5],[1553.0,298.5],[1552.0,298.5],[1551.5,298.0],[1551.0,297.5],[1550.0,297.5],[1549.5,297.0],[1549.0,296.5],[1548.5,296.0],[1548.0,295.5],[1547.5,295.0],[1547.5,294.0],[1547.5,293.0],[1548.0,292.5],[1548.5,292.0],[1549.0,291.5],[1549.5,291.0],[1549.5,290.0],[1550.0,289.5],[1550.5,289.0]]","[[243042.66553497,431263.73110962,86.35880852],[243042.66495132,431263.73124695,86.35811138],[243042.66396332,431263.73053741,86.35664749],[243042.66297722,431263.72982788,86.35518455],[243042.66239357,431263.72996521,86.35448933],[243042.66180992,431263.73010254,86.35379314],[243042.66122627,431263.73023224,86.35309696],[243042.66064262,431263.73036957,86.35240173],[243042.66005898,431263.73049927,86.35170555],[243042.65987587,431263.73147583,86.35177517],[243042.65929222,431263.73160553,86.35107994],[243042.65871048,431263.73174286,86.35038471],[243042.65852737,431263.73271942,86.35045338],[243042.65892792,431263.73355865,86.35121727],[243042.65932846,431263.73439789,86.35198212],[243042.65914536,431263.73537445,86.35205078],[243042.65896225,431263.73635101,86.3521204],[243042.65936279,431263.73719025,86.35288429],[243042.65976334,431263.73803711,86.35365009],[243042.65958023,431263.73901367,86.35371876],[243042.65998077,431263.73985291,86.35448456],[243042.66038322,431263.74069977,86.35525036],[243042.66078377,431263.741539,86.35601616],[243042.66118431,431263.74238586,86.35678291],[243042.66158676,431263.7432251,86.35754871],[243042.66257286,431263.74394226,86.35901356],[243042.66355896,431263.74465179,86.36047935],[243042.66414452,431263.74452209,86.36117744],[243042.66473007,431263.7443924,86.36187649],[243042.66531563,431263.74425507,86.36257458],[243042.66590118,431263.74412537,86.36327362],[243042.6668911,431263.74484253,86.36474228],[243042.66747665,431263.7447052,86.36544132],[243042.66806412,431263.7445755,86.36614132]]",dji_pose_mesh_ray_contour_nodes,
23,10,3,SPL,488.2143,295.1667,485,292,492,300,7,8,42,243042.39070511,431264.74929047,86.39375305,dji_pose_mesh_ray_centroid,True,True,1114582,4.427029,warp,,488.2143,295.1667,1,1,1.0,1,4.427029,4.427029,8,8,1.0,"[[487.5,299.0],[487.0,298.5],[486.5,298.0],[486.0,297.5],[485.5,297.0],[485.5,296.0],[485.5,295.0],[485.0,294.5]]","[[243042.38739586,431264.74632263,86.38822651],[243042.38753319,431264.74712372,86.38888454],[243042.38767242,431264.7479248,86.38954258],[243042.38781166,431264.74872589,86.39020157],[243042.3879509,431264.74952698,86.39086056],[243042.38872147,431264.75043488,86.39228249],[243042.38949394,431264.75134277,86.39370537],[243042.38963318,431264.75214386,86.39436531]]",dji_pose_mesh_ray_contour_nodes,
24,11,3,SPL,2913.7901,318.4321,2907,313,2921,324,14,11,81,243043.04423141,431262.52457428,86.31506252,dji_pose_mesh_ray_centroid,True,True,1113530,3.778181,warp,,2913.7901,318.4321,1,1,1.0,1,3.778181,3.778181,21,21,1.0,"[[2914.5,313.0],[2914.5,314.0],[2914.5,315.0],[2914.0,315.5],[2913.5,316.0],[2913.0,316.5],[2912.5,317.0],[2912.5,318.0],[2913.0,318.5],[2913.5,318.0],[2914.0,317.5],[2915.0,317.5],[2915.5,317.0],[2916.0,316.5],[2917.0,316.5],[2918.0,316.5],[2918.5,317.0],[2919.0,317.5],[2919.5,318.0],[2919.5,319.0],[2920.0,319.5]]","[[243043.04992867,431262.52545166,86.32261562],[243043.04894638,431262.52518463,86.32123566],[243043.0479641,431262.5249176,86.31985664],[243043.04721642,431262.52519226,86.31911945],[243043.04646873,431262.52546692,86.31838417],[243043.04572105,431262.52574158,86.31764793],[243043.04497337,431262.52600861,86.3169117],[243043.043993,431262.52574158,86.31553554],[243043.0437603,431262.52519989,86.31489468],[243043.04450607,431262.52492523,86.31562996],[243043.04525375,431262.52465057,86.31636524],[243043.04576683,431262.52384186,86.31645966],[243043.04651451,431262.5235672,86.31719494],[243043.04726028,431262.52329254,86.31793117],[243043.04777527,431262.5224762,86.31802559],[243043.04828835,431262.52165985,86.31812],[243043.04805565,431262.52111816,86.31747818],[243043.04782104,431262.52057648,86.31683731],[243043.04758835,431262.52003479,86.31619549],[243043.04660606,431262.51976776,86.31481934],[243043.04637337,431262.51922607,86.31417847]]",dji_pose_mesh_ray_contour_nodes,
25,12,3,SPL,483.7,328.34,480,325,488,333,8,8,50,243042.36311722,431264.72268677,86.34651184,dji_pose_mesh_ray_centroid,True,True,1114582,4.374399,warp,,483.7,328.34,1,1,1.0,1,4.374399,4.374399,5,5,1.0,"[[480.0,327.5],[480.5,327.0],[480.5,326.0],[481.0,325.5],[481.5,325.0]]","[[243042.36194992,431264.72600555,86.34731197],[243042.36257172,431264.72609711,86.34806061],[243042.36332893,431264.72698975,86.34945774],[243042.36395264,431264.72708893,86.35020733],[243042.36457443,431264.72718811,86.35095787]]",dji_pose_mesh_ray_contour_nodes,
26,13,3,SPL,461.1798,362.1573,453,358,469,367,16,9,89,243042.33001137,431264.71207428,86.29934692,dji_pose_mesh_ray_centroid,True,True,1114584,4.330097,warp,,461.1798,362.1573,1,1,1.0,1,4.330097,4.330097,14,14,1.0,"[[458.5,358.0],[459.0,358.5],[460.0,358.5],[461.0,358.5],[461.5,359.0],[462.0,359.5],[463.0,359.5],[464.0,359.5],[464.5,360.0],[465.0,360.5],[466.0,360.5],[467.0,360.5],[467.5,361.0],[468.0,361.5]]","[[243042.33172798,431264.71748352,86.30474186],[243042.33156776,431264.71665955,86.30408668],[243042.33182716,431264.7157135,86.30405426],[243042.33208656,431264.71475983,86.30402279],[243042.33192444,431264.71393585,86.30336761],[243042.33176422,431264.71311951,86.30271339],[243042.33202362,431264.71216583,86.30268097],[243042.33228302,431264.71121979,86.3026495],[243042.3321209,431264.71039581,86.30199432],[243042.33196068,431264.70957947,86.3013401],[243042.33222008,431264.70862579,86.30130863],[243042.33247948,431264.70767975,86.30127621],[243042.33231926,431264.7068634,86.30062199],[243042.33215714,431264.70603943,86.29996777]]",dji_pose_mesh_ray_contour_nodes,
27,14,3,SPL,421.1869,439.4791,387,418,448,462,61,44,1102,243042.26583099,431264.68534851,86.19801903,dji_pose_mesh_ray_centroid,True,True,1114573,4.237416,warp,,421.1869,439.4791,1,1,1.0,1,4.237416,4.237416,84,84,1.0,"[[387.0,452.5],[387.5,452.0],[388.0,451.5],[389.0,451.5],[390.0,451.5],[391.0,451.5],[391.5,451.0],[392.0,450.5],[393.0,450.5],[393.5,450.0],[394.0,449.5],[394.5,449.0],[395.0,448.5],[395.5,448.0],[395.5,447.0],[396.0,446.5],[396.5,446.0],[397.0,445.5],[397.5,445.0],[397.5,444.0],[398.0,443.5],[398.5,443.0],[398.5,442.0],[399.0,441.5],[399.5,441.0],[400.0,440.5],[400.5,440.0],[401.0,439.5],[401.5,439.0],[402.0,438.5],[402.5,438.0],[403.0,437.5],[403.5,437.0],[404.0,436.5],[405.0,436.5],[405.5,436.0],[406.0,435.5],[406.5,435.0],[407.0,434.5],[407.5,434.0],[408.0,433.5],[408.5,433.0],[409.0,432.5],[410.0,432.5],[410.5,432.0],[411.0,431.5],[412.0,431.5],[413.0,431.5],[413.5,431.0],[414.0,430.5],[415.0,430.5],[415.5,430.0],[416.0,429.5],[417.0,429.5],[418.0,429.5],[419.0,429.5],[420.0,429.5],[420.5,429.0],[421.0,428.5],[422.0,428.5],[422.5,428.0],[423.0,427.5],[423.5,427.0],[424.0,426.5],[425.0,426.5],[425.5,426.0],[426.0,425.5],[426.5,425.0],[426.5,424.0],[427.0,423.5],[427.5,423.0],[428.0,422.5],[428.5,422.0],[428.5,421.0],[429.0,420.5],[429.5,420.0],[430.0,419.5],[431.0,419.5],[431.5,419.0],[432.0,418.5],[433.0,418.5],[434.0,418.5],[435.0,418.5],[435.5,418.0]]","[[243042.24565506,431264.70323181,86.18068218],[243042.24616432,431264.70323944,86.18133926],[243042.24667549,431264.70323944,86.18199539],[243042.24699783,431264.70239258,86.18200397],[243042.24731827,431264.70154572,86.18201256],[243042.24764252,431264.70070648,86.18202209],[243042.24815178,431264.70070648,86.18267822],[243042.24866295,431264.70070648,86.18333435],[243042.24898529,431264.69985962,86.18334293],[243042.24949646,431264.69986725,86.18400001],[243042.25000763,431264.69986725,86.1846571],[243042.2505188,431264.69986725,86.18531513],[243042.25102997,431264.69987488,86.18597221],[243042.25154114,431264.69987488,86.18662929],[243042.25224113,431264.70072937,86.18793678],[243042.25275421,431264.70072937,86.18859482],[243042.25326538,431264.70072937,86.18925381],[243042.25377655,431264.700737,86.18991184],[243042.25428963,431264.700737,86.19057083],[243042.25499153,431264.70159149,86.19188023],[243042.25550461,431264.70159149,86.19253921],[243042.25601768,431264.70159912,86.19319916],[243042.25671959,431264.70245361,86.19450951],[243042.25723267,431264.70245361,86.19516945],[243042.25774574,431264.70245361,86.19582939],[243042.25825882,431264.70246124,86.19649029],[243042.2587738,431264.70246124,86.19715118],[243042.25928688,431264.70246887,86.19781208],[243042.25980186,431264.70246887,86.19847298],[243042.26031494,431264.70246887,86.19913387],[243042.26082993,431264.7024765,86.19979477],[243042.261343,431264.7024765,86.20045662],[243042.26185799,431264.7024765,86.20111847],[243042.26237297,431264.70248413,86.20178032],[243042.26269722,431264.70163727,86.20178986],[243042.2632103,431264.70163727,86.20245171],[243042.26372528,431264.70163727,86.20311356],[243042.26424026,431264.7016449,86.20377636],[243042.26475525,431264.7016449,86.20443916],[243042.26527214,431264.7016449,86.20510197],[243042.26578712,431264.70165253,86.20576477],[243042.26630211,431264.70165253,86.20642853],[243042.266819,431264.70165253,86.20709133],[243042.26714325,431264.70080566,86.20710087],[243042.26765823,431264.70080566,86.20776367],[243042.26817513,431264.70081329,86.20842838],[243042.26849937,431264.6999588,86.20843697],[243042.26882362,431264.69911194,86.20844555],[243042.26934052,431264.69911194,86.20911026],[243042.2698555,431264.69911194,86.20977402],[243042.27017975,431264.69826508,86.2097826],[243042.27069855,431264.69826508,86.21044731],[243042.27121353,431264.69826508,86.21111202],[243042.27153778,431264.69741821,86.21112061],[243042.27186394,431264.69656372,86.21113014],[243042.27218819,431264.69571686,86.21113872],[243042.27251244,431264.69486237,86.21114826],[243042.27302933,431264.69486237,86.21181297],[243042.27354622,431264.69487,86.21247768],[243042.27387238,431264.6940155,86.21248722],[243042.27438927,431264.6940155,86.21315193],[243042.27490616,431264.69402313,86.2138176],[243042.27542496,431264.69402313,86.21448326],[243042.27594185,431264.69402313,86.21514893],[243042.27626801,431264.69316864,86.21515751],[243042.2767849,431264.69317627,86.21582317],[243042.2773037,431264.69317627,86.21648979],[243042.27782249,431264.69317627,86.21715641],[243042.27853584,431264.69403076,86.21848011],[243042.27905464,431264.69403076,86.21914673],[243042.27957344,431264.69403839,86.2198143],[243042.28009224,431264.69403839,86.22048187],[243042.28061104,431264.69403839,86.22114944],[243042.28132439,431264.69489288,86.22247505],[243042.28184509,431264.69490051,86.22314358],[243042.2823658,431264.69490051,86.22381115],[243042.2828846,431264.69490051,86.22447967],[243042.28321075,431264.69404602,86.22448921],[243042.28373146,431264.69405365,86.22515774],[243042.28425026,431264.69405365,86.22582626],[243042.28457642,431264.69319916,86.2258358],[243042.28490257,431264.69234467,86.22584438],[243042.28522873,431264.69149017,86.22585392],[243042.28574944,431264.69149017,86.22652245]]",dji_pose_mesh_ray_contour_nodes,
28,15,3,SPL,4460.8396,629.1052,4421,603,4512,663,91,60,3804,243043.16748238,431261.21720123,85.91192722,dji_pose_mesh_ray_centroid,True,True,285949,3.655674,warp,,4460.8396,629.1052,1,1,1.0,1,3.655674,3.655674,88,88,1.0,"[[4511.0,638.5],[4510.0,638.5],[4509.0,638.5],[4508.0,638.5],[4507.0,638.5],[4506.0,638.5],[4505.0,638.5],[4504.5,639.0],[4504.0,639.5],[4503.0,639.5],[4502.0,639.5],[4501.0,639.5],[4500.5,640.0],[4500.0,640.5],[4499.0,640.5],[4498.0,640.5],[4497.5,641.0],[4497.0,641.5],[4496.0,641.5],[4495.0,641.5],[4494.5,642.0],[4494.0,642.5],[4493.0,642.5],[4492.5,643.0],[4492.0,643.5],[4491.0,643.5],[4490.5,644.0],[4490.0,644.5],[4489.0,644.5],[4488.0,644.5],[4487.0,644.5],[4486.0,644.5],[4485.0,644.5],[4484.0,644.5],[4483.5,645.0],[4483.0,645.5],[4482.0,645.5],[4481.0,645.5],[4480.0,645.5],[4479.0,645.5],[4478.5,646.0],[4478.0,646.5],[4477.0,646.5],[4476.0,646.5],[4475.5,647.0],[4475.0,647.5],[4474.5,648.0],[4474.0,648.5],[4473.0,648.5],[4472.0,648.5],[4471.5,649.0],[4471.0,649.5],[4470.0,649.5],[4469.0,649.5],[4468.5,650.0],[4468.0,650.5],[4467.0,650.5],[4466.5,651.0],[4466.0,651.5],[4465.5,652.0],[4465.0,652.5],[4464.5,653.0],[4464.0,653.5],[4463.0,653.5],[4462.0,653.5],[4461.5,654.0],[4461.0,654.5],[4460.0,654.5],[4459.5,655.0],[4459.0,655.5],[4458.0,655.5],[4457.5,656.0],[4457.0,656.5],[4456.5,657.0],[4456.0,657.5],[4455.0,657.5],[4454.5,658.0],[4454.0,658.5],[4453.0,658.5],[4452.5,659.0],[4452.0,659.5],[4451.5,660.0],[4451.0,660.5],[4450.0,660.5],[4449.5,661.0],[4449.0,661.5],[4448.0,661.5],[4447.5,662.0]]","[[243043.17139053,431261.17883301,85.90077019],[243043.17113876,431261.17961884,85.90077877],[243043.17088509,431261.18040466,85.90078735],[243043.17063332,431261.18119049,85.90079594],[243043.17037964,431261.18196869,85.90080452],[243043.17012787,431261.18275452,85.9008131],[243043.1698761,431261.18354034,85.90082169],[243043.16928291,431261.18399048,85.90025711],[243043.16868973,431261.18444061,85.89969253],[243043.16843796,431261.18522644,85.89970112],[243043.16818428,431261.18601227,85.8997097],[243043.16793251,431261.1867981,85.89971828],[243043.16733932,431261.18724823,85.89915371],[243043.16674805,431261.18769836,85.89858913],[243043.16649437,431261.18847656,85.89859772],[243043.1662426,431261.18926239,85.8986063],[243043.16565132,431261.18971252,85.89804172],[243043.16505814,431261.19016266,85.8974781],[243043.16480637,431261.19094849,85.89748669],[243043.1645546,431261.19173431,85.89749527],[243043.16396332,431261.19217682,85.89693069],[243043.16337013,431261.19262695,85.89636707],[243043.16311836,431261.19341278,85.89637566],[243043.16252708,431261.19386292,85.89581203],[243043.16193581,431261.19431305,85.89524841],[243043.16168404,431261.19509125,85.895257],[243043.16109276,431261.19554138,85.89469433],[243043.16050339,431261.19599152,85.89413071],[243043.16024971,431261.19677734,85.89413929],[243043.15999794,431261.19755554,85.89414787],[243043.15974617,431261.19834137,85.89415646],[243043.15949249,431261.1991272,85.89416504],[243043.15924072,431261.1999054,85.89417362],[243043.15898895,431261.20069122,85.8941822],[243043.15839958,431261.20114136,85.89361858],[243043.1578083,431261.20158386,85.89305592],[243043.15755653,431261.20236969,85.8930645],[243043.15730476,431261.20315552,85.89307308],[243043.15705109,431261.20394135,85.89308166],[243043.15679932,431261.20471954,85.89309025],[243043.15620995,431261.20516968,85.89252663],[243043.15561867,431261.20561218,85.89196396],[243043.1553669,431261.20639801,85.89197254],[243043.15511513,431261.20718384,85.89198112],[243043.15452576,431261.20762634,85.89141941],[243043.15393639,431261.20807648,85.89085674],[243043.15334702,431261.20851898,85.89029407],[243043.15275764,431261.20896912,85.88973236],[243043.15250587,431261.20974731,85.88974094],[243043.1522541,431261.21053314,85.88974857],[243043.15166473,431261.21097565,85.88918686],[243043.15107536,431261.21142578,85.88862514],[243043.15082359,431261.21220398,85.88863373],[243043.15057182,431261.21298981,85.88864231],[243043.14998245,431261.21343231,85.8880806],[243043.14939499,431261.21388245,85.88751888],[243043.14914322,431261.21466064,85.88752747],[243043.14855385,431261.21511078,85.88696575],[243043.14796638,431261.21555328,85.88640499],[243043.14737701,431261.21599579,85.88584328],[243043.14678955,431261.21644592,85.88528252],[243043.14620209,431261.21688843,85.88472176],[243043.14561653,431261.21733093,85.88416195],[243043.14536285,431261.21811676,85.88416958],[243043.14511108,431261.21889496,85.88417816],[243043.14452362,431261.21933746,85.8836174],[243043.14393806,431261.2197876,85.88305759],[243043.14368439,431261.2205658,85.88306522],[243043.14309883,431261.2210083,85.88250542],[243043.14251137,431261.22145081,85.88194561],[243043.1422596,431261.22223663,85.88195324],[243043.14167404,431261.22267914,85.88139343],[243043.14108658,431261.22312164,85.88083363],[243043.14050102,431261.22356415,85.88027382],[243043.13991356,431261.22400665,85.87971497],[243043.13966179,431261.22479248,85.87972355],[243043.13907814,431261.22523499,85.87916374],[243043.13849068,431261.22567749,85.87860489],[243043.13823891,431261.22645569,85.87861252],[243043.13765335,431261.22689819,85.87805366],[243043.13706779,431261.2273407,85.87749481],[243043.13648224,431261.2277832,85.87693596],[243043.13589668,431261.22822571,85.87637711],[243043.13564682,431261.22900391,85.87638569],[243043.13506126,431261.22944641,85.87582779],[243043.13447571,431261.22988892,85.87526894],[243043.13422585,431261.23066711,85.87527752],[243043.13364029,431261.23110962,85.87471867]]",dji_pose_mesh_ray_contour_nodes,
29,16,3,SPL,4645.3421,689.077,4614,679,4677,698,63,19,649,243043.17054939,431261.0789032,85.84667301,dji_pose_mesh_ray_centroid,True,True,1112834,3.656585,warp,,4645.3421,689.077,1,1,1.0,1,3.656585,3.656585,50,50,1.0,"[[4614.0,690.5],[4615.0,690.5],[4616.0,690.5],[4616.5,690.0],[4617.0,689.5],[4617.5,689.0],[4618.0,688.5],[4618.5,688.0],[4618.5,687.0],[4619.0,686.5],[4620.0,686.5],[4620.5,686.0],[4621.0,685.5],[4622.0,685.5],[4623.0,685.5],[4624.0,685.5],[4624.5,686.0],[4625.0,686.5],[4626.0,686.5],[4627.0,686.5],[4628.0,686.5],[4629.0,686.5],[4629.5,687.0],[4630.0,687.5],[4631.0,687.5],[4632.0,687.5],[4633.0,687.5],[4634.0,687.5],[4635.0,687.5],[4635.5,687.0],[4636.0,686.5],[4637.0,686.5],[4638.0,686.5],[4638.5,686.0],[4639.0,685.5],[4639.5,685.0],[4640.0,684.5],[4640.5,684.0],[4640.5,683.0],[4641.0,682.5],[4641.5,682.0],[4642.0,681.5],[4642.5,681.0],[4643.0,680.5],[4644.0,680.5],[4644.5,680.0],[4645.0,679.5],[4646.0,679.5],[4647.0,679.5],[4647.5,679.0]]","[[243043.15788078,431261.10391998,85.8442564],[243043.15824699,431261.10312653,85.84428406],[243043.1586132,431261.1023407,85.84431171],[243043.15921021,431261.10188293,85.84486675],[243043.1598053,431261.10142517,85.84542084],[243043.1604023,431261.10096741,85.84597588],[243043.16099739,431261.10050964,85.84653091],[243043.16159439,431261.10005188,85.84708595],[243043.16242218,431261.09992981,85.84816742],[243043.16301918,431261.09947205,85.84872341],[243043.16338539,431261.09867859,85.84875107],[243043.16398239,431261.09822083,85.84930706],[243043.16457939,431261.09776306,85.8498621],[243043.16494751,431261.0969696,85.84989071],[243043.16531372,431261.09617615,85.84991837],[243043.16567993,431261.09538269,85.84994698],[243043.16544914,431261.095047,85.84941959],[243043.16522026,431261.0947113,85.84889221],[243043.16558647,431261.09391785,85.84891987],[243043.16595268,431261.09312439,85.84894848],[243043.1663208,431261.09233093,85.84897613],[243043.16668701,431261.09153748,85.84900475],[243043.16645622,431261.09120178,85.84847641],[243043.16622543,431261.09087372,85.84794998],[243043.16659355,431261.09008026,85.84797764],[243043.16695976,431261.0892868,85.84800625],[243043.16732597,431261.08849335,85.8480339],[243043.16769409,431261.08769989,85.84806251],[243043.1680603,431261.08690643,85.84809017],[243043.16865921,431261.08644104,85.84864521],[243043.16925621,431261.08598328,85.8492012],[243043.16962433,431261.08518982,85.84922981],[243043.16999054,431261.08439636,85.84925747],[243043.17058945,431261.0839386,85.84981346],[243043.17118645,431261.08347321,85.85036945],[243043.17178535,431261.08301544,85.85092545],[243043.17238426,431261.08255768,85.85148239],[243043.17298317,431261.08209229,85.85203838],[243043.17381477,431261.08196259,85.85312366],[243043.17441368,431261.08150482,85.85368061],[243043.1750145,431261.08104706,85.85423756],[243043.1756134,431261.08058167,85.8547945],[243043.17621422,431261.0801239,85.8553524],[243043.17681313,431261.07965851,85.85590935],[243043.17718124,431261.07886505,85.85593796],[243043.17778206,431261.07839966,85.85649586],[243043.17838287,431261.07794189,85.85705376],[243043.17875099,431261.07714844,85.85708237],[243043.1791172,431261.07634735,85.85711002],[243043.17971802,431261.07588959,85.85766792]]",dji_pose_mesh_ray_contour_nodes,
30,17,3,SPL,4807.7241,698.1724,4801,696,4815,701,14,5,29,243043.2010994,431260.95503998,85.83484173,dji_pose_mesh_ray_centroid,True,True,1112927,3.702093,warp,,4807.7241,698.1724,1,1,1.0,1,3.702093,3.702093,16,16,1.0,"[[4802.5,696.0],[4803.0,696.5],[4804.0,696.5],[4805.0,696.5],[4806.0,696.5],[4807.0,696.5],[4808.0,696.5],[4808.5,697.0],[4809.0,697.5],[4810.0,697.5],[4811.0,697.5],[4811.5,698.0],[4812.0,698.5],[4813.0,698.5],[4813.5,699.0],[4814.0,699.5]]","[[243043.20170784,431260.95870972,85.83724976],[243043.20141602,431260.95840454,85.83670807],[243043.20163155,431260.95763397,85.83668995],[243043.20184708,431260.95687103,85.83667183],[243043.20206261,431260.95610809,85.83665466],[243043.20227814,431260.95533752,85.83663654],[243043.20249557,431260.95457458,85.83661842],[243043.20220184,431260.95426941,85.83607674],[243043.20191193,431260.95396423,85.83553505],[243043.20212555,431260.95319366,85.83551693],[243043.20234299,431260.95243073,85.83549976],[243043.20205116,431260.95212555,85.83495808],[243043.20175934,431260.95182037,85.83441639],[243043.20197487,431260.9510498,85.83439922],[243043.20168304,431260.95074463,85.83385754],[243043.20139122,431260.95043945,85.8333168]]",dji_pose_mesh_ray_contour_nodes,
31,18,3,SPL,4779.4793,704.9008,4764,697,4792,710,28,13,121,243043.18964195,431260.97763824,85.8281889,dji_pose_mesh_ray_centroid,True,True,1112927,3.685443,warp,,4779.4793,704.9008,1,1,1.0,1,3.685443,3.685443,37,37,1.0,"[[4764.0,706.5],[4765.0,706.5],[4766.0,706.5],[4767.0,706.5],[4768.0,706.5],[4769.0,706.5],[4769.5,706.0],[4770.0,705.5],[4771.0,705.5],[4772.0,705.5],[4772.5,705.0],[4773.0,704.5],[4774.0,704.5],[4775.0,704.5],[4775.5,704.0],[4776.0,703.5],[4777.0,703.5],[4778.0,703.5],[4779.0,703.5],[4780.0,703.5],[4781.0,703.5],[4782.0,703.5],[4782.5,703.0],[4783.0,702.5],[4783.5,702.0],[4783.5,701.0],[4784.0,700.5],[4784.5,700.0],[4785.0,699.5],[4786.0,699.5],[4787.0,699.5],[4787.5,699.0],[4788.0,698.5],[4788.5,698.0],[4789.0,697.5],[4790.0,697.5],[4790.5,697.0]]","[[243043.1850338,431260.98970795,85.82676601],[243043.18524933,431260.98893738,85.82674789],[243043.18546486,431260.98817444,85.82672977],[243043.18568039,431260.9874115,85.82671261],[243043.18589592,431260.98664856,85.82669449],[243043.18611145,431260.98587799,85.82667732],[243043.1866169,431260.98542786,85.82719898],[243043.18712234,431260.98497009,85.8277216],[243043.18733788,431260.98420715,85.82770348],[243043.18755341,431260.98344421,85.82768536],[243043.18805885,431260.98298645,85.82820797],[243043.1885643,431260.98253632,85.82873058],[243043.18877983,431260.98177338,85.82871246],[243043.18899536,431260.98100281,85.82869434],[243043.18950081,431260.98055267,85.82921696],[243043.19000626,431260.98009491,85.82973957],[243043.19022179,431260.97933197,85.82972145],[243043.19043732,431260.97856903,85.82970428],[243043.19065475,431260.97779846,85.82968616],[243043.19087029,431260.97703552,85.82966804],[243043.19108582,431260.97627258,85.82965088],[243043.19130135,431260.97550964,85.82963276],[243043.19180679,431260.97505188,85.83015537],[243043.19231415,431260.97459412,85.83067799],[243043.1928196,431260.97413635,85.8312006],[243043.19361687,431260.97399139,85.8322649],[243043.19412231,431260.97353363,85.83278751],[243043.19462967,431260.9730835,85.83331108],[243043.19513512,431260.97262573,85.83383465],[243043.19535065,431260.97186279,85.83381653],[243043.19556808,431260.97109222,85.83379936],[243043.19607353,431260.97063446,85.83432198],[243043.19658089,431260.97018433,85.83484554],[243043.19708824,431260.96972656,85.83536911],[243043.1975956,431260.9692688,85.83589363],[243043.19781113,431260.96850586,85.83587551],[243043.19831848,431260.9680481,85.83639908]]",dji_pose_mesh_ray_contour_nodes,
32,19,3,SPL,4488.8182,771.5455,4483,770,4495,774,12,4,33,243043.05491447,431261.20964813,85.75732231,dji_pose_mesh_ray_centroid,True,True,1112850,3.504189,warp,,4488.8182,771.5455,1,1,1.0,1,3.504189,3.504189,6,6,1.0,"[[4483.0,771.5],[4484.0,771.5],[4484.5,771.0],[4485.0,770.5],[4486.0,770.5],[4486.5,770.0]]","[[243043.05636215,431261.21372986,85.75824165],[243043.05611992,431261.21302795,85.75809193],[243043.05646515,431261.21261597,85.75855827],[243043.05680847,431261.21221161,85.75902367],[243043.05656815,431261.2115097,85.75887394],[243043.05691147,431261.21110535,85.75934029]]",dji_pose_mesh_ray_contour_nodes,
33,20,3,SPL,159.2627,791.9492,152,785,166,798,14,13,118,243041.98376846,431264.64373016,85.78430653,dji_pose_mesh_ray_centroid,True,True,286351,3.916677,warp,,159.2627,791.9492,1,1,1.0,1,3.916677,3.916677,16,16,1.0,"[[152.0,791.5],[152.5,791.0],[153.0,790.5],[154.0,790.5],[155.0,790.5],[156.0,790.5],[156.5,790.0],[157.0,789.5],[158.0,789.5],[159.0,789.5],[159.5,789.0],[159.5,788.0],[159.5,787.0],[160.0,786.5],[160.5,786.0],[160.5,785.0]]","[[243041.98251534,431264.65058899,85.7850399],[243041.98288536,431264.65049744,85.78556347],[243041.98325348,431264.65040588,85.78608799],[243041.98345947,431264.64950562,85.78605366],[243041.98366547,431264.64860535,85.78601932],[243041.98387146,431264.64770508,85.78598595],[243041.98423958,431264.6476059,85.78650951],[243041.9846096,431264.64751434,85.78703403],[243041.9848156,431264.64661407,85.7869997],[243041.98501968,431264.64571381,85.78696537],[243041.98538971,431264.64561462,85.78748989],[243041.98592377,431264.64633179,85.78857326],[243041.98645782,431264.64704132,85.78965664],[243041.98682785,431264.64694977,85.79018211],[243041.98719788,431264.64685822,85.79070759],[243041.98773193,431264.64756775,85.79179192]]",dji_pose_mesh_ray_contour_nodes,
34,21,3,SPL,3864.875,788.875,3864,788,3867,791,3,3,8,243042.90885544,431261.68612671,85.75011921,dji_pose_mesh_ray_centroid,True,True,1112829,3.33956,warp,,3864.875,788.875,1,1,1.0,1,3.33956,3.33956,2,2,1.0,"[[3866.0,789.5],[3865.5,790.0]]","[[243042.90847015,431261.6852417,85.74940014],[243042.90791512,431261.68561554,85.74886608]]",dji_pose_mesh_ray_contour_nodes,
35,22,3,SPL,5256.5452,809.7203,5222,797,5280,827,58,30,1051,243043.22284317,431260.63500977,85.71591568,dji_pose_mesh_ray_centroid,True,True,285945,3.760999,warp,,5256.5452,809.7203,1,1,1.0,1,3.760999,3.760999,76,76,1.0,"[[5277.5,826.0],[5277.0,825.5],[5276.0,825.5],[5275.5,825.0],[5275.0,824.5],[5274.0,824.5],[5273.0,824.5],[5272.0,824.5],[5271.5,824.0],[5271.0,823.5],[5270.0,823.5],[5269.0,823.5],[5268.0,823.5],[5267.0,823.5],[5266.0,823.5],[5265.5,823.0],[5265.0,822.5],[5264.5,822.0],[5264.0,821.5],[5263.0,821.5],[5262.0,821.5],[5261.5,821.0],[5261.0,820.5],[5260.0,820.5],[5259.0,820.5],[5258.0,820.5],[5257.0,820.5],[5256.0,820.5],[5255.0,820.5],[5254.0,820.5],[5253.0,820.5],[5252.0,820.5],[5251.5,820.0],[5251.0,819.5],[5250.0,819.5],[5249.0,819.5],[5248.0,819.5],[5247.0,819.5],[5246.5,819.0],[5246.0,818.5],[5245.0,818.5],[5244.5,818.0],[5244.0,817.5],[5243.5,817.0],[5243.0,816.5],[5242.0,816.5],[5241.5,816.0],[5241.0,815.5],[5240.5,815.0],[5240.0,814.5],[5239.0,814.5],[5238.0,814.5],[5237.5,814.0],[5237.0,813.5],[5236.0,813.5],[5235.5,813.0],[5235.0,812.5],[5234.5,812.0],[5234.0,811.5],[5233.0,811.5],[5232.5,811.0],[5232.0,810.5],[5231.0,810.5],[5230.0,810.5],[5229.0,810.5],[5228.5,810.0],[5228.0,809.5],[5227.0,809.5],[5226.0,809.5],[5225.5,809.0],[5225.0,808.5],[5224.0,808.5],[5223.5,808.0],[5223.5,807.0],[5223.0,806.5],[5222.0,806.5]]","[[243043.21313095,431260.62353516,85.69887161],[243043.21346855,431260.6237793,85.69939423],[243043.21319008,431260.62453461,85.69939041],[243043.21352768,431260.62477112,85.69991302],[243043.21386528,431260.62501526,85.70043468],[243043.21358681,431260.62577057,85.70043182],[243043.21331024,431260.62652588,85.70042896],[243043.21303368,431260.62728119,85.7004261],[243043.21336937,431260.62752533,85.70094776],[243043.21370697,431260.62776947,85.70147037],[243043.2134304,431260.62852478,85.70146751],[243043.21315384,431260.62927246,85.70146465],[243043.21287537,431260.63002777,85.70146179],[243043.2125988,431260.63078308,85.70145893],[243043.21232033,431260.63153839,85.70145607],[243043.21265793,431260.63178253,85.70197773],[243043.21299553,431260.63202667,85.70250034],[243043.21333313,431260.63227081,85.70302296],[243043.21367073,431260.63251495,85.70354652],[243043.21339226,431260.63327026,85.70354366],[243043.21311569,431260.63402557,85.70353985],[243043.21345329,431260.63426971,85.70406342],[243043.21378899,431260.63451385,85.70458603],[243043.21351242,431260.63526917,85.70458317],[243043.21323586,431260.63602448,85.70458031],[243043.21295738,431260.63677979,85.70457745],[243043.21268082,431260.6375351,85.70457458],[243043.21240425,431260.63829041,85.70457172],[243043.21212578,431260.63904572,85.70456886],[243043.21184731,431260.63980103,85.704566],[243043.21157074,431260.64055634,85.70456314],[243043.21129417,431260.64131165,85.70456028],[243043.21163177,431260.64155579,85.70508289],[243043.21196747,431260.64179993,85.70560646],[243043.2116909,431260.64255524,85.7056036],[243043.21141243,431260.64331055,85.70560074],[243043.21113586,431260.64406586,85.70559788],[243043.21085739,431260.64482117,85.70559502],[243043.21119499,431260.64507294,85.70611858],[243043.21153259,431260.64531708,85.70664215],[243043.21125412,431260.64607239,85.70663929],[243043.21159172,431260.64631653,85.70716286],[243043.21192932,431260.64656067,85.70768642],[243043.21226692,431260.64681244,85.70821094],[243043.21260452,431260.64705658,85.70873451],[243043.21232605,431260.64781189,85.70873165],[243043.21266365,431260.64805603,85.70925617],[243043.21300125,431260.6483078,85.70978069],[243043.21334076,431260.64855194,85.71030521],[243043.21367836,431260.64879608,85.71082973],[243043.21339989,431260.64955139,85.71082687],[243043.21312141,431260.65031433,85.71082401],[243043.21345901,431260.65055847,85.71134853],[243043.21379852,431260.65080261,85.71187401],[243043.21352005,431260.65155792,85.71187115],[243043.21385765,431260.65180969,85.71239567],[243043.21419525,431260.65205383,85.71292114],[243043.21453476,431260.6523056,85.71344662],[243043.21487236,431260.65254974,85.71397209],[243043.21459389,431260.65330505,85.71396923],[243043.21493149,431260.65355682,85.7144947],[243043.215271,431260.65380096,85.71502113],[243043.21499252,431260.6545639,85.71501827],[243043.21471405,431260.65531921,85.71501541],[243043.21443748,431260.65607452,85.71501255],[243043.21477509,431260.65632629,85.71553802],[243043.21511459,431260.65657043,85.71606445],[243043.21483421,431260.65732574,85.71606064],[243043.21455765,431260.65808868,85.71605873],[243043.21489525,431260.65833282,85.71658421],[243043.21523476,431260.65858459,85.71711063],[243043.21495628,431260.6593399,85.71710777],[243043.21529388,431260.65959167,85.7176342],[243043.21624947,431260.65932465,85.71869087],[243043.21658897,431260.65957642,85.71921825],[243043.2163105,431260.66033173,85.71921539]]",dji_pose_mesh_ray_contour_nodes,
36,23,3,SPL,1038.25,837.75,1037,837,1040,839,3,2,4,243042.15905762,431263.87538147,85.71763325,dji_pose_mesh_ray_centroid,True,True,1113332,3.460008,warp,,1038.25,837.75,1,1,1.0,1,3.460008,3.460008,3,3,1.0,"[[1037.0,837.5],[1038.0,837.5],[1038.5,837.0]]","[[243042.15899658,431263.87661743,85.71794701],[243042.15915489,431263.87573242,85.71790218],[243042.15950966,431263.87554932,85.71839619]]",dji_pose_mesh_ray_contour_nodes,
37,24,3,SPL,852.75,858.3333,851,857,855,861,4,4,12,243042.1124115,431264.02325439,85.70234585,dji_pose_mesh_ray_centroid,True,True,18046,3.522507,warp,,852.75,858.3333,1,1,1.0,1,3.522507,3.522507,3,3,1.0,"[[851.5,860.0],[851.5,859.0],[851.0,858.5]]","[[243042.11125374,431264.02340698,85.70066166],[243042.11176491,431264.02391815,85.70168018],[243042.11189842,431264.02458191,85.70219612]]",dji_pose_mesh_ray_contour_nodes,
38,25,3,SPL,875.8333,861.3333,874,861,878,863,4,2,6,243042.11619759,431264.00280762,85.69890118,dji_pose_mesh_ray_centroid,True,True,286055,3.51024,warp,,875.8333,861.3333,1,1,1.0,1,3.51024,3.51024,3,3,1.0,"[[875.5,862.0],[875.0,861.5],[874.0,861.5]]","[[243042.11578751,431264.00275421,85.69823074],[243042.11593437,431264.0034256,85.6987505],[243042.11572075,431264.0042572,85.69877338]]",dji_pose_mesh_ray_contour_nodes,
39,26,3,SPL,759.6634,870.5644,747,862,768,878,21,16,202,243042.08340454,431264.09186554,85.69096088,dji_pose_mesh_ray_centroid,True,True,18046,3.547428,warp,,759.6634,870.5644,1,1,1.0,1,3.547428,3.547428,32,32,1.0,"[[747.0,873.5],[747.5,873.0],[748.0,872.5],[748.5,872.0],[749.0,871.5],[749.5,871.0],[750.0,870.5],[751.0,870.5],[752.0,870.5],[752.5,870.0],[753.0,869.5],[754.0,869.5],[754.5,869.0],[755.0,868.5],[756.0,868.5],[757.0,868.5],[757.5,869.0],[758.0,869.5],[759.0,869.5],[759.5,869.0],[759.5,868.0],[759.0,867.5],[758.5,867.0],[758.0,866.5],[757.5,866.0],[757.5,865.0],[758.0,864.5],[758.5,864.0],[759.0,863.5],[759.5,863.0],[760.0,862.5],[760.5,862.0]]","[[243042.078825,431264.10050964,85.68812466],[243042.07919884,431264.10037231,85.68862629],[243042.07957458,431264.10023499,85.68912792],[243042.07994843,431264.10009766,85.68962955],[243042.08032227,431264.09996033,85.69013214],[243042.08069801,431264.099823,85.69063377],[243042.08107185,431264.09968567,85.69113541],[243042.08131599,431264.09887695,85.69112492],[243042.08156204,431264.09807587,85.69111347],[243042.08193588,431264.09793854,85.6916151],[243042.08231163,431264.09780121,85.69211769],[243042.08255577,431264.09699249,85.69210625],[243042.08293152,431264.09685516,85.69260883],[243042.08330536,431264.09671783,85.69311142],[243042.08355141,431264.09590912,85.69309998],[243042.08379555,431264.09510803,85.69308853],[243042.08366585,431264.09443665,85.69257545],[243042.08353615,431264.09377289,85.69206142],[243042.08378029,431264.09296417,85.69204998],[243042.08415604,431264.09282684,85.69255257],[243042.08466148,431264.09335327,85.69356918],[243042.08479118,431264.09402466,85.69408321],[243042.08492088,431264.09468842,85.69459724],[243042.08505249,431264.0953598,85.69511127],[243042.08518219,431264.09602356,85.6956253],[243042.08568764,431264.09655762,85.69664383],[243042.08606339,431264.09641266,85.69714737],[243042.08643913,431264.09627533,85.69764996],[243042.08681488,431264.096138,85.69815445],[243042.08719063,431264.09600067,85.69865799],[243042.08756638,431264.09586334,85.69916153],[243042.08794403,431264.09572601,85.69966507]]",dji_pose_mesh_ray_contour_nodes,
40,27,3,SPL,178.2207,932.7273,116,914,241,950,125,36,2728,243041.90804863,431264.52118683,85.63371324,dji_pose_mesh_ray_centroid,True,True,1114603,3.741019,warp,,178.2207,932.7273,1,1,1.0,1,3.741019,3.741019,91,91,1.0,"[[240.0,927.5],[239.5,928.0],[239.0,928.5],[238.5,929.0],[238.0,929.5],[237.5,930.0],[237.0,930.5],[236.0,930.5],[235.5,931.0],[235.0,931.5],[234.5,932.0],[234.0,932.5],[233.5,933.0],[233.5,934.0],[233.0,934.5],[232.5,935.0],[232.5,936.0],[232.5,937.0],[232.0,937.5],[231.0,937.5],[230.5,938.0],[230.0,938.5],[229.0,938.5],[228.5,939.0],[228.0,939.5],[227.0,939.5],[226.5,940.0],[226.0,940.5],[225.0,940.5],[224.5,941.0],[224.0,941.5],[223.0,941.5],[222.5,942.0],[222.0,942.5],[221.0,942.5],[220.0,942.5],[219.0,942.5],[218.0,942.5],[217.0,942.5],[216.5,943.0],[216.0,943.5],[215.0,943.5],[214.0,943.5],[213.0,943.5],[212.5,944.0],[212.0,944.5],[211.0,944.5],[210.0,944.5],[209.5,945.0],[209.0,945.5],[208.0,945.5],[207.0,945.5],[206.5,946.0],[206.0,946.5],[205.0,946.5],[204.0,946.5],[203.0,946.5],[202.5,947.0],[202.0,947.5],[201.0,947.5],[200.0,947.5],[199.0,947.5],[198.0,947.5],[197.0,947.5],[196.0,947.5],[195.0,947.5],[194.0,947.5],[193.5,947.0],[193.0,946.5],[192.5,947.0],[192.0,947.5],[191.0,947.5],[190.0,947.5],[189.0,947.5],[188.0,947.5],[187.0,947.5],[186.0,947.5],[185.0,947.5],[184.0,947.5],[183.0,947.5],[182.5,948.0],[182.0,948.5],[181.0,948.5],[180.0,948.5],[179.0,948.5],[178.0,948.5],[177.0,948.5],[176.0,948.5],[175.0,948.5],[174.0,948.5],[173.5,949.0]]","[[243041.92548943,431264.47447968,85.6382165],[243041.92512703,431264.47457123,85.63772106],[243041.92476463,431264.47466278,85.63722515],[243041.92440224,431264.47475433,85.63672972],[243041.92403984,431264.47484589,85.63623428],[243041.92367744,431264.47493744,85.63573885],[243041.92331505,431264.47502899,85.63524389],[243041.92312813,431264.47590637,85.63527632],[243041.92276573,431264.47599792,85.63478136],[243041.92240334,431264.47608948,85.6342864],[243041.92204094,431264.47618103,85.63379145],[243041.92167854,431264.47627258,85.63329649],[243041.92131805,431264.47636414,85.63280201],[243041.92078209,431264.47566986,85.63178015],[243041.92041969,431264.47576141,85.63128567],[243041.9200573,431264.47585297,85.63079119],[243041.91952324,431264.47515869,85.62977076],[243041.91898727,431264.47446442,85.62875032],[243041.91862488,431264.47455597,85.62825632],[243041.91843796,431264.47543335,85.62828875],[243041.91807747,431264.4755249,85.62779522],[243041.91771698,431264.47561646,85.62730169],[243041.91752815,431264.47649384,85.62733412],[243041.91716766,431264.47658539,85.62684059],[243041.91680717,431264.47667694,85.62634706],[243041.91661835,431264.47754669,85.62637949],[243041.91625786,431264.47763824,85.62588596],[243041.91589737,431264.4777298,85.62539291],[243041.91571045,431264.47860718,85.62542486],[243041.91534996,431264.47869873,85.62493181],[243041.91498947,431264.47879028,85.62443876],[243041.91480064,431264.47966766,85.62447119],[243041.91444016,431264.47975922,85.62397814],[243041.91407967,431264.47985077,85.62348509],[243041.91389275,431264.48072815,85.62351751],[243041.91370583,431264.48160553,85.62354994],[243041.91351891,431264.48248291,85.62358189],[243041.91333008,431264.48335266,85.62361431],[243041.91314316,431264.48423004,85.62364626],[243041.91278267,431264.48432159,85.62315369],[243041.91242218,431264.48441315,85.62266064],[243041.91223526,431264.48529053,85.62269306],[243041.91204643,431264.48616791,85.62272501],[243041.91185951,431264.48704529,85.62275743],[243041.91149902,431264.48713684,85.62226486],[243041.91113853,431264.48722076,85.62177181],[243041.91095161,431264.48809814,85.62180424],[243041.91076469,431264.48897552,85.62183619],[243041.91040421,431264.48906708,85.62134361],[243041.91004372,431264.48915863,85.62085104],[243041.9098568,431264.49003601,85.62088346],[243041.90948677,431264.49067688,85.62084579],[243041.90888023,431264.49044037,85.62025881],[243041.9082737,431264.49020386,85.6196723],[243041.90786552,431264.49079132,85.61962032],[243041.90745735,431264.49137878,85.61956787],[243041.90704918,431264.49196625,85.6195159],[243041.90644455,431264.49172974,85.61892939],[243041.90583801,431264.49150085,85.61834335],[243041.90542984,431264.49208832,85.61829138],[243041.90502357,431264.49266815,85.6182394],[243041.9046154,431264.49325562,85.61818743],[243041.90420914,431264.49384308,85.61813545],[243041.90380096,431264.49443054,85.61808348],[243041.9033947,431264.49501801,85.6180315],[243041.90298653,431264.49560547,85.61797953],[243041.90258026,431264.49619293,85.61792755],[243041.90277863,431264.49701691,85.61846161],[243041.90297699,431264.49784088,85.61899519],[243041.90237236,431264.49760437,85.61840963],[243041.90176582,431264.49736786,85.61782408],[243041.90135956,431264.49795532,85.61777163],[243041.90095329,431264.49854279,85.61772013],[243041.90054703,431264.49912262,85.61766815],[243041.90013885,431264.49971008,85.61761618],[243041.89973259,431264.50029755,85.6175642],[243041.89932632,431264.50088501,85.61751223],[243041.89892006,431264.50147247,85.61746073],[243041.89851379,431264.50205994,85.61740875],[243041.89810753,431264.50263977,85.61735678],[243041.8975029,431264.50240326,85.6167717],[243041.89690018,431264.50216675,85.6161871],[243041.89649391,431264.50275421,85.61613512],[243041.89608765,431264.50334167,85.61608362],[243041.8956852,431264.50392914,85.61603308],[243041.89532471,431264.50457764,85.61599874],[243041.89496613,431264.50522614,85.61596489],[243041.89460564,431264.505867,85.61593103],[243041.89424706,431264.5065155,85.6158967],[243041.89388657,431264.507164,85.61586285],[243041.89341927,431264.50710297,85.61533022]]",dji_pose_mesh_ray_contour_nodes,
41,28,3,SPL,57.0526,937.4737,55,935,61,940,6,5,19,243041.85823631,431264.59101868,85.62323618,dji_pose_mesh_ray_centroid,True,True,1114597,3.764608,warp,,57.0526,937.4737,1,1,1.0,1,3.764608,3.764608,7,7,1.0,"[[56.5,935.0],[57.0,935.5],[57.5,936.0],[58.0,936.5],[59.0,936.5],[59.5,937.0],[60.0,937.5]]","[[243041.85943604,431264.59331512,85.62576961],[243041.85933304,431264.59259796,85.62527037],[243041.85923004,431264.59188843,85.62477159],[243041.85912514,431264.59117126,85.62427282],[243041.85948372,431264.5905304,85.62430716],[243041.85937881,431264.58982086,85.62380886],[243041.85927582,431264.5891037,85.62331009]]",dji_pose_mesh_ray_contour_nodes,
42,29,3,SPL,62.8333,948.6667,61,948,65,950,4,2,6,243041.85400009,431264.57857513,85.61192465,dji_pose_mesh_ray_centroid,True,True,1114597,3.749832,warp,,62.8333,948.6667,1,1,1.0,1,3.749832,3.749832,3,3,1.0,"[[61.0,948.5],[62.0,948.5],[62.5,948.0]]","[[243041.85343933,431264.57987976,85.61203384],[243041.85379601,431264.57923889,85.61206722],[243041.85425568,431264.57930756,85.61259699]]",dji_pose_mesh_ray_contour_nodes,
43,30,3,SPL,1163.5909,989.2273,1159,986,1169,994,10,8,44,243042.08155441,431263.68067169,85.55656147,dji_pose_mesh_ray_centroid,True,True,286052,3.237283,warp,,1163.5909,989.2273,1,1,1.0,1,3.237283,3.237283,11,11,1.0,"[[1159.0,990.5],[1159.5,990.0],[1160.0,989.5],[1160.5,989.0],[1161.0,988.5],[1161.5,988.0],[1162.0,987.5],[1162.5,987.0],[1163.0,986.5],[1164.0,986.5],[1164.5,986.0]]","[[243042.0798912,431263.68366241,85.55541229],[243042.08028412,431263.68352509,85.55589056],[243042.08067894,431263.68338013,85.55636835],[243042.08107185,431263.6832428,85.5568471],[243042.08146477,431263.68310547,85.55732536],[243042.08185959,431263.68296051,85.55780411],[243042.08225441,431263.68282318,85.55828237],[243042.08264732,431263.68268585,85.55876112],[243042.08304214,431263.68254089,85.55923986],[243042.08324051,431263.68174744,85.55921936],[243042.08363533,431263.68161011,85.55969858]]",dji_pose_mesh_ray_contour_nodes,
44,31,3,SPL,1156.0,996.5,1156,995,1157,999,1,4,4,243042.07577324,431263.68296051,85.54962254,dji_pose_mesh_ray_centroid,True,True,286052,3.232864,warp,,1156.0,996.5,1,1,1.0,1,3.232864,3.232864,4,4,1.0,"[[1156.0,995.0],[1156.0,996.0],[1156.0,997.0],[1156.0,998.0]]","[[243042.07665253,431263.68373108,85.55108356],[243042.07606506,431263.68321991,85.55010939],[243042.07547951,431263.68270111,85.54913568],[243042.07489395,431263.68218994,85.54816246]]",dji_pose_mesh_ray_contour_nodes,
45,32,3,SPL,3952.8858,1029.7916,3912,1010,4000,1049,88,39,2251,243042.71157455,431261.61817932,85.50066709,dji_pose_mesh_ray_centroid,True,True,1112818,3.082928,warp,,3952.8858,1029.7916,1,1,1.0,1,3.082928,3.082928,70,70,1.0,"[[3999.0,1022.5],[3998.5,1023.0],[3998.0,1023.5],[3997.0,1023.5],[3996.5,1024.0],[3996.0,1024.5],[3995.0,1024.5],[3994.5,1025.0],[3994.0,1025.5],[3993.0,1025.5],[3992.5,1026.0],[3992.5,1027.0],[3992.5,1028.0],[3992.5,1029.0],[3992.5,1030.0],[3992.5,1031.0],[3992.5,1032.0],[3992.5,1033.0],[3992.5,1034.0],[3992.5,1035.0],[3992.5,1036.0],[3992.5,1037.0],[3992.5,1038.0],[3992.0,1038.5],[3991.5,1039.0],[3991.0,1039.5],[3990.5,1040.0],[3990.0,1040.5],[3989.0,1040.5],[3988.5,1041.0],[3988.0,1041.5],[3987.0,1041.5],[3986.0,1041.5],[3985.5,1042.0],[3985.0,1042.5],[3984.0,1042.5],[3983.5,1043.0],[3983.0,1043.5],[3982.0,1043.5],[3981.0,1043.5],[3980.5,1044.0],[3980.0,1044.5],[3979.0,1044.5],[3978.5,1045.0],[3978.0,1045.5],[3977.0,1045.5],[3976.5,1046.0],[3976.0,1046.5],[3975.0,1046.5],[3974.0,1046.5],[3973.0,1046.5],[3972.0,1046.5],[3971.0,1046.5],[3970.0,1046.5],[3969.0,1046.5],[3968.5,1047.0],[3968.0,1047.5],[3967.0,1047.5],[3966.0,1047.5],[3965.0,1047.5],[3964.0,1047.5],[3963.0,1047.5],[3962.0,1047.5],[3961.0,1047.5],[3960.0,1047.5],[3959.0,1047.5],[3958.0,1047.5],[3957.0,1047.5],[3956.0,1047.5],[3955.5,1048.0]]","[[243042.72615242,431261.5851593,85.50689888],[243042.72570419,431261.58551788,85.50644159],[243042.72525597,431261.58588409,85.50598431],[243042.72504997,431261.58659363,85.50599527],[243042.72460175,431261.58695984,85.50553799],[243042.72415352,431261.58731842,85.50508118],[243042.72394562,431261.58803558,85.50509262],[243042.7234993,431261.58839417,85.50463581],[243042.72305107,431261.58875275,85.504179],[243042.72284317,431261.58946991,85.50418949],[243042.72239494,431261.58982849,85.50373316],[243042.7217083,431261.58983612,85.50280905],[243042.72102165,431261.58984375,85.50188541],[243042.72033501,431261.58985138,85.50096178],[243042.71964836,431261.58985138,85.5000391],[243042.71896172,431261.58985901,85.49911642],[243042.71827507,431261.58986664,85.49819469],[243042.71759033,431261.58986664,85.49727297],[243042.71690559,431261.58987427,85.49635172],[243042.71622086,431261.5898819,85.49543095],[243042.71553612,431261.58988953,85.49451065],[243042.71485138,431261.58988953,85.49359083],[243042.71416855,431261.58989716,85.49267149],[243042.71372223,431261.59025574,85.49221706],[243042.71327782,431261.59061432,85.49176311],[243042.7128315,431261.5909729,85.49130917],[243042.71238708,431261.59133148,85.49085522],[243042.71194267,431261.59169006,85.49040174],[243042.71173477,431261.59240723,85.49041223],[243042.71129036,431261.59276581,85.48995876],[243042.71084595,431261.59312439,85.48950529],[243042.71063805,431261.59383392,85.48951578],[243042.71043205,431261.59455109,85.48952675],[243042.70998764,431261.59490967,85.48907328],[243042.70954323,431261.59526825,85.4886198],[243042.70933533,431261.59597778,85.48863029],[243042.70889091,431261.59633636,85.4881773],[243042.7084465,431261.59669495,85.48772383],[243042.70824051,431261.59740448,85.48773479],[243042.70803261,431261.59812164,85.48774528],[243042.7075901,431261.59848022,85.48729229],[243042.70714569,431261.59883881,85.48683929],[243042.70693779,431261.59954834,85.48684978],[243042.70649529,431261.59990692,85.48639727],[243042.70605087,431261.6002655,85.48594427],[243042.70584297,431261.60097504,85.48595476],[243042.70540047,431261.60133362,85.48550177],[243042.70495605,431261.6016922,85.48504925],[243042.70475006,431261.60240173,85.48506021],[243042.70454216,431261.6031189,85.48507071],[243042.70433617,431261.60382843,85.48508167],[243042.70413017,431261.60453796,85.48509216],[243042.70392227,431261.60525513,85.48510313],[243042.70371437,431261.60596466,85.48511362],[243042.70350838,431261.60668182,85.48512459],[243042.70306396,431261.60703278,85.48467159],[243042.70262146,431261.60739136,85.48421907],[243042.70241547,431261.60810852,85.48423004],[243042.70220757,431261.60881805,85.48424053],[243042.70200157,431261.60952759,85.4842515],[243042.70179558,431261.61024475,85.48426199],[243042.70158768,431261.61095428,85.48427248],[243042.70138168,431261.61166382,85.48428345],[243042.70117378,431261.61238098,85.48429394],[243042.70096779,431261.61309052,85.4843049],[243042.70075989,431261.61380768,85.48431539],[243042.70055389,431261.61451721,85.48432636],[243042.7003479,431261.61522675,85.48433685],[243042.70014,431261.61594391,85.48434782],[243042.69969749,431261.61629486,85.48389482]]",dji_pose_mesh_ray_contour_nodes,
46,33,3,SPL,2894.3085,1084.0,2887,1080,2902,1088,15,8,94,243042.43926239,431262.37438202,85.45849991,dji_pose_mesh_ray_centroid,True,True,1113217,2.909578,warp,,2894.3085,1084.0,1,1,1.0,1,2.909578,2.909578,13,13,1.0,"[[2887.0,1082.5],[2887.5,1082.0],[2888.0,1081.5],[2889.0,1081.5],[2890.0,1081.5],[2891.0,1081.5],[2892.0,1081.5],[2893.0,1081.5],[2894.0,1081.5],[2894.5,1081.0],[2895.0,1080.5],[2896.0,1080.5],[2896.5,1080.0]]","[[243042.43868828,431262.37995911,85.45995426],[243042.4392395,431262.3797226,85.4604392],[243042.43979263,431262.37948608,85.46092462],[243042.44004631,431262.37876892,85.46092462],[243042.44029808,431262.37805176,85.46092462],[243042.44055176,431262.37734222,85.46092462],[243042.44080544,431262.37662506,85.46092462],[243042.44105911,431262.3759079,85.46092462],[243042.44131279,431262.37519073,85.46092462],[243042.44186401,431262.37495422,85.46141005],[243042.44241714,431262.37471771,85.46189547],[243042.44266891,431262.37400055,85.46189547],[243042.44322395,431262.37376404,85.46238136]]",dji_pose_mesh_ray_contour_nodes,
47,34,3,SPL,1583.21,1228.51,1578,1221,1591,1238,13,17,100,243042.00929832,431263.2412796,85.32566214,dji_pose_mesh_ray_centroid,True,True,1113284,2.86616,warp,,1583.21,1228.51,1,1,1.0,1,2.86616,2.86616,22,22,1.0,"[[1590.0,1225.5],[1589.5,1226.0],[1589.0,1226.5],[1588.0,1226.5],[1587.0,1226.5],[1586.0,1226.5],[1585.0,1226.5],[1584.5,1227.0],[1584.0,1227.5],[1583.5,1228.0],[1583.5,1229.0],[1583.5,1230.0],[1584.0,1230.5],[1584.5,1231.0],[1584.5,1232.0],[1584.5,1233.0],[1584.0,1233.5],[1583.5,1234.0],[1583.5,1235.0],[1583.0,1235.5],[1582.5,1236.0],[1582.5,1237.0]]","[[243042.01207733,431263.23742676,85.3281188],[243042.0117321,431263.23761749,85.32770252],[243042.01138878,431263.2378006,85.32728577],[243042.01120186,431263.23852539,85.32729912],[243042.01101494,431263.23925018,85.32731247],[243042.01082611,431263.23997498,85.32732534],[243042.01063919,431263.24069977,85.3273387],[243042.01029587,431263.24088287,85.32692194],[243042.00995064,431263.24106598,85.32650566],[243042.00960732,431263.24124908,85.32608938],[243042.00910759,431263.24089813,85.32524395],[243042.00860786,431263.24053955,85.32439899],[243042.00845146,431263.24000549,85.32397032],[243042.00829506,431263.23946381,85.32354164],[243042.00779533,431263.23911285,85.32269716],[243042.00729752,431263.23875427,85.32185364],[243042.00695419,431263.23894501,85.32143784],[243042.00661087,431263.23912811,85.32102299],[243042.00611115,431263.23877716,85.32017994],[243042.00576973,431263.23896027,85.31976461],[243042.00542641,431263.23914337,85.31934977],[243042.00492859,431263.23879242,85.31850767]]",dji_pose_mesh_ray_contour_nodes,
48,35,3,SPL,3811.0,1749.0,3811,1749,3812,1750,1,1,1,243042.24839211,431261.70439911,84.92973423,dji_pose_mesh_ray_centroid,True,True,1113144,2.540546,warp,,3811.0,1749.0,1,1,1.0,1,2.540546,2.540546,1,1,1.0,"[[3811.0,1749.0]]","[[243042.24839211,431261.70439911,84.92973423]]",dji_pose_mesh_ray_contour_nodes,
49,36,3,SPL,3774.7768,1784.4629,3731,1759,3840,1814,109,55,3683,243042.21053505,431261.72523499,84.90520859,dji_pose_mesh_ray_centroid,True,True,1113144,2.502284,warp,,3774.7768,1784.4629,1,1,1.0,1,2.502284,2.502284,127,127,1.0,"[[3752.5,1759.0],[3753.0,1759.5],[3754.0,1759.5],[3754.5,1760.0],[3755.0,1760.5],[3756.0,1760.5],[3757.0,1760.5],[3757.5,1761.0],[3758.0,1761.5],[3759.0,1761.5],[3760.0,1761.5],[3761.0,1761.5],[3761.5,1762.0],[3762.0,1762.5],[3762.5,1763.0],[3762.5,1764.0],[3762.5,1765.0],[3763.0,1765.5],[3763.5,1766.0],[3764.0,1766.5],[3765.0,1766.5],[3766.0,1766.5],[3767.0,1766.5],[3767.5,1767.0],[3768.0,1767.5],[3769.0,1767.5],[3770.0,1767.5],[3771.0,1767.5],[3772.0,1767.5],[3772.5,1767.0],[3773.0,1766.5],[3774.0,1766.5],[3774.5,1766.0],[3775.0,1765.5],[3775.5,1765.0],[3776.0,1764.5],[3776.5,1764.0],[3776.5,1763.0],[3777.0,1762.5],[3777.5,1762.0],[3778.0,1761.5],[3779.0,1761.5],[3780.0,1761.5],[3780.5,1761.0],[3781.0,1760.5],[3782.0,1760.5],[3783.0,1760.5],[3784.0,1760.5],[3784.5,1761.0],[3785.0,1761.5],[3785.5,1762.0],[3786.0,1762.5],[3786.5,1763.0],[3786.5,1764.0],[3787.0,1764.5],[3787.5,1765.0],[3788.0,1765.5],[3789.0,1765.5],[3789.5,1766.0],[3790.0,1766.5],[3791.0,1766.5],[3791.5,1767.0],[3792.0,1767.5],[3792.5,1768.0],[3793.0,1768.5],[3794.0,1768.5],[3794.5,1769.0],[3795.0,1769.5],[3796.0,1769.5],[3796.5,1770.0],[3797.0,1770.5],[3798.0,1770.5],[3798.5,1771.0],[3799.0,1771.5],[3800.0,1771.5],[3800.5,1772.0],[3801.0,1772.5],[3802.0,1772.5],[3803.0,1772.5],[3804.0,1772.5],[3805.0,1772.5],[3806.0,1772.5],[3807.0,1772.5],[3807.5,1772.0],[3807.5,1771.0],[3808.0,1770.5],[3808.5,1770.0],[3809.0,1769.5],[3809.5,1769.0],[3809.5,1768.0],[3810.0,1767.5],[3810.5,1767.0],[3811.0,1766.5],[3812.0,1766.5],[3812.5,1766.0],[3813.0,1765.5],[3814.0,1765.5],[3814.5,1766.0],[3815.0,1766.5],[3816.0,1766.5],[3817.0,1766.5],[3817.5,1767.0],[3818.0,1767.5],[3819.0,1767.5],[3820.0,1767.5],[3821.0,1767.5],[3822.0,1767.5],[3823.0,1767.5],[3824.0,1767.5],[3825.0,1767.5],[3826.0,1767.5],[3827.0,1767.5],[3827.5,1768.0],[3828.0,1768.5],[3829.0,1768.5],[3830.0,1768.5],[3831.0,1768.5],[3831.5,1768.0],[3832.0,1767.5],[3833.0,1767.5],[3834.0,1767.5],[3835.0,1767.5],[3836.0,1767.5],[3837.0,1767.5],[3838.0,1767.5],[3838.5,1767.0],[3839.0,1766.5]]","[[243042.21499062,431261.73918152,84.92207098],[243042.21493149,431261.73886871,84.92173958],[243042.21539879,431261.73827362,84.92175341],[243042.21533966,431261.73796082,84.921422],[243042.21528053,431261.73764801,84.9210906],[243042.21574783,431261.73705292,84.92110491],[243042.21621513,431261.73645782,84.92111874],[243042.21615601,431261.73614502,84.92078733],[243042.21609688,431261.73583221,84.92045593],[243042.21656418,431261.73523712,84.92047024],[243042.21702957,431261.73464203,84.92048407],[243042.21749687,431261.73404694,84.92049837],[243042.21743774,431261.73373413,84.92016697],[243042.21737862,431261.73342896,84.91983557],[243042.2173214,431261.73311615,84.91950417],[243042.21673584,431261.73308563,84.91882753],[243042.21615219,431261.73305511,84.91815186],[243042.21609306,431261.73274994,84.91782045],[243042.21603584,431261.73243713,84.91748953],[243042.21597672,431261.73212433,84.9171586],[243042.21644211,431261.73152924,84.91717243],[243042.21690941,431261.73093414,84.91718626],[243042.2173748,431261.73033905,84.91719961],[243042.21731567,431261.73002625,84.91686869],[243042.21725845,431261.72971344,84.91653776],[243042.21772385,431261.72911835,84.91655159],[243042.21819115,431261.72852325,84.91656494],[243042.21865845,431261.72792816,84.91657877],[243042.21912575,431261.72733307,84.91659212],[243042.21965027,431261.72705078,84.91693687],[243042.2201767,431261.72676849,84.9172821],[243042.220644,431261.72616577,84.91729546],[243042.22117043,431261.72588348,84.91764069],[243042.22169685,431261.7256012,84.91798592],[243042.22222328,431261.72531128,84.91833115],[243042.22274971,431261.72502899,84.91867638],[243042.22327805,431261.7247467,84.91902208],[243042.2238636,431261.72476959,84.91969919],[243042.22439194,431261.7244873,84.92004538],[243042.22491837,431261.72419739,84.92039108],[243042.2254467,431261.7239151,84.92073727],[243042.22591591,431261.72331238,84.92075109],[243042.22638321,431261.72271729,84.9207654],[243042.22691154,431261.722435,84.92111158],[243042.22743988,431261.72214508,84.92145777],[243042.22790909,431261.72154999,84.92147207],[243042.2283783,431261.72094727,84.92148638],[243042.2288475,431261.72035217,84.92150021],[243042.22878838,431261.72003937,84.92116785],[243042.22872734,431261.71972656,84.92083549],[243042.22866821,431261.71941376,84.92050362],[243042.22860909,431261.71910858,84.92017126],[243042.22854996,431261.71879578,84.9198389],[243042.22796059,431261.71877289,84.91916084],[243042.22790146,431261.71846008,84.91882896],[243042.22784233,431261.71814728,84.91849709],[243042.2277813,431261.71783447,84.91816521],[243042.2282505,431261.71723938,84.91817903],[243042.22819138,431261.71692657,84.91784716],[243042.22813034,431261.71661377,84.91751528],[243042.22860146,431261.71601868,84.91752911],[243042.22854042,431261.71570587,84.91719723],[243042.22848129,431261.71539307,84.91686535],[243042.22842026,431261.71508789,84.91653347],[243042.22836113,431261.71477509,84.91620207],[243042.22883034,431261.71417236,84.91621542],[243042.22877121,431261.71386719,84.91588402],[243042.22871017,431261.71355438,84.91555214],[243042.22917938,431261.71295166,84.91556597],[243042.22912025,431261.71264648,84.91523409],[243042.22906113,431261.71233368,84.91490269],[243042.22952843,431261.71173859,84.91491604],[243042.2294693,431261.71142578,84.91458464],[243042.22941017,431261.71111298,84.91425276],[243042.22987938,431261.71051788,84.91426659],[243042.22981834,431261.71020508,84.91393471],[243042.22975922,431261.70989227,84.91360331],[243042.23022842,431261.70929718,84.91361666],[243042.23069763,431261.70869446,84.91363001],[243042.23116493,431261.70809937,84.91364336],[243042.23163414,431261.70749664,84.91365671],[243042.23210335,431261.70690155,84.91367006],[243042.23257256,431261.70629883,84.91368341],[243042.2331028,431261.70600891,84.91402864],[243042.23369217,431261.7060318,84.91470575],[243042.23422241,431261.70574188,84.91505098],[243042.23475266,431261.70545197,84.91539669],[243042.23528099,431261.70516968,84.9157424],[243042.23581314,431261.70487976,84.9160881],[243042.23640251,431261.70489502,84.91676617],[243042.23693275,431261.7046051,84.91711235],[243042.2374649,431261.70432281,84.91745853],[243042.23799515,431261.7040329,84.91780472],[243042.23846626,431261.70343018,84.91781855],[243042.23899841,431261.70314026,84.91816473],[243042.23953056,431261.70285034,84.91851139],[243042.23999977,431261.70224762,84.91852522],[243042.23994064,431261.70193481,84.91819286],[243042.23987961,431261.70162964,84.91786003],[243042.24035072,431261.70102692,84.91787386],[243042.24082184,431261.70042419,84.91788769],[243042.2407608,431261.70011139,84.91755485],[243042.24069977,431261.69979858,84.91722202],[243042.24117279,431261.69920349,84.91723585],[243042.241642,431261.69860077,84.91724968],[243042.24211502,431261.69799805,84.91726351],[243042.24258614,431261.69739532,84.91727734],[243042.24305725,431261.6967926,84.91729116],[243042.24353027,431261.69618988,84.91730499],[243042.24400139,431261.69558716,84.91731834],[243042.2444725,431261.69498444,84.91733217],[243042.24494553,431261.69438171,84.917346],[243042.24488449,431261.69407654,84.91701317],[243042.24482346,431261.69376373,84.91668034],[243042.24529457,431261.69316101,84.91669416],[243042.24576759,431261.69255829,84.91670752],[243042.24624062,431261.69195557,84.91672134],[243042.24677277,431261.69166565,84.917068],[243042.24730682,431261.6913681,84.91741514],[243042.24777985,431261.69076538,84.91742897],[243042.24825287,431261.69016266,84.9174428],[243042.24872589,431261.68955994,84.91745663],[243042.24919891,431261.68895721,84.91747045],[243042.24967194,431261.68835449,84.91748428],[243042.25014496,431261.68775177,84.91749811],[243042.25067902,431261.68745422,84.91784525],[243042.25121307,431261.68716431,84.91819239]]",dji_pose_mesh_ray_contour_nodes,
50,37,3,SPL,3919.127,1772.9395,3901,1762,3940,1784,39,22,512,243042.26944733,431261.63817596,84.91406155,dji_pose_mesh_ray_centroid,True,True,1112815,2.5592,warp,,3919.127,1772.9395,1,1,1.0,1,2.5592,2.5592,37,37,1.0,"[[3939.0,1770.5],[3938.0,1770.5],[3937.5,1771.0],[3937.0,1771.5],[3936.5,1772.0],[3936.0,1772.5],[3935.0,1772.5],[3934.5,1773.0],[3934.0,1773.5],[3933.5,1774.0],[3933.0,1774.5],[3932.0,1774.5],[3931.0,1774.5],[3930.5,1775.0],[3930.0,1775.5],[3929.0,1775.5],[3928.5,1776.0],[3928.0,1776.5],[3927.5,1777.0],[3927.0,1777.5],[3926.5,1778.0],[3926.5,1779.0],[3926.0,1779.5],[3925.5,1780.0],[3925.0,1780.5],[3924.5,1781.0],[3924.0,1781.5],[3923.5,1782.0],[3923.0,1782.5],[3922.0,1782.5],[3921.0,1782.5],[3920.0,1782.5],[3919.0,1782.5],[3918.0,1782.5],[3917.0,1782.5],[3916.0,1782.5],[3915.5,1783.0]]","[[243042.27059937,431261.62600708,84.91547871],[243042.27058411,431261.62661743,84.9154892],[243042.270401,431261.62692261,84.91516113],[243042.2702198,431261.62722778,84.91483307],[243042.2700367,431261.62753296,84.91450548],[243042.26985359,431261.62783813,84.91417742],[243042.26983833,431261.62844849,84.91418791],[243042.26965714,431261.62875366,84.91385984],[243042.26947594,431261.62905884,84.91353226],[243042.26929283,431261.62936401,84.91320419],[243042.26910973,431261.62966919,84.91287661],[243042.26909447,431261.63028717,84.91288662],[243042.26908112,431261.63089752,84.91289711],[243042.26889801,431261.6312027,84.91256905],[243042.2687149,431261.63150787,84.91224146],[243042.26869965,431261.63211823,84.91225195],[243042.26851845,431261.6324234,84.91192388],[243042.26833534,431261.63272858,84.91159582],[243042.26815414,431261.63303375,84.91126823],[243042.26797104,431261.63333893,84.91094017],[243042.26778984,431261.6336441,84.91061258],[243042.26743889,431261.6336441,84.90994692],[243042.26725769,431261.63394928,84.90961933],[243042.26707458,431261.63424683,84.90929127],[243042.26689339,431261.634552,84.90896368],[243042.26671028,431261.63485718,84.90863609],[243042.26652908,431261.63516235,84.90830851],[243042.26634598,431261.63546753,84.90798092],[243042.26616478,431261.63577271,84.90765333],[243042.26614952,431261.63638306,84.90766334],[243042.26613426,431261.63700104,84.90767336],[243042.266119,431261.63761139,84.90768337],[243042.26610184,431261.63822174,84.90769291],[243042.26608849,431261.63883972,84.90770292],[243042.26607323,431261.63945007,84.90771294],[243042.26605797,431261.64006042,84.90772295],[243042.26587486,431261.6403656,84.90739536]]",dji_pose_mesh_ray_contour_nodes,
51,38,3,SPL,3851.8333,1766.0556,3849,1765,3856,1768,7,3,18,243042.25756264,431261.67941284,84.91867399,dji_pose_mesh_ray_centroid,True,True,1113144,2.548308,warp,,3851.8333,1766.0556,1,1,1.0,1,2.548308,2.548308,2,2,1.0,"[[3849.0,1765.5],[3849.5,1765.0]]","[[243042.25654984,431261.68113708,84.9190135],[243042.25708771,431261.68083954,84.91936111]]",dji_pose_mesh_ray_contour_nodes,
52,39,3,SPL,3894.2857,1768.0,3891,1766,3900,1771,9,5,35,243042.27080345,431261.65348053,84.91762638,dji_pose_mesh_ray_centroid,True,True,1112815,2.560935,warp,,3894.2857,1768.0,1,1,1.0,1,2.560935,2.560935,6,6,1.0,"[[3896.5,1766.0],[3897.0,1766.5],[3897.5,1767.0],[3898.0,1767.5],[3898.5,1768.0],[3899.0,1768.5]]","[[243042.27153969,431261.6521225,84.9189415],[243042.27136993,431261.65180969,84.91860151],[243042.27120209,431261.65150452,84.91826105],[243042.27103424,431261.65119171,84.91792107],[243042.27086639,431261.65087891,84.91758108],[243042.27069855,431261.65057373,84.9172411]]",dji_pose_mesh_ray_contour_nodes,
53,40,3,SPL,3849.8889,1787.2698,3844,1785,3857,1791,13,6,63,243042.24400902,431261.68025208,84.90425396,dji_pose_mesh_ray_centroid,True,True,1113144,2.534058,warp,,3849.8889,1787.2698,1,1,1.0,1,2.534058,2.534058,10,10,1.0,"[[3851.5,1790.0],[3851.0,1789.5],[3850.0,1789.5],[3849.0,1789.5],[3848.0,1789.5],[3847.0,1789.5],[3846.0,1789.5],[3845.0,1789.5],[3844.5,1789.0],[3844.0,1788.5]]","[[243042.24315071,431261.679245,84.90243196],[243042.24321175,431261.67955017,84.90276289],[243042.24274063,431261.68015289,84.90275049],[243042.24226952,431261.68075562,84.90273857],[243042.24180031,431261.68135834,84.90272617],[243042.24132919,431261.68196106,84.90271378],[243042.24085999,431261.68256378,84.90270138],[243042.24038887,431261.68315887,84.90268946],[243042.24044991,431261.68347168,84.90302038],[243042.24051094,431261.68377686,84.90335131]]",dji_pose_mesh_ray_contour_nodes,
54,41,3,SPL,4015.5727,1928.8618,3862,1819,4144,1995,282,176,16854,243042.21650696,431261.58017731,84.81197166,dji_pose_mesh_ray_centroid,True,True,1113136,2.503098,warp,,4015.5727,1928.8618,1,1,1.0,1,2.503098,2.503098,256,256,1.0,"[[3862.0,1984.5],[3862.5,1984.0],[3864.0,1983.5],[3865.0,1983.5],[3867.0,1983.5],[3869.0,1983.5],[3870.0,1983.5],[3872.0,1983.5],[3873.5,1983.0],[3874.0,1982.5],[3876.0,1982.5],[3876.5,1982.0],[3877.5,1981.0],[3878.0,1979.5],[3878.5,1979.0],[3878.5,1977.0],[3879.5,1976.0],[3880.0,1975.5],[3881.0,1974.5],[3881.5,1973.0],[3881.5,1972.0],[3881.5,1970.0],[3882.0,1969.5],[3882.5,1968.0],[3882.5,1966.0],[3882.5,1965.0],[3883.0,1963.5],[3883.5,1962.0],[3883.5,1961.0],[3884.5,1960.0],[3885.5,1959.0],[3885.5,1958.0],[3886.5,1957.0],[3887.0,1956.5],[3888.0,1955.5],[3889.5,1955.0],[3890.0,1954.5],[3892.0,1954.5],[3893.0,1953.5],[3894.0,1953.5],[3894.5,1952.0],[3893.0,1951.5],[3892.0,1951.5],[3891.0,1950.5],[3890.0,1950.5],[3889.5,1949.0],[3890.0,1947.5],[3890.5,1947.0],[3892.0,1946.5],[3894.0,1946.5],[3895.0,1946.5],[3896.0,1947.5],[3898.0,1947.5],[3899.0,1947.5],[3901.0,1947.5],[3902.0,1947.5],[3903.5,1948.0],[3904.5,1948.0],[3904.5,1947.0],[3905.5,1946.0],[3906.0,1944.5],[3906.5,1944.0],[3907.0,1942.5],[3907.5,1941.0],[3908.0,1940.5],[3909.0,1939.5],[3909.5,1939.0],[3911.0,1938.5],[3912.5,1938.0],[3913.0,1937.5],[3915.0,1937.5],[3917.0,1937.5],[3917.5,1937.0],[3919.0,1936.5],[3921.0,1936.5],[3922.0,1936.5],[3923.5,1937.0],[3924.0,1937.5],[3926.0,1937.5],[3928.0,1937.5],[3928.5,1937.0],[3930.0,1936.5],[3930.5,1935.0],[3931.0,1934.5],[3931.5,1933.0],[3931.5,1931.0],[3931.5,1930.0],[3932.0,1928.5],[3932.5,1928.0],[3933.5,1927.0],[3935.0,1926.5],[3935.5,1926.0],[3936.5,1925.0],[3937.5,1924.0],[3938.0,1923.5],[3939.0,1922.5],[3940.0,1922.5],[3941.0,1921.5],[3942.0,1920.5],[3942.5,1920.0],[3944.0,1919.5],[3946.0,1919.5],[3947.0,1919.5],[3949.0,1919.5],[3951.0,1919.5],[3952.0,1919.5],[3954.0,1919.5],[3955.0,1919.5],[3957.0,1919.5],[3959.0,1919.5],[3960.0,1919.5],[3962.0,1919.5],[3964.0,1919.5],[3965.0,1919.5],[3967.0,1919.5],[3969.0,1919.5],[3970.0,1919.5],[3972.0,1919.5],[3973.0,1919.5],[3975.0,1919.5],[3977.0,1919.5],[3977.5,1919.0],[3978.0,1917.5],[3979.0,1916.5],[3980.0,1916.5],[3981.0,1915.5],[3982.5,1915.0],[3983.0,1914.5],[3985.0,1914.5],[3985.5,1914.0],[3987.0,1913.5],[3988.0,1912.5],[3989.0,1912.5],[3990.0,1911.5],[3991.5,1911.0],[3992.0,1910.5],[3993.0,1909.5],[3994.5,1909.0],[3995.0,1908.5],[3996.0,1907.5],[3997.0,1907.5],[3998.0,1906.5],[3999.0,1905.5],[3999.5,1905.0],[4000.5,1904.0],[4001.5,1903.0],[4002.0,1902.5],[4003.0,1901.5],[4004.0,1900.5],[4004.5,1900.0],[4005.5,1899.0],[4006.0,1898.5],[4007.0,1897.5],[4008.0,1896.5],[4008.5,1896.0],[4009.5,1895.0],[4010.5,1894.0],[4011.0,1893.5],[4012.5,1893.0],[4014.0,1892.5],[4015.0,1892.5],[4016.0,1891.5],[4016.5,1891.0],[4017.5,1890.0],[4018.5,1889.0],[4019.0,1888.5],[4020.0,1887.5],[4021.0,1886.5],[4021.5,1886.0],[4022.5,1885.0],[4023.5,1884.0],[4024.0,1883.5],[4025.0,1882.5],[4025.5,1882.0],[4026.5,1881.0],[4028.0,1880.5],[4028.5,1880.0],[4030.0,1879.5],[4031.0,1878.5],[4032.0,1878.5],[4033.5,1878.0],[4034.0,1877.5],[4035.5,1877.0],[4036.5,1876.0],[4037.0,1875.5],[4038.0,1874.5],[4039.0,1873.5],[4040.0,1873.5],[4041.0,1872.5],[4042.5,1872.0],[4043.0,1871.5],[4045.0,1871.5],[4046.0,1871.5],[4047.0,1870.5],[4048.5,1870.0],[4049.0,1869.5],[4050.5,1869.0],[4052.0,1868.5],[4053.0,1868.5],[4054.0,1867.5],[4055.5,1867.0],[4056.0,1866.5],[4057.5,1866.0],[4058.0,1865.5],[4059.5,1865.0],[4059.5,1863.0],[4060.0,1862.5],[4060.5,1861.0],[4061.0,1859.5],[4061.5,1859.0],[4061.5,1857.0],[4062.5,1856.0],[4062.5,1855.0],[4063.5,1854.0],[4063.5,1853.0],[4064.5,1852.0],[4065.5,1851.0],[4066.0,1850.5],[4066.5,1849.0],[4067.5,1848.0],[4067.5,1847.0],[4068.5,1846.0],[4068.5,1844.0],[4068.5,1843.0],[4068.5,1841.0],[4069.0,1840.5],[4069.5,1839.0],[4070.5,1838.0],[4070.5,1837.0],[4071.0,1835.5],[4071.5,1834.0],[4072.0,1833.5],[4073.0,1832.5],[4074.0,1831.5],[4074.5,1831.0],[4076.0,1830.5],[4076.5,1830.0],[4078.0,1829.5],[4079.5,1829.0],[4080.0,1828.5],[4082.0,1828.5],[4083.5,1828.0],[4084.0,1827.5],[4086.0,1827.5],[4087.0,1826.5],[4087.5,1826.0],[4088.5,1825.0],[4089.0,1824.5],[4090.0,1823.5],[4091.5,1823.0],[4092.0,1822.5],[4093.0,1821.5],[4094.5,1821.0],[4095.0,1820.5],[4096.0,1819.5],[4097.5,1819.0]]","[[243042.14120865,431261.67041779,84.77697468],[243042.14167023,431261.67012787,84.77728367],[243042.14255142,431261.66926575,84.77759266],[243042.14296913,431261.66868591,84.77759218],[243042.14380646,431261.66753387,84.7775917],[243042.14464378,431261.66637421,84.77759123],[243042.14506149,431261.66579437,84.77759075],[243042.14589882,431261.6646347,84.77759027],[243042.14678001,431261.66376495,84.77789926],[243042.1472435,431261.66348267,84.77820921],[243042.14808273,431261.662323,84.77820873],[243042.14854431,431261.66203308,84.7785182],[243042.14947128,431261.66146851,84.77913809],[243042.15044403,431261.66118622,84.78006887],[243042.15090752,431261.66090393,84.78037929],[243042.15192604,431261.66092682,84.78162146],[243042.15285492,431261.66035461,84.78224277],[243042.15332031,431261.6600647,84.78255367],[243042.15424919,431261.65949249,84.78317594],[243042.15522575,431261.65921783,84.78410959],[243042.15573502,431261.65922546,84.78473234],[243042.15675545,431261.65924835,84.78597832],[243042.15722275,431261.65895844,84.78629017],[243042.15819931,431261.65868378,84.78722572],[243042.15922356,431261.65869904,84.78847408],[243042.15973473,431261.65870667,84.78909874],[243042.1607132,431261.65843201,84.7900362],[243042.16169357,431261.65815735,84.79097462],[243042.16220665,431261.65816498,84.79160023],[243042.16314316,431261.65758514,84.79222727],[243042.16407967,431261.65701294,84.79285431],[243042.16459274,431261.65702057,84.79348087],[243042.16552925,431261.65644836,84.79410887],[243042.16599846,431261.65615845,84.7944231],[243042.16693687,431261.65558624,84.79505157],[243042.16782951,431261.65470886,84.79536724],[243042.16829872,431261.65441895,84.79568195],[243042.16914749,431261.65325165,84.79568434],[243042.17008781,431261.65267181,84.79631376],[243042.17051125,431261.65208435,84.79631519],[243042.17149925,431261.65180969,84.79725838],[243042.17111969,431261.65268707,84.79757071],[243042.17069435,431261.65327454,84.79756927],[243042.17078781,431261.65386963,84.79819679],[243042.17036247,431261.65445709,84.79819536],[243042.17092514,431261.65476227,84.79913807],[243042.17191124,431261.65447998,84.80008316],[243042.17238235,431261.65419006,84.80039883],[243042.17327881,431261.65332031,84.8007164],[243042.17412949,431261.65214539,84.80071974],[243042.17455482,431261.65155792,84.80072164],[243042.17446327,431261.65096283,84.80009317],[243042.17531395,431261.6497879,84.80009651],[243042.17573929,431261.64920044,84.80009794],[243042.17658997,431261.64802551,84.80010128],[243042.1770153,431261.64743805,84.80010319],[243042.17739487,431261.64655304,84.79979038],[243042.17782021,431261.64596558,84.79979229],[243042.178339,431261.64597321,84.80042267],[243042.17928505,431261.64539337,84.80105495],[243042.18027687,431261.64511108,84.80200291],[243042.18074989,431261.64482117,84.80231953],[243042.18174362,431261.64453125,84.80326796],[243042.18273735,431261.64424896,84.80421734],[243042.18321228,431261.64395905,84.80453443],[243042.18416023,431261.64337158,84.80516958],[243042.18463326,431261.64308167,84.80548668],[243042.18553543,431261.64220428,84.80580664],[243042.18643951,431261.64131927,84.80612659],[243042.18691254,431261.64102936,84.80644464],[243042.18776894,431261.6398468,84.80644894],[243042.18862724,431261.63867188,84.8064537],[243042.18910217,431261.63837433,84.80677175],[243042.19000626,431261.63749695,84.80709219],[243042.19086266,431261.63631439,84.80709696],[243042.19129181,431261.6357193,84.80709934],[243042.19167328,431261.63483429,84.80678558],[243042.1916256,431261.63453674,84.80646944],[243042.1924839,431261.63335419,84.80647373],[243042.19334221,431261.63217163,84.8064785],[243042.19381714,431261.63187408,84.80679655],[243042.19472504,431261.63098907,84.80711746],[243042.19572639,431261.63069916,84.80807114],[243042.19623566,431261.63040924,84.80839062],[243042.19731331,431261.63011932,84.8093462],[243042.19844818,431261.63012695,84.81061935],[243042.19901466,431261.63012695,84.81125641],[243042.20009422,431261.62983704,84.81221437],[243042.20060539,431261.62953949,84.81253481],[243042.20162964,431261.62895203,84.81317615],[243042.20259666,431261.62806702,84.81349993],[243042.20310974,431261.62776947,84.81382084],[243042.20413589,431261.62718201,84.81446314],[243042.20516205,431261.62658691,84.81510544],[243042.20567513,431261.62628937,84.81542683],[243042.20670128,431261.6257019,84.81607008],[243042.20715904,431261.62510681,84.81607342],[243042.2081871,431261.62451172,84.81671715],[243042.20921516,431261.62392426,84.81736135],[243042.20973015,431261.62362671,84.8176837],[243042.2107029,431261.62273407,84.81800938],[243042.21161842,431261.62154388,84.81801701],[243042.21207619,431261.62094879,84.81802034],[243042.21299171,431261.61975098,84.81802797],[243042.21390915,431261.61856079,84.81803513],[243042.21436691,431261.6179657,84.81803894],[243042.21528435,431261.61677551,84.81804609],[243042.21574402,431261.61617279,84.81804991],[243042.21666145,431261.6149826,84.81805706],[243042.21757889,431261.61378479,84.81806421],[243042.21803856,431261.6131897,84.81806803],[243042.21895599,431261.61199188,84.81807518],[243042.21987534,431261.6108017,84.81808281],[243042.22001839,431261.61019897,84.81808186],[243042.22005653,431261.60900879,84.81807613],[243042.22009277,431261.60781097,84.81807041],[243042.22011185,431261.60721588,84.81806755],[243042.22014809,431261.6060257,84.81806183],[243042.22016716,431261.6054306,84.81805897],[243042.22020531,431261.60423279,84.81805325],[243042.22024155,431261.6030426,84.81804752],[243042.22041893,431261.60274506,84.8183651],[243042.2209301,431261.60243988,84.81932116],[243042.22128487,431261.60184479,84.81995678],[243042.22130203,431261.60124969,84.81995392],[243042.2216568,431261.6006546,84.82058954],[243042.22185135,431261.59975433,84.82090425],[243042.22202682,431261.59945679,84.8212223],[243042.22206497,431261.5982666,84.82121611],[243042.22224045,431261.59796906,84.82153368],[243042.2224369,431261.59706879,84.82184839],[243042.22278976,431261.59647369,84.82248402],[243042.22280884,431261.5958786,84.82248115],[243042.2231617,431261.59528351,84.82311678],[243042.22335815,431261.59438324,84.82343149],[243042.22353363,431261.59408569,84.82374906],[243042.2238884,431261.5934906,84.82438517],[243042.22408295,431261.59259796,84.8246994],[243042.22426033,431261.59229279,84.82501745],[243042.22461319,431261.59169769,84.82565308],[243042.22463226,431261.5911026,84.82564974],[243042.22498512,431261.59049988,84.82628584],[243042.22533989,431261.58990479,84.82692146],[243042.22551727,431261.58960724,84.82723951],[243042.22587013,431261.58900452,84.82787561],[243042.2262249,431261.58840942,84.82851171],[243042.22640038,431261.58811188,84.82883024],[243042.22671127,431261.58750916,84.82946539],[243042.22699738,431261.58691406,84.83010054],[243042.22714043,431261.58661652,84.83041811],[243042.22742462,431261.58601379,84.83105278],[243042.22756767,431261.58571625,84.83137035],[243042.22785378,431261.58512115,84.8320055],[243042.22813988,431261.58451843,84.83264065],[243042.22828293,431261.58422089,84.83295822],[243042.22856712,431261.58362579,84.83359337],[243042.22885323,431261.58302307,84.83422852],[243042.22899628,431261.58272552,84.83454657],[243042.22907829,431261.58183289,84.83485794],[243042.22916031,431261.58094025,84.83516979],[243042.22909737,431261.58034515,84.83516407],[243042.22938347,431261.57975006,84.83579922],[243042.22952652,431261.57945251,84.83611679],[243042.22981262,431261.57884979,84.83675194],[243042.23009872,431261.5782547,84.83738708],[243042.23024178,431261.57795715,84.83770466],[243042.23052597,431261.57735443,84.83833981],[243042.23081207,431261.57675934,84.83897543],[243042.23095512,431261.57646179,84.839293],[243042.23124123,431261.57585907,84.83992815],[243042.23152733,431261.57526398,84.84056377],[243042.23167038,431261.5749588,84.84088135],[243042.23195457,431261.57436371,84.84151697],[243042.23209953,431261.57406616,84.84183454],[243042.23238373,431261.57346344,84.84247017],[243042.23246574,431261.5725708,84.84278107],[243042.2326088,431261.57227325,84.84309864],[243042.23269081,431261.57138062,84.84341001],[243042.23297501,431261.57078552,84.84404516],[243042.23291397,431261.57019043,84.84403849],[243042.23299408,431261.56929779,84.84434938],[243042.23313713,431261.56900024,84.84466696],[243042.23321915,431261.5681076,84.84497786],[243042.23350525,431261.56751251,84.845613],[243042.2336483,431261.56720734,84.84593058],[243042.2339325,431261.56661224,84.8465662],[243042.2342186,431261.56601715,84.84720182],[243042.23415756,431261.56542206,84.84719467],[243042.23444366,431261.56482697,84.84782982],[243042.23452377,431261.56393433,84.84814024],[243042.23466682,431261.56363678,84.84845781],[243042.23454285,431261.56244659,84.84844351],[243042.23448181,431261.56185913,84.84843588],[243042.23476601,431261.56126404,84.84907103],[243042.23484802,431261.5603714,84.84938145],[243042.23499107,431261.56007385,84.84969902],[243042.23507118,431261.55918121,84.85000896],[243042.2351532,431261.55828857,84.85031939],[243042.23509026,431261.55770111,84.85031176],[243042.23537636,431261.55709839,84.8509469],[243042.23545647,431261.55621338,84.85125685],[243042.23559952,431261.55591583,84.85157442],[243042.23567963,431261.55502319,84.85188389],[243042.23582268,431261.55472565,84.85220146],[243042.23590469,431261.55383301,84.85251141],[243042.23659897,431261.55381775,84.85379696],[243042.23674202,431261.5535202,84.85411453],[243042.23723221,431261.55321503,84.85507536],[243042.2377243,431261.55290222,84.85603666],[243042.23786736,431261.55260468,84.85635424],[243042.23856354,431261.55258942,84.8576417],[243042.23884964,431261.55198669,84.8582778],[243042.23919678,431261.55197906,84.858922],[243042.23948479,431261.55138397,84.85955763],[243042.23983192,431261.55137634,84.86020184],[243042.24011803,431261.55077362,84.86083794],[243042.24040413,431261.5501709,84.86147404],[243042.24054718,431261.54987335,84.86179209],[243042.24103928,431261.54956818,84.86275482],[243042.24132538,431261.54896545,84.8633914],[243042.24167442,431261.54895782,84.86403656],[243042.24196053,431261.5483551,84.86467266],[243042.24265862,431261.54833984,84.86596394],[243042.24300766,431261.54833221,84.86661005],[243042.24370766,431261.54831696,84.86790228],[243042.24385071,431261.54801178,84.86822081],[243042.2443428,431261.5477066,84.86918545],[243042.24463081,431261.54710388,84.8698225],[243042.24497986,431261.54709625,84.87046957],[243042.24547386,431261.54678345,84.87143517],[243042.24596596,431261.54647827,84.87240124],[243042.24611092,431261.5461731,84.87271976],[243042.24639702,431261.545578,84.8733573],[243042.24668312,431261.54497528,84.87399483],[243042.24682617,431261.54467773,84.87431335],[243042.24690628,431261.5437851,84.87462234],[243042.24704933,431261.54348755,84.87494087],[243042.24712944,431261.54259491,84.87524939],[243042.24720955,431261.54170227,84.8755579],[243042.2473526,431261.54140472,84.87587643],[243042.24722672,431261.54022217,84.87585592],[243042.24730682,431261.53932953,84.87616444],[243042.24744987,431261.53903198,84.87648296],[243042.24732208,431261.53784943,84.87646198],[243042.24761009,431261.53725433,84.87709951],[243042.24775314,431261.53694916,84.87741804],[243042.24803925,431261.53635406,84.8780551],[243042.2481823,431261.53604889,84.87837362],[243042.2484684,431261.5354538,84.87901115],[243042.24854851,431261.53456116,84.87931871],[243042.24869156,431261.53426361,84.87963772],[243042.24897957,431261.53366089,84.88027477],[243042.24905968,431261.53277588,84.88058281],[243042.24920082,431261.5324707,84.88090134],[243042.24948883,431261.53186798,84.88153839],[243042.24956894,431261.53098297,84.88184643]]",dji_pose_mesh_ray_contour_nodes,
55,42,3,SPL,1056.5864,1930.9599,1035,1920,1081,1947,46,27,648,243041.59688759,431263.34092712,84.81069565,dji_pose_mesh_ray_centroid,True,True,1113248,2.55541,warp,,1056.5864,1930.9599,1,1,1.0,1,2.55541,2.55541,66,66,1.0,"[[1058.5,1946.0],[1058.0,1945.5],[1057.0,1945.5],[1056.0,1945.5],[1055.0,1945.5],[1054.0,1945.5],[1053.0,1945.5],[1052.0,1945.5],[1051.0,1945.5],[1050.0,1945.5],[1049.0,1945.5],[1048.0,1945.5],[1047.5,1945.0],[1047.0,1944.5],[1046.5,1944.0],[1046.0,1943.5],[1045.0,1943.5],[1044.5,1943.0],[1044.5,1942.0],[1044.0,1941.5],[1043.5,1941.0],[1043.5,1940.0],[1043.5,1939.0],[1043.5,1938.0],[1044.0,1937.5],[1044.5,1937.0],[1045.0,1936.5],[1045.5,1936.0],[1046.0,1935.5],[1047.0,1935.5],[1047.5,1936.0],[1048.0,1936.5],[1049.0,1936.5],[1049.5,1936.0],[1050.0,1935.5],[1050.5,1935.0],[1051.0,1934.5],[1051.5,1934.0],[1052.0,1933.5],[1052.5,1933.0],[1052.0,1932.5],[1051.5,1932.0],[1051.0,1931.5],[1050.0,1931.5],[1049.0,1931.5],[1048.0,1931.5],[1047.0,1931.5],[1046.5,1931.0],[1046.0,1930.5],[1045.0,1930.5],[1044.0,1930.5],[1043.5,1930.0],[1043.0,1929.5],[1042.5,1929.0],[1042.0,1928.5],[1041.5,1928.0],[1041.0,1927.5],[1040.0,1927.5],[1039.0,1927.5],[1038.5,1927.0],[1038.0,1926.5],[1037.5,1926.0],[1037.0,1925.5],[1036.0,1925.5],[1035.5,1925.0],[1035.0,1924.5]]","[[243041.59155846,431263.33453369,84.80113983],[243041.59163857,431263.33500671,84.80145645],[243041.59141922,431263.33558655,84.80145597],[243041.59119797,431263.33617401,84.80145597],[243041.59097862,431263.33675385,84.80145597],[243041.59075928,431263.33734131,84.80145597],[243041.59053802,431263.33792114,84.80145597],[243041.59031868,431263.33850861,84.8014555],[243041.59009933,431263.33908844,84.8014555],[243041.58987808,431263.3396759,84.8014555],[243041.58965874,431263.34026337,84.8014555],[243041.58943939,431263.3408432,84.80145502],[243041.5895195,431263.34130859,84.80177212],[243041.58959961,431263.34178162,84.80208874],[243041.58967972,431263.34224701,84.80240583],[243041.58975983,431263.3427124,84.80272245],[243041.58954048,431263.34329987,84.80272245],[243041.58962059,431263.34376526,84.80303955],[243041.59001923,431263.34413147,84.80367374],[243041.59012032,431263.34461975,84.80399132],[243041.59022331,431263.34510803,84.80430889],[243041.59062004,431263.34547424,84.80494404],[243041.59101868,431263.34584808,84.80557919],[243041.59141731,431263.34621429,84.80621481],[243041.59171295,431263.34609222,84.80653286],[243041.59200859,431263.34597015,84.80685043],[243041.59230423,431263.34584808,84.80716848],[243041.59259987,431263.34572601,84.80748653],[243041.59289551,431263.34560394,84.80780458],[243041.59309006,431263.34499359,84.80780411],[243041.59298706,431263.34450531,84.80748606],[243041.59288406,431263.34401703,84.80716753],[243041.59309196,431263.34342194,84.80716753],[243041.59339333,431263.3433075,84.80748558],[243041.59369469,431263.34318542,84.80780363],[243041.59399796,431263.34307098,84.80812216],[243041.59429932,431263.34295654,84.80844021],[243041.59460068,431263.34283447,84.80875874],[243041.59490204,431263.34272003,84.80907679],[243041.5952034,431263.34260559,84.80939531],[243041.59528542,431263.34307098,84.80971384],[243041.59536552,431263.34354401,84.81003189],[243041.59545898,431263.34402466,84.81035089],[243041.59526634,431263.34463501,84.81035089],[243041.59507179,431263.34524536,84.81035137],[243041.59487915,431263.34585571,84.81035137],[243041.59468651,431263.34646606,84.81035185],[243041.59478951,431263.34695435,84.81067085],[243041.5948925,431263.34744263,84.81098986],[243041.59469795,431263.34805298,84.81098986],[243041.59450531,431263.34866333,84.81099033],[243041.59460831,431263.34915924,84.81130934],[243041.5947113,431263.34964752,84.81162834],[243041.5948143,431263.3501358,84.81194735],[243041.5949173,431263.35062408,84.81226683],[243041.59502029,431263.35112,84.81258631],[243041.59512329,431263.35160828,84.81290531],[243041.59492874,431263.35221863,84.81290579],[243041.5947361,431263.35282898,84.81290626],[243041.5948391,431263.35331726,84.81322575],[243041.59494209,431263.35381317,84.81354523],[243041.59504509,431263.35430145,84.81386471],[243041.59514809,431263.35478973,84.81418467],[243041.59495354,431263.35540771,84.81418467],[243041.59505653,431263.355896,84.81450462],[243041.59516144,431263.35638428,84.8148241]]",dji_pose_mesh_ray_contour_nodes,
56,43,3,SPL,3817.5266,1926.6729,3790,1920,3839,1934,49,14,376,243042.15192032,431261.69705963,84.81304979,dji_pose_mesh_ray_centroid,True,True,285938,2.43973,warp,,3817.5266,1926.6729,1,1,1.0,1,2.43973,2.43973,40,40,1.0,"[[3790.0,1931.5],[3790.5,1931.0],[3790.5,1930.0],[3791.0,1929.5],[3791.5,1929.0],[3792.0,1928.5],[3793.0,1928.5],[3794.0,1928.5],[3794.5,1928.0],[3795.0,1927.5],[3796.0,1927.5],[3796.5,1927.0],[3797.0,1926.5],[3798.0,1926.5],[3799.0,1926.5],[3800.0,1926.5],[3801.0,1926.5],[3802.0,1926.5],[3803.0,1926.5],[3804.0,1926.5],[3804.5,1926.0],[3805.0,1925.5],[3806.0,1925.5],[3806.5,1925.0],[3807.0,1924.5],[3807.5,1924.0],[3808.0,1923.5],[3809.0,1923.5],[3810.0,1923.5],[3810.5,1923.0],[3811.0,1922.5],[3812.0,1922.5],[3813.0,1922.5],[3813.5,1922.0],[3814.0,1921.5],[3815.0,1921.5],[3815.5,1921.0],[3816.0,1920.5],[3817.0,1920.5],[3817.5,1920.0]]","[[243042.13961029,431261.71298981,84.8099575],[243042.14000511,431261.71270752,84.81027222],[243042.14045715,431261.71273041,84.81090069],[243042.14085388,431261.71244812,84.81121588],[243042.14125061,431261.71216583,84.81153107],[243042.14164543,431261.71188354,84.81184626],[243042.14198685,431261.71130371,84.81184769],[243042.14232826,431261.71071625,84.81184959],[243042.14272499,431261.71043396,84.81216478],[243042.14311981,431261.71015167,84.81248045],[243042.14346123,431261.70957184,84.81248188],[243042.14385796,431261.70928955,84.81279755],[243042.14425468,431261.70900726,84.81311321],[243042.1445961,431261.70842743,84.81311512],[243042.14493752,431261.70783997,84.81311655],[243042.14527893,431261.70726013,84.81311846],[243042.14562035,431261.7066803,84.81312036],[243042.14596176,431261.70609283,84.8131218],[243042.14630318,431261.705513,84.8131237],[243042.14664459,431261.70492554,84.81312561],[243042.14704132,431261.70464325,84.81344128],[243042.14743805,431261.70436096,84.81375742],[243042.14777946,431261.70378113,84.81375885],[243042.1481781,431261.70349884,84.81407499],[243042.14858818,431261.70321655,84.81439114],[243042.14905357,431261.70293427,84.81470823],[243042.14952087,431261.70265198,84.81502533],[243042.1499424,431261.70207214,84.81502867],[243042.15036392,431261.70149231,84.81503153],[243042.15083122,431261.70121002,84.81534862],[243042.15129852,431261.70092773,84.8156662],[243042.15172005,431261.7003479,84.81566906],[243042.15214348,431261.69976807,84.8156724],[243042.15261078,431261.69948578,84.81598997],[243042.15307808,431261.69920349,84.81630754],[243042.1534996,431261.69861603,84.81631041],[243042.15396881,431261.69833374,84.81662846],[243042.15443611,431261.69805908,84.81694651],[243042.15485954,431261.69747162,84.81694937],[243042.15532684,431261.69718933,84.81726742]]",dji_pose_mesh_ray_contour_nodes,
57,44,3,SPL,3929.2,1924.4,3928,1924,3931,1926,3,2,5,243042.20114899,431261.6315155,84.8148222,dji_pose_mesh_ray_centroid,True,True,1113144,2.487618,warp,,3929.2,1924.4,1,1,1.0,1,2.487618,2.487618,2,2,1.0,"[[3928.5,1925.0],[3928.0,1924.5]]","[[243042.20048904,431261.63192749,84.81443691],[243042.20054626,431261.63222504,84.81475449]]",dji_pose_mesh_ray_contour_nodes,
58,45,3,SPL,1706.4644,1950.4203,1693,1938,1722,1964,29,26,295,243041.72114182,431262.94578552,84.79830122,dji_pose_mesh_ray_centroid,True,True,1113253,2.409161,warp,,1706.4644,1950.4203,1,1,1.0,1,2.409161,2.409161,49,49,1.0,"[[1721.0,1941.5],[1720.5,1942.0],[1720.0,1942.5],[1719.5,1943.0],[1719.0,1943.5],[1718.5,1944.0],[1718.0,1944.5],[1717.5,1945.0],[1717.0,1945.5],[1716.5,1946.0],[1716.0,1946.5],[1715.5,1947.0],[1715.0,1947.5],[1714.5,1948.0],[1714.0,1948.5],[1713.5,1949.0],[1713.0,1949.5],[1712.5,1950.0],[1712.0,1950.5],[1711.5,1951.0],[1711.5,1952.0],[1711.0,1952.5],[1710.5,1953.0],[1710.0,1953.5],[1709.5,1954.0],[1709.5,1955.0],[1709.0,1955.5],[1708.5,1956.0],[1708.0,1956.5],[1707.5,1957.0],[1707.5,1958.0],[1707.0,1958.5],[1706.5,1959.0],[1706.0,1959.5],[1705.5,1960.0],[1705.0,1960.5],[1704.0,1960.5],[1703.5,1961.0],[1703.0,1961.5],[1702.0,1961.5],[1701.0,1961.5],[1700.0,1961.5],[1699.0,1961.5],[1698.0,1961.5],[1697.0,1961.5],[1696.5,1962.0],[1696.0,1962.5],[1695.0,1962.5],[1694.5,1963.0]]","[[243041.7273674,431262.93928528,84.80393314],[243041.72707939,431262.93946075,84.803617],[243041.72679138,431262.93963623,84.80330086],[243041.72650337,431262.93981171,84.80298471],[243041.72621536,431262.93998718,84.80266905],[243041.72592735,431262.94016266,84.8023529],[243041.72564125,431262.94033813,84.80203676],[243041.72535324,431262.94051361,84.8017211],[243041.72506523,431262.94068909,84.80140543],[243041.72477722,431262.94085693,84.80108929],[243041.72448921,431262.94103241,84.80077362],[243041.7242012,431262.94120789,84.80045795],[243041.7239151,431262.94138336,84.80014276],[243041.72362709,431262.94155884,84.7998271],[243041.72333908,431262.94173431,84.79951143],[243041.72305298,431262.94190979,84.79919624],[243041.72276497,431262.94208527,84.79888105],[243041.72247887,431262.94226074,84.79856539],[243041.72219086,431262.94243622,84.7982502],[243041.72190475,431262.94261169,84.79793501],[243041.72152519,431262.94235992,84.79730463],[243041.72123718,431262.9425354,84.79698992],[243041.72095108,431262.94271088,84.79667473],[243041.72066307,431262.94288635,84.79636002],[243041.72037697,431262.94306183,84.7960453],[243041.71999741,431262.94281006,84.7954154],[243041.7197113,431262.94298553,84.79510069],[243041.7194252,431262.94316101,84.79478645],[243041.7191391,431262.94333649,84.79447174],[243041.71885109,431262.94350433,84.7941575],[243041.71847343,431262.94326019,84.79352856],[243041.71818733,431262.94342804,84.79321384],[243041.71790123,431262.94360352,84.79289961],[243041.71761513,431262.94377899,84.79258537],[243041.71732903,431262.94395447,84.79227161],[243041.71704292,431262.94412994,84.79195738],[243041.71684647,431262.94473267,84.79195738],[243041.71656036,431262.94490051,84.79164362],[243041.71627617,431262.94507599,84.79132938],[243041.71607971,431262.94567871,84.79132938],[243041.71588516,431262.9462738,84.79132938],[243041.71569061,431262.94687653,84.79132986],[243041.71549606,431262.94747925,84.79132986],[243041.71530151,431262.94807434,84.79132986],[243041.71510696,431262.94867706,84.79132986],[243041.71482086,431262.94885254,84.7910161],[243041.71453476,431262.94902039,84.79070187],[243041.71434021,431262.94962311,84.79070234],[243041.71405411,431262.94979858,84.79038811]]",dji_pose_mesh_ray_contour_nodes,
59,46,3,SPL,2995.6228,2010.2936,2861,1952,3072,2071,211,119,14744,243041.95377731,431262.17412567,84.76107407,dji_pose_mesh_ray_centroid,True,True,1113201,2.309082,warp,,2995.6228,2010.2936,1,1,1.0,1,2.309082,2.309082,256,256,1.0,"[[2861.0,2003.5],[2861.5,2003.0],[2861.5,2002.0],[2861.5,2001.0],[2862.0,2000.5],[2862.5,2000.0],[2863.0,1999.5],[2863.5,1999.0],[2864.0,1998.5],[2865.0,1998.5],[2865.5,1998.0],[2866.0,1997.5],[2867.0,1997.5],[2868.0,1997.5],[2868.5,1998.0],[2869.0,1998.5],[2870.0,1998.5],[2871.0,1998.5],[2872.0,1998.5],[2873.0,1998.5],[2874.0,1998.5],[2874.5,1998.0],[2875.0,1997.5],[2876.0,1997.5],[2877.0,1997.5],[2878.0,1997.5],[2878.5,1997.0],[2879.0,1996.5],[2880.0,1996.5],[2880.5,1996.0],[2881.0,1995.5],[2882.0,1995.5],[2883.0,1995.5],[2884.0,1995.5],[2884.5,1995.0],[2885.0,1994.5],[2886.0,1994.5],[2887.0,1994.5],[2888.0,1994.5],[2889.0,1994.5],[2889.5,1994.0],[2890.0,1993.5],[2891.0,1993.5],[2892.0,1993.5],[2892.5,1993.0],[2893.0,1992.5],[2894.0,1992.5],[2895.0,1992.5],[2896.0,1992.5],[2897.0,1992.5],[2898.0,1992.5],[2899.0,1992.5],[2900.0,1992.5],[2901.0,1992.5],[2902.0,1992.5],[2903.0,1992.5],[2904.0,1992.5],[2904.5,1992.0],[2905.0,1991.5],[2906.0,1991.5],[2906.5,1991.0],[2907.0,1990.5],[2908.0,1990.5],[2908.5,1990.0],[2909.0,1989.5],[2910.0,1989.5],[2911.0,1989.5],[2912.0,1989.5],[2913.0,1989.5],[2913.5,1990.0],[2914.0,1990.5],[2915.0,1990.5],[2916.0,1990.5],[2917.0,1990.5],[2918.0,1990.5],[2919.0,1990.5],[2920.0,1990.5],[2921.0,1990.5],[2922.0,1990.5],[2923.0,1990.5],[2924.0,1990.5],[2925.0,1990.5],[2925.5,1990.0],[2926.0,1989.5],[2927.0,1989.5],[2928.0,1988.5],[2929.0,1988.5],[2930.0,1988.5],[2930.5,1988.0],[2931.0,1987.5],[2932.0,1987.5],[2932.5,1987.0],[2933.0,1986.5],[2934.0,1986.5],[2935.0,1986.5],[2936.0,1986.5],[2936.5,1986.0],[2937.0,1985.5],[2938.0,1985.5],[2939.0,1985.5],[2939.5,1985.0],[2940.0,1984.5],[2940.5,1984.0],[2940.5,1983.0],[2940.5,1982.0],[2940.5,1981.0],[2941.0,1980.5],[2941.5,1980.0],[2941.5,1979.0],[2942.0,1978.5],[2942.5,1978.0],[2943.0,1977.5],[2944.0,1977.5],[2944.5,1977.0],[2945.0,1976.5],[2946.0,1976.5],[2947.0,1976.5],[2947.5,1977.0],[2948.0,1977.5],[2949.0,1977.5],[2949.5,1977.0],[2950.0,1976.5],[2951.0,1976.5],[2951.5,1976.0],[2951.5,1975.0],[2951.5,1974.0],[2952.0,1973.5],[2952.5,1973.0],[2953.0,1972.5],[2953.5,1972.0],[2954.0,1971.5],[2955.0,1971.5],[2955.5,1971.0],[2956.0,1970.5],[2957.0,1970.5],[2957.5,1970.0],[2958.0,1969.5],[2958.5,1969.0],[2959.0,1968.5],[2960.0,1968.5],[2960.5,1968.0],[2961.0,1967.5],[2962.0,1967.5],[2963.0,1967.5],[2963.5,1967.0],[2964.0,1966.5],[2965.0,1966.5],[2966.0,1966.5],[2967.0,1966.5],[2967.5,1966.0],[2968.0,1965.5],[2969.0,1965.5],[2969.5,1965.0],[2970.0,1964.5],[2971.0,1964.5],[2972.0,1964.5],[2973.0,1964.5],[2974.0,1964.5],[2974.5,1964.0],[2975.0,1963.5],[2976.0,1963.5],[2977.0,1963.5],[2978.0,1963.5],[2979.0,1963.5],[2979.5,1963.0],[2980.0,1962.5],[2981.0,1962.5],[2982.0,1962.5],[2983.0,1962.5],[2984.0,1962.5],[2986.0,1962.5],[2987.0,1962.5],[2988.0,1962.5],[2989.0,1962.5],[2990.0,1962.5],[2991.0,1962.5],[2992.0,1962.5],[2993.0,1962.5],[2994.0,1962.5],[2995.0,1962.5],[2996.0,1962.5],[2997.0,1962.5],[2998.0,1962.5],[2999.0,1962.5],[3000.0,1962.5],[3001.0,1962.5],[3002.0,1962.5],[3003.0,1962.5],[3004.0,1962.5],[3005.0,1962.5],[3005.5,1962.0],[3006.0,1961.5],[3007.0,1961.5],[3007.5,1961.0],[3008.0,1960.5],[3008.5,1960.0],[3009.0,1959.5],[3010.0,1959.5],[3011.0,1959.5],[3011.5,1959.0],[3012.0,1958.5],[3013.0,1958.5],[3014.0,1958.5],[3015.0,1958.5],[3016.0,1958.5],[3017.0,1958.5],[3018.0,1958.5],[3019.0,1958.5],[3020.0,1958.5],[3021.0,1958.5],[3021.5,1959.0],[3022.0,1959.5],[3023.0,1959.5],[3024.0,1959.5],[3025.0,1959.5],[3026.0,1959.5],[3027.0,1959.5],[3028.0,1959.5],[3029.0,1959.5],[3030.0,1959.5],[3030.5,1959.0],[3031.0,1958.5],[3032.0,1958.5],[3033.0,1958.5],[3033.5,1958.0],[3034.0,1957.5],[3034.5,1958.0],[3035.0,1958.5],[3036.0,1958.5],[3036.5,1959.0],[3037.0,1959.5],[3038.0,1959.5],[3038.5,1960.0],[3039.0,1960.5],[3040.0,1960.5],[3041.0,1960.5],[3041.5,1960.0],[3042.0,1959.5],[3043.0,1959.5],[3044.0,1959.5],[3045.0,1959.5],[3045.5,1959.0],[3046.0,1958.5],[3047.0,1958.5],[3047.5,1958.0],[3048.0,1957.5],[3048.5,1957.0],[3048.5,1956.0],[3049.0,1955.5],[3049.5,1955.0],[3050.0,1954.5],[3050.5,1954.0],[3051.0,1953.5],[3051.5,1953.0],[3052.0,1952.5],[3053.5,1952.0]]","[[243041.92705727,431262.25271606,84.76525879],[243041.92736244,431262.25248718,84.76556587],[243041.92774582,431262.25259399,84.76618051],[243041.9281311,431262.25270844,84.76679563],[243041.92843628,431262.25247955,84.76710319],[243041.92874146,431262.25224304,84.76741075],[243041.92904472,431262.25200653,84.76771831],[243041.9293499,431262.25177765,84.76802587],[243041.92965508,431262.25154114,84.76833391],[243041.92988014,431262.25096893,84.76833391],[243041.93018341,431262.25073242,84.76864147],[243041.93048859,431262.25050354,84.76894951],[243041.93071365,431262.24992371,84.76894951],[243041.93093681,431262.24934387,84.76894903],[243041.9308567,431262.24900055,84.76864147],[243041.9307766,431262.24865723,84.76833343],[243041.93099976,431262.24807739,84.76833343],[243041.93122482,431262.24750519,84.76833296],[243041.93144798,431262.24692535,84.76833296],[243041.93167305,431262.24634552,84.76833296],[243041.93189621,431262.24577332,84.76833296],[243041.93220139,431262.2455368,84.76864052],[243041.93250656,431262.24530029,84.76894855],[243041.93273163,431262.24472809,84.76894855],[243041.93295479,431262.24414825,84.76894855],[243041.93317986,431262.24356842,84.76894808],[243041.93348503,431262.24333954,84.76925611],[243041.93379021,431262.24310303,84.76956415],[243041.93401527,431262.24252319,84.76956415],[243041.93432045,431262.24229431,84.76987219],[243041.93462563,431262.2420578,84.77018022],[243041.93484879,431262.24147797,84.77018022],[243041.93507385,431262.24089813,84.77018022],[243041.93529892,431262.24032593,84.77018022],[243041.9356041,431262.24008942,84.77048826],[243041.93590927,431262.23985291,84.7707963],[243041.93613434,431262.23927307,84.7707963],[243041.9363575,431262.23870087,84.7707963],[243041.93658257,431262.23812103,84.7707963],[243041.93680763,431262.2375412,84.7707963],[243041.93711281,431262.23730469,84.77110434],[243041.93741798,431262.23707581,84.77141285],[243041.93764305,431262.23649597,84.77141285],[243041.93786621,431262.23591614,84.77141285],[243041.93817329,431262.23567963,84.77172089],[243041.93847847,431262.23545074,84.7720294],[243041.93870354,431262.23487091,84.7720294],[243041.9389286,431262.23429108,84.7720294],[243041.93915176,431262.23371124,84.7720294],[243041.93937683,431262.23313141,84.7720294],[243041.9396019,431262.2325592,84.7720294],[243041.93982506,431262.23197937,84.7720294],[243041.94005013,431262.23139954,84.77202892],[243041.94027519,431262.2308197,84.77202892],[243041.94050026,431262.2302475,84.77202892],[243041.94072342,431262.22966766,84.77202892],[243041.94094849,431262.22908783,84.77202892],[243041.94125557,431262.22885132,84.77233744],[243041.94156075,431262.22861481,84.77264595],[243041.94178581,431262.22803497,84.77264595],[243041.9420929,431262.22779846,84.77295446],[243041.94239807,431262.22756958,84.77326345],[243041.94262314,431262.22698975,84.77326345],[243041.94293022,431262.22675323,84.77357197],[243041.9432373,431262.22651672,84.77388096],[243041.94346046,431262.22593689,84.77388096],[243041.94368553,431262.22535706,84.77388096],[243041.9439106,431262.22477722,84.77388096],[243041.94413567,431262.22420502,84.77388048],[243041.94405365,431262.22386169,84.77357197],[243041.94397163,431262.22351837,84.77326298],[243041.9441967,431262.22293854,84.77326298],[243041.94441986,431262.2223587,84.77326298],[243041.94464493,431262.22177887,84.7732625],[243041.94487,431262.22119904,84.7732625],[243041.94509315,431262.22062683,84.7732625],[243041.94531822,431262.220047,84.7732625],[243041.94554329,431262.21946716,84.7732625],[243041.94576836,431262.21888733,84.7732625],[243041.94599342,431262.2183075,84.7732625],[243041.94621849,431262.21772766,84.7732625],[243041.94644165,431262.21715546,84.77326202],[243041.94674873,431262.21691895,84.77357101],[243041.94705582,431262.21668243,84.77388],[243041.94728088,431262.2161026,84.77388],[243041.94789505,431262.21562958,84.77449799],[243041.94812012,431262.21504974,84.77449799],[243041.94834518,431262.21446991,84.77449799],[243041.94865227,431262.2142334,84.77480698],[243041.94895935,431262.21399689,84.77511597],[243041.94918442,431262.21341705,84.77511597],[243041.9494915,431262.21318054,84.77542496],[243041.94979858,431262.21294403,84.77573442],[243041.95002365,431262.2123642,84.77573442],[243041.95024872,431262.21178436,84.77573442],[243041.95047379,431262.21120453,84.77573442],[243041.95078087,431262.21096802,84.77604341],[243041.95108795,431262.21073151,84.77635288],[243041.95131302,431262.21015167,84.77635288],[243041.95153809,431262.20957184,84.77635288],[243041.95184708,431262.20933533,84.77666235],[243041.95215416,431262.20909119,84.77697182],[243041.95246315,431262.20885468,84.77728128],[243041.95285225,431262.20896149,84.7779007],[243041.95324326,431262.20906067,84.77852011],[243041.95363426,431262.20916748,84.77913952],[243041.95394325,431262.20893097,84.77944946],[243041.95425224,431262.20869446,84.77975941],[243041.95464325,431262.20879364,84.78037977],[243041.95495033,431262.20855713,84.78068972],[243041.95525932,431262.20832062,84.78100014],[243041.95556831,431262.20808411,84.78131056],[243041.95579338,431262.20750427,84.78131056],[243041.95610237,431262.20726013,84.7816205],[243041.95641136,431262.20702362,84.78193092],[243041.95663643,431262.20644379,84.78193092],[243041.9568615,431262.20586395,84.78193092],[243041.95677757,431262.20552063,84.78162098],[243041.95669556,431262.20518494,84.78131056],[243041.95692062,431262.2046051,84.78131056],[243041.95722771,431262.20436096,84.78162098],[243041.9575367,431262.20412445,84.78193092],[243041.95775032,431262.20353699,84.78193092],[243041.9580555,431262.20330048,84.78224182],[243041.95845222,431262.20340729,84.78286266],[243041.95885086,431262.20350647,84.78348398],[243041.95915604,431262.20326996,84.78379488],[243041.95946121,431262.20303345,84.7841053],[243041.95976639,431262.20278931,84.7844162],[243041.96007156,431262.2025528,84.7847271],[243041.96037674,431262.20230865,84.78503799],[243041.96058846,431262.20172882,84.78503799],[243041.96089363,431262.20148468,84.78534937],[243041.96120071,431262.20124817,84.78566027],[243041.96141243,431262.20066071,84.78566027],[243041.96171761,431262.20042419,84.78597116],[243041.96202278,431262.20018005,84.78628254],[243041.96232986,431262.19994354,84.78659391],[243041.96263504,431262.1996994,84.78690481],[243041.96284676,431262.19911957,84.78690481],[243041.96315193,431262.19887543,84.78721619],[243041.96345901,431262.19863892,84.78752756],[243041.96367073,431262.19805145,84.78752756],[243041.96388245,431262.19746399,84.78752804],[243041.96418953,431262.19722748,84.78783941],[243041.96449471,431262.19698334,84.78815079],[243041.96470642,431262.1964035,84.78815079],[243041.96491814,431262.19581604,84.78815079],[243041.96513176,431262.19522858,84.78815079],[243041.96543694,431262.19499207,84.78846216],[243041.96574402,431262.19474792,84.78877401],[243041.96595573,431262.19416046,84.78877401],[243041.96626282,431262.19392395,84.78908586],[243041.96656799,431262.19367981,84.78939724],[243041.96677971,431262.19309235,84.78939724],[243041.96699142,431262.19251251,84.78939772],[243041.96720505,431262.19192505,84.78939772],[243041.96741676,431262.19133759,84.78939772],[243041.96772385,431262.19110107,84.78970909],[243041.96802902,431262.19085693,84.79002094],[243041.96824265,431262.19026947,84.79002142],[243041.96845436,431262.18968964,84.79002142],[243041.96866798,431262.18910217,84.79002142],[243041.9688797,431262.18851471,84.79002142],[243041.96918488,431262.1882782,84.79033327],[243041.96949196,431262.18803406,84.79064512],[243041.96970558,431262.18744659,84.79064512],[243041.9699173,431262.18685913,84.79064512],[243041.97012901,431262.1862793,84.79064512],[243041.97034264,431262.18569183,84.79064512],[243041.97076607,431262.18452454,84.79064512],[243041.97097969,431262.18393707,84.79064512],[243041.97119141,431262.18334961,84.79064512],[243041.97140312,431262.18276215,84.79064512],[243041.97161674,431262.18218231,84.79064512],[243041.97182846,431262.18159485,84.79064512],[243041.97204018,431262.18100739,84.79064512],[243041.9722538,431262.18041992,84.7906456],[243041.97246552,431262.17984009,84.7906456],[243041.97267723,431262.17925262,84.7906456],[243041.97289085,431262.17866516,84.7906456],[243041.97310257,431262.17808533,84.7906456],[243041.97331429,431262.17749786,84.7906456],[243041.97352791,431262.1769104,84.7906456],[243041.97373962,431262.17632294,84.7906456],[243041.97395134,431262.1757431,84.7906456],[243041.97416496,431262.17515564,84.7906456],[243041.97437668,431262.17456818,84.7906456],[243041.97458839,431262.17398071,84.7906456],[243041.97480202,431262.17340088,84.7906456],[243041.9751091,431262.17315674,84.79095745],[243041.97541618,431262.1729126,84.79126978],[243041.9756279,431262.17232513,84.79126978],[243041.97593498,431262.17208099,84.79158211],[243041.97624207,431262.17183685,84.79189396],[243041.97655106,431262.17160034,84.79220629],[243041.97685814,431262.1713562,84.79251862],[243041.97706985,431262.17076874,84.79251862],[243041.97728348,431262.17018127,84.79251862],[243041.97759056,431262.16993713,84.79283094],[243041.97789764,431262.16969299,84.79314375],[243041.97811127,431262.16911316,84.79314375],[243041.97832298,431262.1685257,84.79314375],[243041.9785347,431262.16793823,84.79314375],[243041.97874832,431262.16735077,84.79314375],[243041.97896194,431262.16676331,84.79314375],[243041.97917366,431262.16618347,84.79314375],[243041.97938538,431262.16559601,84.79314375],[243041.979599,431262.16500854,84.79314375],[243041.97981071,431262.16442108,84.79314375],[243041.97971535,431262.16407776,84.79283142],[243041.97961998,431262.16374207,84.79251909],[243041.9798336,431262.1631546,84.79251909],[243041.98004532,431262.16256714,84.79251909],[243041.98025703,431262.16197968,84.79251909],[243041.98047066,431262.16139221,84.79251909],[243041.98068237,431262.16081238,84.79251909],[243041.980896,431262.16022491,84.79251909],[243041.98110771,431262.15963745,84.79251909],[243041.98132133,431262.15904999,84.79251909],[243041.98162842,431262.15880585,84.79283142],[243041.98193741,431262.15856171,84.79314423],[243041.98214912,431262.15797424,84.79314423],[243041.98236084,431262.15739441,84.79314423],[243041.98266983,431262.15715027,84.79345655],[243041.98297882,431262.1568985,84.79376936],[243041.98288155,431262.15656281,84.79345655],[243041.98278618,431262.15621948,84.79314423],[243041.9829998,431262.15563202,84.79314423],[243041.98290443,431262.15529633,84.7928319],[243041.98280716,431262.154953,84.79251957],[243041.98302078,431262.15436554,84.79251957],[243041.98292542,431262.15402222,84.79220724],[243041.98283005,431262.15368652,84.79189491],[243041.98304176,431262.15309906,84.79189491],[243041.98325539,431262.1525116,84.79189491],[243041.98356247,431262.15226746,84.79220724],[243041.98387146,431262.15202332,84.79251957],[243041.98408318,431262.15143585,84.79251957],[243041.9842968,431262.15084839,84.79251957],[243041.98450851,431262.15026093,84.79251957],[243041.9848175,431262.15001678,84.7928319],[243041.98512459,431262.14977264,84.79314423],[243041.98533821,431262.14918518,84.79314423],[243041.98564529,431262.14894104,84.79345703],[243041.98595428,431262.1486969,84.79376936],[243041.98626328,431262.14845276,84.79408216],[243041.98666763,431262.14854431,84.79470777],[243041.98697662,431262.14830017,84.79502058],[243041.98728561,431262.14805603,84.79533339],[243041.9875927,431262.14781189,84.79564619],[243041.98790169,431262.14756775,84.795959],[243041.98821068,431262.14731598,84.79627228],[243041.98851967,431262.14707184,84.79658508],[243041.98882866,431262.1468277,84.79689836],[243041.98935127,431262.14599609,84.79721165]]",dji_pose_mesh_ray_contour_nodes,
60,47,3,SPL,4025.549,1974.902,4021,1972,4031,1979,10,7,51,243042.20021248,431261.57453918,84.78293848,dji_pose_mesh_ray_centroid,True,True,1113136,2.486696,warp,,4025.549,1974.902,1,1,1.0,1,2.486696,2.486696,9,9,1.0,"[[4025.5,1978.0],[4025.0,1977.5],[4024.0,1977.5],[4023.5,1977.0],[4023.0,1976.5],[4022.0,1976.5],[4021.5,1976.0],[4021.5,1975.0],[4021.0,1974.5]]","[[243042.19916534,431261.57458496,84.78100014],[243042.19936371,431261.57487488,84.78131294],[243042.19942093,431261.57545471,84.78131294],[243042.19961929,431261.57574463,84.78162575],[243042.19981766,431261.57604218,84.78193855],[243042.19987488,431261.57662201,84.78193855],[243042.20007324,431261.57691193,84.78225183],[243042.20041275,431261.57691193,84.78287792],[243042.20061111,431261.57720184,84.7831912]]",dji_pose_mesh_ray_contour_nodes,
61,48,3,SPL,3643.8455,2017.7302,3583,1984,3721,2050,138,66,3807,243042.0764389,431261.79625702,84.75659752,dji_pose_mesh_ray_centroid,True,True,1113140,2.369782,warp,,3643.8455,2017.7302,1,1,1.0,1,2.369782,2.369782,161,161,1.0,"[[3720.0,2002.5],[3719.5,2003.0],[3719.0,2003.5],[3718.0,2003.5],[3717.5,2004.0],[3717.0,2004.5],[3716.0,2004.5],[3715.5,2004.0],[3715.0,2003.5],[3714.0,2003.5],[3713.0,2003.5],[3712.0,2003.5],[3711.0,2003.5],[3710.0,2003.5],[3709.5,2003.0],[3709.0,2002.5],[3708.0,2002.5],[3707.0,2002.5],[3706.0,2002.5],[3705.0,2002.5],[3704.0,2002.5],[3703.5,2002.0],[3703.0,2001.5],[3702.0,2001.5],[3701.0,2001.5],[3700.0,2001.5],[3699.0,2001.5],[3698.5,2002.0],[3698.0,2002.5],[3697.5,2003.0],[3697.0,2003.5],[3696.5,2004.0],[3696.0,2004.5],[3695.0,2004.5],[3694.0,2004.5],[3693.5,2005.0],[3693.0,2005.5],[3692.5,2006.0],[3692.5,2007.0],[3692.5,2008.0],[3692.0,2008.5],[3691.5,2009.0],[3691.5,2010.0],[3691.5,2011.0],[3691.0,2011.5],[3690.5,2012.0],[3690.5,2013.0],[3690.0,2013.5],[3689.5,2014.0],[3689.5,2015.0],[3689.5,2016.0],[3689.0,2016.5],[3688.5,2017.0],[3688.5,2018.0],[3689.0,2018.5],[3689.5,2019.0],[3690.0,2019.5],[3691.0,2019.5],[3692.0,2019.5],[3693.0,2019.5],[3693.5,2020.0],[3693.5,2021.0],[3693.0,2021.5],[3692.5,2022.0],[3692.0,2022.5],[3691.0,2022.5],[3690.0,2022.5],[3689.0,2022.5],[3688.0,2022.5],[3687.0,2022.5],[3686.0,2022.5],[3685.0,2022.5],[3684.5,2023.0],[3684.0,2023.5],[3683.0,2023.5],[3682.0,2023.5],[3681.0,2023.5],[3680.0,2023.5],[3679.5,2024.0],[3679.0,2024.5],[3678.0,2024.5],[3677.0,2024.5],[3676.0,2024.5],[3675.5,2024.0],[3675.0,2023.5],[3674.0,2023.5],[3673.0,2023.5],[3672.5,2024.0],[3672.0,2024.5],[3671.0,2024.5],[3670.5,2025.0],[3670.0,2025.5],[3669.5,2026.0],[3669.0,2026.5],[3668.5,2027.0],[3668.0,2027.5],[3667.5,2028.0],[3667.0,2028.5],[3666.5,2029.0],[3666.0,2029.5],[3665.5,2030.0],[3665.0,2030.5],[3664.5,2031.0],[3664.0,2031.5],[3663.5,2032.0],[3663.0,2032.5],[3662.0,2032.5],[3661.5,2033.0],[3661.0,2033.5],[3660.0,2033.5],[3659.0,2033.5],[3658.0,2033.5],[3657.5,2034.0],[3657.0,2034.5],[3656.0,2034.5],[3655.5,2035.0],[3655.0,2035.5],[3654.0,2035.5],[3653.5,2036.0],[3653.0,2036.5],[3652.0,2036.5],[3651.0,2036.5],[3650.0,2036.5],[3649.5,2037.0],[3649.0,2037.5],[3648.0,2037.5],[3647.0,2037.5],[3646.5,2038.0],[3646.0,2038.5],[3645.5,2039.0],[3645.0,2039.5],[3644.0,2039.5],[3643.5,2040.0],[3643.0,2040.5],[3642.5,2041.0],[3642.0,2041.5],[3641.5,2042.0],[3641.0,2042.5],[3640.0,2042.5],[3639.0,2042.5],[3638.0,2042.5],[3637.0,2042.5],[3636.0,2042.5],[3635.0,2042.5],[3634.0,2042.5],[3633.5,2043.0],[3633.0,2043.5],[3632.0,2043.5],[3631.5,2044.0],[3631.0,2044.5],[3630.5,2045.0],[3630.0,2045.5],[3629.5,2046.0],[3629.0,2046.5],[3628.5,2047.0],[3628.0,2047.5],[3627.5,2048.0],[3627.0,2048.5],[3626.0,2048.5],[3625.0,2048.5],[3624.5,2049.0]]","[[243042.09882736,431261.75255585,84.76590919],[243042.09854698,431261.75283813,84.76560211],[243042.09826851,431261.75311279,84.76529551],[243042.09807968,431261.75370026,84.76529551],[243042.0977993,431261.75397491,84.76498842],[243042.09751892,431261.7542572,84.76468182],[243042.09733009,431261.75483704,84.76468182],[243042.09741974,431261.75514221,84.76498842],[243042.09751129,431261.75543976,84.76529503],[243042.09732056,431261.75602722,84.76529503],[243042.09713173,431261.75660706,84.76529455],[243042.0969429,431261.75718689,84.76529455],[243042.09675407,431261.75776672,84.76529455],[243042.09656334,431261.75834656,84.76529455],[243042.09665489,431261.75865173,84.76560116],[243042.09674454,431261.75895691,84.76590776],[243042.09655571,431261.75953674,84.76590776],[243042.09636688,431261.76011658,84.76590776],[243042.09617805,431261.76069641,84.76590776],[243042.09598732,431261.76128387,84.76590729],[243042.09579849,431261.76186371,84.76590729],[243042.09589005,431261.76216125,84.76621437],[243042.09597969,431261.76246643,84.76652098],[243042.09579086,431261.76304626,84.76652098],[243042.09560204,431261.76363373,84.76652098],[243042.0954113,431261.76421356,84.76652098],[243042.09522247,431261.7647934,84.7665205],[243042.09494209,431261.76507568,84.76621389],[243042.09466362,431261.76535034,84.76590681],[243042.09438324,431261.76563263,84.76559973],[243042.09410286,431261.76590729,84.76529312],[243042.09382248,431261.76618958,84.76498604],[243042.09354401,431261.76647186,84.76467943],[243042.09335518,431261.7670517,84.76467943],[243042.09316444,431261.76763153,84.76467943],[243042.09288597,431261.76791382,84.76437283],[243042.09260559,431261.76818848,84.76406574],[243042.09232712,431261.76847076,84.76375914],[243042.09195709,431261.76844788,84.7631464],[243042.09158707,431261.76841736,84.76253366],[243042.09130669,431261.76869965,84.76222706],[243042.09102821,431261.7689743,84.76192093],[243042.09065819,431261.76895142,84.76130867],[243042.09028816,431261.76892853,84.76069641],[243042.09000969,431261.76921082,84.76039028],[243042.08973122,431261.76948547,84.76008415],[243042.08936119,431261.76946259,84.75947237],[243042.08908272,431261.76973724,84.75916624],[243042.08880424,431261.77001953,84.75886059],[243042.08843422,431261.76999664,84.75824881],[243042.0880661,431261.76997375,84.75763798],[243042.08778763,431261.77024841,84.75733232],[243042.08750916,431261.77052307,84.75702667],[243042.08714104,431261.77050018,84.75641584],[243042.08705139,431261.77020264,84.75611019],[243042.08696175,431261.76989746,84.75580502],[243042.0868721,431261.76959229,84.75549984],[243042.08706093,431261.76901245,84.75549984],[243042.08724976,431261.76843262,84.75550032],[243042.08743858,431261.76785278,84.75550032],[243042.08734894,431261.76755524,84.75519514],[243042.08698082,431261.76752472,84.75458479],[243042.08670235,431261.76780701,84.75427961],[243042.08642387,431261.76808167,84.75397491],[243042.0861454,431261.76836395,84.75366974],[243042.08595657,431261.76894379,84.75366926],[243042.08576775,431261.76952362,84.75366926],[243042.08557892,431261.77010345,84.75366926],[243042.08539009,431261.77068329,84.75366878],[243042.08520126,431261.77126312,84.75366878],[243042.08499908,431261.77184296,84.75366878],[243042.08475494,431261.77241516,84.75366926],[243042.08445549,431261.77269745,84.75336409],[243042.08415604,431261.77297211,84.75305939],[243042.0839138,431261.77354431,84.75305986],[243042.08366966,431261.77412415,84.75306034],[243042.08342743,431261.77469635,84.75306082],[243042.08318329,431261.77527618,84.75306129],[243042.08288383,431261.77555084,84.7527566],[243042.08258438,431261.7758255,84.7524519],[243042.08234215,431261.77640533,84.75245237],[243042.08209801,431261.77697754,84.75245285],[243042.08185577,431261.77755737,84.75245333],[243042.08191109,431261.77785492,84.7527585],[243042.0819664,431261.7781601,84.75306368],[243042.08172417,431261.7787323,84.75306416],[243042.08148193,431261.77931213,84.75306463],[243042.08118248,431261.77958679,84.75275993],[243042.08088303,431261.77986145,84.75245523],[243042.08064079,431261.78043365,84.75245571],[243042.08034134,431261.78070831,84.75215101],[243042.08004189,431261.78098297,84.75184679],[243042.07974243,431261.78126526,84.75154209],[243042.07944489,431261.78153992,84.75123787],[243042.07914543,431261.78181458,84.75093365],[243042.07884598,431261.78208923,84.75062942],[243042.07854843,431261.78236389,84.7503252],[243042.07824898,431261.78263855,84.75002098],[243042.07795143,431261.78291321,84.74971676],[243042.07765198,431261.78318787,84.74941254],[243042.07735252,431261.78346252,84.74910879],[243042.07705498,431261.78373718,84.74880457],[243042.07675552,431261.78401184,84.74850082],[243042.07645798,431261.7842865,84.74819708],[243042.07615852,431261.78456116,84.74789286],[243042.07586098,431261.78483582,84.74758911],[243042.07561874,431261.78541565,84.74758959],[243042.07531929,431261.78569031,84.74728632],[243042.07502174,431261.78596497,84.74698257],[243042.07477951,431261.78653717,84.74698305],[243042.07453728,431261.78710938,84.74698353],[243042.07429504,431261.78768921,84.746984],[243042.07399559,431261.78796387,84.74668026],[243042.07369804,431261.78823853,84.74637699],[243042.07345581,431261.78881073,84.74637747],[243042.07315826,431261.78908539,84.74607372],[243042.07286072,431261.78936005,84.74577045],[243042.07261658,431261.78993225,84.74577093],[243042.07231903,431261.79020691,84.74546766],[243042.07202148,431261.79048157,84.74516439],[243042.07177925,431261.79105377,84.74516487],[243042.07153702,431261.79163361,84.74516535],[243042.07129478,431261.79220581,84.7451663],[243042.07099724,431261.79248047,84.74486256],[243042.07069969,431261.79275513,84.74455976],[243042.07045746,431261.79332733,84.74456024],[243042.07021523,431261.79389954,84.74456072],[243042.06991768,431261.79417419,84.74425745],[243042.06962013,431261.79444885,84.74395466],[243042.06932259,431261.79472351,84.74365139],[243042.06902504,431261.79499817,84.7433486],[243042.06878281,431261.79557037,84.74334907],[243042.06848526,431261.79584503,84.74304581],[243042.06818771,431261.79611969,84.74274301],[243042.06789207,431261.79639435,84.74244022],[243042.06759453,431261.79666138,84.74213743],[243042.06729698,431261.79693604,84.74183464],[243042.06699944,431261.79721069,84.74153185],[243042.06675911,431261.7977829,84.7415328],[243042.06651497,431261.7983551,84.74153328],[243042.06627464,431261.79893494,84.74153376],[243042.06603241,431261.79950714,84.74153471],[243042.06579018,431261.80007935,84.74153519],[243042.06554794,431261.80065155,84.74153566],[243042.06530571,431261.80122375,84.74153662],[243042.06500816,431261.80149841,84.74123383],[243042.06471252,431261.80177307,84.74093103],[243042.06447029,431261.80234528,84.74093199],[243042.06417274,431261.80261993,84.7406292],[243042.06387711,431261.80289459,84.74032688],[243042.06357956,431261.80316162,84.74002457],[243042.06328392,431261.80343628,84.73972225],[243042.06298637,431261.80371094,84.73941994],[243042.06269073,431261.8039856,84.73911762],[243042.0623951,431261.80425262,84.73881531],[243042.06209755,431261.80452728,84.73851299],[243042.06180191,431261.80480194,84.73821115],[243042.06150627,431261.80506897,84.73790884],[243042.06126404,431261.80564117,84.73790932],[243042.0610218,431261.80622101,84.73791027],[243042.06072617,431261.80648804,84.73760843]]",dji_pose_mesh_ray_contour_nodes,
62,49,3,SPL,3825.7201,1999.3435,3805,1986,3840,2010,35,24,393,243042.12133408,431261.69120026,84.76784897,dji_pose_mesh_ray_centroid,True,True,285980,2.408792,warp,,3825.7201,1999.3435,1,1,1.0,1,2.408792,2.408792,58,58,1.0,"[[3805.0,2007.5],[3805.5,2007.0],[3806.0,2006.5],[3807.0,2006.5],[3807.5,2006.0],[3808.0,2005.5],[3808.5,2005.0],[3809.0,2004.5],[3809.5,2004.0],[3810.0,2003.5],[3811.0,2003.5],[3811.5,2003.0],[3812.0,2002.5],[3813.0,2002.5],[3814.0,2002.5],[3815.0,2002.5],[3816.0,2002.5],[3816.5,2002.0],[3817.0,2001.5],[3818.0,2001.5],[3818.5,2001.0],[3818.5,2000.0],[3818.5,1999.0],[3818.0,1998.5],[3817.5,1998.0],[3817.5,1997.0],[3817.5,1996.0],[3818.0,1995.5],[3819.0,1995.5],[3819.5,1995.0],[3820.0,1994.5],[3821.0,1994.5],[3822.0,1994.5],[3822.5,1994.0],[3823.0,1993.5],[3824.0,1993.5],[3824.5,1993.0],[3825.0,1992.5],[3825.5,1992.0],[3826.0,1991.5],[3827.0,1991.5],[3828.0,1991.5],[3828.5,1991.0],[3829.0,1990.5],[3829.5,1990.0],[3830.0,1989.5],[3830.5,1989.0],[3831.0,1988.5],[3831.5,1988.0],[3832.0,1987.5],[3833.0,1987.5],[3833.5,1987.0],[3834.0,1986.5],[3835.0,1986.5],[3836.0,1986.5],[3837.0,1986.5],[3838.0,1986.5],[3838.5,1986.0]]","[[243042.11304474,431261.70307922,84.7628541],[243042.11332512,431261.70279694,84.76316023],[243042.1136055,431261.70251465,84.76346636],[243042.11379623,431261.70193481,84.76346636],[243042.11407661,431261.70165253,84.76377296],[243042.11435699,431261.70137024,84.76407909],[243042.11463737,431261.70108032,84.7643857],[243042.11491966,431261.70079803,84.76469231],[243042.11520004,431261.70051575,84.76499844],[243042.11548233,431261.70023346,84.76530504],[243042.11567116,431261.69965363,84.76530552],[243042.11595154,431261.69937134,84.76561212],[243042.11623383,431261.69908142,84.76591873],[243042.11642265,431261.69850159,84.76591873],[243042.11661148,431261.69792175,84.76591873],[243042.11680031,431261.69734192,84.76591873],[243042.11698914,431261.69676208,84.76591873],[243042.11727142,431261.6964798,84.76622581],[243042.1175518,431261.69618988,84.76653242],[243042.11779022,431261.69561005,84.76653194],[243042.11817741,431261.69533539,84.76683855],[243042.11861992,431261.69535065,84.76745176],[243042.11906433,431261.69536591,84.76806498],[243042.11911774,431261.69565582,84.76837206],[243042.11916924,431261.69595337,84.76867914],[243042.11961365,431261.69596863,84.76929331],[243042.12005615,431261.69598389,84.76990747],[243042.12044525,431261.6957016,84.77021408],[243042.12078094,431261.69512939,84.7702136],[243042.12117195,431261.69484711,84.77052069],[243042.12156105,431261.69456482,84.77082777],[243042.12189674,431261.69399261,84.77082682],[243042.12223244,431261.69341278,84.77082634],[243042.12262344,431261.69313049,84.77113342],[243042.12301254,431261.69284821,84.77144098],[243042.12335014,431261.692276,84.77144051],[243042.12373924,431261.69199371,84.77174759],[243042.12413025,431261.69171143,84.77205467],[243042.12452126,431261.69142914,84.77236223],[243042.12491035,431261.69114685,84.77266979],[243042.12524796,431261.69056702,84.77266931],[243042.12558365,431261.68999481,84.77266884],[243042.12597466,431261.68971252,84.7729764],[243042.12636566,431261.68943024,84.77328443],[243042.12675667,431261.68914795,84.77359199],[243042.12714767,431261.68886566,84.77389955],[243042.12753868,431261.68858337,84.77420759],[243042.12792969,431261.68830109,84.77451563],[243042.12832069,431261.6880188,84.77482367],[243042.1287117,431261.68773651,84.7751317],[243042.1290493,431261.68715668,84.7751317],[243042.12944031,431261.68687439,84.77543974],[243042.12983322,431261.6865921,84.77574778],[243042.13016891,431261.68601227,84.77574778],[243042.13050652,431261.68543243,84.7757473],[243042.13084412,431261.68486023,84.7757473],[243042.13118172,431261.6842804,84.77574682],[243042.13157272,431261.68399811,84.77605534]]",dji_pose_mesh_ray_contour_nodes,
63,50,3,SPL,3847.4348,1989.6087,3843,1987,3855,1994,12,7,46,243042.13297653,431261.6787796,84.77382612,dji_pose_mesh_ray_centroid,True,True,285980,2.420037,warp,,3847.4348,1989.6087,1,1,1.0,1,2.420037,2.420037,15,15,1.0,"[[3854.0,1990.5],[3853.5,1991.0],[3853.0,1991.5],[3852.0,1991.5],[3851.0,1991.5],[3850.5,1991.0],[3850.0,1990.5],[3849.0,1990.5],[3848.0,1990.5],[3847.5,1991.0],[3847.0,1991.5],[3846.5,1992.0],[3846.0,1992.5],[3845.0,1992.5],[3844.5,1993.0]]","[[243042.13484764,431261.6749649,84.77327347],[243042.13439941,431261.67524719,84.77296543],[243042.13400841,431261.67552948,84.77265787],[243042.13367081,431261.67610931,84.77265787],[243042.13333321,431261.67668915,84.77265835],[243042.13338852,431261.67698669,84.77296686],[243042.13344383,431261.67728424,84.77327537],[243042.13310623,431261.67786407,84.77327585],[243042.13276863,431261.67843628,84.77327633],[243042.13237572,431261.6787262,84.77296829],[243042.13198471,431261.67900848,84.77266026],[243042.1315937,431261.67929077,84.7723527],[243042.13120079,431261.67957306,84.77204466],[243042.13086319,431261.68015289,84.77204514],[243042.13047218,431261.68043518,84.77173758]]",dji_pose_mesh_ray_contour_nodes,
64,51,3,SPL,3727.8,2000.8,3726,2000,3730,2002,4,2,5,243042.10093498,431261.7480545,84.76695299,dji_pose_mesh_ray_centroid,True,True,1113143,2.39093,warp,,3727.8,2000.8,1,1,1.0,1,2.39093,2.39093,4,4,1.0,"[[3726.0,2000.5],[3727.0,2000.5],[3728.0,2000.5],[3728.5,2000.0]]","[[243042.1007061,431261.74910736,84.76713705],[243042.10089493,431261.74852753,84.76713753],[243042.10108566,431261.74794769,84.76713753],[243042.10136604,431261.74766541,84.76744461]]",dji_pose_mesh_ray_contour_nodes,
65,52,3,SPL,1703.5714,2030.2857,1702,2030,1707,2032,5,2,7,243041.69171524,431262.9283371,84.74867153,dji_pose_mesh_ray_centroid,True,True,1113250,2.375156,warp,,1703.5714,2030.2857,1,1,1.0,1,2.375156,2.375156,4,4,1.0,"[[1706.0,2030.5],[1705.0,2030.5],[1704.0,2030.5],[1703.5,2031.0]]","[[243041.69212341,431262.92685699,84.74854088],[243041.69192505,431262.92744446,84.7485404],[243041.69172478,431262.92803192,84.7485404],[243041.69145012,431262.92821503,84.74823427]]",dji_pose_mesh_ray_contour_nodes,
66,53,3,SPL,1697.8846,2041.3077,1696,2038,1700,2047,4,9,26,243041.68672752,431262.92910767,84.74193239,dji_pose_mesh_ray_centroid,True,True,1113250,2.371533,warp,,1697.8846,2041.3077,1,1,1.0,1,2.371533,2.371533,9,9,1.0,"[[1697.5,2046.0],[1697.5,2045.0],[1697.0,2044.5],[1696.5,2044.0],[1696.5,2043.0],[1696.5,2042.0],[1696.5,2041.0],[1696.5,2040.0],[1696.0,2039.5]]","[[243041.68501472,431262.92824554,84.73907137],[243041.68536377,431262.92847443,84.73968077],[243041.68543816,431262.92888641,84.73998547],[243041.68551254,431262.92929077,84.74029016],[243041.68586159,431262.92952728,84.74089956],[243041.68621063,431262.92975616,84.74150944],[243041.68655968,431262.92999268,84.74211979],[243041.68690872,431262.93022919,84.74273014],[243041.68698311,431262.93063354,84.74303532]]",dji_pose_mesh_ray_contour_nodes,
67,54,3,SPL,1705.5,2043.0,1705,2042,1707,2045,2,3,6,243041.68765068,431262.92424774,84.74090099,dji_pose_mesh_ray_centroid,True,True,1113250,2.369626,warp,,1705.5,2043.0,1,1,1.0,1,2.369626,2.369626,6,6,1.0,"[[1705.0,2042.0],[1706.0,2042.0],[1705.0,2043.0],[1706.0,2043.0],[1705.0,2044.0],[1706.0,2044.0]]","[[243041.68790054,431262.92477417,84.74151087],[243041.68809891,431262.92418671,84.74151087],[243041.6875515,431262.92454529,84.74090099],[243041.68774986,431262.92395782,84.74090099],[243041.68720245,431262.92430878,84.74029112],[243041.68740082,431262.92372131,84.7402916]]",dji_pose_mesh_ray_contour_nodes,
68,55,3,SPL,1712.5,2046.0,1712,2046,1714,2047,2,1,2,243041.6879921,431262.91944885,84.73907375,dji_pose_mesh_ray_centroid,True,True,1113250,2.367294,warp,,1712.5,2046.0,1,1,1.0,1,2.367294,2.367294,2,2,1.0,"[[1712.0,2046.0],[1713.0,2046.0]]","[[243041.68789291,431262.9197464,84.73907375],[243041.68809128,431262.91915894,84.73907375]]",dji_pose_mesh_ray_contour_nodes,
69,56,3,SPL,1316.5,2085.8,1315,2085,1319,2088,4,3,10,243041.59494591,431263.1402359,84.71493959,dji_pose_mesh_ray_centroid,True,True,1113248,2.423489,warp,,1316.5,2085.8,1,1,1.0,1,2.423489,2.423489,2,2,1.0,"[[1315.5,2087.0],[1315.0,2086.5]]","[[243041.59428596,431263.14044952,84.71422052],[243041.59436417,431263.1408844,84.71452045]]",dji_pose_mesh_ray_contour_nodes,
70,57,3,SPL,1345.0476,2089.9524,1343,2088,1348,2093,5,5,21,243041.59951591,431263.12273407,84.71244144,dji_pose_mesh_ray_centroid,True,True,1113248,2.416136,warp,,1345.0476,2089.9524,1,1,1.0,1,2.416136,2.416136,3,3,1.0,"[[1343.0,2089.5],[1343.5,2089.0],[1343.5,2088.0]]","[[243041.59924698,431263.12403107,84.71271276],[243041.59954071,431263.12390137,84.71301222],[243041.59991264,431263.12419891,84.7136116]]",dji_pose_mesh_ray_contour_nodes,
71,58,3,SPL,1195.1515,2450.8788,1191,2448,1200,2455,9,7,33,243041.44621468,431263.10375977,84.51056099,dji_pose_mesh_ray_centroid,True,True,1113281,2.300996,warp,,1195.1515,2450.8788,1,1,1.0,1,2.300996,2.300996,10,10,1.0,"[[1191.0,2452.5],[1191.5,2452.0],[1192.0,2451.5],[1192.5,2451.0],[1192.5,2450.0],[1193.0,2449.5],[1194.0,2449.5],[1194.5,2449.0],[1195.0,2448.5],[1195.5,2448.0]]","[[243041.44460869,431263.1053009,84.50976086],[243041.44488335,431263.10518646,84.51001883],[243041.445158,431263.10506439,84.51027679],[243041.44543266,431263.10494995,84.51053429],[243041.44569969,431263.10518646,84.51106453],[243041.44597626,431263.10507202,84.5113225],[243041.44625854,431263.10460663,84.51130819],[243041.4465332,431263.10449219,84.51156616],[243041.44680786,431263.10437775,84.51182461],[243041.44708252,431263.10426331,84.51208258]]",dji_pose_mesh_ray_contour_nodes,
72,59,3,SPL,1302.8889,2473.1667,1300,2472,1307,2475,7,3,18,243041.47071075,431263.04888916,84.49717951,dji_pose_mesh_ray_centroid,True,True,1113281,2.286255,warp,,1302.8889,2473.1667,1,1,1.0,1,2.286255,2.286255,3,3,1.0,"[[1304.5,2472.0],[1305.0,2472.5],[1306.0,2472.5]]","[[243041.47148514,431263.04840088,84.49777317],[243041.47149086,431263.04805756,84.4975009],[243041.47177696,431263.04759216,84.49748611]]",dji_pose_mesh_ray_contour_nodes,
73,60,3,SPL,1269.0,2493.5,1268,2493,1271,2495,3,2,6,243041.45562172,431263.06005096,84.48697758,dji_pose_mesh_ray_centroid,True,True,1113281,2.283034,warp,,1269.0,2493.5,1,1,1.0,1,2.283034,2.283034,6,6,1.0,"[[1268.0,2493.0],[1269.0,2493.0],[1270.0,2493.0],[1268.0,2494.0],[1269.0,2494.0],[1270.0,2494.0]]","[[243041.45547485,431263.0606308,84.48725557],[243041.45575714,431263.06016541,84.48723984],[243041.45603943,431263.05970764,84.48722458],[243041.45520592,431263.06040192,84.48673058],[243041.4554882,431263.05994415,84.48671484],[243041.45577049,431263.05947876,84.48669958]]",dji_pose_mesh_ray_contour_nodes,
74,61,3,SPL,1307.2143,2501.6429,1305,2500,1311,2504,6,4,14,243041.46421814,431263.04058838,84.48210764,dji_pose_mesh_ray_centroid,True,True,1113281,2.277984,warp,,1307.2143,2501.6429,1,1,1.0,1,2.277984,2.277984,6,6,1.0,"[[1306.5,2500.0],[1307.0,2500.5],[1308.0,2500.5],[1309.0,2500.5],[1309.5,2501.0],[1310.0,2501.5]]","[[243041.46446037,431263.04127502,84.48298073],[243041.46446609,431263.04093933,84.48271084],[243041.46474838,431263.04047394,84.4826951],[243041.46503258,431263.04000854,84.48267937],[243041.4650383,431263.03966522,84.482409],[243041.46504402,431263.03932953,84.48213863]]",dji_pose_mesh_ray_contour_nodes,
75,62,3,SPL,789.2564,2577.5385,783,2575,796,2581,13,6,39,243041.33120537,431263.28382874,84.44589853,dji_pose_mesh_ray_centroid,True,True,1113282,2.348945,warp,,789.2564,2577.5385,1,1,1.0,1,2.348945,2.348945,13,13,1.0,"[[783.0,2578.5],[783.5,2578.0],[784.0,2577.5],[784.5,2577.0],[785.0,2576.5],[786.0,2576.5],[787.0,2576.5],[788.0,2576.5],[789.0,2576.5],[790.0,2576.5],[790.5,2576.0],[791.0,2575.5],[791.5,2575.0]]","[[243041.33041573,431263.28752136,84.44528246],[243041.33061028,431263.28736115,84.4455409],[243041.33080292,431263.28720093,84.44579983],[243041.33099747,431263.28704071,84.44605827],[243041.33119202,431263.28688049,84.4463172],[243041.33127022,431263.28624725,84.44633913],[243041.33134842,431263.28560638,84.44636154],[243041.33142853,431263.28496552,84.44638395],[243041.33150673,431263.28432465,84.44640636],[243041.33158493,431263.28369141,84.44642878],[243041.33177948,431263.28353119,84.4466877],[243041.33197403,431263.28337097,84.44694614],[243041.33216858,431263.28321075,84.44720507]]",dji_pose_mesh_ray_contour_nodes,
76,63,3,SPL,772.4286,2600.2857,772,2599,774,2603,2,4,7,243041.32286072,431263.28728485,84.43430567,dji_pose_mesh_ray_centroid,True,True,1113282,2.347355,warp,,772.4286,2600.2857,1,1,1.0,1,2.347355,2.347355,2,2,1.0,"[[773.0,2601.5],[772.5,2602.0]]","[[243041.32253265,431263.28652954,84.4337225],[243041.32234001,431263.28668976,84.43346596]]",dji_pose_mesh_ray_contour_nodes,
77,64,3,SPL,789.3699,2607.3288,782,2603,796,2614,14,11,73,243041.32209778,431263.2743454,84.43123293,dji_pose_mesh_ray_centroid,True,True,1113287,2.33808,warp,,789.3699,2607.3288,1,1,1.0,1,2.33808,2.33808,18,18,1.0,"[[791.5,2613.0],[791.5,2612.0],[791.0,2611.5],[790.5,2611.0],[790.5,2610.0],[790.0,2609.5],[789.5,2609.0],[789.0,2608.5],[788.0,2608.5],[787.0,2608.5],[786.5,2608.0],[786.0,2607.5],[785.0,2607.5],[784.0,2607.5],[783.5,2607.0],[783.0,2606.5],[782.5,2606.0],[782.0,2605.5]]","[[243041.32088661,431263.27157593,84.42843342],[243041.32116699,431263.27185822,84.42892694],[243041.32121849,431263.2722702,84.42917299],[243041.32126808,431263.27268219,84.42941952],[243041.32154846,431263.27297211,84.42991352],[243041.32159996,431263.27338409,84.43016005],[243041.32165146,431263.27379608,84.43040657],[243041.32170296,431263.27420044,84.43065309],[243041.32156754,431263.27478027,84.43064165],[243041.32148933,431263.27541351,84.43061876],[243041.32160378,431263.27588654,84.43085146],[243041.32171631,431263.27636719,84.43108463],[243041.32163811,431263.27700043,84.43106127],[243041.32155991,431263.27763367,84.4310379],[243041.32167244,431263.27810669,84.43127108],[243041.32178688,431263.27858734,84.43150425],[243041.32190132,431263.27906036,84.43173742],[243041.32201385,431263.27953339,84.4319706]]",dji_pose_mesh_ray_contour_nodes,
78,65,3,SPL,758.6812,2632.1493,745,2611,782,2654,37,43,643,243041.31204224,431263.28585815,84.41842794,dji_pose_mesh_ray_centroid,True,True,1113282,2.341339,warp,,758.6812,2632.1493,1,1,1.0,1,2.341339,2.341339,70,70,1.0,"[[764.5,2611.0],[765.0,2611.5],[766.0,2611.5],[766.5,2612.0],[767.0,2612.5],[767.5,2613.0],[767.5,2614.0],[767.5,2615.0],[767.5,2616.0],[767.5,2617.0],[767.0,2617.5],[766.0,2617.5],[765.0,2617.5],[764.5,2618.0],[764.0,2618.5],[763.0,2618.5],[762.0,2618.5],[761.0,2618.5],[760.0,2618.5],[759.5,2619.0],[759.0,2619.5],[758.0,2619.5],[757.5,2620.0],[757.0,2620.5],[756.5,2621.0],[756.5,2622.0],[756.5,2623.0],[756.5,2624.0],[756.5,2625.0],[757.0,2625.5],[757.5,2626.0],[758.0,2626.5],[758.5,2627.0],[759.0,2627.5],[759.5,2628.0],[760.0,2628.5],[761.0,2628.5],[761.5,2629.0],[762.0,2629.5],[763.0,2629.5],[764.0,2629.5],[765.0,2629.5],[766.0,2629.5],[767.0,2629.5],[767.5,2630.0],[767.5,2631.0],[768.0,2631.5],[768.5,2631.0],[768.5,2630.0],[769.0,2629.5],[769.5,2629.0],[770.0,2628.5],[771.0,2628.5],[771.5,2628.0],[772.0,2627.5],[772.5,2628.0],[773.0,2628.5],[774.0,2628.5],[774.5,2629.0],[775.0,2629.5],[775.5,2630.0],[776.0,2630.5],[776.5,2631.0],[777.0,2631.5],[777.5,2632.0],[778.0,2632.5],[779.0,2632.5],[780.0,2632.5],[780.5,2633.0],[781.0,2633.5]]","[[243041.31894875,431263.28890228,84.42887068],[243041.31883621,431263.28842926,84.42863798],[243041.31891441,431263.28778839,84.42866135],[243041.31880188,431263.28731537,84.42842865],[243041.31868744,431263.28683472,84.42819595],[243041.31857491,431263.28636169,84.42796326],[243041.31826973,431263.28604126,84.4274745],[243041.31796265,431263.28572083,84.42698622],[243041.31765747,431263.28540802,84.42649794],[243041.31735229,431263.28508759,84.42601013],[243041.31715965,431263.2852478,84.42575455],[243041.31708145,431263.28588104,84.4257307],[243041.31700134,431263.28651428,84.42570734],[243041.31681061,431263.2866745,84.42545128],[243041.31661797,431263.28682709,84.42519569],[243041.31653786,431263.28746796,84.42517185],[243041.31645966,431263.2881012,84.42514849],[243041.31638145,431263.28873444,84.42512464],[243041.31630135,431263.28936768,84.42510128],[243041.3161087,431263.28952789,84.4248457],[243041.31591797,431263.28968811,84.42458963],[243041.31583786,431263.29032135,84.42456627],[243041.31564713,431263.29048157,84.42431021],[243041.31545448,431263.29063416,84.42405462],[243041.31526184,431263.29079437,84.42379904],[243041.31495667,431263.29047394,84.42331171],[243041.31465149,431263.2901535,84.42282438],[243041.31434822,431263.28983307,84.42233753],[243041.31404305,431263.28952026,84.42185068],[243041.31393051,431263.28903961,84.42161941],[243041.31381798,431263.28856659,84.42138767],[243041.31370544,431263.28808594,84.42115641],[243041.31359291,431263.28761292,84.42092514],[243041.31348038,431263.28713226,84.42069387],[243041.31336784,431263.28665924,84.42046308],[243041.31325531,431263.28618622,84.42023182],[243041.31333351,431263.28555298,84.42025566],[243041.31322098,431263.28507233,84.42002487],[243041.31310844,431263.2845993,84.41979361],[243041.31318855,431263.28396606,84.41981745],[243041.31326675,431263.28333282,84.41984177],[243041.31334686,431263.28269958,84.41986561],[243041.31342506,431263.28206635,84.41988945],[243041.31350517,431263.28143311,84.41991329],[243041.31339264,431263.28096008,84.4196825],[243041.31308937,431263.28063965,84.41919708],[243041.31297684,431263.28016663,84.41896629],[243041.31316757,431263.28000641,84.41922092],[243041.31347084,431263.28032684,84.41970634],[243041.31366348,431263.28016663,84.41996098],[243041.31385422,431263.28000641,84.42021608],[243041.31404495,431263.27985382,84.42047071],[243041.31412506,431263.27922058,84.42049456],[243041.3143158,431263.27906036,84.42074966],[243041.31450844,431263.27890015,84.42100429],[243041.3143959,431263.27842712,84.42077351],[243041.31428337,431263.2779541,84.42054224],[243041.31436157,431263.27732086,84.42056608],[243041.31424904,431263.27684784,84.42033529],[243041.31413651,431263.27637482,84.4201045],[243041.31402397,431263.27590179,84.41987371],[243041.31391144,431263.27542877,84.41964292],[243041.3137989,431263.27494812,84.41941261],[243041.31368637,431263.2744751,84.41918182],[243041.31357384,431263.27400208,84.41895151],[243041.31346321,431263.27352905,84.4187212],[243041.31354141,431263.27289581,84.41874504],[243041.31361961,431263.2722702,84.41876888],[243041.31350708,431263.27179718,84.41853857],[243041.31339645,431263.27132416,84.41830826]]",dji_pose_mesh_ray_contour_nodes,
79,66,3,SPL,772.0,2614.5,772,2612,773,2618,1,6,6,243041.31847191,431263.28302765,84.42733622,dji_pose_mesh_ray_centroid,True,True,1113282,2.342352,warp,,772.0,2614.5,1,1,1.0,1,2.342352,2.342352,6,6,1.0,"[[772.0,2612.0],[772.0,2613.0],[772.0,2614.0],[772.0,2615.0],[772.0,2616.0],[772.0,2617.0]]","[[243041.31923485,431263.28382111,84.4285574],[243041.31892967,431263.28350067,84.42806864],[243041.3186245,431263.28318787,84.42758036],[243041.31831932,431263.28286743,84.42709207],[243041.31801224,431263.282547,84.42660379],[243041.31770706,431263.28223419,84.42611599]]",dji_pose_mesh_ray_contour_nodes,
80,67,3,SPL,393.0,2704.5,392,2704,395,2706,3,2,6,243041.24080086,431263.47255707,84.37926912,dji_pose_mesh_ray_centroid,True,True,4506,2.43893,warp,,393.0,2704.5,1,1,1.0,1,2.43893,2.43893,6,6,1.0,"[[392.0,2704.0],[393.0,2704.0],[394.0,2704.0],[392.0,2705.0],[393.0,2705.0],[394.0,2705.0]]","[[243041.24073982,431263.47322845,84.37951279],[243041.24094009,431263.47272491,84.37950897],[243041.24114037,431263.47222137,84.37950468],[243041.24046135,431263.47288513,84.37903357],[243041.24066162,431263.47238922,84.37902927],[243041.24086189,431263.47188568,84.37902498]]",dji_pose_mesh_ray_contour_nodes,
81,68,3,SPL,510.4921,2752.4762,504,2749,518,2756,14,7,63,243041.24892998,431263.39557648,84.35648918,dji_pose_mesh_ray_centroid,True,True,1113295,2.389943,warp,,510.4921,2752.4762,1,1,1.0,1,2.389943,2.389943,15,15,1.0,"[[504.0,2752.5],[504.5,2752.0],[505.0,2751.5],[506.0,2751.5],[506.5,2751.0],[507.0,2750.5],[508.0,2750.5],[509.0,2750.5],[510.0,2750.5],[511.0,2750.5],[511.5,2750.0],[512.0,2749.5],[513.0,2749.5],[514.0,2749.5],[514.5,2749.0]]","[[243041.24799156,431263.39922333,84.35640669],[243041.24821472,431263.39911652,84.35664463],[243041.24843788,431263.3990097,84.35688209],[243041.24858284,431263.39844513,84.35689306],[243041.248806,431263.39834595,84.357131],[243041.24902916,431263.39823914,84.35736847],[243041.24917221,431263.39767456,84.35737991],[243041.24931526,431263.39710999,84.35739088],[243041.24945831,431263.39654541,84.35740185],[243041.24960136,431263.39598846,84.35741234],[243041.24982452,431263.39588165,84.35765028],[243041.25004768,431263.39577484,84.35788822],[243041.25019264,431263.39521027,84.35789919],[243041.25033569,431263.39464569,84.35791016],[243041.25055885,431263.39453888,84.3581481]]",dji_pose_mesh_ray_contour_nodes,
82,69,3,SPL,480.3333,2759.2727,477,2757,486,2764,9,7,33,243041.2425518,431263.41014862,84.35300446,dji_pose_mesh_ray_centroid,True,True,1113295,2.397373,warp,,480.3333,2759.2727,1,1,1.0,1,2.397373,2.397373,12,12,1.0,"[[485.0,2758.5],[484.0,2758.5],[483.5,2759.0],[483.0,2759.5],[482.0,2759.5],[481.5,2760.0],[481.0,2760.5],[480.5,2761.0],[480.0,2761.5],[479.5,2762.0],[479.0,2762.5],[478.5,2763.0]]","[[243041.24345398,431263.40779114,84.35341454],[243041.24331093,431263.40835571,84.35340309],[243041.24308777,431263.40846252,84.3531661],[243041.24286461,431263.40856171,84.35292864],[243041.24272156,431263.40912628,84.35291767],[243041.2424984,431263.40923309,84.35268068],[243041.24227524,431263.40933228,84.35244369],[243041.24205399,431263.40943909,84.35220671],[243041.24183083,431263.4095459,84.35196972],[243041.24160957,431263.40964508,84.35173225],[243041.24138641,431263.40975189,84.35149574],[243041.24116325,431263.4098587,84.35125875]]",dji_pose_mesh_ray_contour_nodes,
83,70,3,SPL,474.4444,2768.8889,473,2768,477,2771,4,3,9,243041.23881149,431263.41004944,84.34849215,dji_pose_mesh_ray_centroid,True,True,1113295,2.395728,warp,,474.4444,2768.8889,1,1,1.0,1,2.395728,2.395728,3,3,1.0,"[[476.0,2769.5],[475.0,2769.5],[474.5,2770.0]]","[[243041.23884964,431263.40895844,84.3482275],[243041.23870659,431263.40952301,84.34821653],[243041.23848534,431263.40962219,84.34798002]]",dji_pose_mesh_ray_contour_nodes,
84,71,3,SPL,448.875,2773.875,448,2773,451,2776,3,3,8,243041.23271561,431263.42153168,84.34617424,dji_pose_mesh_ray_centroid,True,True,4506,2.400906,warp,,448.875,2773.875,1,1,1.0,1,2.400906,2.400906,2,2,1.0,"[[450.0,2774.5],[449.5,2775.0]]","[[243041.23276711,431263.42076874,84.34587669],[243041.23253059,431263.42085266,84.34564543]]",dji_pose_mesh_ray_contour_nodes,
85,72,3,SPL,722.5,2785.6667,721,2785,725,2787,4,2,6,243041.26385117,431263.26067352,84.34501028,dji_pose_mesh_ray_centroid,True,True,1113282,2.303298,warp,,722.5,2785.6667,1,1,1.0,1,2.303298,2.303298,2,2,1.0,"[[721.0,2785.5],[721.5,2785.0]]","[[243041.26377869,431263.26164246,84.34504461],[243041.26396179,431263.26148987,84.34528828]]",dji_pose_mesh_ray_contour_nodes,
86,73,3,SPL,466.0,2788.0,466,2788,467,2789,1,1,1,243041.2318821,431263.40803528,84.33960772,dji_pose_mesh_ray_centroid,True,True,1113295,2.391434,warp,,466.0,2788.0,1,1,1.0,1,2.391434,2.391434,1,1,1.0,"[[466.0,2788.0]]","[[243041.2318821,431263.40803528,84.33960772]]",dji_pose_mesh_ray_contour_nodes,
87,74,3,SPL,806.0,2872.5,805,2871,808,2875,3,4,10,243041.25396729,431263.19262695,84.30582809,dji_pose_mesh_ray_centroid,True,True,1113275,2.256287,warp,,806.0,2872.5,1,1,1.0,1,2.256287,2.256287,2,2,1.0,"[[805.0,2871.5],[805.5,2871.0]]","[[243041.25401878,431263.19335938,84.30628872],[243041.25423431,431263.1932373,84.30651522]]",dji_pose_mesh_ray_contour_nodes,
88,75,3,SPL,783.7333,2902.1778,780,2899,788,2907,8,8,45,243041.2426548,431263.19615173,84.2924161,dji_pose_mesh_ray_centroid,True,True,1113275,2.253928,warp,,783.7333,2902.1778,1,1,1.0,1,2.253928,2.253928,8,8,1.0,"[[783.5,2906.0],[783.0,2905.5],[782.5,2905.0],[782.0,2904.5],[781.5,2904.0],[781.0,2903.5],[780.5,2903.0],[780.0,2902.5]]","[[243041.24170303,431263.19532776,84.29068756],[243041.24172783,431263.19569397,84.29091549],[243041.24175262,431263.19606018,84.29114389],[243041.24177742,431263.19642639,84.29137182],[243041.24180031,431263.19678497,84.29160023],[243041.2418251,431263.19715118,84.29182816],[243041.2418499,431263.1975174,84.29205656],[243041.24187469,431263.19788361,84.29228497]]",dji_pose_mesh_ray_contour_nodes,
89,76,3,SPL,804.8833,2909.5333,798,2903,815,2915,17,12,120,243041.24489975,431263.18408966,84.28900528,dji_pose_mesh_ray_centroid,True,True,1113275,2.247746,warp,,804.8833,2909.5333,1,1,1.0,1,2.247746,2.247746,20,20,1.0,"[[804.5,2903.0],[805.0,2903.5],[805.5,2904.0],[806.0,2904.5],[806.5,2905.0],[807.0,2905.5],[807.5,2906.0],[807.5,2907.0],[808.0,2907.5],[808.5,2908.0],[809.0,2908.5],[809.5,2909.0],[810.0,2909.5],[811.0,2909.5],[811.5,2910.0],[812.0,2910.5],[813.0,2910.5],[813.5,2911.0],[813.5,2912.0],[814.0,2912.5]]","[[243041.24638367,431263.18586731,84.29196119],[243041.24635887,431263.1855011,84.29173326],[243041.24633408,431263.18513489,84.29150486],[243041.24630928,431263.18477631,84.29127645],[243041.24628448,431263.1844101,84.29104853],[243041.24625969,431263.18404388,84.29082012],[243041.24623489,431263.18367767,84.29059219],[243041.24599648,431263.18343353,84.29013967],[243041.24597168,431263.18306732,84.28991175],[243041.24594688,431263.18270874,84.28968382],[243041.245924,431263.18234253,84.28945589],[243041.2458992,431263.18197632,84.28922796],[243041.2458744,431263.18161011,84.28900003],[243041.24606323,431263.18112946,84.28899574],[243041.24603844,431263.18076324,84.28876829],[243041.24601364,431263.18039703,84.28854036],[243041.24620247,431263.17991638,84.28853607],[243041.24617767,431263.17955017,84.28830862],[243041.24593925,431263.17930603,84.28785706],[243041.24591446,431263.17893982,84.28762913]]",dji_pose_mesh_ray_contour_nodes,
90,77,3,SPL,764.7143,2912.3571,763,2910,768,2915,5,5,14,243041.23665428,431263.20287323,84.28789091,dji_pose_mesh_ray_centroid,True,True,1113275,2.255577,warp,,764.7143,2912.3571,1,1,1.0,1,2.255577,2.255577,7,7,1.0,"[[763.5,2910.0],[764.0,2910.5],[764.5,2911.0],[765.0,2911.5],[766.0,2911.5],[766.5,2912.0],[767.0,2912.5]]","[[243041.23698235,431263.20404053,84.28895998],[243041.23695946,431263.20367432,84.28873205],[243041.23693466,431263.20330811,84.28850412],[243041.23691177,431263.20294189,84.28827667],[243041.23709869,431263.20246124,84.28827286],[243041.23707581,431263.20209503,84.28804493],[243041.23705101,431263.20172882,84.28781748]]",dji_pose_mesh_ray_contour_nodes,
91,78,3,SPL,1143.0,2925.0,1143,2925,1144,2926,1,1,1,243041.30505562,431263.01622772,84.2806654,dji_pose_mesh_ray_centroid,True,True,1113275,2.179321,warp,,1143.0,2925.0,1,1,1.0,1,2.179321,2.179321,1,1,1.0,"[[1143.0,2925.0]]","[[243041.30505562,431263.01622772,84.2806654]]",dji_pose_mesh_ray_contour_nodes,
92,79,3,SPL,723.0076,2941.6133,709,2927,737,2956,28,29,525,243041.22218704,431263.21605682,84.27483988,dji_pose_mesh_ray_centroid,True,True,1113287,2.258073,warp,,723.0076,2941.6133,1,1,1.0,1,2.258073,2.258073,36,36,1.0,"[[709.0,2952.5],[709.5,2952.0],[710.0,2951.5],[710.5,2951.0],[710.5,2950.0],[710.5,2949.0],[710.5,2948.0],[710.5,2947.0],[710.5,2946.0],[710.5,2945.0],[711.0,2944.5],[711.5,2944.0],[712.0,2943.5],[712.5,2943.0],[713.0,2942.5],[713.5,2942.0],[714.0,2941.5],[714.5,2941.0],[714.5,2940.0],[714.5,2939.0],[714.5,2938.0],[714.5,2937.0],[714.5,2936.0],[714.0,2935.5],[713.5,2935.0],[713.5,2934.0],[713.5,2933.0],[714.0,2932.5],[714.5,2932.0],[714.5,2931.0],[715.0,2930.5],[715.5,2930.0],[715.5,2929.0],[715.5,2928.0],[716.0,2927.5],[716.5,2927.0]]","[[243041.21711922,431263.22019958,84.27000952],[243041.21732712,431263.22008514,84.27023077],[243041.21753502,431263.21996307,84.27045202],[243041.21774483,431263.21984863,84.27067327],[243041.21799088,431263.22010803,84.2711134],[243041.21823883,431263.22037506,84.27155399],[243041.21848679,431263.22064209,84.27199507],[243041.21873665,431263.22090149,84.27243566],[243041.2189846,431263.22116852,84.27287674],[243041.21923256,431263.22143555,84.27331781],[243041.21944046,431263.22131348,84.27354002],[243041.21965027,431263.22119904,84.27376175],[243041.21985817,431263.22107697,84.27398348],[243041.22006607,431263.22096252,84.27420521],[243041.22027588,431263.22084045,84.27442694],[243041.22048378,431263.22072601,84.27464914],[243041.22069359,431263.22060394,84.27487087],[243041.22090149,431263.2204895,84.27509308],[243041.22115135,431263.22075653,84.27553463],[243041.22139931,431263.22101593,84.27597666],[243041.22164917,431263.22128296,84.27641916],[243041.22189713,431263.22154999,84.27686119],[243041.22214699,431263.22181702,84.2773037],[243041.22218704,431263.22219849,84.27752399],[243041.2222271,431263.22258759,84.27774429],[243041.22247696,431263.22284698,84.27818727],[243041.22272491,431263.22311401,84.27863026],[243041.22293472,431263.22299957,84.27885246],[243041.22314453,431263.2228775,84.27907515],[243041.22339439,431263.22314453,84.2795186],[243041.22360229,431263.22303009,84.27974129],[243041.2238121,431263.22290802,84.27996397],[243041.22406197,431263.22317505,84.28040743],[243041.22431183,431263.22344208,84.28085136],[243041.22452164,431263.22332001,84.28107405],[243041.22473145,431263.22320557,84.28129721]]",dji_pose_mesh_ray_contour_nodes,
93,80,3,SPL,684.5,2937.0,684,2937,686,2938,2,1,2,243041.21855545,431263.23849487,84.27621651,dji_pose_mesh_ray_centroid,True,True,1113282,2.271335,warp,,684.5,2937.0,1,1,1.0,1,2.271335,2.271335,2,2,1.0,"[[684.0,2937.0],[685.0,2937.0]]","[[243041.2185154,431263.23879242,84.27620077],[243041.2185955,431263.2381897,84.27623272]]",dji_pose_mesh_ray_contour_nodes,
94,81,3,SPL,831.8429,2949.9686,820,2937,844,2962,24,25,382,243041.24040222,431263.1612854,84.27074146,dji_pose_mesh_ray_centroid,True,True,1113275,2.232895,warp,,831.8429,2949.9686,1,1,1.0,1,2.232895,2.232895,27,27,1.0,"[[820.0,2948.5],[821.0,2948.5],[821.5,2948.0],[821.5,2947.0],[822.0,2946.5],[822.5,2946.0],[823.0,2945.5],[823.5,2945.0],[824.0,2944.5],[824.5,2944.0],[825.0,2943.5],[826.0,2943.5],[826.5,2943.0],[827.0,2942.5],[828.0,2942.5],[828.5,2942.0],[829.0,2941.5],[829.5,2941.0],[830.0,2940.5],[830.5,2940.0],[831.0,2939.5],[831.5,2939.0],[832.0,2938.5],[832.5,2938.0],[833.0,2937.5],[834.0,2937.5],[834.5,2937.0]]","[[243041.2385273,431263.16735077,84.27144575],[243041.23871422,431263.16687012,84.27144146],[243041.23892593,431263.16674805,84.27166271],[243041.23916054,431263.16698456,84.27210903],[243041.23937225,431263.16686249,84.27233028],[243041.23958397,431263.16674042,84.27255154],[243041.23979568,431263.16662598,84.27277327],[243041.2400074,431263.16650391,84.27299452],[243041.24021912,431263.16638184,84.27321577],[243041.24043083,431263.16625977,84.2734375],[243041.24064445,431263.1661377,84.27365875],[243041.24083138,431263.16565704,84.27365446],[243041.24104309,431263.16553497,84.27387619],[243041.24125481,431263.1654129,84.27409792],[243041.24144173,431263.16492462,84.27409363],[243041.24165344,431263.16480255,84.27431536],[243041.24186707,431263.16468811,84.27453709],[243041.24207878,431263.16456604,84.27475834],[243041.2422905,431263.16444397,84.27498007],[243041.24250221,431263.1643219,84.2752018],[243041.24271393,431263.16419983,84.27542353],[243041.24292564,431263.16407776,84.27564573],[243041.24313927,431263.16395569,84.27586746],[243041.24335098,431263.16383362,84.27608919],[243041.2435627,431263.16371155,84.2763114],[243041.24375153,431263.1632309,84.27630711],[243041.24396324,431263.16310883,84.27652883]]",dji_pose_mesh_ray_contour_nodes,
95,82,3,SPL,752.3418,2951.1266,746,2947,759,2956,13,9,79,243041.22523117,431263.19932556,84.27055216,dji_pose_mesh_ray_centroid,True,True,1113275,2.249248,warp,,752.3418,2951.1266,1,1,1.0,1,2.249248,2.249248,14,14,1.0,"[[758.0,2952.5],[757.5,2953.0],[757.0,2953.5],[756.5,2954.0],[756.0,2954.5],[755.0,2954.5],[754.0,2954.5],[753.0,2954.5],[752.0,2954.5],[751.0,2954.5],[750.0,2954.5],[749.0,2954.5],[748.0,2954.5],[747.5,2955.0]]","[[243041.22597122,431263.19626617,84.26991653],[243041.22575951,431263.19638824,84.26969576],[243041.2255497,431263.19650269,84.26947546],[243041.22533989,431263.19662476,84.26925468],[243041.22513008,431263.1967392,84.26903391],[243041.22494316,431263.19722748,84.26903772],[243041.22475624,431263.19770813,84.26904201],[243041.22456932,431263.19818878,84.26904631],[243041.22438049,431263.19866943,84.26905012],[243041.22419357,431263.19915009,84.26905441],[243041.22400665,431263.19963074,84.2690587],[243041.22381973,431263.20011139,84.26906252],[243041.22363281,431263.20059204,84.26906681],[243041.223423,431263.20071411,84.26884651]]",dji_pose_mesh_ray_contour_nodes,
96,83,3,SPL,792.2143,2950.6429,790,2949,795,2953,5,4,14,243041.23281479,431263.18023682,84.27060366,dji_pose_mesh_ray_centroid,True,True,1113275,2.24095,warp,,792.2143,2950.6429,1,1,1.0,1,2.24095,2.24095,4,4,1.0,"[[790.0,2950.5],[790.5,2950.0],[791.0,2949.5],[791.5,2949.0]]","[[243041.23243332,431263.18133545,84.27067661],[243041.23264313,431263.18121338,84.27089739],[243041.23285484,431263.18109131,84.27111864],[243041.23306465,431263.18097687,84.27133942]]",dji_pose_mesh_ray_contour_nodes,
97,84,3,SPL,785.0,2958.0,784,2957,787,2960,3,3,9,243041.22974205,431263.18193054,84.26735592,dji_pose_mesh_ray_centroid,True,True,1113275,2.240798,warp,,785.0,2958.0,1,1,1.0,1,2.240798,2.240798,9,9,1.0,"[[784.0,2957.0],[785.0,2957.0],[786.0,2957.0],[784.0,2958.0],[785.0,2958.0],[786.0,2958.0],[784.0,2959.0],[785.0,2959.0],[786.0,2959.0]]","[[243041.22978783,431263.18265533,84.2678051],[243041.22997475,431263.18217468,84.26780081],[243041.23016167,431263.18169403,84.26779699],[243041.22955513,431263.18241119,84.26736021],[243041.22974205,431263.18193054,84.26735592],[243041.22992897,431263.18144989,84.26735163],[243041.22932053,431263.18216705,84.26691532],[243041.22950745,431263.1816864,84.26691103],[243041.22969627,431263.18120575,84.26690674]]",dji_pose_mesh_ray_contour_nodes,
98,85,3,SPL,780.6923,2975.8462,777,2974,785,2979,8,5,13,243041.22478104,431263.17969513,84.25945473,dji_pose_mesh_ray_centroid,True,True,1113275,2.237709,warp,,780.6923,2975.8462,1,1,1.0,1,2.237709,2.237709,17,17,1.0,"[[784.0,2975.5],[783.0,2975.5],[782.5,2976.0],[782.0,2976.5],[781.0,2976.5],[780.5,2977.0],[780.0,2977.5],[779.0,2977.5],[778.0,2977.5],[777.5,2977.0],[778.0,2976.5],[779.0,2976.5],[779.5,2976.0],[779.5,2975.0],[780.0,2974.5],[781.0,2974.5],[781.5,2974.0]]","[[243041.22547722,431263.17819214,84.25959396],[243041.22529221,431263.17867279,84.25959825],[243041.2250824,431263.17879486,84.25937891],[243041.22487259,431263.1789093,84.25916004],[243041.22468567,431263.17938995,84.25916386],[243041.22447586,431263.17951202,84.25894499],[243041.22426796,431263.17963409,84.25872564],[243041.22408104,431263.18011475,84.25872993],[243041.22389412,431263.1805954,84.25873423],[243041.22391701,431263.18095398,84.25895739],[243041.22412682,431263.18083191,84.25917673],[243041.22431183,431263.18035126,84.25917244],[243041.22452164,431263.18023682,84.25939178],[243041.22475433,431263.18047333,84.25983429],[243041.22496414,431263.18035126,84.26005363],[243041.22515106,431263.17987061,84.26004934],[243041.22535896,431263.17975616,84.26026869]]",dji_pose_mesh_ray_contour_nodes,
99,86,3,SPL,802.7926,2980.0963,794,2975,812,2986,18,11,135,243041.22791672,431263.16806793,84.25748205,dji_pose_mesh_ray_centroid,True,True,1113275,2.232175,warp,,802.7926,2980.0963,1,1,1.0,1,2.232175,2.232175,18,18,1.0,"[[811.0,2979.5],[810.5,2980.0],[810.5,2981.0],[810.5,2982.0],[810.0,2982.5],[809.5,2983.0],[809.0,2983.5],[808.0,2983.5],[807.0,2983.5],[806.0,2983.5],[805.0,2983.5],[804.0,2983.5],[803.5,2984.0],[803.0,2984.5],[802.0,2984.5],[801.0,2984.5],[800.0,2984.5],[799.5,2985.0]]","[[243041.22958565,431263.16427612,84.25771141],[243041.22937584,431263.16439056,84.25749254],[243041.22914314,431263.16415405,84.25705051],[243041.22891045,431263.16391754,84.25660849],[243041.22870064,431263.16403961,84.25639009],[243041.22849083,431263.16416168,84.25617123],[243041.22828293,431263.16427612,84.25595236],[243041.22809601,431263.16475677,84.25595665],[243041.22790909,431263.16523743,84.25596094],[243041.22772217,431263.16571808,84.25596523],[243041.22753716,431263.16619873,84.25596952],[243041.22735023,431263.16667938,84.25597334],[243041.22714043,431263.16680145,84.25575495],[243041.22693062,431263.16692352,84.25553608],[243041.22674561,431263.16739655,84.25554037],[243041.22655869,431263.1678772,84.25554466],[243041.22637177,431263.16835785,84.25554895],[243041.22616196,431263.16847992,84.25533009]]",dji_pose_mesh_ray_contour_nodes,
100,87,3,SPL,149.0501,3093.2315,0,3066,306,3132,306,66,9675,243041.0985775,431263.46945953,84.20475817,dji_pose_mesh_ray_centroid,True,True,1113296,2.386094,warp,,149.0501,3093.2315,1,1,1.0,1,2.386094,2.386094,256,256,1.0,"[[168.5,3131.0],[168.0,3130.5],[167.0,3130.5],[166.0,3129.5],[165.0,3129.5],[164.0,3129.5],[163.0,3128.5],[162.0,3128.5],[160.0,3128.5],[159.5,3128.0],[159.0,3127.5],[157.5,3127.0],[157.0,3126.5],[156.0,3126.5],[155.0,3125.5],[154.0,3125.5],[152.0,3125.5],[151.0,3125.5],[150.5,3126.0],[149.0,3126.5],[148.0,3126.5],[146.0,3126.5],[145.0,3126.5],[144.0,3126.5],[142.0,3126.5],[141.0,3126.5],[140.5,3126.0],[139.5,3125.0],[139.0,3124.5],[138.5,3123.0],[138.0,3122.5],[137.5,3122.0],[136.5,3121.0],[136.0,3120.5],[135.0,3119.5],[134.5,3119.0],[134.0,3118.5],[133.5,3117.0],[133.0,3116.5],[132.0,3116.5],[131.0,3117.5],[130.0,3117.5],[129.0,3118.5],[128.0,3118.5],[127.5,3119.0],[126.5,3120.0],[126.0,3120.5],[124.5,3121.0],[124.0,3121.5],[123.0,3121.5],[122.0,3122.5],[121.5,3123.0],[121.0,3123.5],[119.0,3123.5],[118.5,3124.0],[117.0,3124.5],[116.0,3124.5],[115.0,3124.5],[113.0,3124.5],[112.0,3124.5],[111.0,3123.5],[110.5,3123.0],[110.5,3122.0],[109.5,3121.0],[109.5,3120.0],[109.5,3119.0],[109.5,3117.0],[109.5,3116.0],[109.5,3114.0],[109.5,3113.0],[110.0,3112.5],[111.0,3111.5],[112.0,3111.5],[113.0,3110.5],[113.5,3110.0],[113.5,3109.0],[114.5,3108.0],[114.5,3107.0],[115.0,3106.5],[115.5,3105.0],[116.0,3104.5],[116.0,3103.5],[115.0,3103.5],[114.0,3103.5],[112.0,3103.5],[111.0,3103.5],[109.0,3103.5],[108.0,3103.5],[107.5,3103.0],[106.0,3102.5],[105.5,3102.0],[105.0,3101.5],[103.5,3101.0],[103.0,3100.5],[101.5,3100.0],[101.0,3099.5],[100.0,3099.5],[99.0,3098.5],[98.0,3098.5],[96.0,3098.5],[95.5,3098.0],[95.0,3097.5],[93.5,3097.0],[93.0,3096.5],[92.0,3096.5],[91.0,3097.5],[90.5,3098.0],[89.0,3098.5],[88.5,3099.0],[88.0,3099.5],[86.5,3100.0],[86.0,3100.5],[85.0,3101.5],[84.5,3102.0],[84.0,3102.5],[82.0,3102.5],[81.5,3103.0],[81.0,3103.5],[79.5,3104.0],[79.0,3104.5],[77.0,3104.5],[76.0,3104.5],[75.0,3104.5],[73.0,3104.5],[72.0,3104.5],[70.0,3104.5],[69.5,3104.0],[69.0,3103.5],[68.0,3102.5],[67.5,3102.0],[67.0,3101.5],[66.0,3100.5],[65.0,3100.5],[63.5,3101.0],[63.0,3101.5],[62.0,3101.5],[61.0,3102.5],[60.0,3102.5],[58.0,3102.5],[57.0,3102.5],[56.0,3102.5],[54.0,3102.5],[53.0,3102.5],[52.0,3102.5],[50.5,3102.0],[50.0,3101.5],[49.0,3100.5],[48.5,3100.0],[49.0,3099.5],[50.5,3099.0],[51.0,3098.5],[52.0,3097.5],[53.0,3097.5],[54.0,3097.5],[55.0,3096.5],[56.0,3096.5],[57.0,3096.5],[59.0,3096.5],[60.0,3096.5],[62.0,3096.5],[62.5,3097.0],[63.0,3097.5],[64.0,3098.5],[64.5,3099.0],[66.0,3099.5],[67.0,3099.5],[68.0,3099.5],[69.0,3098.5],[69.5,3098.0],[70.0,3097.5],[71.0,3096.5],[72.0,3096.5],[73.5,3096.0],[74.0,3095.5],[74.5,3095.0],[74.5,3093.0],[74.5,3092.0],[73.5,3091.0],[73.0,3090.5],[72.5,3090.0],[71.5,3089.0],[71.0,3088.5],[70.0,3088.5],[68.5,3088.0],[68.0,3087.5],[66.0,3087.5],[65.0,3087.5],[64.0,3087.5],[62.0,3087.5],[61.0,3087.5],[59.0,3087.5],[58.0,3087.5],[57.0,3087.5],[55.0,3087.5],[54.0,3087.5],[53.5,3088.0],[52.0,3088.5],[51.0,3088.5],[49.5,3089.0],[49.0,3089.5],[48.0,3089.5],[46.5,3090.0],[46.0,3090.5],[44.0,3090.5],[43.5,3091.0],[43.0,3091.5],[41.0,3091.5],[40.0,3091.5],[39.0,3091.5],[37.0,3091.5],[36.0,3091.5],[34.0,3091.5],[33.0,3091.5],[32.0,3091.5],[30.5,3092.0],[30.0,3092.5],[29.0,3093.5],[28.5,3094.0],[28.5,3095.0],[27.5,3095.0],[27.0,3094.5],[26.0,3094.5],[24.5,3094.0],[24.0,3093.5],[23.5,3092.0],[23.5,3091.0],[23.0,3090.5],[22.0,3089.5],[21.5,3089.0],[20.5,3088.0],[20.0,3087.5],[19.0,3087.5],[18.0,3088.5],[17.0,3088.5],[16.0,3088.5],[15.0,3089.5],[14.0,3089.5],[13.0,3090.5],[12.0,3090.5],[11.5,3091.0],[10.0,3091.5],[9.5,3092.0],[8.0,3092.5],[7.0,3092.5],[6.0,3092.5],[4.0,3092.5],[3.5,3092.0],[3.0,3091.5],[2.0,3090.5],[1.5,3090.0],[1.5,3088.0],[1.5,3087.0],[1.5,3086.0],[1.0,3084.5],[0.5,3084.0],[0.0,3082.5]]","[[243041.09314919,431263.44830322,84.189013],[243041.09318924,431263.44871521,84.18921614],[243041.09305763,431263.44924927,84.18919897],[243041.09313774,431263.45007324,84.18960476],[243041.09300613,431263.4506073,84.18958759],[243041.09287453,431263.45114136,84.18957043],[243041.09295273,431263.45196533,84.18997669],[243041.09282303,431263.45249939,84.18995953],[243041.09255981,431263.45357513,84.18992519],[243041.09259987,431263.45398712,84.19012833],[243041.09263802,431263.45439148,84.19033146],[243041.09254646,431263.45534515,84.19051743],[243041.09258652,431263.45574951,84.19072103],[243041.09245491,431263.4562912,84.19070387],[243041.09253311,431263.45710754,84.19111061],[243041.09240341,431263.45764923,84.19109297],[243041.0921402,431263.45872498,84.19105864],[243041.09200859,431263.45926666,84.19104147],[243041.09183693,431263.45938873,84.19082117],[243041.09153366,431263.46006012,84.19058323],[243041.09140205,431263.46059418,84.19056606],[243041.09113884,431263.46166992,84.19053173],[243041.09100914,431263.46221161,84.19051456],[243041.09087753,431263.4627533,84.1904974],[243041.09061432,431263.46382904,84.19046307],[243041.09048271,431263.4643631,84.1904459],[243041.09052086,431263.46477509,84.19064903],[243041.09060097,431263.46559906,84.19105625],[243041.09063911,431263.46601105,84.19125986],[243041.09088898,431263.46670532,84.19188786],[243041.09092903,431263.46711731,84.19209146],[243041.09096909,431263.4675293,84.19229507],[243041.09104729,431263.46834564,84.19270229],[243041.09108734,431263.46875763,84.19290638],[243041.09116554,431263.4695816,84.19331408],[243041.0912056,431263.46999359,84.19351816],[243041.09124565,431263.47040558,84.19372177],[243041.09149551,431263.47109985,84.1943512],[243041.09153557,431263.47151184,84.19455528],[243041.09140396,431263.47205353,84.19453812],[243041.09106064,431263.47231293,84.19409561],[243041.09092903,431263.47284698,84.19407845],[243041.09058571,431263.47310638,84.19363642],[243041.0904541,431263.47364807,84.19361925],[243041.09028244,431263.47377014,84.193398],[243041.08994102,431263.47402954,84.19295597],[243041.08976936,431263.47415161,84.19273472],[243041.08946609,431263.474823,84.19249678],[243041.08929634,431263.4749527,84.19227552],[243041.08916473,431263.47548676,84.19225836],[243041.08882141,431263.47574615,84.19181681],[243041.08865166,431263.47586823,84.19159555],[243041.08848,431263.47599792,84.19137478],[243041.08821678,431263.47707367,84.19134045],[243041.08804512,431263.47720337,84.19111967],[243041.08774185,431263.47787476,84.19088173],[243041.08761024,431263.47840881,84.19086409],[243041.08747864,431263.4789505,84.19084692],[243041.08721542,431263.48002625,84.19081259],[243041.08708382,431263.48056793,84.19079542],[243041.08716202,431263.48139191,84.19120264],[243041.08720207,431263.48180389,84.19140673],[243041.08741188,431263.48209381,84.19183159],[243041.08749008,431263.48291779,84.19223928],[243041.08769989,431263.4832077,84.19266415],[243041.0879097,431263.48348999,84.19308948],[243041.08833122,431263.48406219,84.19394016],[243041.08854103,431263.48435211,84.1943655],[243041.08896255,431263.48492432,84.19521713],[243041.08917427,431263.48521423,84.19564295],[243041.08934593,431263.48508453,84.19586468],[243041.08968735,431263.48483276,84.19630814],[243041.08982086,431263.48429108,84.19632482],[243041.09016228,431263.48403168,84.19676828],[243041.09033394,431263.48390961,84.19699001],[243041.09054565,431263.48419189,84.19741678],[243041.09088898,431263.48394012,84.19786024],[243041.09110069,431263.48423004,84.19828701],[243041.09127235,431263.48410034,84.19850874],[243041.09165382,431263.48426056,84.19915771],[243041.09182549,431263.48413086,84.19937992],[243041.0920372,431263.48442078,84.19980669],[243041.09190559,431263.48496246,84.19979],[243041.09177399,431263.48550415,84.19977283],[243041.09150887,431263.48658752,84.19973898],[243041.09137726,431263.48712921,84.19972181],[243041.09111214,431263.48821259,84.19968796],[243041.09098053,431263.48875427,84.19967079],[243041.09102058,431263.48916626,84.19987583],[243041.09092712,431263.49012756,84.20006418],[243041.09096718,431263.49053955,84.2002697],[243041.09100723,431263.49095154,84.20047474],[243041.09091377,431263.49191284,84.20066309],[243041.09095383,431263.49232483,84.20086861],[243041.09086227,431263.49328613,84.20105696],[243041.09090042,431263.49369812,84.20126247],[243041.09076881,431263.49423981,84.20124531],[243041.09084892,431263.49507141,84.20165634],[243041.09071541,431263.4956131,84.20163918],[243041.09045219,431263.4967041,84.20160532],[243041.09049034,431263.49711609,84.20181084],[243041.0905304,431263.49753571,84.20201635],[243041.09043884,431263.49848938,84.20220518],[243041.09047699,431263.498909,84.2024107],[243041.09034538,431263.49945068,84.20239401],[243041.09000206,431263.49970245,84.20194864],[243041.0898304,431263.49983215,84.20172596],[243041.08952522,431263.50049591,84.20148659],[243041.08935356,431263.50062561,84.2012639],[243041.0891819,431263.50075531,84.2010417],[243041.08887672,431263.50141907,84.20080185],[243041.08870506,431263.50154877,84.20057964],[243041.08836174,431263.50180054,84.20013475],[243041.08819008,431263.50192261,84.19991255],[243041.08801842,431263.50205231,84.19969034],[243041.0877533,431263.50313568,84.19965601],[243041.08758163,431263.50326538,84.1994338],[243041.08740997,431263.50338745,84.1992116],[243041.0871067,431263.50405884,84.19897222],[243041.08693504,431263.50418854,84.19875002],[243041.08666992,431263.50527191,84.19871569],[243041.08653831,431263.5058136,84.19869852],[243041.0864048,431263.50635529,84.19868183],[243041.08613968,431263.50743866,84.1986475],[243041.08600807,431263.50798035,84.19863033],[243041.08574295,431263.50907135,84.19859648],[243041.085783,431263.50948334,84.19880152],[243041.08582115,431263.50990295,84.19900703],[243041.08589935,431263.51073456,84.19941759],[243041.08593941,431263.51115417,84.19962311],[243041.08597946,431263.51157379,84.19982862],[243041.08605766,431263.5124054,84.20023966],[243041.08592415,431263.51295471,84.20022249],[243041.08562088,431263.51361847,84.19998312],[243041.08544922,431263.51374817,84.19976044],[243041.0853157,431263.51428986,84.19974327],[243041.08497238,431263.51454163,84.19929838],[243041.08484077,431263.51508331,84.19928122],[243041.08457565,431263.51617432,84.19924736],[243041.08444214,431263.516716,84.19923019],[243041.08431053,431263.51725769,84.1992135],[243041.08404541,431263.51834106,84.19917917],[243041.0839119,431263.51889038,84.19916201],[243041.08378029,431263.51943207,84.19914484],[243041.08368683,431263.52039337,84.19933319],[243041.08372498,431263.52081299,84.19953918],[243041.08380318,431263.52165222,84.19995022],[243041.08384323,431263.52207184,84.20015573],[243041.08401489,431263.52194214,84.20037842],[243041.08431816,431263.52127075,84.20061827],[243041.08448982,431263.52114868,84.20084095],[243041.08483315,431263.52089691,84.20128632],[243041.08496666,431263.52035522,84.20130348],[243041.08509827,431263.51980591,84.20132065],[243041.0854435,431263.51956177,84.20176601],[243041.0855751,431263.51901245,84.20178318],[243041.08570862,431263.51847076,84.20180035],[243041.08597374,431263.51737976,84.2018342],[243041.08610535,431263.51683807,84.20185089],[243041.08637047,431263.5157547,84.20188522],[243041.08633232,431263.51533508,84.20167923],[243041.08629227,431263.51491547,84.20147371],[243041.08621407,431263.51407623,84.2010622],[243041.08617401,431263.51366425,84.20085621],[243041.08626747,431263.51270294,84.20066786],[243041.08640099,431263.51215363,84.20068455],[243041.08653259,431263.51161194,84.20070171],[243041.08687592,431263.51136017,84.20114708],[243041.08704758,431263.5112381,84.20136976],[243041.08722115,431263.5111084,84.20159244],[243041.08756447,431263.51085663,84.20203781],[243041.08769608,431263.51031494,84.20205498],[243041.08800125,431263.50964355,84.20229483],[243041.08817291,431263.50952148,84.20251751],[243041.08834457,431263.50939178,84.20274019],[243041.08876801,431263.50997925,84.20359802],[243041.08897972,431263.51026917,84.20402718],[243041.08905792,431263.51110077,84.20443916],[243041.08909798,431263.51152039,84.20464563],[243041.08913803,431263.51194,84.20485163],[243041.08921623,431263.51277924,84.20526457],[243041.08925629,431263.51319885,84.20547056],[243041.08912468,431263.51374054,84.20545387],[243041.08903122,431263.51470184,84.20564318],[243041.08907127,431263.51512146,84.20584965],[243041.08880424,431263.51621246,84.20581579],[243041.08867264,431263.51675415,84.2057991],[243041.08853912,431263.51729584,84.20578194],[243041.088274,431263.51838684,84.20574856],[243041.0881424,431263.51893616,84.20573139],[243041.08787537,431263.52001953,84.20569754],[243041.08774376,431263.52056885,84.20568085],[243041.08761024,431263.52111053,84.20566416],[243041.08734512,431263.52220154,84.2056303],[243041.08721161,431263.52274323,84.20561314],[243041.08703995,431263.52287292,84.20538998],[243041.08673477,431263.52354431,84.20514965],[243041.08660316,431263.524086,84.20513248],[243041.08629799,431263.52475739,84.20489216],[243041.08612633,431263.52487946,84.204669],[243041.08599281,431263.52542877,84.20465183],[243041.08568764,431263.52610016,84.20441198],[243041.08551598,431263.52622223,84.20418835],[243041.08524895,431263.52731323,84.20415449],[243041.08507729,431263.5274353,84.20393133],[243041.08490562,431263.527565,84.20370817],[243041.0846405,431263.52865601,84.20367432],[243041.08450699,431263.52919769,84.20365763],[243041.08437538,431263.52973938,84.20364046],[243041.08410835,431263.53083038,84.20360661],[243041.08397675,431263.5313797,84.20358944],[243041.08370972,431263.5324707,84.20355558],[243041.08357811,431263.53301239,84.20353842],[243041.0834446,431263.53356171,84.20352173],[243041.08313942,431263.53422546,84.2032814],[243041.08296776,431263.53435516,84.20305824],[243041.08262444,431263.5345993,84.20261192],[243041.08245277,431263.534729,84.20238876],[243041.08224106,431263.53443146,84.20195913],[243041.08210754,431263.53497314,84.20194244],[243041.0821476,431263.53540039,84.20214844],[243041.08201408,431263.53594208,84.20213127],[243041.08192062,431263.53691101,84.20232058],[243041.08195877,431263.53733063,84.20252657],[243041.08220863,431263.53804779,84.20316267],[243041.08242035,431263.53834534,84.2035923],[243041.0824585,431263.53876495,84.20379877],[243041.0825367,431263.53960419,84.20421171],[243041.08257675,431263.54003143,84.20441818],[243041.08265495,431263.54087067,84.2048316],[243041.0826931,431263.54129028,84.20503807],[243041.08255959,431263.5418396,84.20502138],[243041.08221626,431263.54208374,84.20457411],[243041.08208275,431263.54263306,84.20455694],[243041.08194923,431263.54318237,84.20454025],[243041.08160591,431263.54342651,84.20409298],[243041.0814724,431263.54397583,84.20407629],[243041.08112907,431263.54421997,84.20362902],[243041.08098793,431263.54475403,84.20361567],[243041.08081245,431263.5448761,84.20339346],[243041.08049011,431263.54551697,84.20316076],[243041.08031464,431263.54563904,84.20293856],[243041.07999039,431263.54628754,84.20270586],[243041.07984161,431263.54680634,84.20269585],[243041.07969284,431263.54733276,84.20268536],[243041.07939529,431263.54837799,84.20266533],[243041.07942009,431263.54878235,84.20287704],[243041.07944679,431263.54918671,84.20308924],[243041.07949638,431263.54999542,84.20351315],[243041.07952309,431263.55039215,84.20372534],[243041.07992363,431263.55096436,84.20459509],[243041.08012199,431263.55124664,84.20502996],[243041.08032227,431263.55152893,84.20546484],[243041.08054924,431263.55221558,84.20611238],[243041.08057404,431263.55261993,84.20632505],[243041.08080101,431263.55331421,84.20697308]]",dji_pose_mesh_ray_contour_nodes,
101,88,3,SPL,64.0,3069.0,64,3069,65,3070,1,1,1,243041.09246826,431263.52274323,84.21375704,dji_pose_mesh_ray_centroid,True,True,1113296,2.422158,warp,,64.0,3069.0,1,1,1.0,1,2.422158,2.422158,1,1,1.0,"[[64.0,3069.0]]","[[243041.09246826,431263.52274323,84.21375704]]",dji_pose_mesh_ray_contour_nodes,
102,89,3,SPL,284.4615,3073.9231,283,3072,287,3077,4,5,13,243041.12401581,431263.40615845,84.21389723,dji_pose_mesh_ray_centroid,True,True,4506,2.350136,warp,,284.4615,3073.9231,1,1,1.0,1,2.350136,2.350136,3,3,1.0,"[[283.0,3072.5],[284.0,3072.5],[284.5,3072.0]]","[[243041.12408829,431263.40727997,84.21450376],[243041.1242733,431263.40680695,84.21449852],[243041.12448883,431263.40673065,84.21470594]]",dji_pose_mesh_ray_contour_nodes,
103,90,3,SPL,307.2206,3074.7059,300,3072,317,3081,17,9,68,243041.1280632,431263.39520264,84.21344614,dji_pose_mesh_ray_centroid,True,True,4506,2.344338,warp,,307.2206,3074.7059,1,1,1.0,1,2.344338,2.344338,23,23,1.0,"[[316.0,3072.5],[315.5,3073.0],[315.0,3073.5],[314.5,3074.0],[314.0,3074.5],[313.5,3075.0],[313.0,3075.5],[312.0,3075.5],[311.0,3075.5],[310.5,3076.0],[310.0,3076.5],[309.0,3076.5],[308.0,3076.5],[307.0,3076.5],[306.0,3076.5],[305.5,3077.0],[305.0,3077.5],[304.0,3077.5],[303.5,3078.0],[303.0,3078.5],[302.5,3079.0],[302.0,3079.5],[301.5,3080.0]]","[[243041.13023186,431263.39173126,84.21432686],[243041.13001823,431263.39181519,84.21411896],[243041.1298027,431263.39189911,84.21391153],[243041.12958908,431263.39198303,84.21370363],[243041.12937546,431263.39206696,84.21349621],[243041.12915993,431263.39215088,84.21328878],[243041.1289463,431263.3922348,84.21308136],[243041.12876129,431263.39270782,84.2130866],[243041.12857437,431263.39318085,84.21309185],[243041.12836075,431263.39325714,84.21288443],[243041.12814713,431263.39334106,84.212677],[243041.12796021,431263.39381409,84.21268272],[243041.12777519,431263.39428711,84.21268797],[243041.12758827,431263.39476013,84.21269321],[243041.12740135,431263.39522552,84.21269846],[243041.12718773,431263.39530945,84.21249104],[243041.12697411,431263.39539337,84.21228361],[243041.12678909,431263.39586639,84.21228933],[243041.12657547,431263.39595032,84.21208191],[243041.12635994,431263.39602661,84.21187496],[243041.12614822,431263.39611053,84.21166754],[243041.12593269,431263.39619446,84.21146011],[243041.12572098,431263.39627838,84.21125317]]",dji_pose_mesh_ray_contour_nodes,
104,91,3,SPL,344.5,3072.8,343,3072,347,3075,4,3,10,243041.13473511,431263.37730408,84.21433973,dji_pose_mesh_ray_centroid,True,True,1113295,2.334605,warp,,344.5,3072.8,1,1,1.0,1,2.334605,2.334605,2,2,1.0,"[[343.5,3074.0],[343.0,3073.5]]","[[243041.13427925,431263.37744141,84.21383142],[243041.1343441,431263.37786865,84.21403027]]",dji_pose_mesh_ray_contour_nodes,
105,92,3,SPL,277.5,3075.5,277,3075,279,3077,2,2,4,243041.12234116,431263.40895081,84.21327162,dji_pose_mesh_ray_centroid,True,True,4506,2.351415,warp,,277.5,3075.5,1,1,1.0,1,2.351415,2.351415,4,4,1.0,"[[277.0,3075.0],[278.0,3075.0],[277.0,3076.0],[278.0,3076.0]]","[[243041.12236977,431263.4093399,84.21348476],[243041.12255478,431263.40886688,84.21347904],[243041.12212753,431263.40903473,84.21306419],[243041.12231445,431263.40856171,84.21305895]]",dji_pose_mesh_ray_contour_nodes,
106,93,3,SPL,324.0162,3084.4486,311,3077,337,3092,26,15,185,243041.12882996,431263.38433838,84.20926666,dji_pose_mesh_ray_centroid,True,True,1113295,2.337576,warp,,324.0162,3084.4486,1,1,1.0,1,2.337576,2.337576,30,30,1.0,"[[311.0,3085.5],[311.5,3085.0],[312.0,3084.5],[312.5,3084.0],[313.0,3083.5],[314.0,3083.5],[315.0,3083.5],[316.0,3083.5],[317.0,3083.5],[317.5,3083.0],[318.0,3082.5],[319.0,3082.5],[320.0,3082.5],[321.0,3082.5],[321.5,3082.0],[322.0,3081.5],[323.0,3081.5],[324.0,3081.5],[324.5,3081.0],[325.0,3080.5],[326.0,3080.5],[326.5,3080.0],[327.0,3079.5],[327.5,3079.0],[328.0,3078.5],[329.0,3078.5],[329.5,3078.0],[330.0,3077.5],[331.0,3077.5],[331.5,3077.0]]","[[243041.12615967,431263.39013672,84.20889568],[243041.12637329,431263.3900528,84.20910263],[243041.12658691,431263.38996887,84.20930958],[243041.12680054,431263.38989258,84.20951605],[243041.12701225,431263.38980865,84.209723],[243041.12719917,431263.38933563,84.20971775],[243041.12738419,431263.38886261,84.2097125],[243041.12757111,431263.38839722,84.20970678],[243041.12775612,431263.38792419,84.20970154],[243041.12796974,431263.38784027,84.20990849],[243041.12818336,431263.38775635,84.21011543],[243041.12837029,431263.38728333,84.21011019],[243041.1285553,431263.38681793,84.21010447],[243041.12874222,431263.38634491,84.21009922],[243041.12895584,431263.38626099,84.21030617],[243041.12916946,431263.38617706,84.21051311],[243041.12935448,431263.38570404,84.21050787],[243041.1295414,431263.38523865,84.21050262],[243041.12975502,431263.38515472,84.21070957],[243041.12996864,431263.3850708,84.21091652],[243041.13014603,431263.38458252,84.21091557],[243041.1303463,431263.38448334,84.21112776],[243041.13054657,431263.38438416,84.21134043],[243041.13074875,431263.38428497,84.21155262],[243041.13094902,431263.38418579,84.21176529],[243041.13108826,431263.38365173,84.21177912],[243041.13128853,431263.38355255,84.21199179],[243041.13149071,431263.38345337,84.21220398],[243041.13162804,431263.38291931,84.21221828],[243041.13182831,431263.38282013,84.21243048]]",dji_pose_mesh_ray_contour_nodes,
107,94,3,SPL,762.6707,3080.561,756,3077,768,3086,12,9,82,243041.19760132,431263.16347504,84.21390963,dji_pose_mesh_ray_centroid,True,True,1113273,2.219228,warp,,762.6707,3080.561,1,1,1.0,1,2.219228,2.219228,12,12,1.0,"[[762.5,3085.0],[762.0,3084.5],[761.5,3084.0],[761.0,3083.5],[760.0,3083.5],[759.5,3083.0],[759.0,3082.5],[758.0,3082.5],[757.5,3082.0],[757.0,3081.5],[756.5,3081.0],[756.0,3080.5]]","[[243041.19657898,431263.16252136,84.21200705],[243041.19659996,431263.16287231,84.21222305],[243041.19661903,431263.16322327,84.21243954],[243041.19664001,431263.16358185,84.21265602],[243041.19645691,431263.16405487,84.21266031],[243041.19647789,431263.16440582,84.2128768],[243041.19649696,431263.16475677,84.21309328],[243041.19631577,431263.1652298,84.21309757],[243041.19633484,431263.16558075,84.21331406],[243041.19635582,431263.16593933,84.21353054],[243041.19637489,431263.16629028,84.21374702],[243041.19639587,431263.16664124,84.21396399]]",dji_pose_mesh_ray_contour_nodes,
108,95,3,SPL,4621.4144,3145.7247,4224,3081,5073,3217,849,136,45921,243041.81276894,431261.29969025,84.19364071,dji_pose_mesh_ray_centroid,True,True,1113122,2.20208,warp,,4621.4144,3145.7247,1,1,1.0,1,2.20208,2.20208,256,256,1.0,"[[4224.0,3125.5],[4225.5,3124.0],[4227.5,3122.0],[4229.0,3120.5],[4230.5,3118.0],[4233.0,3117.5],[4236.0,3116.5],[4239.0,3117.5],[4242.0,3117.5],[4245.0,3116.5],[4247.0,3115.5],[4251.0,3115.5],[4255.0,3115.5],[4257.0,3116.5],[4260.0,3117.5],[4262.0,3118.5],[4265.0,3119.5],[4268.0,3119.5],[4271.0,3118.5],[4275.0,3118.5],[4278.0,3118.5],[4281.5,3118.0],[4282.5,3116.0],[4284.5,3114.0],[4287.0,3112.5],[4290.0,3112.5],[4293.0,3113.5],[4296.0,3113.5],[4300.0,3113.5],[4302.0,3114.5],[4304.0,3116.5],[4306.5,3118.0],[4309.0,3118.5],[4312.5,3118.0],[4315.0,3117.5],[4317.5,3116.0],[4320.0,3114.5],[4323.0,3114.5],[4325.5,3114.0],[4328.0,3114.5],[4331.0,3115.5],[4333.0,3116.5],[4334.5,3119.0],[4336.0,3121.5],[4338.0,3122.5],[4340.0,3124.5],[4342.0,3125.5],[4346.0,3125.5],[4347.0,3122.5],[4348.0,3120.5],[4350.0,3118.5],[4353.0,3118.5],[4356.5,3119.0],[4359.0,3119.5],[4361.0,3121.5],[4363.0,3123.5],[4364.5,3125.0],[4366.5,3127.0],[4367.5,3129.0],[4368.5,3132.0],[4372.0,3132.5],[4374.0,3131.5],[4376.0,3129.5],[4377.5,3128.0],[4379.5,3126.0],[4380.5,3124.0],[4379.5,3121.0],[4378.0,3118.5],[4377.0,3116.5],[4377.0,3113.5],[4380.0,3113.5],[4382.5,3115.0],[4385.0,3116.5],[4386.5,3118.0],[4388.0,3120.5],[4389.5,3122.0],[4390.0,3125.5],[4391.0,3127.5],[4392.5,3130.0],[4394.0,3132.5],[4395.5,3134.0],[4399.0,3134.5],[4401.0,3135.5],[4404.5,3136.0],[4406.5,3135.0],[4408.0,3133.5],[4411.0,3132.5],[4413.5,3133.0],[4415.5,3135.0],[4418.0,3136.5],[4420.0,3137.5],[4424.0,3137.5],[4427.0,3137.5],[4430.0,3138.5],[4432.0,3139.5],[4436.0,3139.5],[4439.0,3138.5],[4441.0,3137.5],[4442.5,3140.0],[4442.5,3143.0],[4440.5,3145.0],[4439.5,3148.0],[4442.0,3148.5],[4445.5,3148.0],[4446.5,3146.0],[4449.0,3144.5],[4451.5,3145.0],[4455.0,3145.5],[4458.0,3144.5],[4461.0,3144.5],[4465.0,3144.5],[4468.0,3144.5],[4470.5,3143.0],[4473.0,3141.5],[4475.0,3140.5],[4479.0,3140.5],[4481.0,3139.5],[4484.5,3139.0],[4486.5,3139.0],[4489.0,3140.5],[4492.0,3139.5],[4494.0,3138.5],[4496.0,3140.5],[4499.0,3140.5],[4502.5,3141.0],[4505.5,3142.0],[4507.5,3143.0],[4510.0,3144.5],[4511.5,3146.0],[4511.5,3150.0],[4513.0,3151.5],[4516.5,3152.0],[4519.0,3153.5],[4521.0,3154.5],[4524.5,3155.0],[4527.0,3155.5],[4529.5,3157.0],[4532.0,3158.5],[4534.0,3159.5],[4536.0,3161.5],[4538.0,3162.5],[4541.0,3163.5],[4544.0,3163.5],[4547.0,3162.5],[4549.5,3161.0],[4548.5,3159.0],[4545.5,3158.0],[4547.0,3156.5],[4548.5,3154.0],[4550.5,3152.0],[4552.0,3150.5],[4555.0,3149.5],[4558.0,3149.5],[4560.0,3151.5],[4563.0,3151.5],[4567.0,3151.5],[4570.0,3152.5],[4572.0,3151.5],[4575.0,3152.5],[4577.0,3153.5],[4580.0,3154.5],[4583.0,3153.5],[4584.5,3152.0],[4586.5,3150.0],[4588.0,3148.5],[4589.5,3146.0],[4590.5,3144.0],[4592.5,3142.0],[4591.0,3139.5],[4589.0,3138.5],[4587.5,3136.0],[4587.5,3133.0],[4589.0,3130.5],[4591.5,3129.0],[4594.0,3128.5],[4594.5,3125.0],[4595.5,3123.0],[4597.0,3120.5],[4599.5,3119.0],[4602.0,3118.5],[4605.0,3117.5],[4607.0,3118.5],[4607.5,3122.0],[4607.5,3125.0],[4610.0,3124.5],[4612.5,3123.0],[4613.5,3121.0],[4612.5,3118.0],[4613.5,3116.0],[4615.0,3113.5],[4618.0,3112.5],[4621.0,3112.5],[4624.5,3112.0],[4626.5,3111.0],[4627.5,3108.0],[4628.5,3106.0],[4631.0,3104.5],[4634.0,3103.5],[4636.0,3104.5],[4639.0,3105.5],[4641.0,3106.5],[4642.5,3109.0],[4644.5,3111.0],[4646.5,3111.0],[4648.5,3109.0],[4649.5,3107.0],[4648.5,3104.0],[4648.5,3101.0],[4651.0,3099.5],[4654.0,3098.5],[4656.0,3097.5],[4657.0,3095.5],[4655.5,3094.0],[4653.5,3092.0],[4654.5,3089.0],[4655.5,3087.0],[4658.0,3085.5],[4661.0,3085.5],[4665.0,3085.5],[4667.5,3086.0],[4669.5,3088.0],[4669.5,3092.0],[4669.5,3095.0],[4670.5,3098.0],[4668.5,3099.0],[4665.0,3099.5],[4662.0,3098.5],[4660.0,3099.5],[4658.5,3102.0],[4658.5,3105.0],[4659.5,3108.0],[4660.5,3110.0],[4663.0,3111.5],[4666.0,3112.5],[4668.0,3113.5],[4671.5,3113.0],[4673.5,3113.0],[4676.0,3114.5],[4678.5,3113.0],[4679.0,3111.5],[4676.0,3110.5],[4674.0,3111.5],[4671.5,3110.0],[4672.0,3107.5],[4672.5,3104.0],[4671.5,3101.0],[4673.0,3099.5],[4676.0,3098.5],[4678.0,3097.5],[4679.5,3095.0],[4679.5,3093.0],[4680.0,3090.5],[4682.0,3088.5],[4683.5,3087.0],[4683.5,3083.0],[4683.5,3081.0]]","[[243041.77550507,431261.48629761,84.19544506],[243041.77618599,431261.48554993,84.19609022],[243041.77709389,431261.48455811,84.19695044],[243041.77777481,431261.48381042,84.19759607],[243041.77876663,431261.48303986,84.19866466],[243041.7792778,431261.48182678,84.19889641],[243041.78001595,431261.48036957,84.1993432],[243041.78012848,431261.4789505,84.19894505],[243041.78055382,431261.47750854,84.19896936],[243041.78129196,431261.47605133,84.19941616],[243041.78188896,431261.47507477,84.19985533],[243041.78245544,431261.47315216,84.19988775],[243041.78302193,431261.47123718,84.19992018],[243041.78299332,431261.47029877,84.19951343],[243041.78310394,431261.4688797,84.1991148],[243041.78307533,431261.46794128,84.19870853],[243041.78318787,431261.46652985,84.19831037],[243041.7836113,431261.46509552,84.19833469],[243041.78434944,431261.46363068,84.19878149],[243041.78491592,431261.4617157,84.19881391],[243041.78534126,431261.46028137,84.19883823],[243041.78599358,431261.45858765,84.19907761],[243041.78676033,431261.45806122,84.19993114],[243041.78767204,431261.45706177,84.20079279],[243041.78849602,431261.45582581,84.20144749],[243041.78892136,431261.45438385,84.20147181],[243041.78903198,431261.45297241,84.20107317],[243041.78945732,431261.45153809,84.20109701],[243041.7900238,431261.44961548,84.20112944],[243041.78999329,431261.44868469,84.20072269],[243041.78964806,431261.44777679,84.19989347],[243041.78953171,431261.44661713,84.19927978],[243041.78972816,431261.44543457,84.19908905],[243041.79038048,431261.44374847,84.19932842],[243041.79088974,431261.4425354,84.19956017],[243041.79171562,431261.44129944,84.20021391],[243041.7925396,431261.44006348,84.20086813],[243041.79296494,431261.43862915,84.20089197],[243041.7934761,431261.43742371,84.20112371],[243041.79367256,431261.43623352,84.2009325],[243041.79378128,431261.43482971,84.20053434],[243041.79375076,431261.43389893,84.2001276],[243041.79317665,431261.43325043,84.19908428],[243041.79260254,431261.43260193,84.19804144],[243041.79257202,431261.43167114,84.19763613],[243041.79222679,431261.43077087,84.19680929],[243041.79219627,431261.42984009,84.19640446],[243041.79276085,431261.42793274,84.19643688],[243041.79384422,431261.42736816,84.19770908],[243041.79461288,431261.42683411,84.19856071],[243041.7955246,431261.4258194,84.19942045],[243041.79594803,431261.42438507,84.19944477],[243041.79628563,431261.42272949,84.19926214],[243041.79648018,431261.42154694,84.19907141],[243041.79613495,431261.4206543,84.19824409],[243041.79578781,431261.41975403,84.19741726],[243041.79552841,431261.41908264,84.19679737],[243041.79518318,431261.41819,84.19597149],[243041.79469681,431261.41777039,84.19513798],[243041.79389572,431261.41738129,84.19388485],[243041.79423332,431261.41572571,84.19370317],[243041.79482841,431261.41474152,84.19413948],[243041.79573822,431261.41372681,84.19499683],[243041.79642105,431261.4129715,84.19564009],[243041.79733086,431261.41195679,84.19649792],[243041.79810143,431261.4114151,84.19734812],[243041.79890442,431261.4118042,84.19860458],[243041.79947853,431261.41244507,84.19964695],[243041.79996681,431261.41285706,84.20048284],[243041.80091286,431261.4127655,84.20175028],[243041.80133629,431261.41133118,84.20177412],[243041.80121803,431261.41018677,84.20116043],[243041.80109787,431261.40903473,84.20054722],[243041.80083656,431261.40836334,84.19992638],[243041.80026054,431261.4077301,84.19888401],[243041.79999924,431261.40705872,84.19826364],[243041.79896927,431261.40692902,84.19679356],[243041.79848099,431261.40651703,84.19596004],[243041.79790688,431261.40587616,84.19492054],[243041.79733276,431261.40524292,84.19388199],[243041.79707336,431261.40457153,84.19326448],[243041.79740906,431261.40292358,84.19308281],[243041.79737854,431261.40200043,84.1926794],[243041.79771423,431261.40035248,84.19249821],[243041.79830933,431261.39936829,84.19293404],[243041.79899025,431261.39860535,84.19357634],[243041.79972839,431261.3971405,84.19402075],[243041.79992294,431261.39596558,84.19383097],[243041.79957581,431261.39508057,84.19300747],[243041.79945755,431261.39394379,84.19239855],[243041.79942322,431261.39302063,84.19199562],[243041.79998779,431261.39112091,84.19202805],[243041.80040932,431261.38969421,84.19205236],[243041.80051804,431261.38829803,84.19165754],[243041.80048561,431261.38738251,84.19125462],[243041.80104828,431261.38548279,84.19128752],[243041.80178261,431261.38401794,84.19173098],[243041.8023777,431261.38303375,84.19216633],[243041.80180359,431261.38240814,84.19113111],[243041.80086327,431261.38251495,84.18987465],[243041.79995346,431261.38352966,84.18902159],[243041.7988739,431261.3841095,84.18775892],[243041.79906845,431261.3829422,84.18757057],[243041.79971695,431261.38126373,84.18780851],[243041.8004837,431261.38071442,84.18865252],[243041.80130386,431261.37947845,84.18930054],[243041.80149841,431261.37831116,84.18911171],[243041.80183411,431261.37666321,84.18893099],[243041.80256844,431261.37520599,84.18937397],[243041.80298996,431261.3737793,84.18939829],[243041.80355072,431261.37187958,84.18943119],[243041.80393791,431261.37046051,84.18946552],[243041.80449104,431261.36924744,84.19018984],[243041.80504417,431261.36804199,84.19091368],[243041.80542755,431261.36708069,84.19140816],[243041.80561066,431261.36522675,84.19154787],[243041.80599403,431261.36426544,84.19204187],[243041.80629921,431261.36262512,84.19237614],[243041.80639076,431261.36170197,84.19244575],[243041.80606651,431261.3605957,84.19189548],[243041.80649567,431261.35916901,84.1924243],[243041.80687904,431261.3582077,84.1929183],[243041.80638695,431261.35735321,84.19213867],[243041.80652428,431261.35597229,84.1922431],[243041.80653763,431261.35437012,84.1921525],[243041.80638313,431261.35301971,84.19183254],[243041.80618286,431261.3521347,84.19147778],[243041.80585861,431261.35103607,84.19092894],[243041.80549049,431261.3503952,84.19034576],[243041.80432701,431261.35054779,84.18865299],[243041.80395889,431261.34990692,84.18807125],[243041.80397224,431261.34831238,84.18798161],[243041.80365181,431261.34722137,84.18743515],[243041.80345154,431261.34633636,84.18708277],[243041.8034668,431261.34474182,84.1869936],[243041.80343628,431261.34361267,84.1868701],[243041.80311394,431261.34252167,84.1863246],[243041.8027935,431261.34143066,84.18577909],[243041.80259514,431261.34054565,84.18542767],[243041.80210686,431261.33970642,84.18465519],[243041.80190849,431261.33882904,84.18430376],[243041.80175591,431261.33748627,84.18398809],[243041.80189323,431261.33611298,84.184093],[243041.80231857,431261.33470154,84.18461895],[243041.80286789,431261.33349609,84.18533754],[243041.80340195,431261.33387756,84.18614483],[243041.80355453,431261.33521271,84.18646145],[243041.80405617,431261.33446503,84.18714571],[243041.80485153,431261.3336792,84.18825245],[243041.80552292,431261.33268738,84.18916559],[243041.80602646,431261.3319397,84.18985081],[243041.8064537,431261.33052826,84.19037676],[243041.80658913,431261.32914734,84.19048119],[243041.80609894,431261.32831573,84.18970633],[243041.80623627,431261.32693481,84.18981028],[243041.80641747,431261.32510376,84.18994904],[243041.80626297,431261.32377625,84.18963146],[243041.80664444,431261.32281494,84.1901226],[243041.80648994,431261.32148743,84.18980503],[243041.80628967,431261.32061005,84.18945312],[243041.80613708,431261.31928253,84.18913555],[243041.80656242,431261.31787109,84.18966103],[243041.80706596,431261.31712341,84.19034433],[243041.80773544,431261.31612396,84.19125652],[243041.80823898,431261.31537628,84.19194078],[243041.80903244,431261.31459045,84.19304705],[243041.80965805,431261.31404877,84.19392538],[243041.81044197,431261.31303406,84.19480705],[243041.81108475,431261.31362152,84.19581652],[243041.81118965,431261.31450653,84.19619751],[243041.81184959,431261.31509399,84.19720316],[243041.81280899,431261.31495667,84.19844961],[243041.8138237,431261.31413269,84.19949913],[243041.81463051,431261.3128891,84.20014954],[243041.81510544,431261.31169128,84.200387],[243041.81633186,431261.31128693,84.20183897],[243041.8171196,431261.31072235,84.2026782],[243041.81813812,431261.30989838,84.20373106],[243041.81894684,431261.30865479,84.2043829],[243041.81942177,431261.30745697,84.20462084],[243041.82012558,431261.30599213,84.2050724],[243041.82003975,431261.30510712,84.20468283],[243041.81893349,431261.30503845,84.20324087],[243041.81793404,431261.30519104,84.20200062],[243041.81840897,431261.30399323,84.20223856],[243041.81921768,431261.302742,84.20288944],[243041.82000732,431261.30217743,84.20372868],[243041.8208847,431261.30249786,84.20495796],[243041.82167625,431261.30192566,84.20579863],[243041.82269669,431261.30110168,84.20685339],[243041.8234005,431261.29964447,84.20730495],[243041.82377052,431261.29823303,84.20734215],[243041.82436943,431261.29656219,84.20759296],[243041.82495117,431261.29557037,84.20803213],[243041.82607841,431261.29495239,84.20929003],[243041.82687187,431261.29438019,84.21013308],[243041.8276844,431261.29312897,84.2107873],[243041.82839012,431261.29166412,84.21123981],[243041.82830048,431261.29077911,84.21084833],[243041.82833481,431261.28942108,84.21046972],[243041.82824707,431261.28852844,84.21007872],[243041.82759476,431261.28795624,84.20905924],[243041.82717133,431261.287117,84.20825434],[243041.82741737,431261.28617859,84.20827866],[243041.82833481,431261.28513336,84.20913315],[243041.82912827,431261.28456116,84.20997572],[243041.83001137,431261.28487396,84.21120977],[243041.83101845,431261.28472137,84.21245718],[243041.83183098,431261.28346252,84.21311235],[243041.8325367,431261.28199768,84.21356535],[243041.83312035,431261.28100586,84.21400595],[243041.83391762,431261.28043365,84.21485138],[243041.83423805,431261.28105927,84.21545839],[243041.83466339,431261.28189087,84.21626806],[243041.83580017,431261.28126526,84.21753216],[243041.83659744,431261.28068542,84.21837997],[243041.83741379,431261.2794342,84.21903706],[243041.83778381,431261.27801514,84.21907377],[243041.83827782,431261.27613068,84.21912193],[243041.83841705,431261.27498627,84.2189436],[243041.83798981,431261.27414703,84.21813202],[243041.8366394,431261.27436829,84.21646309],[243041.83562851,431261.2745285,84.21521234],[243041.83474159,431261.2742157,84.21397495],[243041.83415794,431261.27521515,84.21353435],[243041.83355904,431261.27688599,84.21328354],[243041.8335247,431261.27824402,84.2136631],[243041.83294106,431261.27923584,84.21322203],[243041.83191681,431261.28006744,84.21216392],[243041.83090973,431261.28022766,84.210917],[243041.83002472,431261.27992249,84.20968342],[243041.82947731,431261.27955627,84.20886612],[243041.82928276,431261.27846527,84.20827484],[243041.82931709,431261.27710724,84.20789719],[243041.82922935,431261.27622223,84.20750761],[243041.82982826,431261.27455902,84.20775795],[243041.83007431,431261.27362061,84.20778227],[243041.82987785,431261.2725296,84.20719194],[243041.83068848,431261.27127838,84.20784378],[243041.83125305,431261.27095795,84.20847177],[243041.83121872,431261.27230835,84.20884943],[243041.83063698,431261.27330017,84.20841026],[243041.83083344,431261.27439117,84.20900106],[243041.8317337,431261.27402496,84.21004438],[243041.83296967,431261.27360535,84.21150398],[243041.83385468,431261.27391052,84.21273899],[243041.83454514,431261.27312469,84.21338129],[243041.83525085,431261.27165985,84.21383429],[243041.8358345,431261.27066803,84.21427488],[243041.83686066,431261.2698288,84.21533442],[243041.83753586,431261.26971436,84.21616745],[243041.83843994,431261.26934814,84.21721649],[243041.8393631,431261.26829529,84.21807528],[243041.84005356,431261.26750946,84.21871996],[243041.84140778,431261.26728821,84.22039127],[243041.84208298,431261.26717377,84.22122812]]",dji_pose_mesh_ray_contour_nodes,
109,96,3,SPL,700.9718,3137.8831,434,3091,1016,3187,582,96,13200,243041.17374992,431263.1791687,84.18979454,dji_pose_mesh_ray_centroid,True,True,1113273,2.220722,warp,,700.9718,3137.8831,1,1,1.0,1,2.220722,2.220722,256,256,1.0,"[[767.5,3091.0],[767.5,3094.0],[767.5,3098.0],[767.5,3102.0],[767.5,3105.0],[768.0,3108.5],[770.0,3110.5],[772.0,3111.5],[776.0,3111.5],[779.0,3112.5],[781.0,3113.5],[784.0,3114.5],[787.5,3114.0],[791.0,3113.5],[794.0,3113.5],[797.0,3112.5],[799.0,3114.5],[801.0,3115.5],[803.0,3117.5],[803.5,3121.0],[804.5,3123.0],[803.5,3126.0],[801.0,3127.5],[798.5,3129.0],[799.5,3131.0],[801.0,3133.5],[804.0,3134.5],[807.0,3134.5],[809.0,3132.5],[812.0,3131.5],[815.0,3131.5],[818.0,3132.5],[820.5,3134.0],[823.0,3135.5],[825.0,3136.5],[828.0,3137.5],[831.0,3138.5],[834.0,3138.5],[837.0,3137.5],[840.0,3138.5],[841.5,3140.0],[843.0,3142.5],[844.5,3145.0],[846.5,3147.0],[847.5,3149.0],[850.0,3150.5],[854.0,3150.5],[855.5,3152.0],[858.0,3153.5],[862.0,3153.5],[863.5,3152.0],[866.0,3152.5],[868.0,3154.5],[870.5,3154.0],[873.0,3152.5],[875.5,3154.0],[877.5,3156.0],[879.5,3157.0],[882.0,3158.5],[884.5,3160.0],[886.0,3161.5],[888.5,3163.0],[891.5,3164.0],[894.0,3164.5],[897.5,3164.0],[901.0,3163.5],[905.0,3163.5],[908.0,3163.5],[912.0,3163.5],[915.5,3164.0],[918.0,3164.5],[922.0,3164.5],[924.5,3166.0],[925.5,3168.0],[926.0,3170.5],[922.0,3170.5],[919.0,3171.5],[916.0,3171.5],[913.0,3172.5],[910.0,3173.5],[907.0,3173.5],[903.5,3173.0],[900.5,3172.0],[899.0,3170.5],[896.0,3169.5],[893.5,3168.0],[891.0,3166.5],[888.5,3167.0],[885.0,3167.5],[881.0,3167.5],[878.0,3167.5],[875.0,3166.5],[872.0,3165.5],[869.0,3165.5],[866.0,3166.5],[863.0,3167.5],[859.0,3167.5],[857.0,3166.5],[853.0,3166.5],[850.0,3165.5],[848.0,3164.5],[845.0,3163.5],[842.0,3162.5],[840.0,3161.5],[837.5,3160.0],[835.0,3158.5],[832.0,3158.5],[828.5,3158.0],[826.0,3156.5],[822.0,3156.5],[819.0,3156.5],[816.0,3155.5],[812.0,3155.5],[810.0,3156.5],[808.0,3158.5],[804.0,3158.5],[803.5,3156.0],[804.0,3153.5],[802.5,3151.0],[801.0,3148.5],[799.5,3147.0],[797.5,3145.0],[795.0,3143.5],[793.0,3142.5],[790.0,3141.5],[787.0,3142.5],[785.5,3144.0],[783.0,3145.5],[781.5,3148.0],[779.0,3149.5],[777.0,3150.5],[774.5,3152.0],[772.5,3154.0],[770.5,3154.0],[768.5,3152.0],[767.5,3154.0],[767.5,3157.0],[766.5,3159.0],[764.0,3157.5],[761.0,3156.5],[759.0,3155.5],[756.0,3154.5],[753.0,3153.5],[751.5,3152.0],[749.0,3152.5],[746.0,3153.5],[744.0,3154.5],[741.0,3155.5],[737.5,3155.0],[734.0,3154.5],[731.5,3155.0],[729.0,3154.5],[727.5,3152.0],[726.0,3150.5],[723.5,3149.0],[720.0,3148.5],[718.0,3147.5],[714.0,3147.5],[710.0,3147.5],[707.0,3147.5],[703.0,3147.5],[699.5,3147.0],[696.5,3146.0],[694.0,3145.5],[690.0,3145.5],[686.0,3145.5],[683.0,3145.5],[680.0,3144.5],[676.0,3144.5],[673.5,3145.0],[670.5,3146.0],[668.0,3147.5],[665.5,3149.0],[663.5,3150.0],[661.0,3151.5],[658.0,3152.5],[656.0,3153.5],[652.0,3153.5],[648.5,3153.0],[646.0,3152.5],[643.0,3153.5],[639.5,3153.0],[636.0,3152.5],[634.0,3151.5],[631.0,3152.5],[627.0,3152.5],[624.0,3152.5],[620.0,3152.5],[617.0,3151.5],[615.0,3150.5],[613.0,3148.5],[610.0,3147.5],[607.5,3146.0],[606.0,3144.5],[603.0,3143.5],[599.0,3143.5],[596.0,3143.5],[592.0,3143.5],[589.0,3144.5],[586.0,3144.5],[582.5,3145.0],[579.5,3146.0],[577.0,3147.5],[574.0,3147.5],[570.0,3147.5],[567.0,3146.5],[564.0,3146.5],[561.0,3147.5],[557.0,3147.5],[555.0,3146.5],[552.5,3148.0],[550.0,3149.5],[548.0,3150.5],[545.0,3151.5],[541.0,3151.5],[537.0,3151.5],[534.0,3151.5],[531.0,3150.5],[527.0,3150.5],[524.0,3150.5],[521.0,3151.5],[518.0,3150.5],[516.0,3149.5],[513.0,3150.5],[510.0,3151.5],[506.5,3152.0],[504.0,3152.5],[501.0,3151.5],[498.0,3150.5],[495.0,3150.5],[492.0,3151.5],[489.0,3152.5],[486.0,3152.5],[483.0,3153.5],[479.5,3154.0],[476.0,3154.5],[474.0,3153.5],[470.0,3153.5],[467.5,3152.0],[466.5,3150.0],[466.5,3146.0],[467.5,3143.0],[467.5,3140.0],[466.0,3137.5],[463.5,3136.0],[461.5,3134.0],[460.0,3132.5],[458.0,3130.5],[456.0,3128.5],[454.0,3127.5],[450.0,3127.5],[446.0,3127.5],[443.0,3127.5],[440.0,3126.5],[436.5,3126.0],[434.0,3124.5]]","[[243041.19615555,431263.15876007,84.20941687],[243041.19548798,431263.1580658,84.20813465],[243041.19459915,431263.15713501,84.20642614],[243041.19371223,431263.15621185,84.20472002],[243041.19304657,431263.15551758,84.20344162],[243041.19236183,431263.15447235,84.2019496],[243041.19228363,431263.15306854,84.20108986],[243041.19242477,431263.15190125,84.20065641],[243041.19315338,431263.15001678,84.20063925],[243041.19347763,431263.14836884,84.20020103],[243041.19361877,431263.14720154,84.19976759],[243041.19394302,431263.14555359,84.19932985],[243041.1946907,431263.14402008,84.19952726],[243041.19543839,431263.14248657,84.1997242],[243041.19598389,431263.14107513,84.19971132],[243041.19675064,431263.13988495,84.20012331],[243041.19667053,431263.13848877,84.199265],[243041.19681168,431263.13732147,84.19883156],[243041.19673157,431263.13591766,84.1979742],[243041.19604683,431263.1348877,84.19648695],[243041.19578552,431263.13396454,84.19563484],[243041.19494057,431263.13375092,84.19436884],[243041.19415474,431263.13459015,84.19374466],[243041.19336891,431263.13542175,84.19312096],[243041.1931076,431263.1344986,84.19227123],[243041.19282913,431263.13322449,84.19120789],[243041.19315147,431263.1315918,84.19077253],[243041.19369507,431263.13018036,84.19075966],[243041.19449997,431263.12969208,84.19159555],[243041.19526482,431263.12850952,84.19200516],[243041.19581032,431263.12709808,84.19199228],[243041.19613266,431263.12545776,84.19155645],[243041.19625473,431263.12394714,84.19091177],[243041.19637489,431263.12243652,84.19026756],[243041.19651604,431263.12126923,84.1898365],[243041.19684029,431263.11963654,84.18940163],[243041.19716263,431263.11800385,84.18896627],[243041.19770622,431263.11659241,84.1889534],[243041.19847107,431263.11540985,84.18936205],[243041.19879341,431263.11377716,84.18892717],[243041.19873238,431263.11273193,84.18828773],[243041.198452,431263.11147308,84.18722725],[243041.19816971,431263.1102066,84.18616772],[243041.1980896,431263.10882568,84.18531704],[243041.19782829,431263.10791016,84.18447161],[243041.19794846,431263.10639954,84.18382978],[243041.19867325,431263.10452271,84.18381214],[243041.19861221,431263.10349274,84.18317509],[243041.19873428,431263.10198212,84.18253374],[243041.19945717,431263.10010529,84.1825161],[243041.20005989,431263.09973907,84.1831398],[243041.20040321,431263.09845734,84.18291855],[243041.2003212,431263.09707642,84.18206978],[243041.20088387,431263.0960083,84.18226862],[243041.20166969,431263.09516907,84.18288755],[243041.20178986,431263.09366608,84.18224668],[243041.20170784,431263.09228516,84.18139791],[243041.20184898,431263.09113312,84.18096924],[243041.20196724,431263.08963013,84.18032932],[243041.2020874,431263.08812714,84.17968893],[243041.20202827,431263.08709717,84.17905331],[243041.20214653,431263.08559418,84.17841387],[243041.20246887,431263.08396912,84.17798185],[243041.20280838,431263.08269501,84.17776108],[243041.20355225,431263.0811615,84.17795515],[243041.20429611,431263.07962799,84.17814875],[243041.205019,431263.07775879,84.1781311],[243041.20556068,431263.07634735,84.17811775],[243041.20628357,431263.07447815,84.17810011],[243041.20680428,431263.07273102,84.17787504],[243041.20714569,431263.07144928,84.17765474],[243041.20786858,431263.06957245,84.17763662],[243041.20798683,431263.06807709,84.17699766],[243041.20772362,431263.06717682,84.17615604],[243041.20726013,431263.06640625,84.17510843],[243041.20653725,431263.06827545,84.17512608],[243041.20577431,431263.06946564,84.17472172],[243041.20523262,431263.07086945,84.17473507],[243041.20446968,431263.07205963,84.17433071],[243041.20370674,431263.07324219,84.17392588],[243041.20316505,431263.074646,84.1739397],[243041.20264435,431263.07639313,84.17416382],[243041.20232391,431263.07801819,84.17459536],[243041.20238495,431263.07904053,84.1752286],[243041.20206451,431263.08066559,84.17566013],[243041.20194435,431263.08216095,84.17629862],[243041.20182419,431263.08366394,84.17693758],[243041.20126152,431263.08472443,84.17673922],[243041.20051956,431263.08625031,84.17654562],[243041.19979858,431263.08812714,84.17656326],[243041.19925499,431263.08953094,84.17657661],[243041.19893456,431263.09115601,84.17700863],[243041.19861412,431263.09277344,84.17744017],[243041.19807243,431263.09418488,84.17745352],[243041.19730949,431263.09536743,84.17704868],[243041.19654846,431263.09654999,84.17664337],[243041.19582558,431263.09841919,84.17666101],[243041.19568443,431263.09957886,84.17708826],[243041.19496346,431263.10144806,84.17710638],[243041.19464111,431263.10307312,84.17753792],[243041.19449997,431263.10423279,84.17796564],[243041.19417953,431263.10585785,84.17839766],[243041.19385719,431263.10748291,84.17882967],[243041.19371605,431263.10864258,84.17925739],[243041.19359398,431263.11014557,84.17989683],[243041.19347191,431263.11165619,84.18053722],[243041.19293022,431263.11306,84.1805501],[243041.19240761,431263.11480713,84.18077564],[243041.19228745,431263.11631775,84.18141556],[243041.19156265,431263.11818695,84.18143368],[243041.19102097,431263.11959839,84.18144655],[243041.19069862,431263.12122345,84.18187952],[243041.18997574,431263.12310028,84.18189716],[243041.1893959,431263.12380981,84.18148613],[243041.18859482,431263.1242981,84.18065643],[243041.18787193,431263.12617493,84.18067408],[243041.1883297,431263.12696838,84.18172502],[243041.18896866,431263.12729645,84.18277216],[243041.18924713,431263.12856293,84.18382883],[243041.1895256,431263.12982941,84.18488646],[243041.18958282,431263.13087463,84.18552399],[243041.18966103,431263.13226318,84.18637419],[243041.18953896,431263.1337738,84.18701649],[243041.1893959,431263.1349411,84.18744659],[243041.18907356,431263.13657379,84.18788099],[243041.18831062,431263.13775635,84.18747282],[243041.18770981,431263.13812256,84.18684769],[243041.1869278,431263.13895416,84.18622732],[243041.18610764,431263.13908386,84.18518209],[243041.18532753,431263.13991547,84.18456268],[243041.18474579,431263.140625,84.18415117],[243041.18396568,431263.1414566,84.18353176],[243041.18316841,431263.14193726,84.18270111],[243041.18280602,431263.14287567,84.18270969],[243041.18288231,431263.14427185,84.18355846],[243041.18226433,431263.14427948,84.18272304],[243041.18161011,431263.14360046,84.18146419],[243041.18099213,431263.14361572,84.18063021],[243041.18086815,431263.14512634,84.18127012],[243041.1805439,431263.1467514,84.18170261],[243041.18040085,431263.1479187,84.18213129],[243041.18007851,431263.14955139,84.18256378],[243041.17975426,431263.15118408,84.18299675],[243041.17980957,431263.15222931,84.18363333],[243041.17925072,431263.15328979,84.18343449],[243041.17848969,431263.15446472,84.18302774],[243041.17791176,431263.15516663,84.18261671],[243041.17715263,431263.15634155,84.18221045],[243041.17662811,431263.15809631,84.18243551],[243041.1761055,431263.15985107,84.18266106],[243041.17554474,431263.16090393,84.18246222],[243041.17520332,431263.1621933,84.18268299],[243041.17547607,431263.16346741,84.18373871],[243041.17553139,431263.16452026,84.18437529],[243041.1754055,431263.16603088,84.18501663],[243041.17488098,431263.16778564,84.18524218],[243041.17473793,431263.16895294,84.18567133],[243041.17401505,431263.17082977,84.18568897],[243041.17329216,431263.1727066,84.18570662],[243041.17275047,431263.17411041,84.18571949],[243041.17202759,431263.17597961,84.18573713],[243041.17150307,431263.17773438,84.18596268],[243041.17117882,431263.17937469,84.1863966],[243041.17083549,431263.18066406,84.18661785],[243041.17011261,431263.18253326,84.18663549],[243041.16938972,431263.1844101,84.18665266],[243041.16884804,431263.1858139,84.18666601],[243041.16852188,431263.18745422,84.18709993],[243041.1678009,431263.18932343,84.1871171],[243041.16724014,431263.19037628,84.18691778],[243041.16648293,431263.19155121,84.18651056],[243041.16570663,431263.19236755,84.18589067],[243041.16493034,431263.1931839,84.18527126],[243041.16435432,431263.1938858,84.18486023],[243041.16357994,431263.19470215,84.18424129],[243041.16282272,431263.19586945,84.18383455],[243041.1622467,431263.19657135,84.183424],[243041.16154671,431263.19846344,84.18343306],[243041.16110992,431263.20030975,84.18362188],[243041.16082954,431263.20166779,84.18381691],[243041.16014099,431263.20291138,84.18338251],[243041.15970421,431263.20475769,84.18357182],[243041.15926743,431263.20661163,84.18376112],[243041.15917587,431263.20783997,84.18416738],[243041.15848541,431263.20908356,84.18373346],[243041.1578598,431263.21105957,84.18371105],[243041.1573925,431263.21253967,84.18369436],[243041.15676689,431263.21451569,84.18367243],[243041.15651703,431263.21624756,84.18407297],[243041.15642548,431263.21747589,84.18447971],[243041.15655136,431263.21895599,84.18530416],[243041.15630341,431263.22068787,84.18570566],[243041.15624237,431263.22229004,84.18631935],[243041.15633774,431263.22340393,84.18693829],[243041.15608788,431263.2251358,84.18734074],[243041.15546227,431263.22711945,84.18731832],[243041.15499306,431263.22859955,84.18730164],[243041.15436554,431263.23058319,84.1872797],[243041.15367699,431263.23181915,84.18684435],[243041.15320587,431263.23330688,84.18682766],[243041.15254784,431263.23491669,84.18659925],[243041.15185928,431263.23615265,84.1861639],[243041.15113831,431263.2370224,84.18552256],[243041.1506691,431263.2385025,84.18550587],[243041.15004158,431263.24048615,84.18548393],[243041.14979172,431263.24221802,84.18588543],[243041.14932251,431263.24370575,84.18586874],[243041.14863205,431263.24494171,84.18543386],[243041.14800644,431263.24692535,84.18541145],[243041.14791107,431263.24816132,84.18581867],[243041.147192,431263.24903107,84.18517733],[243041.14647293,431263.24989319,84.18453646],[243041.14594078,431263.25063324,84.1841073],[243041.14525223,431263.2518692,84.18367243],[243041.14462471,431263.25384521,84.18365049],[243041.1439991,431263.25582886,84.18362808],[243041.14352989,431263.25731659,84.18361139],[243041.14327812,431263.25904846,84.18401241],[243041.1426506,431263.2610321,84.18399048],[243041.1421814,431263.26251984,84.18397379],[243041.14149284,431263.26374817,84.18353891],[243041.14124107,431263.26548767,84.18394041],[243041.14114571,431263.26673126,84.18434715],[243041.14045715,431263.26796722,84.18391228],[243041.13977051,431263.26920319,84.18347788],[243041.13911247,431263.27080536,84.183249],[243041.13861275,431263.27191925,84.18302631],[243041.13835907,431263.27365875,84.18342733],[243041.1381073,431263.27539825,84.18382883],[243041.13763618,431263.27688599,84.18381214],[243041.13694954,431263.27812195,84.18337727],[243041.13626099,431263.27935028,84.18294287],[243041.13579178,431263.28083801,84.18292618],[243041.13510513,431263.28207397,84.1824913],[243041.1344471,431263.28367615,84.1822629],[243041.13379097,431263.28528595,84.18203449],[243041.1336937,431263.28652954,84.18244123],[243041.13306618,431263.28851318,84.18241882],[243041.13299942,431263.29013824,84.18303204],[243041.13327789,431263.29114532,84.18386269],[243041.13414574,431263.29216766,84.18553638],[243041.13495445,431263.29244232,84.18679905],[243041.13560677,431263.29321289,84.18805695],[243041.13591576,431263.29460144,84.18909788],[243041.135849,431263.29623413,84.18971395],[243041.13596916,431263.29774475,84.19054317],[243041.13606071,431263.2988739,84.19116545],[243041.13618279,431263.30038452,84.1919961],[243041.13630486,431263.30190277,84.19282675],[243041.13620758,431263.30315399,84.19323683],[243041.13557816,431263.30514526,84.19321489],[243041.13494873,431263.30713654,84.19319296],[243041.13447571,431263.3086319,84.19317627],[243041.13422203,431263.31038666,84.1935811],[243041.13377953,431263.31225586,84.19377279],[243041.13371277,431263.31389618,84.19439125]]",dji_pose_mesh_ray_contour_nodes,
110,97,3,SPL,5215.1783,3116.0573,5146,3095,5280,3134,134,39,1711,243041.91218185,431261.01823425,84.20863628,dji_pose_mesh_ray_centroid,True,True,1113106,2.348393,warp,,5215.1783,3116.0573,1,1,1.0,1,2.348393,2.348393,171,171,1.0,"[[5146.0,3108.5],[5147.0,3108.5],[5147.5,3108.0],[5148.0,3107.5],[5149.0,3107.5],[5150.0,3107.5],[5151.0,3107.5],[5152.0,3107.5],[5152.5,3108.0],[5153.0,3108.5],[5154.0,3108.5],[5155.0,3108.5],[5155.5,3109.0],[5156.0,3109.5],[5157.0,3109.5],[5158.0,3109.5],[5158.5,3110.0],[5159.0,3110.5],[5159.5,3110.0],[5160.0,3109.5],[5161.0,3109.5],[5162.0,3109.5],[5163.0,3109.5],[5164.0,3109.5],[5165.0,3109.5],[5166.0,3109.5],[5167.0,3109.5],[5167.5,3110.0],[5168.0,3110.5],[5168.5,3111.0],[5169.0,3111.5],[5169.5,3112.0],[5170.0,3112.5],[5170.5,3113.0],[5171.0,3113.5],[5171.5,3114.0],[5172.0,3114.5],[5172.5,3115.0],[5173.0,3115.5],[5173.5,3116.0],[5174.0,3116.5],[5175.0,3116.5],[5176.0,3116.5],[5176.5,3117.0],[5177.0,3117.5],[5178.0,3117.5],[5179.0,3117.5],[5179.5,3117.0],[5180.0,3116.5],[5180.5,3116.0],[5180.5,3115.0],[5181.0,3114.5],[5181.5,3114.0],[5181.0,3113.5],[5180.5,3113.0],[5180.5,3112.0],[5180.5,3111.0],[5180.5,3110.0],[5180.0,3109.5],[5179.5,3109.0],[5179.5,3108.0],[5180.0,3107.5],[5180.5,3107.0],[5180.5,3106.0],[5180.5,3105.0],[5181.0,3104.5],[5181.5,3104.0],[5182.0,3103.5],[5182.5,3103.0],[5183.0,3102.5],[5183.5,3103.0],[5184.0,3103.5],[5185.0,3103.5],[5186.0,3103.5],[5186.5,3104.0],[5187.0,3104.5],[5187.5,3105.0],[5188.0,3105.5],[5188.5,3106.0],[5188.5,3107.0],[5189.0,3107.5],[5189.5,3108.0],[5190.0,3108.5],[5190.5,3109.0],[5190.5,3110.0],[5191.0,3110.5],[5191.5,3111.0],[5192.0,3111.5],[5192.5,3112.0],[5192.5,3113.0],[5193.0,3113.5],[5193.5,3114.0],[5194.0,3114.5],[5194.5,3115.0],[5195.0,3115.5],[5195.5,3116.0],[5196.0,3116.5],[5196.5,3117.0],[5197.0,3117.5],[5197.5,3118.0],[5198.0,3118.5],[5198.5,3119.0],[5199.0,3119.5],[5200.0,3119.5],[5200.5,3120.0],[5201.0,3120.5],[5201.5,3121.0],[5202.0,3121.5],[5202.5,3122.0],[5203.0,3122.5],[5204.0,3122.5],[5204.5,3122.0],[5205.0,3121.5],[5206.0,3121.5],[5207.0,3121.5],[5207.5,3121.0],[5208.0,3120.5],[5209.0,3120.5],[5209.5,3120.0],[5210.0,3119.5],[5211.0,3119.5],[5212.0,3119.5],[5213.0,3119.5],[5214.0,3119.5],[5214.5,3119.0],[5215.0,3118.5],[5216.0,3118.5],[5217.0,3118.5],[5217.5,3118.0],[5218.0,3117.5],[5218.5,3117.0],[5219.0,3116.5],[5220.0,3116.5],[5220.5,3117.0],[5220.5,3118.0],[5220.0,3118.5],[5219.5,3119.0],[5219.5,3120.0],[5219.5,3121.0],[5219.0,3121.5],[5218.5,3122.0],[5218.0,3122.5],[5217.5,3123.0],[5217.0,3123.5],[5216.5,3124.0],[5216.5,3125.0],[5216.5,3126.0],[5216.0,3126.5],[5215.5,3127.0],[5215.5,3128.0],[5215.0,3128.5],[5214.0,3128.5],[5213.5,3129.0],[5213.0,3129.5],[5212.0,3129.5],[5211.5,3130.0],[5211.0,3130.5],[5210.0,3130.5],[5209.0,3130.5],[5208.5,3131.0],[5208.0,3131.5],[5207.0,3131.5],[5206.0,3131.5],[5205.0,3131.5],[5204.0,3131.5],[5203.5,3132.0],[5203.0,3132.5],[5202.0,3132.5],[5201.0,3132.5],[5200.0,3132.5],[5199.5,3133.0]]","[[243041.905653,431261.04972839,84.21111536],[243041.90574455,431261.04927063,84.21113491],[243041.90591812,431261.04901123,84.21136379],[243041.9060936,431261.0487442,84.21159267],[243041.90618324,431261.04829407,84.21161222],[243041.9062767,431261.0478363,84.21163225],[243041.90636826,431261.04737854,84.21165228],[243041.90645981,431261.04692841,84.21167231],[243041.90637589,431261.04673004,84.21146345],[243041.90629387,431261.04653931,84.2112546],[243041.90638542,431261.04608154,84.21127462],[243041.90647697,431261.04562378,84.21129465],[243041.90639496,431261.04543304,84.2110858],[243041.90631294,431261.04523468,84.21087742],[243041.9064045,431261.04478455,84.21089697],[243041.90649605,431261.04432678,84.210917],[243041.90641403,431261.04413605,84.21070814],[243041.90633011,431261.04393768,84.21049976],[243041.90650558,431261.04367828,84.21072817],[243041.90667915,431261.04341888,84.21095657],[243041.90677071,431261.04296112,84.2109766],[243041.90686226,431261.04251099,84.21099663],[243041.90695381,431261.04205322,84.21101665],[243041.90704536,431261.04159546,84.2110362],[243041.90713692,431261.04114532,84.21105623],[243041.90722847,431261.04068756,84.21107626],[243041.90732002,431261.04023743,84.21109629],[243041.90723801,431261.04003906,84.21088743],[243041.90715408,431261.03984833,84.21067905],[243041.90707207,431261.03964996,84.21047068],[243041.90699005,431261.03945923,84.2102623],[243041.90690804,431261.03926849,84.21005392],[243041.90682602,431261.03907013,84.20984507],[243041.9067421,431261.03887939,84.20963716],[243041.90666008,431261.03868103,84.20942879],[243041.90657806,431261.0384903,84.20922041],[243041.90649605,431261.03829956,84.20901203],[243041.90641403,431261.0381012,84.20880365],[243041.90633011,431261.03791046,84.20859575],[243041.90624809,431261.03771973,84.20838737],[243041.90616608,431261.03752136,84.20817947],[243041.90625763,431261.03707123,84.2081995],[243041.90634918,431261.03661346,84.20821905],[243041.90626717,431261.03642273,84.20801115],[243041.90618515,431261.03622437,84.20780325],[243041.9062767,431261.03577423,84.20782328],[243041.90636826,431261.03531647,84.2078433],[243041.90654182,431261.03505707,84.20807123],[243041.90671539,431261.03479767,84.20829916],[243041.90688896,431261.03453827,84.20852709],[243041.90714455,431261.0344696,84.20896339],[243041.90731812,431261.03421021,84.2091918],[243041.90749168,431261.03395081,84.20941973],[243041.90757561,431261.03414154,84.2096281],[243041.90765762,431261.03433228,84.20983601],[243041.90791321,431261.03426361,84.21027279],[243041.9081707,431261.03420258,84.21070957],[243041.90842628,431261.03413391,84.21114635],[243041.90851021,431261.03432465,84.21135473],[243041.90859222,431261.03451538,84.21156311],[243041.90884781,431261.03444672,84.21199989],[243041.90902328,431261.03418732,84.21222877],[243041.90919685,431261.03392792,84.2124567],[243041.9094677,431261.03385925,84.21289062],[243041.90982437,431261.03376007,84.21330166],[243041.91009331,431261.03347778,84.21350574],[243041.91036415,431261.03318787,84.21370983],[243041.91063309,431261.03290558,84.21391392],[243041.91090202,431261.03261566,84.214118],[243041.91117287,431261.03233337,84.21432209],[243041.91108513,431261.03213501,84.21411419],[243041.91099739,431261.03194427,84.21390676],[243041.91117859,431261.03146362,84.21390295],[243041.91136169,431261.0309906,84.21389961],[243041.91127396,431261.03079987,84.21369219],[243041.91118622,431261.0306015,84.21348429],[243041.91109848,431261.03041077,84.21327686],[243041.91101074,431261.03022003,84.21306944],[243041.910923,431261.0300293,84.21286201],[243041.91056633,431261.03012085,84.21245098],[243041.91047859,431261.02993011,84.21224356],[243041.91039085,431261.02973938,84.21203613],[243041.91030312,431261.02954865,84.21182871],[243041.91021538,431261.02935791,84.21162176],[243041.9098587,431261.02944946,84.21121073],[243041.90977097,431261.02925873,84.2110033],[243041.90968323,431261.02906799,84.21079636],[243041.90959549,431261.02887726,84.21058941],[243041.90950966,431261.02868652,84.21038246],[243041.90915298,431261.02877808,84.2099719],[243041.90906525,431261.02858734,84.20976496],[243041.90897751,431261.02839661,84.20955801],[243041.90888977,431261.02820587,84.20935106],[243041.90880203,431261.02801514,84.20914412],[243041.9087162,431261.0278244,84.20893717],[243041.90862846,431261.02763367,84.2087307],[243041.90854073,431261.02744293,84.20852375],[243041.90845299,431261.0272522,84.2083168],[243041.90836716,431261.02706146,84.20811033],[243041.90827942,431261.02687073,84.20790338],[243041.90819168,431261.02667999,84.20769691],[243041.90810394,431261.02648926,84.20749044],[243041.90801811,431261.02629089,84.2072835],[243041.90819931,431261.02581787,84.20728016],[243041.90811157,431261.02562714,84.20707369],[243041.90802383,431261.0254364,84.20686722],[243041.9079361,431261.02524567,84.20666075],[243041.90785027,431261.02505493,84.20645428],[243041.90776253,431261.0248642,84.20624781],[243041.9076767,431261.02467346,84.20604134],[243041.90785789,431261.02419281,84.206038],[243041.90812683,431261.02391052,84.20624065],[243041.90839386,431261.02362061,84.20644331],[243041.90857506,431261.02314758,84.20643997],[243041.90875816,431261.02266693,84.20643616],[243041.90902519,431261.02237701,84.20663881],[243041.90929413,431261.02209473,84.20684195],[243041.90947723,431261.02161407,84.20683813],[243041.90974617,431261.02133179,84.20704126],[243041.9100132,431261.02104187,84.2072444],[243041.9101963,431261.02056122,84.20724058],[243041.9103775,431261.0200882,84.20723724],[243041.9105587,431261.01960754,84.20723343],[243041.9107399,431261.01913452,84.20723009],[243041.91100883,431261.0188446,84.20743275],[243041.91127777,431261.01855469,84.20763588],[243041.91145897,431261.01808167,84.20763254],[243041.91164207,431261.01760101,84.20762873],[243041.91191101,431261.01731873,84.20783186],[243041.91217995,431261.01702881,84.20803499],[243041.91244888,431261.01673889,84.20823812],[243041.91271782,431261.0164566,84.20844126],[243041.91289902,431261.01597595,84.20843744],[243041.91281319,431261.01578522,84.20823097],[243041.91245651,431261.0158844,84.20782089],[243041.91218567,431261.01616669,84.20761776],[243041.91191673,431261.0164566,84.2074151],[243041.91156006,431261.01655579,84.2070055],[243041.91120338,431261.01664734,84.2065959],[243041.91093445,431261.01693726,84.20639324],[243041.91066551,431261.01722717,84.20619011],[243041.91039658,431261.01750946,84.20598745],[243041.91012764,431261.01779938,84.2057848],[243041.90986061,431261.01808929,84.20558166],[243041.90959167,431261.01837158,84.20537901],[243041.909235,431261.01847076,84.20497036],[243041.90888023,431261.01856232,84.20456171],[243041.9086113,431261.01885223,84.20435905],[243041.90834236,431261.01914215,84.2041564],[243041.90798759,431261.0192337,84.20374775],[243041.90771866,431261.01952362,84.20354557],[243041.90753746,431261.01999664,84.20354938],[243041.90726852,431261.02028656,84.20334673],[243041.9070015,431261.02056885,84.20314455],[243041.9068203,431261.0210495,84.20314789],[243041.90655136,431261.02133179,84.20294571],[243041.90628242,431261.0216217,84.20274353],[243041.90610123,431261.02209473,84.20274734],[243041.90592003,431261.02257538,84.20275068],[243041.905653,431261.02285767,84.2025485],[243041.90543747,431261.02313232,84.2023325],[243041.90534592,431261.02358246,84.20231247],[243041.90525436,431261.02404022,84.20229244],[243041.90516281,431261.02449036,84.20227241],[243041.90507126,431261.02494049,84.20225191],[243041.90489769,431261.02519989,84.20202494],[243041.90472603,431261.02546692,84.20179796],[243041.90463448,431261.02591705,84.20177746],[243041.90454292,431261.02636719,84.20175743],[243041.90445137,431261.02681732,84.2017374],[243041.9042778,431261.02708435,84.20150995]]",dji_pose_mesh_ray_contour_nodes,
111,98,3,SPL,539.7353,3099.6029,534,3096,546,3105,12,9,68,243041.15585327,431263.26757812,84.20550108,dji_pose_mesh_ray_centroid,True,True,1113280,2.268469,warp,,539.7353,3099.6029,1,1,1.0,1,2.268469,2.268469,10,10,1.0,"[[540.5,3104.0],[540.0,3103.5],[539.0,3103.5],[538.5,3103.0],[538.0,3102.5],[537.0,3102.5],[536.0,3102.5],[535.5,3102.0],[535.0,3101.5],[534.0,3101.5]]","[[243041.15499878,431263.26607513,84.20363998],[243041.1550312,431263.2664566,84.20384884],[243041.15487289,431263.26695251,84.20384359],[243041.15490532,431263.26732635,84.20405292],[243041.15493584,431263.26770782,84.20426226],[243041.15477943,431263.26820374,84.20425701],[243041.15462112,431263.26870728,84.20425129],[243041.15465355,431263.26908112,84.20446062],[243041.15468597,431263.26945496,84.20467043],[243041.15452766,431263.2699585,84.20466471]]",dji_pose_mesh_ray_contour_nodes,
112,99,3,SPL,8.0411,3106.8767,4,3102,13,3114,9,12,73,243041.07702637,431263.54206085,84.1965208,dji_pose_mesh_ray_centroid,True,True,1113296,2.432796,warp,,8.0411,3106.8767,1,1,1.0,1,2.432796,2.432796,13,13,1.0,"[[12.0,3108.5],[11.0,3108.5],[10.5,3109.0],[10.0,3109.5],[9.5,3110.0],[9.0,3110.5],[8.5,3111.0],[8.0,3111.5],[7.5,3112.0],[7.0,3112.5],[6.0,3112.5],[5.0,3112.5],[4.5,3113.0]]","[[243041.07721138,431263.53942108,84.19589424],[243041.07707787,431263.5399704,84.19587707],[243041.07690811,431263.54009247,84.19565487],[243041.07673645,431263.54021454,84.19543219],[243041.07656479,431263.54033661,84.19521046],[243041.07639313,431263.54046631,84.19498777],[243041.07622337,431263.54058838,84.19476557],[243041.07605171,431263.54071045,84.19454336],[243041.07588005,431263.54083252,84.19432116],[243041.0757103,431263.54096222,84.19409895],[243041.07557678,431263.54150391,84.19408178],[243041.07544327,431263.54204559,84.19406462],[243041.07527351,431263.54216766,84.19384241]]",dji_pose_mesh_ray_contour_nodes,
113,100,3,SPL,708.0,3103.6087,704,3102,712,3106,8,4,23,243041.18252563,431263.18389893,84.20428896,dji_pose_mesh_ray_centroid,True,True,1113273,2.226026,warp,,708.0,3103.6087,1,1,1.0,1,2.226026,2.226026,6,6,1.0,"[[704.0,3103.5],[705.0,3103.5],[705.5,3103.0],[706.0,3102.5],[707.0,3102.5],[707.5,3102.0]]","[[243041.18182182,431263.18580627,84.20435238],[243041.18200302,431263.18533325,84.20434809],[243041.1822052,431263.18521881,84.20455885],[243041.18240547,431263.18509674,84.20477009],[243041.18258667,431263.18463135,84.2047658],[243041.18278885,431263.18450928,84.20497656]]",dji_pose_mesh_ray_contour_nodes,
114,101,3,SPL,5014.0,3104.5,5014,3104,5015,3106,1,2,2,243041.89451981,431261.10988617,84.21023178,dji_pose_mesh_ray_centroid,True,True,1113104,2.309769,warp,,5014.0,3104.5,1,1,1.0,1,2.309769,2.309769,2,2,1.0,"[[5014.0,3104.0],[5014.0,3105.0]]","[[243041.8946476,431261.10986328,84.2104516],[243041.89439201,431261.10991669,84.21001196]]",dji_pose_mesh_ray_contour_nodes,
115,102,3,SPL,5082.2558,3111.9302,5078,3109,5088,3115,10,6,43,243041.89891624,431261.07904053,84.20834064,dji_pose_mesh_ray_centroid,True,True,1113104,2.321298,warp,,5082.2558,3111.9302,1,1,1.0,1,2.321298,2.321298,11,11,1.0,"[[5079.5,3109.0],[5080.0,3109.5],[5081.0,3109.5],[5082.0,3109.5],[5083.0,3109.5],[5084.0,3109.5],[5084.5,3110.0],[5085.0,3110.5],[5086.0,3110.5],[5086.5,3111.0],[5087.0,3111.5]]","[[243041.89941216,431261.08011627,84.20956898],[243041.89933014,431261.07991791,84.20935965],[243041.8994236,431261.07946014,84.20937967],[243041.89951515,431261.07900238,84.2093997],[243041.8996067,431261.07854462,84.20941973],[243041.89970016,431261.07808685,84.20943975],[243041.89961815,431261.07788849,84.2092309],[243041.89953423,431261.07769775,84.20902204],[243041.89962769,431261.07723999,84.20904207],[243041.89954567,431261.07704163,84.20883274],[243041.89946365,431261.07684326,84.20862389]]",dji_pose_mesh_ray_contour_nodes,
116,103,3,SPL,394.3125,3115.1875,392,3114,399,3117,7,3,16,243041.13041687,431263.33727264,84.19772196,dji_pose_mesh_ray_centroid,True,True,1113295,2.306002,warp,,394.3125,3115.1875,1,1,1.0,1,2.306002,2.306002,5,5,1.0,"[[395.5,3114.0],[396.0,3114.5],[396.5,3115.0],[397.0,3115.5],[398.0,3115.5]]","[[243041.13088989,431263.3370285,84.19821978],[243041.13082886,431263.33660889,84.19802427],[243041.13076591,431263.33618164,84.19782877],[243041.13070297,431263.33576202,84.19763327],[243041.1308403,431263.3352356,84.19764757]]",dji_pose_mesh_ray_contour_nodes,
117,104,3,SPL,97.2222,3118.6444,92,3116,103,3122,11,6,45,243041.08636475,431263.49022675,84.19302988,dji_pose_mesh_ray_centroid,True,True,1113296,2.398111,warp,,97.2222,3118.6444,1,1,1.0,1,2.398111,2.398111,10,10,1.0,"[[92.0,3119.5],[92.5,3119.0],[92.5,3118.0],[93.0,3117.5],[94.0,3117.5],[94.5,3117.0],[95.0,3116.5],[96.0,3116.5],[97.0,3116.5],[97.5,3116.0]]","[[243041.0854969,431263.49280548,84.19257641],[243041.08566666,431263.49268341,84.19279766],[243041.08587646,431263.4929657,84.193223],[243041.08604813,431263.49284363,84.19344425],[243041.08617973,431263.49230194,84.19346142],[243041.08635139,431263.49217224,84.19368315],[243041.08652306,431263.49205017,84.1939044],[243041.08665466,431263.49150848,84.19392157],[243041.08678627,431263.4909668,84.19393873],[243041.08695793,431263.4908371,84.19415998]]",dji_pose_mesh_ray_contour_nodes,
118,105,3,SPL,5104.3027,3126.9916,5075,3117,5140,3139,65,22,479,243041.89709091,431261.0699234,84.20220327,dji_pose_mesh_ray_centroid,True,True,1113104,2.32322,warp,,5104.3027,3126.9916,1,1,1.0,1,2.32322,2.32322,69,69,1.0,"[[5075.0,3130.5],[5075.5,3130.0],[5075.5,3129.0],[5075.5,3128.0],[5076.0,3127.5],[5076.5,3127.0],[5077.0,3126.5],[5078.0,3126.5],[5079.0,3126.5],[5080.0,3126.5],[5080.5,3127.0],[5081.0,3127.5],[5082.0,3127.5],[5083.0,3127.5],[5084.0,3127.5],[5084.5,3128.0],[5085.0,3128.5],[5086.0,3128.5],[5086.5,3129.0],[5087.0,3129.5],[5088.0,3129.5],[5088.5,3130.0],[5089.0,3130.5],[5090.0,3130.5],[5091.0,3130.5],[5092.0,3130.5],[5092.5,3130.0],[5093.0,3129.5],[5094.0,3129.5],[5094.5,3129.0],[5095.0,3128.5],[5096.0,3128.5],[5096.5,3128.0],[5096.5,3127.0],[5097.0,3126.5],[5097.5,3126.0],[5098.0,3125.5],[5098.5,3125.0],[5099.0,3124.5],[5100.0,3124.5],[5101.0,3124.5],[5101.5,3124.0],[5102.0,3123.5],[5103.0,3123.5],[5104.0,3123.5],[5104.5,3123.0],[5105.0,3122.5],[5105.5,3122.0],[5106.0,3121.5],[5106.5,3121.0],[5107.0,3120.5],[5108.0,3120.5],[5108.5,3120.0],[5109.0,3119.5],[5110.0,3119.5],[5111.0,3119.5],[5112.0,3119.5],[5113.0,3119.5],[5114.0,3119.5],[5115.0,3119.5],[5116.0,3119.5],[5117.0,3119.5],[5117.5,3119.0],[5118.0,3118.5],[5119.0,3118.5],[5119.5,3118.0],[5120.0,3117.5],[5121.0,3117.5],[5121.5,3117.0]]","[[243041.89349937,431261.08351135,84.20007992],[243041.89367294,431261.08325195,84.20030832],[243041.89392853,431261.08319092,84.20074415],[243041.89418411,431261.08312988,84.20118046],[243041.89435768,431261.08287048,84.20140886],[243041.89453125,431261.08261108,84.20163727],[243041.89470482,431261.08235168,84.20186567],[243041.89479637,431261.08189392,84.2018857],[243041.89488792,431261.08143616,84.20190573],[243041.89498138,431261.08097839,84.20192623],[243041.89489937,431261.08078766,84.20171833],[243041.89481735,431261.08058929,84.20150995],[243041.89490891,431261.08013153,84.20153046],[243041.89500237,431261.07967377,84.20155048],[243041.89509392,431261.079216,84.20157099],[243041.8950119,431261.07901764,84.20136309],[243041.89492989,431261.0788269,84.20115471],[243041.89502335,431261.07836914,84.20117521],[243041.89494133,431261.07817078,84.20096731],[243041.89485931,431261.07797241,84.20075941],[243041.89495087,431261.07751465,84.20077944],[243041.89486885,431261.07732391,84.20057201],[243041.89478874,431261.07712555,84.20036411],[243041.89488029,431261.07666779,84.20038414],[243041.89497185,431261.07621002,84.20040464],[243041.8950634,431261.07575226,84.20042467],[243041.89523697,431261.07549286,84.20065308],[243041.89541054,431261.07523346,84.200881],[243041.895504,431261.07478333,84.20090103],[243041.89567757,431261.07452393,84.20112944],[243041.89585114,431261.07426453,84.20135736],[243041.89594269,431261.07380676,84.20137787],[243041.89611626,431261.07354736,84.2016058],[243041.89637184,431261.0734787,84.20204163],[243041.89654541,431261.0732193,84.20227003],[243041.89671898,431261.0729599,84.20249844],[243041.89689255,431261.0727005,84.20272636],[243041.89706612,431261.0724411,84.20295477],[243041.89723969,431261.0721817,84.20318317],[243041.89733124,431261.07172394,84.2032032],[243041.8974247,431261.0712738,84.20322323],[243041.89759827,431261.0710144,84.20345163],[243041.89777184,431261.070755,84.20368004],[243041.89786339,431261.07029724,84.20370007],[243041.89795494,431261.06983948,84.20372009],[243041.89812851,431261.06958008,84.2039485],[243041.89830208,431261.06932068,84.2041769],[243041.89847755,431261.06906128,84.20440531],[243041.89865112,431261.06880188,84.20463371],[243041.89882469,431261.06854248,84.20486212],[243041.89899826,431261.06828308,84.20509005],[243041.89908981,431261.06782532,84.20511055],[243041.89926338,431261.06756592,84.20533895],[243041.89943695,431261.06730652,84.20556736],[243041.89953041,431261.06684875,84.20558739],[243041.89962196,431261.06639099,84.20560741],[243041.89971352,431261.06593323,84.20562744],[243041.89980507,431261.06548309,84.20564747],[243041.89989662,431261.06502533,84.2056675],[243041.89998817,431261.06456757,84.205688],[243041.90008163,431261.0641098,84.20570803],[243041.90017319,431261.06365967,84.20572805],[243041.90034676,431261.06339264,84.20595646],[243041.90052032,431261.06313324,84.20618486],[243041.90061188,431261.06268311,84.20620489],[243041.90078735,431261.06241608,84.2064333],[243041.90096092,431261.06215668,84.2066617],[243041.90105247,431261.06170654,84.20668173],[243041.90122604,431261.06144714,84.20691013]]",dji_pose_mesh_ray_contour_nodes,
119,106,3,SPL,5077.6,3121.2,5077,3120,5079,3123,2,3,5,243041.89611435,431261.08174896,84.20419216,dji_pose_mesh_ray_centroid,True,True,1113104,2.319066,warp,,5077.6,3121.2,1,1,1.0,1,2.319066,2.319066,2,2,1.0,"[[5077.0,3120.5],[5077.5,3120.0]]","[[243041.89623833,431261.08197784,84.20448589],[243041.8964119,431261.08171844,84.2047143]]",dji_pose_mesh_ray_contour_nodes,
120,107,3,SPL,4509.3333,3121.6667,4509,3121,4511,3123,2,2,3,243041.81250191,431261.35050964,84.20061111,dji_pose_mesh_ray_centroid,True,True,285970,2.1933,warp,,4509.3333,3121.6667,1,1,1.0,1,2.1933,2.1933,2,2,1.0,"[[4509.5,3121.0],[4510.0,3121.5]]","[[243041.81270409,431261.35040283,84.20090103],[243041.81258202,431261.35018921,84.20070505]]",dji_pose_mesh_ray_contour_nodes,
121,108,3,SPL,4432.8163,3125.1837,4429,3122,4437,3130,8,8,49,243041.8051033,431261.38650513,84.19727373,dji_pose_mesh_ray_centroid,True,True,1113130,2.18307,warp,,4432.8163,3125.1837,1,1,1.0,1,2.18307,2.18307,8,8,1.0,"[[4432.5,3129.0],[4432.0,3128.5],[4431.5,3128.0],[4431.0,3127.5],[4430.5,3127.0],[4430.0,3126.5],[4429.5,3126.0],[4429.0,3125.5]]","[[243041.8038559,431261.38678741,84.19566584],[243041.80394363,431261.38700867,84.19587183],[243041.80402946,431261.38722992,84.1960783],[243041.8041172,431261.38745117,84.19628429],[243041.80420494,431261.38767242,84.19649076],[243041.80429077,431261.38789368,84.19669676],[243041.80437851,431261.38811493,84.19690323],[243041.80446625,431261.38833618,84.1971097]]",dji_pose_mesh_ray_contour_nodes,
122,109,3,SPL,316.4697,3130.4242,308,3128,326,3135,18,7,66,243041.11578178,431263.37326813,84.19045782,dji_pose_mesh_ray_centroid,True,True,1113295,2.326004,warp,,316.4697,3130.4242,1,1,1.0,1,2.326004,2.326004,20,20,1.0,"[[325.0,3129.5],[324.5,3130.0],[324.0,3130.5],[323.0,3130.5],[322.0,3130.5],[321.5,3131.0],[321.0,3131.5],[320.0,3131.5],[319.0,3131.5],[318.5,3132.0],[318.0,3132.5],[317.0,3132.5],[316.0,3132.5],[315.0,3132.5],[314.0,3132.5],[313.5,3133.0],[313.0,3133.5],[312.0,3133.5],[311.0,3133.5],[310.5,3134.0]]","[[243041.11718941,431263.36908722,84.1909523],[243041.11699295,431263.3691864,84.19074392],[243041.11679459,431263.36928558,84.19053507],[243041.11665726,431263.36981201,84.19052076],[243041.11651993,431263.37033844,84.19050646],[243041.11632156,431263.37043762,84.1902976],[243041.1161232,431263.3705368,84.19008875],[243041.11598778,431263.37106323,84.19007444],[243041.11585045,431263.37158966,84.19006014],[243041.11565208,431263.37168884,84.18985128],[243041.11545372,431263.37178802,84.18964291],[243041.11531639,431263.37231445,84.1896286],[243041.11517906,431263.37284088,84.1896143],[243041.11504173,431263.37336731,84.18959999],[243041.1149044,431263.37389374,84.18958569],[243041.11470795,431263.37399292,84.18937731],[243041.11450958,431263.3740921,84.18916845],[243041.11437225,431263.37461853,84.18915415],[243041.11423492,431263.37514496,84.18913984],[243041.11403847,431263.37524414,84.18893099]]",dji_pose_mesh_ray_contour_nodes,
123,110,3,SPL,191.6505,3135.5922,183,3130,199,3141,16,11,103,243041.09521866,431263.43460083,84.18747044,dji_pose_mesh_ray_centroid,True,True,1113296,2.361398,warp,,191.6505,3135.5922,1,1,1.0,1,2.361398,2.361398,20,20,1.0,"[[183.0,3136.5],[183.5,3136.0],[184.0,3135.5],[185.0,3135.5],[186.0,3135.5],[186.5,3135.0],[187.0,3134.5],[188.0,3134.5],[189.0,3134.5],[189.5,3134.0],[189.5,3133.0],[190.0,3132.5],[190.5,3132.0],[191.0,3131.5],[191.5,3131.0],[192.0,3130.5],[193.0,3130.5],[194.0,3130.5],[195.0,3130.5],[195.5,3130.0]]","[[243041.09389496,431263.43898773,84.18693829],[243041.09406471,431263.43885803,84.18715763],[243041.09423637,431263.43872833,84.18737745],[243041.09436798,431263.43819427,84.1873951],[243041.09449768,431263.43765259,84.18741226],[243041.09466934,431263.43753052,84.18763208],[243041.0948391,431263.43740082,84.18785191],[243041.0949707,431263.43685913,84.18786907],[243041.09510231,431263.43632507,84.18788624],[243041.09527206,431263.43619537,84.18810606],[243041.09548378,431263.43647003,84.18852854],[243041.09565353,431263.43634033,84.18874836],[243041.0958252,431263.43621826,84.18896866],[243041.09599686,431263.43608856,84.18918848],[243041.09616661,431263.43595886,84.18940878],[243041.09633827,431263.43582916,84.1896286],[243041.09646988,431263.43528748,84.18964577],[243041.09659958,431263.43475342,84.18966293],[243041.09673119,431263.43421936,84.1896801],[243041.09690285,431263.43408966,84.1899004]]",dji_pose_mesh_ray_contour_nodes,
124,111,3,SPL,302.0312,3137.6875,298,3136,307,3141,9,5,32,243041.11192322,431263.37848663,84.187325,dji_pose_mesh_ray_centroid,True,True,1113295,2.328436,warp,,302.0312,3137.6875,1,1,1.0,1,2.328436,2.328436,7,7,1.0,"[[306.0,3137.5],[305.5,3138.0],[305.0,3138.5],[304.5,3139.0],[304.0,3139.5],[303.0,3139.5],[302.5,3140.0]]","[[243041.1125164,431263.37646484,84.18745756],[243041.11231804,431263.37656403,84.18724918],[243041.11212158,431263.37666321,84.18704081],[243041.11192322,431263.37677002,84.18683243],[243041.11172676,431263.3768692,84.18662405],[243041.11158943,431263.377388,84.18660974],[243041.11139107,431263.37749481,84.18640184]]",dji_pose_mesh_ray_contour_nodes,
125,112,3,SPL,4448.5,3136.0,4448,3136,4450,3137,2,1,2,243041.80390358,431261.37941742,84.19285679,dji_pose_mesh_ray_centroid,True,True,1113130,2.183857,warp,,4448.5,3136.0,1,1,1.0,1,2.183857,2.183857,2,2,1.0,"[[4448.0,3136.0],[4449.0,3136.0]]","[[243041.80383492,431261.37965393,84.1928525],[243041.80397415,431261.37918091,84.1928606]]",dji_pose_mesh_ray_contour_nodes,
126,113,3,SPL,455.1625,3141.7375,450,3137,462,3147,12,10,80,243041.13329124,431263.29889679,84.18725967,dji_pose_mesh_ray_centroid,True,True,1113280,2.281949,warp,,455.1625,3141.7375,1,1,1.0,1,2.281949,2.281949,12,12,1.0,"[[454.5,3137.0],[455.0,3137.5],[455.5,3138.0],[456.0,3138.5],[457.0,3138.5],[458.0,3138.5],[458.5,3139.0],[459.0,3139.5],[460.0,3139.5],[460.5,3140.0],[460.5,3141.0],[461.0,3141.5]]","[[243041.13421631,431263.30044556,84.18924427],[243041.13418579,431263.30007172,84.18903685],[243041.13415718,431263.29969025,84.1888299],[243041.13412666,431263.29931641,84.18862295],[243041.13428307,431263.2988205,84.1886282],[243041.13444138,431263.29831696,84.18863392],[243041.13441086,431263.29794312,84.18842649],[243041.13438034,431263.29756927,84.18821955],[243041.13453674,431263.29706573,84.18822527],[243041.13450623,431263.29669189,84.18801832],[243041.1342907,431263.2964325,84.1875987],[243041.13426018,431263.29605865,84.18739176]]",dji_pose_mesh_ray_contour_nodes,
127,114,3,SPL,853.8636,3146.0,850,3144,858,3149,8,5,22,243041.19964409,431263.10559082,84.18570566,dji_pose_mesh_ray_centroid,True,True,1113273,2.188097,warp,,853.8636,3146.0,1,1,1.0,1,2.188097,2.188097,8,8,1.0,"[[855.5,3148.0],[855.0,3147.5],[854.0,3147.5],[853.0,3147.5],[852.0,3147.5],[851.5,3147.0],[851.0,3146.5],[850.0,3146.5]]","[[243041.19949722,431263.10437775,84.18485689],[243041.1995182,431263.10472107,84.18506956],[243041.19933701,431263.10519409,84.18507385],[243041.19915581,431263.10565948,84.18507814],[243041.19897461,431263.10613251,84.18508291],[243041.19899559,431263.10647583,84.1852951],[243041.19901466,431263.10681915,84.18550777],[243041.19883347,431263.10729218,84.18551207]]",dji_pose_mesh_ray_contour_nodes,
128,115,3,SPL,1687.7051,3171.1467,1642,3155,1726,3188,84,33,1397,243041.32206726,431262.69194794,84.18015146,dji_pose_mesh_ray_centroid,True,True,1113271,2.027334,warp,,1687.7051,3171.1467,1,1,1.0,1,2.027334,2.027334,99,99,1.0,"[[1642.0,3175.5],[1642.5,3175.0],[1642.5,3174.0],[1643.0,3173.5],[1644.0,3173.5],[1644.5,3173.0],[1645.0,3172.5],[1646.0,3172.5],[1647.0,3172.5],[1648.0,3172.5],[1649.0,3172.5],[1650.0,3172.5],[1651.0,3172.5],[1652.0,3172.5],[1653.0,3172.5],[1654.0,3172.5],[1655.0,3172.5],[1656.0,3172.5],[1657.0,3172.5],[1657.5,3172.0],[1658.0,3171.5],[1659.0,3171.5],[1660.0,3171.5],[1660.5,3171.0],[1661.0,3170.5],[1662.0,3170.5],[1662.5,3170.0],[1663.0,3169.5],[1663.5,3169.0],[1664.0,3168.5],[1665.0,3168.5],[1665.5,3168.0],[1666.0,3167.5],[1666.5,3167.0],[1667.0,3166.5],[1667.5,3166.0],[1668.0,3165.5],[1668.5,3165.0],[1669.0,3164.5],[1669.5,3164.0],[1670.0,3163.5],[1670.5,3163.0],[1671.0,3162.5],[1672.0,3162.5],[1672.5,3162.0],[1673.0,3161.5],[1674.0,3161.5],[1674.5,3161.0],[1675.0,3160.5],[1676.0,3160.5],[1677.0,3160.5],[1678.0,3160.5],[1678.5,3160.0],[1679.0,3159.5],[1680.0,3159.5],[1681.0,3159.5],[1682.0,3159.5],[1683.0,3159.5],[1684.0,3159.5],[1685.0,3159.5],[1686.0,3159.5],[1687.0,3159.5],[1688.0,3159.5],[1689.0,3159.5],[1689.5,3159.0],[1690.0,3158.5],[1691.0,3158.5],[1692.0,3158.5],[1692.5,3158.0],[1693.0,3157.5],[1694.0,3157.5],[1695.0,3157.5],[1696.0,3157.5],[1697.0,3157.5],[1698.0,3157.5],[1699.0,3157.5],[1699.5,3158.0],[1700.0,3158.5],[1701.0,3158.5],[1701.5,3159.0],[1702.0,3159.5],[1703.0,3159.5],[1704.0,3159.5],[1704.5,3160.0],[1705.0,3160.5],[1705.5,3160.0],[1706.0,3159.5],[1707.0,3159.5],[1707.5,3159.0],[1708.0,3158.5],[1708.5,3158.0],[1709.0,3157.5],[1709.5,3157.0],[1710.0,3156.5],[1711.0,3156.5],[1711.5,3156.0],[1712.0,3155.5],[1713.0,3155.5],[1713.5,3155.0]]","[[243041.31540489,431262.71434784,84.17757559],[243041.31560707,431262.71418762,84.17778301],[243041.31589127,431262.71438599,84.17817926],[243041.31609344,431262.71422577,84.17838716],[243041.3162117,431262.71372223,84.17840576],[243041.31641579,431262.71356201,84.17861319],[243041.31661797,431262.71340942,84.17882109],[243041.31673622,431262.71289825,84.17883968],[243041.31685448,431262.71238708,84.17885828],[243041.31697273,431262.71187592,84.17887688],[243041.3170929,431262.71137238,84.17889547],[243041.31721115,431262.71086121,84.17891407],[243041.31732941,431262.71035004,84.17893267],[243041.31744766,431262.7098465,84.17895126],[243041.31756592,431262.70933533,84.17896986],[243041.31768608,431262.70882416,84.17898846],[243041.31780434,431262.70831299,84.17900705],[243041.31792259,431262.70780945,84.17902565],[243041.31804085,431262.70729828,84.17904425],[243041.31824303,431262.70713806,84.17925215],[243041.31844521,431262.70698547,84.17946005],[243041.31856537,431262.7064743,84.17947817],[243041.31868362,431262.70597076,84.17949676],[243041.3188858,431262.70581055,84.17970467],[243041.31908798,431262.70565033,84.17991257],[243041.31920624,431262.70514679,84.17993069],[243041.31940842,431262.70498657,84.18013859],[243041.3196106,431262.70482635,84.18034649],[243041.31981468,431262.70467377,84.18055439],[243041.32001686,431262.70451355,84.18076229],[243041.32013512,431262.70400238,84.18078089],[243041.3203373,431262.70384979,84.18098879],[243041.32053947,431262.70368958,84.18119669],[243041.32074165,431262.70353699,84.18140459],[243041.32094574,431262.70337677,84.18161249],[243041.32114792,431262.70321655,84.18182039],[243041.3213501,431262.70306396,84.18202829],[243041.32154846,431262.70290375,84.18223858],[243041.32172775,431262.70272827,84.18245506],[243041.32190895,431262.7025528,84.18267155],[243041.32208824,431262.70238495,84.18288755],[243041.32226944,431262.70220947,84.18310451],[243041.32245064,431262.702034,84.183321],[243041.32258415,431262.70153809,84.1833334],[243041.32276535,431262.70137024,84.18354988],[243041.32294655,431262.70119476,84.18376636],[243041.32308006,431262.70069885,84.18377876],[243041.32326126,431262.70052338,84.18399525],[243041.32344246,431262.7003479,84.18421173],[243041.32357597,431262.69985199,84.18422461],[243041.3237114,431262.69935608,84.18423653],[243041.32384682,431262.69885254,84.18424892],[243041.32402802,431262.69868469,84.18446588],[243041.32420921,431262.69850922,84.18468237],[243041.32434273,431262.69801331,84.18469477],[243041.32447815,431262.69750977,84.18470716],[243041.32461357,431262.69701385,84.18471909],[243041.32474899,431262.69651794,84.18473148],[243041.32488441,431262.69602203,84.18474388],[243041.32501984,431262.69551849,84.18475628],[243041.32515526,431262.69502258,84.18476868],[243041.32528877,431262.69452667,84.18478107],[243041.32542419,431262.69402313,84.184793],[243041.32555962,431262.69352722,84.18480539],[243041.32574081,431262.69335175,84.18502235],[243041.32592201,431262.6931839,84.18523884],[243041.32605553,431262.69268036,84.18525124],[243041.32619095,431262.69218445,84.18526363],[243041.32637215,431262.69200897,84.18548012],[243041.32655334,431262.69184113,84.18569708],[243041.32668686,431262.69133759,84.18570948],[243041.32682228,431262.69084167,84.1857214],[243041.3269577,431262.69034576,84.18573379],[243041.3270874,431262.68984222,84.1857481],[243041.32720566,431262.68933105,84.1857667],[243041.32732391,431262.68882751,84.18578529],[243041.32723999,431262.68847656,84.18559504],[243041.32715607,431262.68812561,84.18540525],[243041.32728958,431262.6876297,84.18541813],[243041.32728195,431262.68732452,84.18519974],[243041.32727432,431262.68702698,84.18498135],[243041.32741928,431262.6865387,84.18498993],[243041.32756233,431262.68604279,84.18499899],[243041.32751656,431262.68572235,84.1847949],[243041.32747078,431262.68539429,84.18459129],[243041.32766151,431262.68522644,84.18480396],[243041.32788849,431262.68508911,84.18500328],[243041.32809258,431262.68463898,84.18498993],[243041.32834244,431262.68450928,84.18518114],[243041.3285923,431262.68437958,84.18537235],[243041.32884216,431262.68424988,84.18556356],[243041.32909203,431262.68412018,84.18575478],[243041.32933998,431262.68399811,84.18594646],[243041.32958984,431262.68386841,84.18613815],[243041.32979584,431262.68341827,84.18612432],[243041.3300457,431262.68328857,84.18631601],[243041.33029556,431262.68315887,84.18650722],[243041.33049965,431262.68270874,84.18649387],[243041.33074951,431262.68257904,84.18668556]]",dji_pose_mesh_ray_contour_nodes,
129,116,3,SPL,1084.0536,3170.0622,1052,3160,1114,3180,62,20,466,243041.23598671,431262.9924469,84.17456531,dji_pose_mesh_ray_centroid,True,True,1113275,2.141418,warp,,1084.0536,3170.0622,1,1,1.0,1,2.141418,2.141418,54,54,1.0,"[[1052.0,3171.5],[1053.0,3171.5],[1054.0,3171.5],[1055.0,3171.5],[1056.0,3171.5],[1057.0,3171.5],[1058.0,3171.5],[1059.0,3171.5],[1060.0,3171.5],[1061.0,3171.5],[1062.0,3171.5],[1063.0,3171.5],[1063.5,3172.0],[1064.0,3172.5],[1065.0,3172.5],[1066.0,3172.5],[1067.0,3172.5],[1068.0,3172.5],[1068.5,3172.0],[1069.0,3171.5],[1070.0,3171.5],[1071.0,3171.5],[1072.0,3171.5],[1073.0,3171.5],[1074.0,3171.5],[1075.0,3171.5],[1076.0,3171.5],[1077.0,3171.5],[1077.5,3171.0],[1078.0,3170.5],[1079.0,3170.5],[1080.0,3170.5],[1080.5,3170.0],[1081.0,3169.5],[1081.5,3169.0],[1082.0,3168.5],[1082.5,3168.0],[1082.5,3167.0],[1083.0,3166.5],[1084.0,3166.5],[1084.5,3166.0],[1085.0,3165.5],[1085.5,3165.0],[1085.5,3164.0],[1085.0,3163.5],[1084.5,3163.0],[1084.0,3162.5],[1083.5,3162.0],[1084.0,3161.5],[1084.5,3161.0],[1085.0,3160.5],[1086.0,3160.5],[1087.0,3160.5],[1087.5,3160.0]]","[[243041.22983742,431263.007164,84.17411661],[243041.23001862,431263.00669861,84.17411184],[243041.23020172,431263.00623322,84.17410707],[243041.23038292,431263.00576019,84.17410231],[243041.23056412,431263.0052948,84.17409754],[243041.23074532,431263.00482178,84.17409277],[243041.23092842,431263.00435638,84.174088],[243041.23110962,431263.00389099,84.17408323],[243041.23129082,431263.00341797,84.17407846],[243041.23147202,431263.00295258,84.1740737],[243041.23165321,431263.00247955,84.17406893],[243041.23183632,431263.00201416,84.17406416],[243041.23181343,431263.00167847,84.17385292],[243041.23179054,431263.00133514,84.17364168],[243041.23197174,431263.00086975,84.17363691],[243041.23215294,431263.00039673,84.17363262],[243041.23233414,431262.99993134,84.17362738],[243041.23251724,431262.99946594,84.17362261],[243041.23272133,431262.99933624,84.17382956],[243041.23292542,431262.99919891,84.17403603],[243041.23310661,431262.99873352,84.17403126],[243041.23328781,431262.99826813,84.17402649],[243041.23347092,431262.9977951,84.17402172],[243041.23365211,431262.99732971,84.17401695],[243041.23383331,431262.99685669,84.17401218],[243041.23401451,431262.9963913,84.17400742],[243041.23419762,431262.99591827,84.17400265],[243041.23437881,431262.99545288,84.17399788],[243041.2345829,431262.99532318,84.17420435],[243041.23478699,431262.99519348,84.17441082],[243041.23497009,431262.99472046,84.17440605],[243041.23515129,431262.99425507,84.17440176],[243041.23535538,431262.99412537,84.17460823],[243041.23555946,431262.99398804,84.1748147],[243041.23576546,431262.99385834,84.17502165],[243041.23596954,431262.99372864,84.17522812],[243041.23617363,431262.99359894,84.17543507],[243041.23640251,431262.99380493,84.17585325],[243041.2366066,431262.99367523,84.1760602],[243041.2367897,431262.99320221,84.17605543],[243041.23699379,431262.99307251,84.17626238],[243041.23719788,431262.99294281,84.17646933],[243041.23740387,431262.99281311,84.17667627],[243041.23763084,431262.9930191,84.17709494],[243041.23765564,431262.9933548,84.17730665],[243041.23767853,431262.99369049,84.17751837],[243041.23770142,431262.99403381,84.17773056],[243041.2377243,431262.99436951,84.17794228],[243041.23792839,431262.99423981,84.17814922],[243041.23813438,431262.99410248,84.17835665],[243041.23834038,431262.99397278,84.17856359],[243041.23852158,431262.99350739,84.1785593],[243041.23870277,431262.99303436,84.17855453],[243041.23890877,431262.99290466,84.17876148]]",dji_pose_mesh_ray_contour_nodes,
130,117,3,SPL,1173.0,3160.0,1173,3160,1174,3161,1,1,1,243041.25448227,431262.9527359,84.17835808,dji_pose_mesh_ray_centroid,True,True,1113275,2.128337,warp,,1173.0,3160.0,1,1,1.0,1,2.128337,2.128337,1,1,1.0,"[[1173.0,3160.0]]","[[243041.25448227,431262.9527359,84.17835808]]",dji_pose_mesh_ray_contour_nodes,
131,118,3,SPL,1127.8788,3162.4545,1123,3161,1134,3165,11,4,33,243041.24569702,431262.97344208,84.17754221,dji_pose_mesh_ray_centroid,True,True,1113275,2.135342,warp,,1127.8788,3162.4545,1,1,1.0,1,2.135342,2.135342,5,5,1.0,"[[1133.0,3162.5],[1132.0,3162.5],[1131.5,3163.0],[1131.0,3163.5],[1130.5,3164.0]]","[[243041.24662018,431262.97102356,84.17749882],[243041.24643707,431262.97149658,84.17750359],[243041.24623108,431262.97162628,84.17729664],[243041.24602509,431262.97176361,84.17708921],[243041.24581909,431262.97189331,84.17688227]]",dji_pose_mesh_ray_contour_nodes,
132,119,3,SPL,1527.8684,3171.7368,1520,3166,1536,3179,16,13,114,243041.30097961,431262.77204132,84.1776576,dji_pose_mesh_ray_centroid,True,True,1113264,2.05544,warp,,1527.8684,3171.7368,1,1,1.0,1,2.05544,2.05544,20,20,1.0,"[[1520.0,3174.5],[1520.5,3174.0],[1520.5,3173.0],[1521.0,3172.5],[1521.5,3172.0],[1522.0,3171.5],[1522.5,3171.0],[1523.0,3170.5],[1523.5,3170.0],[1524.0,3169.5],[1524.5,3169.0],[1525.0,3168.5],[1525.5,3168.0],[1526.0,3167.5],[1527.0,3167.5],[1528.0,3167.5],[1528.5,3167.0],[1529.0,3166.5],[1530.0,3166.5],[1530.5,3166.0]]","[[243041.29929543,431262.77552795,84.17639685],[243041.29947472,431262.77536011,84.17661333],[243041.29969597,431262.77552032,84.1770339],[243041.29987526,431262.77535248,84.17725038],[243041.30005646,431262.77518463,84.17746687],[243041.30023575,431262.77501678,84.17768383],[243041.30041504,431262.77484894,84.17790031],[243041.30059433,431262.77468109,84.1781168],[243041.30077362,431262.77451324,84.17833376],[243041.30095291,431262.7743454,84.17855024],[243041.3011322,431262.77417755,84.1787672],[243041.30131149,431262.77400208,84.17898369],[243041.30149078,431262.77383423,84.17920065],[243041.30167007,431262.77366638,84.17941761],[243041.3018055,431262.77317047,84.17943001],[243041.30194283,431262.77266693,84.17944241],[243041.30212212,431262.77249908,84.17965937],[243041.30230141,431262.77233124,84.17987633],[243041.30243683,431262.7718277,84.17988872],[243041.30261803,431262.77165985,84.18010521]]",dji_pose_mesh_ray_contour_nodes,
133,120,3,SPL,3731.9075,3198.1829,3612,3166,3840,3234,228,68,8469,243041.6614418,431261.72133636,84.16787672,dji_pose_mesh_ray_centroid,True,True,1113148,2.044679,warp,,3731.9075,3198.1829,1,1,1.0,1,2.044679,2.044679,191,191,1.0,"[[3711.5,3166.0],[3712.0,3166.5],[3713.0,3166.5],[3714.0,3166.5],[3715.0,3166.5],[3716.0,3166.5],[3716.5,3167.0],[3717.0,3167.5],[3718.0,3167.5],[3719.0,3167.5],[3719.5,3168.0],[3720.0,3168.5],[3720.5,3169.0],[3721.0,3169.5],[3722.0,3169.5],[3722.5,3170.0],[3723.0,3170.5],[3723.5,3171.0],[3724.0,3171.5],[3725.0,3171.5],[3725.5,3172.0],[3726.0,3172.5],[3727.0,3172.5],[3727.5,3173.0],[3728.0,3173.5],[3729.0,3173.5],[3730.0,3173.5],[3730.5,3174.0],[3731.0,3174.5],[3732.0,3174.5],[3733.0,3174.5],[3734.0,3174.5],[3735.0,3174.5],[3736.0,3174.5],[3737.0,3174.5],[3738.0,3174.5],[3739.0,3174.5],[3739.5,3174.0],[3740.0,3173.5],[3741.0,3173.5],[3742.0,3173.5],[3743.0,3173.5],[3744.0,3173.5],[3745.0,3173.5],[3745.5,3174.0],[3746.0,3174.5],[3747.0,3174.5],[3748.0,3174.5],[3749.0,3174.5],[3750.0,3174.5],[3751.0,3174.5],[3752.0,3174.5],[3753.0,3174.5],[3754.0,3174.5],[3754.5,3174.0],[3755.0,3173.5],[3756.0,3173.5],[3757.0,3173.5],[3757.5,3173.0],[3758.0,3172.5],[3758.5,3172.0],[3759.0,3171.5],[3760.0,3171.5],[3760.5,3171.0],[3761.0,3170.5],[3762.0,3170.5],[3762.5,3170.0],[3763.0,3169.5],[3764.0,3169.5],[3765.0,3169.5],[3766.0,3169.5],[3767.0,3169.5],[3768.0,3169.5],[3769.0,3169.5],[3770.0,3169.5],[3771.0,3169.5],[3772.0,3169.5],[3773.0,3169.5],[3774.0,3169.5],[3775.0,3169.5],[3775.5,3170.0],[3776.0,3170.5],[3777.0,3170.5],[3777.5,3171.0],[3778.0,3171.5],[3779.0,3171.5],[3780.0,3171.5],[3781.0,3171.5],[3782.0,3171.5],[3782.5,3172.0],[3783.0,3172.5],[3784.0,3172.5],[3785.0,3172.5],[3786.0,3172.5],[3786.5,3173.0],[3787.0,3173.5],[3788.0,3173.5],[3789.0,3173.5],[3790.0,3173.5],[3790.5,3174.0],[3791.0,3174.5],[3792.0,3174.5],[3792.5,3175.0],[3793.0,3175.5],[3793.5,3176.0],[3794.0,3176.5],[3795.0,3176.5],[3795.5,3177.0],[3796.0,3177.5],[3797.0,3177.5],[3798.0,3177.5],[3798.5,3178.0],[3799.0,3178.5],[3799.5,3179.0],[3800.0,3179.5],[3800.5,3180.0],[3801.0,3180.5],[3801.5,3181.0],[3802.0,3181.5],[3802.5,3182.0],[3803.0,3182.5],[3803.5,3183.0],[3804.0,3183.5],[3804.5,3184.0],[3805.0,3184.5],[3805.5,3185.0],[3806.0,3185.5],[3806.5,3186.0],[3807.0,3186.5],[3808.0,3186.5],[3808.5,3187.0],[3809.0,3187.5],[3810.0,3187.5],[3811.0,3187.5],[3812.0,3187.5],[3813.0,3187.5],[3814.0,3187.5],[3814.5,3188.0],[3815.0,3188.5],[3815.5,3189.0],[3816.0,3189.5],[3816.5,3190.0],[3817.0,3190.5],[3817.5,3191.0],[3818.0,3191.5],[3818.5,3192.0],[3819.0,3192.5],[3819.5,3193.0],[3820.0,3193.5],[3821.0,3193.5],[3821.5,3194.0],[3822.0,3194.5],[3823.0,3194.5],[3824.0,3194.5],[3824.5,3195.0],[3825.0,3195.5],[3826.0,3195.5],[3826.5,3196.0],[3827.0,3196.5],[3827.5,3197.0],[3828.0,3197.5],[3828.5,3198.0],[3828.5,3199.0],[3829.0,3199.5],[3829.5,3200.0],[3830.0,3200.5],[3830.5,3201.0],[3830.5,3202.0],[3831.0,3202.5],[3831.5,3203.0],[3831.5,3204.0],[3832.0,3204.5],[3832.5,3205.0],[3833.0,3205.5],[3833.5,3206.0],[3834.0,3206.5],[3834.5,3207.0],[3835.0,3207.5],[3835.5,3208.0],[3836.0,3208.5],[3836.5,3209.0],[3836.5,3210.0],[3836.5,3211.0],[3837.0,3211.5],[3837.5,3212.0],[3837.5,3213.0],[3837.5,3214.0],[3838.0,3214.5],[3838.5,3215.0],[3838.5,3216.0],[3839.0,3216.5]]","[[243041.66615105,431261.73149109,84.18155098],[243041.66611481,431261.73124695,84.18133593],[243041.66631889,431261.73077393,84.18132496],[243041.66652298,431261.7303009,84.18131351],[243041.66672707,431261.72982788,84.18130255],[243041.66693115,431261.72935486,84.18129158],[243041.66689491,431261.72911072,84.18107653],[243041.66685867,431261.72886658,84.180861],[243041.66706276,431261.72838593,84.18085003],[243041.66726685,431261.7279129,84.18083906],[243041.66723061,431261.72766876,84.18062401],[243041.66719437,431261.72742462,84.18040848],[243041.66715813,431261.72718048,84.18019342],[243041.66712189,431261.72693634,84.17997837],[243041.66732597,431261.72646332,84.1799674],[243041.66728973,431261.72621918,84.17975187],[243041.66725349,431261.72597504,84.17953682],[243041.66721725,431261.7257309,84.17932177],[243041.66718102,431261.72548676,84.17910671],[243041.6673851,431261.72501373,84.17909574],[243041.66734886,431261.72476959,84.17888069],[243041.66731262,431261.72452545,84.17866564],[243041.66751671,431261.72405243,84.17865467],[243041.66748047,431261.72380829,84.17843962],[243041.66744423,431261.72356415,84.17822456],[243041.66764832,431261.7230835,84.1782136],[243041.6678524,431261.72261047,84.17820263],[243041.66781807,431261.72236633,84.17798758],[243041.66778183,431261.72212219,84.17777252],[243041.66798401,431261.72164917,84.17776155],[243041.6681881,431261.72117615,84.17775059],[243041.66839409,431261.72070312,84.17773962],[243041.66859627,431261.7202301,84.17772865],[243041.66880035,431261.71975708,84.17771769],[243041.66900444,431261.71928406,84.17770672],[243041.66920853,431261.71881104,84.17769527],[243041.66941261,431261.71833801,84.17768431],[243041.66965294,431261.71810913,84.17788839],[243041.66989326,431261.71788025,84.17809248],[243041.67009735,431261.71740723,84.17808151],[243041.67030334,431261.7169342,84.17807007],[243041.67050743,431261.71646118,84.1780591],[243041.67071152,431261.71598816,84.17804813],[243041.6709156,431261.71551514,84.17803717],[243041.67087746,431261.715271,84.17782211],[243041.67084122,431261.71502686,84.17760706],[243041.6710453,431261.71455383,84.17759609],[243041.6712513,431261.71408081,84.17758512],[243041.67145348,431261.71360016,84.17757416],[243041.67165756,431261.71312714,84.17756319],[243041.67186165,431261.71265411,84.17755222],[243041.67206764,431261.71218109,84.17754126],[243041.67227173,431261.71170807,84.17752981],[243041.67247581,431261.71123505,84.17751884],[243041.67271614,431261.71100616,84.17772293],[243041.67295647,431261.71077728,84.17792702],[243041.67316055,431261.71030426,84.17791605],[243041.67336464,431261.70983124,84.17790461],[243041.67360497,431261.70959473,84.17810917],[243041.6738472,431261.70936584,84.17831278],[243041.67408752,431261.70913696,84.17851686],[243041.67432785,431261.70890808,84.17872143],[243041.67454147,431261.70843506,84.1787076],[243041.67479134,431261.70820618,84.1789093],[243041.6750412,431261.70797729,84.17911053],[243041.67526245,431261.70750427,84.17909479],[243041.67551231,431261.70726776,84.17929649],[243041.67576218,431261.70703888,84.17949772],[243041.67598152,431261.70656586,84.17948198],[243041.67620277,431261.70609283,84.17946625],[243041.67642212,431261.70561981,84.17945051],[243041.67664146,431261.70514679,84.17943478],[243041.67686081,431261.70467377,84.17941904],[243041.67708206,431261.70420074,84.1794033],[243041.67730141,431261.70372772,84.17938757],[243041.67752075,431261.7032547,84.17937183],[243041.677742,431261.70278168,84.1793561],[243041.67796135,431261.70230865,84.17933989],[243041.67818069,431261.701828,84.17932463],[243041.67840195,431261.70135498,84.17930841],[243041.67837143,431261.70111847,84.17909145],[243041.67834091,431261.70087433,84.17887402],[243041.67856026,431261.70040131,84.17885828],[243041.67852974,431261.70015717,84.17864084],[243041.67849922,431261.69991302,84.17842388],[243041.67871857,431261.69944,84.17840815],[243041.67893982,431261.69896698,84.17839241],[243041.67915916,431261.69849396,84.17837667],[243041.67937851,431261.69802094,84.17836046],[243041.67934799,431261.69777679,84.1781435],[243041.67931747,431261.69753265,84.17792606],[243041.67953873,431261.69705963,84.17791033],[243041.67975807,431261.69658661,84.17789459],[243041.67997742,431261.69611359,84.17787886],[243041.6799469,431261.69586945,84.17766142],[243041.67991638,431261.69562531,84.17744446],[243041.68013573,431261.69515228,84.17742872],[243041.68035698,431261.69467926,84.17741299],[243041.68057632,431261.69420624,84.17739725],[243041.68054581,431261.6939621,84.17718029],[243041.68051529,431261.69371796,84.17696285],[243041.68073463,431261.69324493,84.17694712],[243041.68070412,431261.69300079,84.17673016],[243041.6806736,431261.69275665,84.17651272],[243041.68064308,431261.69252014,84.17629576],[243041.68061256,431261.692276,84.1760788],[243041.68083191,431261.69180298,84.17606306],[243041.68080139,431261.69155884,84.1758461],[243041.68077087,431261.6913147,84.17562914],[243041.68099022,431261.69084167,84.1756134],[243041.68121147,431261.69036865,84.17559719],[243041.68117905,431261.69012451,84.17538023],[243041.68114853,431261.68988037,84.17516327],[243041.68111801,431261.68964386,84.17494678],[243041.68108749,431261.68939972,84.17472982],[243041.68105698,431261.68915558,84.17451286],[243041.68102646,431261.68891144,84.1742959],[243041.68099594,431261.68867493,84.17407942],[243041.68096542,431261.68843079,84.17386246],[243041.68093491,431261.68818665,84.1736455],[243041.68090248,431261.6879425,84.17342901],[243041.68087196,431261.68770599,84.17321253],[243041.68084145,431261.68746185,84.17299557],[243041.68081093,431261.68721771,84.17277908],[243041.68078041,431261.6869812,84.17256212],[243041.68074989,431261.68673706,84.17234564],[243041.68071938,431261.68649292,84.17212915],[243041.68068886,431261.68624878,84.17191267],[243041.68065834,431261.68601227,84.17169619],[243041.68087769,431261.68553925,84.17167997],[243041.68084717,431261.6852951,84.17146349],[243041.68081665,431261.68505096,84.17124701],[243041.681036,431261.68457794,84.17123127],[243041.68125534,431261.68410492,84.17121506],[243041.68147469,431261.6836319,84.17119932],[243041.68169403,431261.68315887,84.17118359],[243041.68191528,431261.68268585,84.17116737],[243041.68188286,431261.68244171,84.17095089],[243041.68185234,431261.6822052,84.17073441],[243041.68182182,431261.68196106,84.17051792],[243041.68179131,431261.68171692,84.17030144],[243041.68176079,431261.68148041,84.17008543],[243041.68173027,431261.68123627,84.16986895],[243041.68169975,431261.68099213,84.16965246],[243041.68166924,431261.68075562,84.16943598],[243041.68163681,431261.68051147,84.16921997],[243041.68160629,431261.68026733,84.16900349],[243041.68157578,431261.68003082,84.16878748],[243041.68154526,431261.67978668,84.16857147],[243041.6817646,431261.67931366,84.16855526],[243041.68173409,431261.67906952,84.16833925],[243041.68170357,431261.67883301,84.16812324],[243041.68192291,431261.67835999,84.16810703],[243041.68214226,431261.67788696,84.16809082],[243041.68211174,431261.67764282,84.16787481],[243041.68208122,431261.67740631,84.16765881],[243041.68230057,431261.67693329,84.16764259],[243041.68227005,431261.67668915,84.16742659],[243041.68223953,431261.67644501,84.16721058],[243041.68220901,431261.6762085,84.16699457],[243041.6821785,431261.67596436,84.16677856],[243041.68214798,431261.67572784,84.16656256],[243041.68186569,431261.67571259,84.16614675],[243041.68183517,431261.67547607,84.16593075],[243041.68180466,431261.67523193,84.16571474],[243041.68177414,431261.67499542,84.16549873],[243041.68174362,431261.67475128,84.1652832],[243041.68146324,431261.67474365,84.1648674],[243041.68143272,431261.67449951,84.16465187],[243041.6814003,431261.674263,84.16443634],[243041.68111992,431261.67425537,84.16402101],[243041.6810894,431261.67401123,84.16380501],[243041.68105888,431261.67377472,84.16358948],[243041.68102837,431261.67353058,84.16337395],[243041.68099785,431261.67329407,84.16315842],[243041.68096733,431261.67304993,84.16294289],[243041.68093681,431261.67280579,84.16272736],[243041.6809063,431261.67256927,84.16251183],[243041.68087578,431261.67232513,84.16229629],[243041.68084526,431261.67208862,84.16208076],[243041.68081474,431261.67184448,84.16186523],[243041.68053246,431261.67183685,84.16145086],[243041.68025398,431261.67182922,84.16103649],[243041.68022156,431261.67159271,84.16082096],[243041.68019104,431261.67134857,84.16060591],[243041.67991066,431261.67134094,84.16019154],[243041.67963219,431261.67133331,84.15977716],[243041.67960167,431261.6710968,84.15956211],[243041.67957115,431261.67085266,84.15934706],[243041.67929077,431261.67084503,84.15893316],[243041.67926025,431261.67060852,84.15871811]]",dji_pose_mesh_ray_contour_nodes,
134,121,3,SPL,1723.0154,3175.9077,1720,3171,1728,3183,8,12,65,243041.32654953,431262.67423248,84.17829752,dji_pose_mesh_ray_centroid,True,True,285987,2.022092,warp,,1723.0154,3175.9077,1,1,1.0,1,2.022092,2.022092,14,14,1.0,"[[1727.0,3174.5],[1726.5,3175.0],[1726.5,3176.0],[1726.5,3177.0],[1726.0,3177.5],[1725.5,3178.0],[1725.0,3178.5],[1724.5,3179.0],[1724.0,3179.5],[1723.5,3180.0],[1723.0,3180.5],[1722.5,3181.0],[1722.0,3181.5],[1721.5,3182.0]]","[[243041.32777596,431262.6727066,84.1787982],[243041.32752609,431262.6728363,84.17860794],[243041.32723427,431262.67264557,84.17821407],[243041.32694054,431262.67245483,84.17782068],[243041.32669067,431262.6725769,84.1776309],[243041.32644272,431262.6727066,84.17744064],[243041.32619476,431262.6728363,84.17725086],[243041.32594681,431262.672966,84.17706108],[243041.32570267,431262.67310333,84.17686939],[243041.32551193,431262.67326355,84.17665768],[243041.3253212,431262.6734314,84.17644644],[243041.32513237,431262.67359924,84.1762352],[243041.32494164,431262.67376709,84.17602396],[243041.3247509,431262.67393494,84.17581272]]",dji_pose_mesh_ray_contour_nodes,
135,122,3,SPL,2409.155,3198.0132,2103,3172,2688,3228,585,56,13349,243041.45267105,431262.35344696,84.16330862,dji_pose_mesh_ray_centroid,True,True,1113190,1.988052,warp,,2409.155,3198.0132,1,1,1.0,1,1.988052,1.988052,256,256,1.0,"[[2687.0,3209.5],[2686.0,3210.5],[2684.0,3210.5],[2681.0,3210.5],[2679.0,3210.5],[2676.0,3210.5],[2674.0,3210.5],[2673.0,3209.5],[2670.0,3209.5],[2668.0,3209.5],[2665.5,3209.0],[2664.0,3208.5],[2662.0,3208.5],[2660.0,3207.5],[2658.0,3207.5],[2655.0,3207.5],[2653.0,3207.5],[2650.0,3207.5],[2648.0,3207.5],[2646.5,3208.0],[2644.0,3208.5],[2642.0,3208.5],[2639.0,3208.5],[2637.0,3208.5],[2635.0,3208.5],[2632.0,3208.5],[2630.5,3209.0],[2628.0,3209.5],[2626.5,3210.0],[2624.0,3210.5],[2622.0,3210.5],[2620.0,3210.5],[2617.5,3211.0],[2616.0,3211.5],[2613.0,3211.5],[2611.0,3211.5],[2609.5,3211.0],[2607.0,3210.5],[2605.0,3210.5],[2602.0,3210.5],[2600.0,3210.5],[2597.0,3210.5],[2595.5,3211.0],[2594.0,3211.5],[2591.0,3211.5],[2589.0,3211.5],[2586.5,3211.0],[2585.0,3210.5],[2584.0,3209.5],[2582.0,3208.5],[2580.0,3208.5],[2577.0,3208.5],[2575.5,3209.0],[2573.0,3209.5],[2571.0,3209.5],[2569.0,3209.5],[2567.0,3208.5],[2565.0,3208.5],[2562.0,3208.5],[2561.0,3209.5],[2559.0,3209.5],[2557.0,3210.5],[2555.0,3210.5],[2552.0,3210.5],[2550.0,3210.5],[2548.0,3209.5],[2546.0,3209.5],[2544.0,3209.5],[2541.0,3209.5],[2539.0,3209.5],[2536.0,3209.5],[2535.0,3208.5],[2533.0,3208.5],[2530.5,3208.0],[2529.5,3207.0],[2527.5,3206.0],[2526.0,3205.5],[2523.0,3205.5],[2521.0,3205.5],[2519.0,3205.5],[2517.0,3206.5],[2516.0,3207.5],[2514.0,3208.5],[2512.0,3208.5],[2511.0,3209.5],[2508.0,3209.5],[2506.0,3209.5],[2504.0,3208.5],[2502.0,3208.5],[2500.0,3208.5],[2497.0,3208.5],[2495.5,3209.0],[2493.0,3209.5],[2491.5,3210.0],[2489.0,3210.5],[2487.0,3210.5],[2485.0,3210.5],[2482.0,3210.5],[2480.5,3211.0],[2478.0,3211.5],[2476.0,3211.5],[2474.0,3211.5],[2471.0,3211.5],[2469.0,3211.5],[2466.5,3211.0],[2465.0,3210.5],[2462.0,3210.5],[2460.0,3210.5],[2458.0,3210.5],[2455.0,3210.5],[2453.0,3210.5],[2451.0,3209.5],[2449.0,3209.5],[2447.0,3209.5],[2445.0,3208.5],[2443.0,3208.5],[2441.0,3207.5],[2439.0,3207.5],[2437.0,3206.5],[2435.0,3206.5],[2433.0,3206.5],[2430.0,3206.5],[2428.0,3206.5],[2425.0,3206.5],[2423.0,3206.5],[2421.5,3206.0],[2419.5,3205.0],[2418.0,3204.5],[2416.0,3203.5],[2414.0,3203.5],[2412.0,3202.5],[2410.0,3202.5],[2408.5,3202.0],[2406.0,3201.5],[2404.0,3201.5],[2402.0,3200.5],[2400.0,3200.5],[2399.0,3199.5],[2396.0,3199.5],[2395.0,3198.5],[2392.5,3198.0],[2391.0,3197.5],[2389.0,3196.5],[2388.0,3195.5],[2386.0,3195.5],[2383.5,3196.0],[2382.0,3196.5],[2380.0,3197.5],[2379.0,3198.5],[2378.0,3199.5],[2376.5,3201.0],[2375.0,3201.5],[2373.5,3203.0],[2372.0,3203.5],[2370.0,3204.5],[2369.0,3205.5],[2367.5,3206.0],[2365.0,3206.5],[2364.0,3207.5],[2361.0,3207.5],[2359.0,3207.5],[2358.0,3208.5],[2355.0,3208.5],[2353.0,3208.5],[2351.0,3209.5],[2349.0,3209.5],[2346.0,3209.5],[2344.0,3209.5],[2343.0,3210.5],[2340.0,3210.5],[2338.5,3211.0],[2336.0,3211.5],[2334.0,3211.5],[2332.0,3211.5],[2330.0,3212.5],[2328.0,3212.5],[2325.0,3212.5],[2323.0,3212.5],[2321.0,3212.5],[2318.0,3212.5],[2317.0,3211.5],[2314.0,3211.5],[2313.0,3210.5],[2310.0,3210.5],[2308.0,3210.5],[2307.0,3209.5],[2304.5,3209.0],[2303.5,3209.0],[2302.0,3208.5],[2300.0,3208.5],[2299.0,3207.5],[2296.5,3207.0],[2295.0,3206.5],[2292.5,3206.0],[2291.0,3205.5],[2288.5,3205.0],[2287.0,3204.5],[2286.0,3203.5],[2283.0,3203.5],[2281.0,3203.5],[2278.0,3203.5],[2276.0,3203.5],[2274.0,3203.5],[2271.0,3203.5],[2269.0,3203.5],[2266.0,3203.5],[2264.5,3204.0],[2262.0,3204.5],[2261.0,3205.5],[2260.0,3206.5],[2258.0,3207.5],[2257.0,3208.5],[2255.5,3210.0],[2254.5,3211.0],[2253.0,3211.5],[2251.5,3213.0],[2250.0,3213.5],[2248.0,3214.5],[2247.0,3215.5],[2245.0,3216.5],[2244.0,3217.5],[2242.5,3218.0],[2240.0,3218.5],[2239.0,3219.5],[2237.0,3220.5],[2235.0,3220.5],[2233.5,3221.0],[2231.0,3221.5],[2229.0,3221.5],[2226.0,3221.5],[2224.5,3221.0],[2222.0,3220.5],[2220.0,3220.5],[2218.0,3220.5],[2215.0,3220.5],[2214.0,3221.5],[2211.0,3221.5],[2209.5,3222.0],[2208.0,3222.5],[2205.5,3223.0],[2204.0,3223.5],[2202.0,3224.5],[2200.0,3224.5],[2197.0,3224.5],[2195.0,3224.5],[2194.0,3225.5],[2191.0,3225.5],[2189.0,3225.5],[2186.0,3225.5],[2184.0,3225.5],[2182.0,3225.5],[2179.5,3226.0],[2178.0,3226.5],[2175.0,3226.5],[2173.0,3226.5],[2170.5,3227.0]]","[[243041.49631691,431262.21971893,84.15864944],[243041.49584198,431262.22009277,84.15825081],[243041.49551964,431262.22104645,84.15824556],[243041.49503517,431262.22248077,84.15823841],[243041.49471283,431262.22344208,84.15823317],[243041.49422646,431262.2248764,84.15822601],[243041.49390411,431262.22583771,84.15822077],[243041.49405289,431262.22641754,84.15861464],[243041.49356842,431262.2278595,84.15860748],[243041.49324608,431262.22881317,84.15860224],[243041.49299622,431262.23006439,84.1587944],[243041.49291039,431262.23083496,84.15898895],[243041.49258804,431262.23179626,84.15898418],[243041.49257469,431262.23286438,84.15937614],[243041.49225044,431262.23381805,84.1593709],[243041.49176598,431262.23526001,84.15936375],[243041.49144363,431262.23621368,84.1593585],[243041.49095726,431262.23765564,84.15935087],[243041.49063492,431262.23860931,84.1593461],[243041.49023628,431262.23927307,84.15914392],[243041.48967743,431262.24041748,84.15893936],[243041.48935318,431262.24137878,84.15893459],[243041.48886871,431262.24281311,84.15892696],[243041.48854637,431262.24377441,84.1589222],[243041.48822212,431262.24472809,84.15891695],[243041.48773766,431262.24617004,84.15890932],[243041.48733902,431262.24682617,84.15870762],[243041.48678017,431262.24797058,84.15850306],[243041.48638344,431262.24863434,84.15830088],[243041.48582458,431262.24977875,84.15809631],[243041.48550034,431262.25073242,84.15809154],[243041.48517799,431262.25169373,84.1580863],[243041.48461914,431262.25283051,84.15788221],[243041.4842205,431262.25349426,84.15768003],[243041.48373604,431262.25493622,84.15767288],[243041.4834137,431262.25588989,84.15766764],[243041.48332596,431262.25666809,84.15786219],[243041.4830761,431262.25791931,84.15805435],[243041.48273659,431262.25887299,84.15805531],[243041.4821701,431262.26027679,84.15807581],[243041.48179436,431262.26121521,84.15808964],[243041.48122978,431262.26262665,84.15811062],[243041.48080063,431262.26327515,84.15791941],[243041.48037338,431262.26392365,84.15772867],[243041.47980881,431262.26533508,84.15774918],[243041.47943306,431262.2662735,84.157763],[243041.4791069,431262.2674942,84.1579814],[243041.47896957,431262.26825714,84.15819311],[243041.47907257,431262.26882935,84.15860271],[243041.47898674,431262.2698822,84.15901947],[243041.47861099,431262.27082062,84.1590333],[243041.47804642,431262.27222443,84.1590538],[243041.47761726,431262.27287292,84.15886307],[243041.4770031,431262.27399445,84.15867853],[243041.47662544,431262.27493286,84.15869236],[243041.47624969,431262.27587128,84.15870619],[243041.47616386,431262.2769165,84.15912294],[243041.47578621,431262.27785492,84.15913677],[243041.47522354,431262.27925873,84.15915728],[243041.4747448,431262.27961731,84.1587615],[243041.47436905,431262.28055573,84.15877485],[243041.47370148,431262.28138733,84.15838623],[243041.47332573,431262.28232574,84.15840006],[243041.47276115,431262.28372955,84.15842056],[243041.47238541,431262.28466797,84.15843439],[243041.47229958,431262.2857132,84.15885067],[243041.47192192,431262.28665161,84.1588645],[243041.47154617,431262.28759003,84.15887833],[243041.4709816,431262.28899384,84.15889931],[243041.47060585,431262.28993225,84.15891266],[243041.47004128,431262.29133606,84.15893364],[243041.47014236,431262.29192352,84.15934324],[243041.46976662,431262.29285431,84.15935707],[243041.46944046,431262.29408264,84.15957546],[243041.46954155,431262.29466248,84.15998554],[243041.46945572,431262.29571533,84.1604023],[243041.46931839,431262.29647827,84.16061401],[243041.46875381,431262.29788208,84.16063452],[243041.46837616,431262.2988205,84.16064835],[243041.46800041,431262.29975891,84.16066217],[243041.46733475,431262.30058289,84.1602726],[243041.46685791,431262.30093384,84.15987682],[243041.46619415,431262.30175781,84.15948725],[243041.46581841,431262.30269623,84.15950108],[243041.46534157,431262.30305481,84.1591053],[243041.46477699,431262.30445862,84.15912628],[243041.46440125,431262.30539703,84.15914011],[243041.46431351,431262.30644226,84.15955639],[243041.46393776,431262.30738068,84.15957022],[243041.46356201,431262.30831909,84.15958405],[243041.46297646,431262.30971527,84.15961218],[243041.46237564,431262.31028748,84.15948343],[243041.46148109,431262.31129456,84.15939951],[243041.46088028,431262.31186676,84.15927076],[243041.45998573,431262.31286621,84.15918684],[243041.45940018,431262.3137207,84.15927601],[243041.45881271,431262.31456757,84.15936518],[243041.45793343,431262.31584167,84.15949869],[243041.45756149,431262.31650543,84.15928888],[243041.45716476,431262.31770325,84.15902805],[243041.4569416,431262.3187027,84.15898752],[243041.45672035,431262.31970215,84.15894699],[243041.45638466,431262.32119751,84.15888596],[243041.45616341,431262.32218933,84.15884542],[243041.45600319,431262.32348633,84.15900421],[243041.4559536,431262.32427979,84.15918398],[243041.4556179,431262.32578278,84.15912294],[243041.45539665,431262.3267746,84.15908194],[243041.45517349,431262.32777405,84.1590414],[243041.4548378,431262.32926941,84.15898037],[243041.45461464,431262.33026886,84.15893984],[243041.45462799,431262.33136749,84.1593194],[243041.45440483,431262.33236694,84.15927887],[243041.45418167,431262.33336639,84.15923834],[243041.45419502,431262.33446503,84.1596179],[243041.45397186,431262.33546448,84.15957737],[243041.45398521,431262.33655548,84.15995741],[243041.45376205,431262.33755493,84.1599164],[243041.45377541,431262.33865356,84.16029692],[243041.45355225,431262.33966064,84.16025591],[243041.45332909,431262.3406601,84.16021538],[243041.45299339,431262.34215546,84.16015434],[243041.45277023,431262.34315491,84.16011381],[243041.45243454,431262.3446579,84.16005278],[243041.45221138,431262.34565735,84.16001224],[243041.45215988,431262.34645844,84.16019249],[243041.45217323,431262.3475647,84.16057253],[243041.45212555,431262.34836578,84.16075277],[243041.45213699,431262.34946442,84.16113377],[243041.45191383,431262.35046387,84.16109276],[243041.45192719,431262.35157013,84.16147375],[243041.45170212,431262.35256958,84.16143322],[243041.45165253,431262.35337067,84.16161346],[243041.45149231,431262.35467529,84.16177368],[243041.45126724,431262.35568237,84.16173315],[243041.45128059,431262.35678101,84.16211414],[243041.45105553,431262.35778809,84.16207361],[243041.45118141,431262.35839081,84.16247511],[243041.45084572,431262.3598938,84.16241455],[243041.4509697,431262.36049652,84.16281652],[243041.45080757,431262.36180878,84.16297674],[243041.45075798,431262.36260986,84.16315746],[243041.45077133,431262.36371613,84.16353941],[243041.45089531,431262.36431885,84.16394186],[243041.45067215,431262.36532593,84.16390133],[243041.45027161,431262.36653137,84.16363907],[243041.4499855,431262.36723328,84.16339731],[243041.44936943,431262.36806488,84.16298962],[243041.44885826,431262.36839294,84.16260481],[243041.44834709,431262.36872864,84.16222048],[243041.44758034,431262.36921692,84.1616435],[243041.44713974,431262.36985016,84.16145754],[243041.44637299,431262.37034607,84.16088104],[243041.44593239,431262.37097931,84.16069508],[243041.44523621,431262.37177277,84.16031742],[243041.44472694,431262.37210083,84.15993357],[243041.44428635,431262.37273407,84.1597476],[243041.44366074,431262.37384033,84.15956783],[243041.44315147,431262.3741684,84.15918446],[243041.44259453,431262.3755722,84.15920258],[243041.4422245,431262.37651062,84.1592145],[243041.44171524,431262.37683868,84.15883112],[243041.4411602,431262.37825012,84.15884876],[243041.44078827,431262.37918854,84.15886068],[243041.4400959,431262.37998199,84.1584835],[243041.43972397,431262.38092041,84.15849543],[243041.43916893,431262.38232422,84.15851355],[243041.4387989,431262.38326263,84.15852547],[243041.43828964,431262.3835907,84.15814257],[243041.4377346,431262.38499451,84.15816021],[243041.43729591,431262.38562775,84.1579752],[243041.43667221,431262.38672638,84.15779543],[243041.43630028,431262.38766479,84.15780735],[243041.43593025,431262.38860321,84.15781927],[243041.43523788,431262.38939667,84.15744305],[243041.43486786,431262.39033508,84.15745497],[243041.43431282,431262.39173889,84.15747261],[243041.43394279,431262.39267731,84.15748453],[243041.43357277,431262.39361572,84.15749645],[243041.43301773,431262.39501953,84.15751457],[243041.43315315,431262.39563751,84.15790892],[243041.43259811,431262.39704132,84.15792704],[243041.43273544,431262.3976593,84.15832138],[243041.4321804,431262.39906311,84.1583395],[243041.43181038,431262.40000153,84.15835142],[243041.4319458,431262.40061951,84.15874624],[243041.43164444,431262.4018631,84.15895557],[243041.43145943,431262.40232849,84.1589613],[243041.43134117,431262.40310669,84.15916491],[243041.43097115,431262.4040451,84.15917683],[243041.43110847,431262.40466309,84.15957165],[243041.43080521,431262.40590668,84.15978098],[243041.43068886,431262.40668488,84.15998459],[243041.43038559,431262.4079361,84.1601944],[243041.43026924,431262.40870667,84.16039801],[243041.42996788,431262.40995789,84.16060734],[243041.42984962,431262.41073608,84.16081095],[243041.42998505,431262.41135406,84.16120672],[243041.42943001,431262.41275787,84.16122436],[243041.42905998,431262.41369629,84.16123629],[243041.42850304,431262.41510773,84.16125441],[243041.42813301,431262.41604614,84.16126585],[243041.42776299,431262.41698456,84.16127777],[243041.42720604,431262.41838837,84.16129589],[243041.42683601,431262.41932678,84.16130781],[243041.42628098,431262.42073059,84.16132545],[243041.42584229,431262.42136383,84.16113949],[243041.42522049,431262.42245483,84.16095972],[243041.42471313,431262.42277527,84.16057634],[243041.42420959,431262.4230957,84.16019297],[243041.42351913,431262.42388153,84.15981579],[243041.42301369,431262.42419434,84.15943289],[243041.42225647,431262.42466736,84.1588583],[243041.42175293,431262.42498779,84.15847588],[243041.42131615,431262.4256134,84.15829086],[243041.42056084,431262.42608643,84.15771675],[243041.42012405,431262.42671204,84.15753174],[243041.4194355,431262.42749786,84.15715599],[243041.41893196,431262.42781067,84.15677404],[243041.41824341,431262.4285965,84.1563983],[243041.41774178,431262.4289093,84.15601635],[243041.41730499,431262.42953491,84.15583181],[243041.4166851,431262.43062592,84.155653],[243041.41618347,431262.43094635,84.15527153],[243041.41549683,431262.43172455,84.15489626],[243041.4151268,431262.43266296,84.15490818],[243041.41469193,431262.43328094,84.15472364],[243041.41407204,431262.43437195,84.15454531],[243041.41370392,431262.43531036,84.15455723],[243041.41315079,431262.43670654,84.15457535],[243041.41303253,431262.43748474,84.15477753],[243041.41272926,431262.43872833,84.1549859],[243041.41236115,431262.43966675,84.15499783],[243041.41199303,431262.44059753,84.15500975],[243041.41143799,431262.44200134,84.15502787],[243041.41093826,431262.44231415,84.15464687],[243041.41038513,431262.44371796,84.15466499],[243041.40995026,431262.44433594,84.15448046],[243041.40951538,431262.44496155,84.15429592],[243041.4088974,431262.44605255,84.15411758],[243041.40846252,431262.44667053,84.15393352],[243041.40777779,431262.44744873,84.15355873],[243041.40740967,431262.44837952,84.15357065],[243041.40685654,431262.44978333,84.15358877],[243041.40648842,431262.45071411,84.15360069],[243041.40598869,431262.45102692,84.15322018],[243041.40543747,431262.4524231,84.1532383],[243041.40506935,431262.45335388,84.15325069],[243041.40451622,431262.45475769,84.15326834],[243041.4041481,431262.45568848,84.15328026],[243041.40377998,431262.45661926,84.15329218],[243041.403162,431262.45771027,84.15311432],[243041.40272903,431262.45832825,84.15293026],[243041.40217781,431262.45972443,84.1529479],[243041.40180969,431262.46066284,84.1529603],[243041.40119171,431262.46174622,84.15278196]]",dji_pose_mesh_ray_contour_nodes,
136,123,3,SPL,1250.1892,3175.6081,1243,3173,1260,3179,17,6,74,243041.26235199,431262.91122437,84.17247057,dji_pose_mesh_ray_centroid,True,True,1113272,2.109931,warp,,1250.1892,3175.6081,1,1,1.0,1,2.109931,2.109931,10,10,1.0,"[[1259.0,3176.5],[1258.5,3177.0],[1258.0,3177.5],[1257.0,3177.5],[1256.0,3177.5],[1255.0,3177.5],[1254.0,3177.5],[1253.0,3177.5],[1252.0,3177.5],[1251.5,3178.0]]","[[243041.2632103,431262.90647125,84.17226696],[243041.26303673,431262.9066391,84.17204761],[243041.26286507,431262.90680695,84.17182827],[243041.2627449,431262.90732574,84.17180872],[243041.26262474,431262.90784454,84.17178965],[243041.26250458,431262.90836334,84.1717701],[243041.26238441,431262.90888977,84.17175055],[243041.26226425,431262.90940857,84.17173099],[243041.26214409,431262.90992737,84.17171192],[243041.26197052,431262.91009521,84.1714921]]",dji_pose_mesh_ray_contour_nodes,
137,124,3,SPL,1712.8182,3180.4545,1711,3179,1715,3183,4,4,11,243041.32386398,431262.67842102,84.17637539,dji_pose_mesh_ray_centroid,True,True,286014,2.022729,warp,,1712.8182,3180.4545,1,1,1.0,1,2.022729,2.022729,4,4,1.0,"[[1712.5,3182.0],[1712.0,3181.5],[1711.5,3181.0],[1711.0,3180.5]]","[[243041.323452,431262.6783371,84.17573261],[243041.32349777,431262.67866516,84.17593527],[243041.32354546,431262.6789856,84.17613792],[243041.32359123,431262.67930603,84.17634058]]",dji_pose_mesh_ray_contour_nodes,
138,125,3,SPL,303.5405,3184.8649,300,3182,308,3188,8,6,37,243041.10028267,431263.36274719,84.1684308,dji_pose_mesh_ray_centroid,True,True,1113280,2.314451,warp,,303.5405,3184.8649,1,1,1.0,1,2.314451,2.314451,6,6,1.0,"[[303.5,3182.0],[304.0,3182.5],[305.0,3182.5],[306.0,3182.5],[306.5,3183.0],[307.0,3183.5]]","[[243041.10088158,431263.36353302,84.16961861],[243041.10085297,431263.36315155,84.16941404],[243041.10101128,431263.36265564,84.16941977],[243041.10116768,431263.36215973,84.16942549],[243041.10113907,431263.36178589,84.16922092],[243041.10111237,431263.36140442,84.16901636]]",dji_pose_mesh_ray_contour_nodes,
139,126,3,SPL,1368.1034,3191.2069,1361,3188,1373,3194,12,6,29,243041.2749176,431262.84886932,84.16746569,dji_pose_mesh_ray_centroid,True,True,1113264,2.083043,warp,,1368.1034,3191.2069,1,1,1.0,1,2.083043,2.083043,12,12,1.0,"[[1361.0,3191.5],[1362.0,3191.5],[1363.0,3191.5],[1364.0,3191.5],[1365.0,3191.5],[1366.0,3191.5],[1367.0,3191.5],[1367.5,3191.0],[1368.0,3190.5],[1368.5,3190.0],[1368.5,3189.0],[1368.5,3188.0]]","[[243041.27388382,431262.85238647,84.16725254],[243041.27401924,431262.85188293,84.16726541],[243041.27415657,431262.85137939,84.16727829],[243041.2742939,431262.85087585,84.16729069],[243041.27442932,431262.85037231,84.16730356],[243041.27456665,431262.84986877,84.16731596],[243041.27470207,431262.84937286,84.16732883],[243041.27488136,431262.84920502,84.16754484],[243041.27505875,431262.84903717,84.16776085],[243041.27523613,431262.84887695,84.16797733],[243041.27545547,431262.84905243,84.16839695],[243041.27567482,431262.84922028,84.16881657]]",dji_pose_mesh_ray_contour_nodes,
140,127,3,SPL,1440.6993,3197.2254,1383,3188,1503,3211,120,23,1872,243041.28348541,431262.81144714,84.16586733,dji_pose_mesh_ray_centroid,True,True,1113264,2.068046,warp,,1440.6993,3197.2254,1,1,1.0,1,2.068046,2.068046,96,96,1.0,"[[1502.0,3190.5],[1501.5,3191.0],[1501.5,3192.0],[1501.0,3192.5],[1500.0,3192.5],[1499.5,3193.0],[1499.0,3193.5],[1498.0,3193.5],[1497.5,3194.0],[1497.0,3194.5],[1496.5,3195.0],[1496.0,3195.5],[1495.5,3196.0],[1495.5,3197.0],[1495.0,3197.5],[1494.5,3198.0],[1494.0,3198.5],[1493.5,3199.0],[1493.5,3200.0],[1493.0,3200.5],[1492.5,3201.0],[1492.5,3202.0],[1492.0,3202.5],[1491.5,3203.0],[1491.5,3204.0],[1491.5,3205.0],[1491.0,3205.5],[1490.5,3206.0],[1490.5,3207.0],[1490.5,3208.0],[1490.0,3208.5],[1489.5,3209.0],[1489.0,3209.5],[1488.5,3209.0],[1488.0,3208.5],[1487.5,3208.0],[1487.0,3207.5],[1486.5,3207.0],[1486.0,3206.5],[1485.0,3206.5],[1484.5,3206.0],[1484.5,3205.0],[1484.5,3204.0],[1484.5,3203.0],[1484.5,3202.0],[1484.5,3201.0],[1484.5,3200.0],[1484.5,3199.0],[1484.5,3198.0],[1484.5,3197.0],[1484.5,3196.0],[1484.0,3195.5],[1483.5,3195.0],[1483.5,3194.0],[1483.0,3193.5],[1482.0,3193.5],[1481.5,3193.0],[1481.0,3192.5],[1480.0,3192.5],[1479.5,3192.0],[1479.0,3191.5],[1478.0,3191.5],[1477.0,3191.5],[1476.0,3191.5],[1475.0,3191.5],[1474.0,3191.5],[1473.5,3192.0],[1473.0,3192.5],[1472.5,3193.0],[1472.5,3194.0],[1472.0,3194.5],[1471.5,3195.0],[1471.5,3196.0],[1471.5,3197.0],[1471.5,3198.0],[1471.5,3199.0],[1471.5,3200.0],[1471.5,3201.0],[1471.5,3202.0],[1471.0,3202.5],[1470.5,3203.0],[1470.0,3203.5],[1469.5,3204.0],[1469.0,3204.5],[1468.5,3205.0],[1468.0,3205.5],[1467.0,3205.5],[1466.5,3206.0],[1466.0,3206.5],[1465.0,3206.5],[1464.5,3207.0],[1464.0,3207.5],[1463.5,3208.0],[1463.5,3209.0],[1463.0,3209.5],[1462.5,3210.0]]","[[243041.29329872,431262.78191376,84.16945791],[243041.29311943,431262.7820816,84.16924238],[243041.29289818,431262.78192139,84.16882372],[243041.29272079,431262.78208923,84.16860819],[243041.29258537,431262.78258514,84.16859579],[243041.29240608,431262.78275299,84.16838026],[243041.29222679,431262.78292084,84.16816473],[243041.29209137,431262.78341675,84.16815186],[243041.29191399,431262.78358459,84.1679368],[243041.2917347,431262.78375244,84.16772127],[243041.29155731,431262.78392029,84.16750574],[243041.29137802,431262.78408813,84.16729021],[243041.29120064,431262.78425598,84.16707516],[243041.29097939,431262.78409576,84.16665697],[243041.29080009,431262.78426361,84.16644144],[243041.29062271,431262.78443146,84.16622639],[243041.29044533,431262.7845993,84.16601086],[243041.29026604,431262.78476715,84.1657958],[243041.29004478,431262.7845993,84.16537809],[243041.2898674,431262.78476715,84.16516304],[243041.28969002,431262.784935,84.16494799],[243041.28946877,431262.78477478,84.16453075],[243041.28929138,431262.78494263,84.1643157],[243041.28911209,431262.78511047,84.16410065],[243041.28889275,431262.78494263,84.16368341],[243041.28867149,431262.78478241,84.16326618],[243041.28849411,431262.78495026,84.16305113],[243041.28831673,431262.7851181,84.16283655],[243041.28809547,431262.78495026,84.1624198],[243041.28787613,431262.78479004,84.16200304],[243041.28769875,431262.78495789,84.16178799],[243041.28751945,431262.7851181,84.16157341],[243041.28734207,431262.78528595,84.16135883],[243041.28738403,431262.78562164,84.16156054],[243041.28742599,431262.78594971,84.16176271],[243041.28746986,431262.7862854,84.16196442],[243041.28751183,431262.78661346,84.1621666],[243041.28755379,431262.78694916,84.1623683],[243041.28759575,431262.78727722,84.16257048],[243041.28746033,431262.78777313,84.16255808],[243041.28750229,431262.78810883,84.16275978],[243041.28772354,431262.78826904,84.16317701],[243041.28794289,431262.78843689,84.16359425],[243041.28816414,431262.78859711,84.16401148],[243041.28838348,431262.78876495,84.16442871],[243041.28860283,431262.78892517,84.16484642],[243041.28882408,431262.78909302,84.16526365],[243041.28904533,431262.78926086,84.16568184],[243041.28926659,431262.78942108,84.16609955],[243041.28948593,431262.78958893,84.16651726],[243041.28970718,431262.78974915,84.16693544],[243041.28974915,431262.79008484,84.1671381],[243041.28979111,431262.7904129,84.16734123],[243041.29001236,431262.79058075,84.16775942],[243041.29005623,431262.79091644,84.16796207],[243041.2899189,431262.79141235,84.16794968],[243041.28996277,431262.79174805,84.16815233],[243041.29000473,431262.79207611,84.16835546],[243041.28986931,431262.79257965,84.16834259],[243041.28991127,431262.79290771,84.16854572],[243041.28995323,431262.79324341,84.16874886],[243041.28981781,431262.79374695,84.16873598],[243041.28968239,431262.79424286,84.16872358],[243041.28954697,431262.7947464,84.16871071],[243041.28940964,431262.79524231,84.16869831],[243041.28927422,431262.79574585,84.16868544],[243041.28909683,431262.7959137,84.16846991],[243041.28891754,431262.79608154,84.1682539],[243041.28874016,431262.79624176,84.16803837],[243041.28851891,431262.79608154,84.1676197],[243041.28833961,431262.79624939,84.16740465],[243041.28816223,431262.79641724,84.16718912],[243041.28794098,431262.79624939,84.16677046],[243041.28772163,431262.79608154,84.16635275],[243041.28750038,431262.7959137,84.16593456],[243041.28728104,431262.79575348,84.16551638],[243041.28705978,431262.79558563,84.16509867],[243041.28684044,431262.79541779,84.16468096],[243041.28661919,431262.79525757,84.16426372],[243041.2864418,431262.79541779,84.16404819],[243041.28626442,431262.79558563,84.16383314],[243041.28608513,431262.79575348,84.16361809],[243041.28590775,431262.79592133,84.16340303],[243041.28573036,431262.79608917,84.16318798],[243041.28555107,431262.79625702,84.16297293],[243041.28537369,431262.79642487,84.16275835],[243041.28523827,431262.79692078,84.16274548],[243041.28506088,431262.79708862,84.16253042],[243041.28488159,431262.79725647,84.16231585],[243041.28474617,431262.79775238,84.16230297],[243041.28456879,431262.79792023,84.16208792],[243041.2843914,431262.79808807,84.16187286],[243041.28421402,431262.79825592,84.16165829],[243041.28399467,431262.79808807,84.16124153],[243041.28381538,431262.79825592,84.16102695],[243041.283638,431262.79842377,84.1608119]]",dji_pose_mesh_ray_contour_nodes,
141,128,3,SPL,1902.54,3192.38,1896,3190,1909,3195,13,5,50,243041.35840225,431262.59009552,84.16937685,dji_pose_mesh_ray_centroid,True,True,285987,2.008002,warp,,1902.54,3192.38,1,1,1.0,1,2.008002,2.008002,11,11,1.0,"[[1896.0,3191.5],[1897.0,3191.5],[1898.0,3191.5],[1898.5,3191.0],[1899.0,3190.5],[1900.0,3190.5],[1901.0,3190.5],[1902.0,3190.5],[1903.0,3190.5],[1904.0,3190.5],[1904.5,3190.0]]","[[243041.3573246,431262.59321594,84.16981173],[243041.35753059,431262.59276581,84.16979837],[243041.35773468,431262.59230804,84.16978455],[243041.35798645,431262.59217072,84.16997385],[243041.35823822,431262.59203339,84.17016315],[243041.35844421,431262.59158325,84.1701498],[243041.3586483,431262.59113312,84.17013597],[243041.35885429,431262.59067535,84.17012215],[243041.35906029,431262.59022522,84.17010832],[243041.35926437,431262.58977509,84.17009497],[243041.35951614,431262.58963013,84.17028427]]",dji_pose_mesh_ray_contour_nodes,
142,129,3,SPL,2060.4545,3197.3636,2049,3192,2073,3204,24,12,231,243041.38937569,431262.51751709,84.16524076,dji_pose_mesh_ray_centroid,True,True,285987,2.000878,warp,,2060.4545,3197.3636,1,1,1.0,1,2.000878,2.000878,23,23,1.0,"[[2072.0,3198.5],[2071.5,3199.0],[2071.5,3200.0],[2071.0,3200.5],[2070.5,3201.0],[2070.0,3201.5],[2069.0,3201.5],[2068.0,3201.5],[2067.0,3201.5],[2066.5,3202.0],[2066.0,3202.5],[2065.0,3202.5],[2064.0,3202.5],[2063.0,3202.5],[2062.0,3202.5],[2061.0,3202.5],[2060.0,3202.5],[2059.0,3202.5],[2058.0,3202.5],[2057.0,3202.5],[2056.0,3202.5],[2055.0,3202.5],[2054.5,3203.0]]","[[243041.39141083,431262.51206207,84.16463423],[243041.39115524,431262.51221466,84.16444492],[243041.39085007,431262.51204681,84.16405249],[243041.39059258,431262.51219177,84.16386318],[243041.39033699,431262.51233673,84.16367388],[243041.39008141,431262.51248169,84.16348505],[243041.38987541,431262.51293945,84.16349888],[243041.38966942,431262.51339722,84.16351271],[243041.38946342,431262.51385498,84.16352653],[243041.38920593,431262.51399994,84.16333771],[243041.38895035,431262.5141449,84.1631484],[243041.38874435,431262.51459503,84.16316223],[243041.38853836,431262.5150528,84.16317606],[243041.38833237,431262.51551056,84.16319036],[243041.38812637,431262.51596832,84.16320419],[243041.38792038,431262.51641846,84.16321802],[243041.38771439,431262.51687622,84.16323185],[243041.38750839,431262.51733398,84.16324568],[243041.3873024,431262.51778412,84.16325951],[243041.38709641,431262.51824188,84.16327381],[243041.38689041,431262.51869965,84.16328764],[243041.38668442,431262.51914978,84.16330147],[243041.38642883,431262.51929474,84.16311216]]",dji_pose_mesh_ray_contour_nodes,
143,130,3,SPL,2108.6431,3202.0039,2098,3192,2117,3211,19,19,255,243041.39765358,431262.49465942,84.16284084,dji_pose_mesh_ray_centroid,True,True,285988,1.998369,warp,,2108.6431,3202.0039,1,1,1.0,1,1.998369,1.998369,25,25,1.0,"[[2098.0,3204.5],[2098.5,3204.0],[2098.5,3203.0],[2099.0,3202.5],[2099.5,3202.0],[2100.0,3201.5],[2100.5,3201.0],[2101.0,3200.5],[2101.5,3200.0],[2102.0,3199.5],[2102.5,3199.0],[2103.0,3198.5],[2103.5,3198.0],[2103.5,3197.0],[2104.0,3196.5],[2104.5,3196.0],[2105.0,3195.5],[2105.5,3195.0],[2106.0,3194.5],[2107.0,3194.5],[2107.5,3194.0],[2108.0,3193.5],[2108.5,3193.0],[2109.0,3192.5],[2109.5,3192.0]]","[[243041.39490318,431262.4992218,84.16193247],[243041.39515114,431262.49906921,84.16212416],[243041.39546585,431262.49923706,84.16251326],[243041.39571571,431262.49908447,84.16270494],[243041.39596558,431262.49893188,84.16289663],[243041.39621544,431262.4987793,84.16308832],[243041.3964653,431262.49862671,84.16328001],[243041.39671516,431262.49848175,84.16347218],[243041.39696503,431262.49832916,84.16366386],[243041.39721489,431262.49817657,84.16385603],[243041.39746475,431262.49802399,84.16404772],[243041.39771461,431262.4978714,84.16423988],[243041.39796448,431262.49771881,84.16443205],[243041.39827919,431262.49788666,84.1648221],[243041.39852905,431262.49773407,84.16501379],[243041.39877892,431262.49758911,84.16520596],[243041.39902878,431262.49743652,84.1653986],[243041.39928055,431262.49728394,84.16559076],[243041.39953041,431262.49713135,84.16578293],[243041.39971542,431262.49666595,84.16577721],[243041.39996529,431262.49651337,84.16596937],[243041.40021706,431262.49636078,84.16616154],[243041.40046692,431262.49620819,84.16635418],[243041.40071678,431262.4960556,84.16654634],[243041.40096855,431262.49590302,84.16673899]]",dji_pose_mesh_ray_contour_nodes,
144,131,3,SPL,2080.4032,3197.2258,2075,3194,2086,3202,11,8,62,243041.39353561,431262.50844574,84.16501808,dji_pose_mesh_ray_centroid,True,True,285987,2.000357,warp,,2080.4032,3197.2258,1,1,1.0,1,2.000357,2.000357,9,9,1.0,"[[2080.5,3201.0],[2080.0,3200.5],[2079.0,3200.5],[2078.0,3200.5],[2077.5,3200.0],[2077.0,3199.5],[2076.0,3199.5],[2075.5,3199.0],[2075.0,3198.5]]","[[243041.39240074,431262.50778198,84.16353512],[243041.39245033,431262.50809479,84.16373825],[243041.39224434,431262.50854492,84.16375208],[243041.39203644,431262.50900269,84.16376591],[243041.39208794,431262.50931549,84.16396904],[243041.39213753,431262.50962067,84.16417217],[243041.39193153,431262.51007843,84.164186],[243041.39198112,431262.51039124,84.16438913],[243041.39203072,431262.51069641,84.16459227]]",dji_pose_mesh_ray_contour_nodes,
145,132,3,SPL,757.4092,3244.4563,731,3198,768,3320,37,122,1718,243041.16097069,431263.12862396,84.14530516,dji_pose_mesh_ray_centroid,True,True,1113273,2.189367,warp,,757.4092,3244.4563,1,1,1.0,1,2.189367,2.189367,191,191,1.0,"[[762.5,3319.0],[762.5,3318.0],[762.0,3317.5],[761.5,3317.0],[761.5,3316.0],[761.0,3315.5],[760.5,3315.0],[760.0,3314.5],[759.5,3314.0],[759.0,3313.5],[758.5,3314.0],[758.0,3314.5],[757.0,3314.5],[756.0,3314.5],[755.5,3315.0],[755.0,3315.5],[754.5,3315.0],[754.5,3314.0],[754.5,3313.0],[755.0,3312.5],[756.0,3312.5],[756.5,3312.0],[757.0,3311.5],[758.0,3311.5],[759.0,3311.5],[760.0,3311.5],[760.5,3311.0],[760.5,3310.0],[761.0,3309.5],[761.5,3309.0],[761.5,3308.0],[762.0,3307.5],[762.5,3307.0],[762.5,3306.0],[763.0,3305.5],[763.5,3305.0],[763.5,3304.0],[763.5,3303.0],[764.0,3302.5],[764.5,3302.0],[764.5,3301.0],[764.5,3300.0],[764.5,3299.0],[764.0,3298.5],[763.5,3298.0],[763.5,3297.0],[763.5,3296.0],[763.0,3295.5],[762.5,3295.0],[762.5,3294.0],[762.5,3293.0],[762.5,3292.0],[762.5,3291.0],[763.0,3290.5],[763.5,3290.0],[763.5,3289.0],[763.5,3288.0],[764.0,3287.5],[764.5,3287.0],[765.0,3286.5],[765.5,3286.0],[766.0,3285.5],[766.5,3285.0],[766.5,3284.0],[766.0,3283.5],[765.5,3283.0],[765.5,3282.0],[765.5,3281.0],[765.5,3280.0],[765.5,3279.0],[765.5,3278.0],[765.0,3277.5],[764.5,3277.0],[764.0,3276.5],[763.5,3276.0],[763.0,3275.5],[762.5,3275.0],[762.0,3274.5],[761.0,3274.5],[760.5,3274.0],[760.0,3273.5],[759.0,3273.5],[758.0,3273.5],[757.0,3273.5],[756.0,3273.5],[755.0,3273.5],[754.5,3273.0],[754.0,3272.5],[753.5,3272.0],[753.0,3271.5],[752.0,3271.5],[751.5,3271.0],[751.0,3270.5],[750.0,3270.5],[749.0,3270.5],[748.0,3270.5],[747.0,3270.5],[746.0,3270.5],[745.5,3270.0],[745.0,3269.5],[744.0,3269.5],[743.0,3269.5],[742.5,3269.0],[743.0,3268.5],[743.5,3268.0],[744.0,3267.5],[744.5,3267.0],[745.0,3266.5],[745.5,3266.0],[745.5,3265.0],[745.5,3264.0],[746.0,3263.5],[746.5,3263.0],[746.5,3262.0],[747.0,3261.5],[748.0,3261.5],[748.5,3261.0],[748.5,3260.0],[748.0,3259.5],[747.5,3259.0],[747.5,3258.0],[747.5,3257.0],[747.5,3256.0],[748.0,3255.5],[748.5,3255.0],[749.0,3254.5],[749.5,3254.0],[750.0,3253.5],[750.5,3253.0],[750.5,3252.0],[751.0,3251.5],[751.5,3251.0],[752.0,3250.5],[752.5,3250.0],[753.0,3249.5],[753.5,3249.0],[753.5,3248.0],[753.5,3247.0],[753.5,3246.0],[753.0,3245.5],[752.5,3245.0],[752.0,3244.5],[751.5,3244.0],[751.0,3243.5],[750.0,3243.5],[749.0,3243.5],[748.0,3243.5],[747.0,3243.5],[746.0,3243.5],[745.0,3243.5],[744.5,3243.0],[744.0,3242.5],[743.0,3242.5],[742.5,3242.0],[742.0,3241.5],[741.5,3241.0],[742.0,3240.5],[742.5,3240.0],[743.0,3239.5],[743.5,3239.0],[743.5,3238.0],[743.5,3237.0],[744.0,3236.5],[744.5,3236.0],[744.5,3235.0],[744.5,3234.0],[744.5,3233.0],[744.5,3232.0],[744.5,3231.0],[744.5,3230.0],[744.0,3229.5],[743.5,3229.0],[743.5,3228.0],[743.5,3227.0],[743.0,3226.5],[742.0,3226.5],[741.5,3226.0],[741.0,3225.5],[740.0,3225.5],[739.0,3225.5],[738.0,3225.5],[737.0,3225.5],[736.0,3225.5],[735.0,3225.5],[734.5,3226.0],[734.0,3226.5],[733.0,3226.5],[732.0,3226.5],[731.5,3227.0],[731.5,3228.0],[731.0,3228.5]]","[[243041.1462059,431263.10990143,84.11514854],[243041.1464138,431263.11011505,84.11554861],[243041.14642906,431263.11045837,84.11575079],[243041.14644623,431263.11079407,84.11595345],[243041.14665413,431263.11100769,84.11635351],[243041.14666939,431263.11135101,84.11655617],[243041.14668465,431263.11168671,84.11675835],[243041.14670181,431263.1120224,84.116961],[243041.14671707,431263.11235809,84.11716366],[243041.14673424,431263.11270142,84.11736631],[243041.1465416,431263.11281586,84.11716843],[243041.14634895,431263.11293793,84.11697054],[243041.14617348,431263.11339569,84.11697531],[243041.14599609,431263.11385345,84.11698008],[243041.14580536,431263.11397552,84.11678266],[243041.14561272,431263.11408997,84.11658478],[243041.14562798,431263.11443329,84.11678743],[243041.14583588,431263.11464691,84.1171875],[243041.14604568,431263.11486816,84.11758804],[243041.14623642,431263.11474609,84.11778593],[243041.1464138,431263.11428833,84.11778116],[243041.14660454,431263.11416626,84.11797905],[243041.14679718,431263.11405182,84.11817694],[243041.14697456,431263.11359406,84.11817217],[243041.14715004,431263.11313629,84.1181674],[243041.14732552,431263.11267853,84.11816263],[243041.14751816,431263.11255646,84.11836052],[243041.14772606,431263.11277771,84.11876154],[243041.1479187,431263.11265564,84.11895943],[243041.14811134,431263.11253357,84.11915779],[243041.14832115,431263.11275482,84.11955881],[243041.14851379,431263.11263275,84.11975718],[243041.14870453,431263.11251068,84.11995554],[243041.14891434,431263.11273193,84.12035656],[243041.14910698,431263.11260986,84.12055492],[243041.14929962,431263.11248779,84.12075329],[243041.14950752,431263.11270905,84.12115478],[243041.14971733,431263.11292267,84.12155628],[243041.14990997,431263.11280823,84.12175512],[243041.15010262,431263.11268616,84.12195349],[243041.15031242,431263.11290741,84.12235546],[243041.15052032,431263.11312103,84.12275743],[243041.15073013,431263.11334229,84.12315941],[243041.15074539,431263.11367798,84.12336302],[243041.15076256,431263.1140213,84.12356663],[243041.15097237,431263.11423492,84.12396908],[243041.15118217,431263.11445618,84.12437153],[243041.15119743,431263.11479187,84.12457514],[243041.1512146,431263.11513519,84.12477875],[243041.15142441,431263.11534882,84.12518167],[243041.15163231,431263.11557007,84.1255846],[243041.15184212,431263.11579132,84.12598753],[243041.15205193,431263.11600494,84.12639046],[243041.15224457,431263.1158905,84.12658977],[243041.15243912,431263.11576843,84.12678862],[243041.15264893,431263.11598969,84.12719202],[243041.15285873,431263.11620331,84.12759542],[243041.15305138,431263.11608887,84.12779522],[243041.15324402,431263.1159668,84.12799454],[243041.15343857,431263.11584473,84.12819385],[243041.15363121,431263.11572266,84.12839317],[243041.15382576,431263.11560822,84.12859297],[243041.15402031,431263.11548615,84.12879229],[243041.15423012,431263.1157074,84.12919617],[243041.15424538,431263.11604309,84.12940073],[243041.15426254,431263.11638641,84.12960529],[243041.15447235,431263.11660004,84.13000917],[243041.15468216,431263.11682129,84.13041353],[243041.15489388,431263.11704254,84.13081789],[243041.15510368,431263.11726379,84.13122225],[243041.15531349,431263.11747742,84.13162708],[243041.15533066,431263.11782074,84.13183165],[243041.15534782,431263.11815643,84.13203621],[243041.15536499,431263.11849976,84.13224125],[243041.15538216,431263.11884308,84.13244581],[243041.15539742,431263.11917877,84.13265085],[243041.15541458,431263.11952209,84.13285541],[243041.15543175,431263.11985779,84.13306045],[243041.15525436,431263.12032318,84.13306522],[243041.15527153,431263.12065887,84.13327026],[243041.15528679,431263.1210022,84.1334753],[243041.15510941,431263.12145996,84.13347959],[243041.15493393,431263.12192535,84.13348436],[243041.15475464,431263.12238312,84.13348913],[243041.15457916,431263.12284088,84.1334939],[243041.15440178,431263.12329865,84.13349867],[243041.15441704,431263.12364197,84.13370323],[243041.1544342,431263.12398529,84.13390827],[243041.15445137,431263.12432098,84.13411331],[243041.15446854,431263.12466431,84.13431835],[243041.15429115,431263.12512207,84.13432312],[243041.15430641,431263.12546539,84.13452816],[243041.15432358,431263.12580872,84.1347332],[243041.15414619,431263.12626648,84.13473797],[243041.15396881,431263.12672424,84.13474274],[243041.15379143,431263.12718964,84.1347475],[243041.15361404,431263.1276474,84.1347518],[243041.15343666,431263.12810516,84.13475656],[243041.15345383,431263.12844849,84.1349616],[243041.15346909,431263.12879181,84.13516712],[243041.15329361,431263.12924957,84.13517141],[243041.15311623,431263.12970734,84.13517618],[243041.15313148,431263.13005066,84.13538122],[243041.15332603,431263.12992859,84.13558197],[243041.15352058,431263.12981415,84.13578272],[243041.15371323,431263.12969208,84.13598299],[243041.15390778,431263.12957001,84.13618374],[243041.15410233,431263.12945557,84.13638449],[243041.15429497,431263.1293335,84.13658476],[243041.15450668,431263.12955475,84.13699102],[243041.1547184,431263.129776,84.13739729],[243041.15491104,431263.12966156,84.13759804],[243041.15510559,431263.12953949,84.13779879],[243041.15531731,431263.12976074,84.13820553],[243041.15551186,431263.12963867,84.13840628],[243041.15568924,431263.12918091,84.13840198],[243041.15588379,431263.12905884,84.13860273],[243041.1560936,431263.12928009,84.13900948],[243041.15611076,431263.12962341,84.13921499],[243041.15612793,431263.12996674,84.13942099],[243041.15633965,431263.13018799,84.13982773],[243041.15654945,431263.13040924,84.14023495],[243041.15676117,431263.13063049,84.14064217],[243041.15695572,431263.13051605,84.14084339],[243041.15715027,431263.13039398,84.14104462],[243041.15734482,431263.13027191,84.14124632],[243041.15753937,431263.13015747,84.14144754],[243041.15773582,431263.1300354,84.14164925],[243041.15793037,431263.12991333,84.14185047],[243041.15814209,431263.13013458,84.14225817],[243041.15833664,431263.13002014,84.14245987],[243041.15853119,431263.12989807,84.14266157],[243041.15872574,431263.129776,84.1428628],[243041.15892029,431263.12966156,84.1430645],[243041.15911674,431263.12953949,84.1432662],[243041.15931129,431263.12941742,84.1434679],[243041.15952301,431263.12963867,84.14387608],[243041.15973473,431263.12986755,84.14428425],[243041.15994644,431263.13008881,84.1446929],[243041.15996361,431263.13043213,84.14489937],[243041.15998077,431263.13076782,84.14510584],[243041.15999794,431263.13111115,84.14531279],[243041.16001511,431263.13145447,84.14551926],[243041.16003227,431263.13179779,84.14572573],[243041.15985489,431263.13226318,84.1457305],[243041.1596756,431263.13272095,84.14573526],[243041.15949821,431263.13318634,84.14573955],[243041.15932083,431263.1336441,84.14574432],[243041.15914154,431263.1341095,84.14574909],[243041.15896416,431263.13457489,84.14575338],[243041.15898132,431263.13491058,84.14596033],[243041.15899849,431263.13525391,84.1461668],[243041.1588192,431263.1357193,84.14617157],[243041.15883636,431263.13606262,84.14637852],[243041.15885353,431263.13640594,84.14658499],[243041.1588707,431263.13674927,84.14679193],[243041.15906525,431263.1366272,84.14699411],[243041.1592617,431263.13650513,84.14719677],[243041.15945625,431263.13639069,84.14739847],[243041.1596508,431263.13626862,84.14760113],[243041.15986443,431263.1364975,84.14801025],[243041.16007614,431263.13671875,84.14841986],[243041.1602726,431263.13659668,84.14862204],[243041.16046715,431263.13648224,84.14882469],[243041.16068077,431263.13670349,84.14923429],[243041.16089249,431263.13692474,84.14964437],[243041.16110611,431263.13715363,84.15005445],[243041.16131783,431263.13737488,84.15046406],[243041.16153145,431263.13759613,84.15087461],[243041.16174316,431263.13782501,84.15128469],[243041.16176033,431263.13816833,84.15149212],[243041.1617775,431263.13851166,84.15170002],[243041.16199112,431263.13873291,84.1521101],[243041.16220474,431263.13896179,84.15252066],[243041.16222191,431263.13930511,84.15272856],[243041.16204262,431263.13976288,84.15273333],[243041.16205978,431263.1401062,84.15294075],[243041.16207695,431263.14044952,84.15314865],[243041.16189957,431263.14091492,84.15315342],[243041.16172028,431263.14138031,84.15315771],[243041.16154289,431263.1418457,84.15316248],[243041.1613636,431263.14230347,84.15316677],[243041.16118431,431263.14276886,84.15317154],[243041.16100693,431263.14323425,84.15317631],[243041.16081047,431263.14334869,84.15297317],[243041.16061592,431263.14347076,84.15277004],[243041.16043663,431263.14393616,84.15277433],[243041.16025734,431263.14439392,84.1527791],[243041.16006279,431263.14451599,84.15257597],[243041.15984917,431263.14429474,84.15216541],[243041.15965462,431263.14440918,84.15196228]]",dji_pose_mesh_ray_contour_nodes,
146,133,3,SPL,550.4211,3201.8421,548,3200,554,3205,6,5,19,243041.13517761,431263.23670959,84.16282988,dji_pose_mesh_ray_centroid,True,True,1113280,2.244223,warp,,550.4211,3201.8421,1,1,1.0,1,2.244223,2.244223,5,5,1.0,"[[549.5,3204.0],[549.0,3203.5],[548.5,3203.0],[548.5,3202.0],[548.0,3201.5]]","[[243041.13456917,431263.2366333,84.16193676],[243041.13459969,431263.23699951,84.16213989],[243041.1346302,431263.23736572,84.16234255],[243041.13484573,431263.23761749,84.16275358],[243041.13487434,431263.2379837,84.16295671]]",dji_pose_mesh_ray_contour_nodes,
147,134,3,SPL,308.4576,3204.0847,304,3201,315,3208,11,7,59,243041.09700584,431263.35522461,84.1605196,dji_pose_mesh_ray_centroid,True,True,1113280,2.308914,warp,,308.4576,3204.0847,1,1,1.0,1,2.308914,2.308914,7,7,1.0,"[[314.0,3204.5],[313.5,3205.0],[313.0,3205.5],[312.5,3206.0],[312.0,3206.5],[311.0,3206.5],[310.5,3207.0]]","[[243041.09778404,431263.35237885,84.16038036],[243041.09760094,431263.35249329,84.16017151],[243041.09741783,431263.35260773,84.15996265],[243041.09723473,431263.35272217,84.1597538],[243041.09705162,431263.35283661,84.15954542],[243041.09689522,431263.35333252,84.1595397],[243041.09671211,431263.35344696,84.15933084]]",dji_pose_mesh_ray_contour_nodes,
148,135,3,SPL,1906.1477,3206.4545,1892,3201,1916,3210,24,9,88,243041.35494041,431262.58597565,84.16381836,dji_pose_mesh_ray_centroid,True,True,285987,2.004866,warp,,1906.1477,3206.4545,1,1,1.0,1,2.004866,2.004866,31,31,1.0,"[[1892.0,3207.5],[1893.0,3207.5],[1894.0,3207.5],[1895.0,3207.5],[1896.0,3207.5],[1896.5,3207.0],[1897.0,3206.5],[1898.0,3206.5],[1898.5,3206.0],[1899.0,3205.5],[1900.0,3205.5],[1901.0,3205.5],[1901.5,3205.0],[1902.0,3204.5],[1903.0,3204.5],[1904.0,3204.5],[1905.0,3204.5],[1906.0,3204.5],[1907.0,3204.5],[1908.0,3204.5],[1908.5,3205.0],[1909.0,3205.5],[1910.0,3205.5],[1910.5,3205.0],[1911.0,3204.5],[1911.5,3204.0],[1912.0,3203.5],[1912.5,3203.0],[1913.0,3202.5],[1913.5,3202.0],[1913.5,3201.0]]","[[243041.35173798,431262.59217834,84.16360617],[243041.35194206,431262.59172821,84.16359234],[243041.35214615,431262.59127808,84.16357851],[243041.35235023,431262.59082794,84.16356468],[243041.35255432,431262.59037018,84.16355085],[243041.35280609,431262.59023285,84.1637392],[243041.35305595,431262.59010315,84.16392708],[243041.35326004,431262.58964539,84.16391373],[243041.35351181,431262.58950806,84.1641016],[243041.35376167,431262.58937073,84.16428995],[243041.35396767,431262.58892059,84.16427612],[243041.35417175,431262.58847046,84.16426229],[243041.35442352,431262.58833313,84.16445065],[243041.35467339,431262.5881958,84.164639],[243041.35487938,431262.58774567,84.16462517],[243041.35508347,431262.5872879,84.16461134],[243041.35528755,431262.58683777,84.16459751],[243041.35549164,431262.58638763,84.16458368],[243041.35569763,431262.5859375,84.16456985],[243041.35590172,431262.58547974,84.16455603],[243041.35585403,431262.58516693,84.16435385],[243041.35580826,431262.58485413,84.16415167],[243041.35601234,431262.58440399,84.16413784],[243041.35626411,431262.58426666,84.16432619],[243041.35651588,431262.58412933,84.16451454],[243041.35676575,431262.583992,84.16470337],[243041.35701752,431262.58385468,84.16489172],[243041.35726929,431262.58370972,84.16508007],[243041.35752106,431262.58357239,84.1652689],[243041.35777283,431262.58343506,84.16545725],[243041.35807228,431262.58361053,84.16584873]]",dji_pose_mesh_ray_contour_nodes,
149,136,3,SPL,4.1111,3211.3333,4,3208,6,3216,2,8,9,243041.05494881,431263.51366425,84.1524663,dji_pose_mesh_ray_centroid,True,True,1113296,2.409051,warp,,4.1111,3211.3333,1,1,1.0,1,2.409051,2.409051,6,6,1.0,"[[5.0,3210.5],[4.5,3211.0],[4.5,3212.0],[4.5,3213.0],[4.5,3214.0],[4.5,3215.0]]","[[243041.05523491,431263.51342773,84.15282774],[243041.05506897,431263.5135498,84.15261126],[243041.05486488,431263.51326752,84.15219688],[243041.0546627,431263.5129776,84.15178251],[243041.05445862,431263.51268768,84.15136862],[243041.05425644,431263.51239777,84.15095425]]",dji_pose_mesh_ray_contour_nodes,
150,137,3,SPL,545.1429,3209.2857,544,3208,547,3211,3,3,7,243041.13275719,431263.23747253,84.15973997,dji_pose_mesh_ray_centroid,True,True,1113280,2.244096,warp,,545.1429,3209.2857,1,1,1.0,1,2.244096,2.244096,3,3,1.0,"[[544.0,3208.5],[545.0,3208.5],[545.5,3208.0]]","[[243041.13274765,431263.23822784,84.16005611],[243041.13290405,431263.23773193,84.16006184],[243041.13308907,431263.23760986,84.16027021]]",dji_pose_mesh_ray_contour_nodes,
151,138,3,SPL,1482.2,3208.9,1481,3208,1485,3211,4,3,10,243041.28655243,431262.78878021,84.16152191,dji_pose_mesh_ray_centroid,True,True,1113264,2.058648,warp,,1482.2,3208.9,1,1,1.0,1,2.058648,2.058648,3,3,1.0,"[[1484.0,3208.5],[1483.5,3209.0],[1483.5,3210.0]]","[[243041.28688431,431262.78794861,84.16171169],[243041.28670692,431262.78811646,84.16149664],[243041.28648758,431262.78794861,84.16108036]]",dji_pose_mesh_ray_contour_nodes,
152,139,3,SPL,2082.3213,3216.2329,2062,3211,2100,3222,38,11,249,243041.38812447,431262.50447845,84.15755081,dji_pose_mesh_ray_centroid,True,True,285987,1.996359,warp,,2082.3213,3216.2329,1,1,1.0,1,1.996359,1.996359,36,36,1.0,"[[2062.0,3215.5],[2062.5,3215.0],[2063.0,3214.5],[2063.5,3214.0],[2064.0,3213.5],[2065.0,3213.5],[2066.0,3213.5],[2067.0,3213.5],[2068.0,3213.5],[2068.5,3214.0],[2069.0,3214.5],[2070.0,3214.5],[2071.0,3214.5],[2072.0,3214.5],[2072.5,3214.0],[2073.0,3213.5],[2074.0,3213.5],[2075.0,3213.5],[2075.5,3214.0],[2076.0,3214.5],[2077.0,3214.5],[2077.5,3214.0],[2078.0,3213.5],[2079.0,3213.5],[2080.0,3213.5],[2081.0,3213.5],[2081.5,3213.0],[2082.0,3212.5],[2083.0,3212.5],[2084.0,3212.5],[2084.5,3212.0],[2085.0,3211.5],[2086.0,3211.5],[2087.0,3211.5],[2088.0,3211.5],[2088.5,3211.0]]","[[243041.38416862,431262.51383209,84.15812111],[243041.38442421,431262.51368713,84.15830898],[243041.38467789,431262.51354218,84.15849733],[243041.38493347,431262.51339722,84.15868521],[243041.38518906,431262.51325226,84.15887356],[243041.38539314,431262.51279449,84.15885973],[243041.38559914,431262.51234436,84.15884542],[243041.38580513,431262.5118866,84.1588316],[243041.38601112,431262.51142883,84.15881729],[243041.38596153,431262.51112366,84.15861559],[243041.38591194,431262.51081848,84.15841341],[243041.38611794,431262.51036072,84.1583991],[243041.38632393,431262.50990295,84.15838528],[243041.38652992,431262.50945282,84.15837145],[243041.3867836,431262.50930786,84.15855932],[243041.38703918,431262.5091629,84.15874767],[243041.38724518,431262.50870514,84.15873384],[243041.38745117,431262.50824738,84.15871954],[243041.38740158,431262.5079422,84.15851736],[243041.38735199,431262.50762939,84.15831518],[243041.38755798,431262.50717926,84.15830135],[243041.38781166,431262.5070343,84.1584897],[243041.38806725,431262.50688934,84.15867758],[243041.38827324,431262.50643158,84.15866375],[243041.38847923,431262.50597382,84.15864992],[243041.38868523,431262.50552368,84.15863562],[243041.38894081,431262.50537872,84.15882397],[243041.3891964,431262.50522614,84.15901232],[243041.38940239,431262.504776,84.15899849],[243041.38960838,431262.50431824,84.15898466],[243041.38986206,431262.50417328,84.15917301],[243041.39011765,431262.50402832,84.15936136],[243041.39032364,431262.50357056,84.15934706],[243041.39052963,431262.50311279,84.15933323],[243041.39073563,431262.50266266,84.1593194],[243041.39099121,431262.5025177,84.15950775]]",dji_pose_mesh_ray_contour_nodes,
153,140,3,SPL,1471.8372,3214.4884,1465,3212,1480,3218,15,6,43,243041.28392029,431262.79302216,84.15906286,dji_pose_mesh_ray_centroid,True,True,1113264,2.059807,warp,,1471.8372,3214.4884,1,1,1.0,1,2.059807,2.059807,14,14,1.0,"[[1479.0,3212.5],[1478.5,3213.0],[1478.0,3213.5],[1477.0,3213.5],[1476.5,3214.0],[1476.0,3214.5],[1475.0,3214.5],[1474.5,3215.0],[1474.0,3215.5],[1473.5,3216.0],[1473.0,3216.5],[1472.0,3216.5],[1471.0,3216.5],[1470.5,3217.0]]","[[243041.28532791,431262.78977966,84.15998173],[243041.28515053,431262.78994751,84.15976715],[243041.28497124,431262.79011536,84.15955305],[243041.28483582,431262.79061127,84.15954018],[243041.28465843,431262.79077911,84.1593256],[243041.28448105,431262.79094696,84.15911102],[243041.28434563,431262.79144287,84.15909862],[243041.28416824,431262.79161072,84.15888405],[243041.28399086,431262.79177856,84.15866947],[243041.28381348,431262.79194641,84.15845537],[243041.28363609,431262.79211426,84.15824079],[243041.28350067,431262.79261017,84.15822792],[243041.28336525,431262.79310608,84.15821505],[243041.28318787,431262.79327393,84.15800095]]",dji_pose_mesh_ray_contour_nodes,
154,141,3,SPL,4572.5,3212.0,4572,3212,4574,3213,2,1,2,243041.78926086,431261.32501221,84.16484499,dji_pose_mesh_ray_centroid,True,True,285970,2.18413,warp,,4572.5,3212.0,1,1,1.0,1,2.18413,2.18413,2,2,1.0,"[[4572.0,3212.0],[4573.0,3212.0]]","[[243041.78923798,431261.32523346,84.16482735],[243041.78928375,431261.32478333,84.16486311]]",dji_pose_mesh_ray_contour_nodes,
155,142,3,SPL,506.7895,3216.9649,501,3214,512,3221,11,7,57,243041.1251564,431263.2543869,84.15637016,dji_pose_mesh_ray_centroid,True,True,1113280,2.252527,warp,,506.7895,3216.9649,1,1,1.0,1,2.252527,2.252527,10,10,1.0,"[[506.5,3220.0],[506.0,3219.5],[505.5,3219.0],[505.0,3218.5],[504.0,3218.5],[503.5,3219.0],[503.0,3219.5],[502.0,3219.5],[501.5,3219.0],[501.0,3218.5]]","[[243041.12446404,431263.25377655,84.15512562],[243041.12449455,431263.25415039,84.15532732],[243041.12452316,431263.2545166,84.15552902],[243041.12455177,431263.25488281,84.1557312],[243041.12439728,431263.25537872,84.15572548],[243041.12421227,431263.25549316,84.15551758],[243041.12402725,431263.25561523,84.15531015],[243041.12387276,431263.25611115,84.15530443],[243041.12390137,431263.25647736,84.15550613],[243041.12392998,431263.25684357,84.15570784]]",dji_pose_mesh_ray_contour_nodes,
156,143,3,SPL,533.1622,3217.3784,527,3214,540,3223,13,9,37,243041.12916183,431263.2413559,84.15635252,dji_pose_mesh_ray_centroid,True,True,1113280,2.24558,warp,,533.1622,3217.3784,1,1,1.0,1,2.24558,2.24558,17,17,1.0,"[[539.0,3216.5],[538.5,3217.0],[538.0,3217.5],[537.0,3217.5],[536.0,3217.5],[535.0,3217.5],[534.0,3217.5],[533.0,3217.5],[532.0,3217.5],[531.5,3218.0],[531.0,3218.5],[530.5,3219.0],[530.5,3220.0],[530.5,3221.0],[530.0,3221.5],[529.0,3221.5],[528.5,3222.0]]","[[243041.13025665,431263.2387085,84.15674639],[243041.13007164,431263.2388382,84.15653849],[243041.12988663,431263.23896027,84.15633106],[243041.12973213,431263.23944855,84.15632486],[243041.12957573,431263.23993683,84.15631962],[243041.12942123,431263.24042511,84.15631342],[243041.12926674,431263.24091339,84.1563077],[243041.12911034,431263.2414093,84.15630197],[243041.12895584,431263.24189758,84.15629625],[243041.12877083,431263.24201965,84.15608883],[243041.12858772,431263.24214172,84.15588093],[243041.12840271,431263.24226379,84.1556735],[243041.12818909,431263.24201965,84.1552639],[243041.12797546,431263.24176788,84.15485477],[243041.12779045,431263.24188995,84.15464735],[243041.12763596,431263.24238586,84.15464163],[243041.12745094,431263.24250793,84.1544342]]",dji_pose_mesh_ray_contour_nodes,
157,144,3,SPL,2810.8019,3233.0387,2758,3216,2857,3247,99,31,1938,243041.50876617,431262.15818024,84.14972067,dji_pose_mesh_ray_centroid,True,True,1113195,1.979087,warp,,2810.8019,3233.0387,1,1,1.0,1,1.979087,1.979087,90,90,1.0,"[[2758.0,3231.5],[2759.0,3231.5],[2759.5,3231.0],[2760.0,3230.5],[2760.5,3230.0],[2761.0,3229.5],[2761.5,3229.0],[2762.0,3228.5],[2763.0,3228.5],[2763.5,3228.0],[2764.0,3227.5],[2765.0,3227.5],[2766.0,3227.5],[2767.0,3227.5],[2768.0,3227.5],[2769.0,3227.5],[2770.0,3227.5],[2771.0,3227.5],[2772.0,3227.5],[2773.0,3227.5],[2774.0,3227.5],[2774.5,3228.0],[2775.0,3228.5],[2776.0,3228.5],[2776.5,3229.0],[2777.0,3229.5],[2778.0,3229.5],[2779.0,3229.5],[2780.0,3229.5],[2781.0,3229.5],[2782.0,3229.5],[2783.0,3229.5],[2784.0,3229.5],[2784.5,3229.0],[2785.0,3228.5],[2785.5,3228.0],[2786.0,3227.5],[2786.5,3227.0],[2787.0,3226.5],[2787.5,3226.0],[2788.0,3225.5],[2789.0,3225.5],[2789.5,3225.0],[2790.0,3224.5],[2791.0,3224.5],[2792.0,3224.5],[2793.0,3224.5],[2793.5,3224.0],[2794.0,3223.5],[2795.0,3223.5],[2796.0,3223.5],[2796.5,3223.0],[2797.0,3222.5],[2798.0,3222.5],[2799.0,3222.5],[2800.0,3222.5],[2801.0,3222.5],[2802.0,3222.5],[2802.5,3222.0],[2803.0,3221.5],[2804.0,3221.5],[2805.0,3221.5],[2806.0,3221.5],[2806.5,3221.0],[2807.0,3220.5],[2808.0,3220.5],[2809.0,3220.5],[2810.0,3220.5],[2810.5,3220.0],[2811.0,3219.5],[2812.0,3219.5],[2813.0,3219.5],[2813.5,3219.0],[2814.0,3218.5],[2815.0,3218.5],[2816.0,3218.5],[2817.0,3218.5],[2818.0,3218.5],[2819.0,3218.5],[2819.5,3218.0],[2820.0,3217.5],[2821.0,3217.5],[2822.0,3217.5],[2823.0,3217.5],[2823.5,3217.0],[2824.0,3216.5],[2825.0,3216.5],[2826.0,3216.5],[2827.0,3216.5],[2827.5,3216.0]]","[[243041.50091171,431262.18354034,84.15013695],[243041.50107384,431262.18306732,84.15013981],[243041.50130844,431262.18287659,84.1503377],[243041.50154495,431262.18268585,84.15053558],[243041.50178146,431262.18249512,84.15073347],[243041.50201797,431262.18231201,84.15093183],[243041.50225449,431262.18212128,84.15112972],[243041.502491,431262.18193054,84.15132809],[243041.50265121,431262.18145752,84.15133047],[243041.50288773,431262.18126678,84.15152883],[243041.50312424,431262.18107605,84.15172672],[243041.50328445,431262.1805954,84.15172958],[243041.50344658,431262.18012238,84.15173197],[243041.5036068,431262.17964172,84.15173435],[243041.50376701,431262.1791687,84.15173674],[243041.50392914,431262.17868805,84.1517396],[243041.50408936,431262.17821503,84.15174198],[243041.50425148,431262.17773438,84.15174437],[243041.5044117,431262.17726135,84.15174675],[243041.50457191,431262.1767807,84.15174961],[243041.50473404,431262.17630768,84.15175199],[243041.50465775,431262.17601776,84.15155601],[243041.50458336,431262.17572784,84.15136051],[243041.50474358,431262.17525482,84.1513629],[243041.50466728,431262.1749649,84.15116739],[243041.5045929,431262.17468262,84.15097189],[243041.50475311,431262.17420197,84.15097427],[243041.50491524,431262.17372894,84.15097666],[243041.50507545,431262.17324829,84.15097952],[243041.50523567,431262.17277527,84.1509819],[243041.5053978,431262.17229462,84.15098429],[243041.50555801,431262.17182159,84.15098667],[243041.50572014,431262.17134094,84.15098953],[243041.50595474,431262.17115021,84.15118742],[243041.50619316,431262.17095947,84.15138578],[243041.50642967,431262.17077637,84.15158367],[243041.50666618,431262.17058563,84.15178204],[243041.50690269,431262.1703949,84.1519804],[243041.50713921,431262.17020416,84.15217829],[243041.50737572,431262.17001343,84.15237665],[243041.50761223,431262.16982269,84.15257502],[243041.50777435,431262.16934967,84.15257788],[243041.50801086,431262.16915894,84.15277624],[243041.50824738,431262.1689682,84.15297461],[243041.50840759,431262.16848755,84.15297699],[243041.50856972,431262.16801453,84.15297937],[243041.50872993,431262.16753387,84.15298176],[243041.50896645,431262.16734314,84.1531806],[243041.50920486,431262.1671524,84.15337896],[243041.50936508,431262.16667938,84.15338135],[243041.50952721,431262.16619873,84.15338373],[243041.50976372,431262.166008,84.15358257],[243041.51000023,431262.16581726,84.15378094],[243041.51016235,431262.16534424,84.15378332],[243041.51032257,431262.16486359,84.15378618],[243041.5104847,431262.16438293,84.15378857],[243041.51064491,431262.16390991,84.15379095],[243041.51080513,431262.16342926,84.15379333],[243041.51104355,431262.16323853,84.15399218],[243041.51128006,431262.16304779,84.15419054],[243041.51144218,431262.16257477,84.15419292],[243041.51158714,431262.16209412,84.15420151],[243041.51164246,431262.16158295,84.15424061],[243041.51180458,431262.16136932,84.15446472],[243041.51197052,431262.1611557,84.15468931],[243041.51202393,431262.16064453,84.15472841],[243041.51207924,431262.16013336,84.15476799],[243041.51213455,431262.15962982,84.15480757],[243041.51229858,431262.1594162,84.15503168],[243041.51246262,431262.15920258,84.15525579],[243041.51251793,431262.15869141,84.15529489],[243041.51257324,431262.15818024,84.15533447],[243041.51273727,431262.15796661,84.15555859],[243041.51290131,431262.15775299,84.15578318],[243041.51295662,431262.15724182,84.15582228],[243041.51301193,431262.15673828,84.15586138],[243041.51306534,431262.15622711,84.15590095],[243041.51312065,431262.15571594,84.15594006],[243041.51317596,431262.15520477,84.15597963],[243041.51334,431262.15499115,84.15620375],[243041.51350403,431262.15478516,84.15642786],[243041.51355934,431262.15427399,84.15646696],[243041.51361465,431262.15376282,84.15650654],[243041.51366997,431262.15325165,84.15654564],[243041.513834,431262.15303802,84.15676975],[243041.51399803,431262.1528244,84.15699434],[243041.51405144,431262.15232086,84.15703344],[243041.51410675,431262.15180969,84.15707254],[243041.51416206,431262.15129852,84.15711164],[243041.5143261,431262.1510849,84.15733576]]",dji_pose_mesh_ray_contour_nodes,
158,145,3,SPL,4562.0,3216.375,4560,3216,4565,3218,5,2,8,243041.7875309,431261.32994843,84.16265488,dji_pose_mesh_ray_centroid,True,True,285970,2.182457,warp,,4562.0,3216.375,1,1,1.0,1,2.182457,2.182457,2,2,1.0,"[[4560.5,3217.0],[4560.0,3216.5]]","[[243041.78728294,431261.33065796,84.16234207],[243041.78740311,431261.33086395,84.16253138]]",dji_pose_mesh_ray_contour_nodes,
159,146,3,SPL,10.6475,3257.2305,0,3219,34,3318,34,99,1319,243041.04654694,431263.49707794,84.13369703,dji_pose_mesh_ray_centroid,True,True,1113296,2.396302,warp,,10.6475,3257.2305,1,1,1.0,1,2.396302,2.396302,137,137,1.0,"[[0.0,3275.5],[0.5,3275.0],[1.0,3274.5],[1.5,3274.0],[2.0,3273.5],[2.5,3273.0],[3.0,3272.5],[3.5,3272.0],[4.0,3271.5],[5.0,3271.5],[6.0,3271.5],[7.0,3271.5],[8.0,3271.5],[9.0,3271.5],[9.5,3271.0],[10.0,3270.5],[10.5,3270.0],[10.5,3269.0],[10.5,3268.0],[10.5,3267.0],[10.5,3266.0],[10.5,3265.0],[10.5,3264.0],[11.0,3263.5],[12.0,3263.5],[13.0,3263.5],[14.0,3263.5],[14.5,3263.0],[15.0,3262.5],[16.0,3262.5],[17.0,3262.5],[17.5,3263.0],[18.0,3263.5],[19.0,3263.5],[20.0,3263.5],[21.0,3263.5],[21.5,3264.0],[22.0,3264.5],[22.5,3265.0],[23.0,3265.5],[23.5,3266.0],[24.0,3266.5],[24.5,3267.0],[24.5,3268.0],[24.5,3269.0],[24.5,3270.0],[24.5,3271.0],[24.5,3272.0],[24.5,3273.0],[24.0,3273.5],[23.0,3273.5],[22.0,3273.5],[21.0,3273.5],[20.5,3274.0],[20.0,3274.5],[19.0,3274.5],[18.0,3274.5],[17.0,3274.5],[16.5,3275.0],[16.0,3275.5],[15.5,3276.0],[15.5,3277.0],[15.5,3278.0],[15.5,3279.0],[15.0,3279.5],[14.5,3280.0],[14.5,3281.0],[14.0,3281.5],[13.0,3281.5],[12.5,3282.0],[12.0,3282.5],[11.0,3282.5],[10.0,3282.5],[9.0,3282.5],[8.0,3282.5],[7.0,3282.5],[6.5,3282.0],[6.0,3281.5],[5.0,3281.5],[4.5,3281.0],[4.0,3280.5],[3.5,3281.0],[3.0,3281.5],[2.5,3282.0],[2.5,3283.0],[2.5,3284.0],[2.5,3285.0],[3.0,3285.5],[3.5,3286.0],[4.0,3286.5],[4.5,3287.0],[5.0,3287.5],[6.0,3287.5],[7.0,3287.5],[7.5,3288.0],[8.0,3288.5],[9.0,3288.5],[10.0,3288.5],[10.5,3289.0],[11.0,3289.5],[11.5,3290.0],[11.5,3291.0],[11.5,3292.0],[12.0,3292.5],[12.5,3293.0],[12.5,3294.0],[12.5,3295.0],[12.5,3296.0],[12.5,3297.0],[12.0,3297.5],[11.5,3298.0],[11.0,3298.5],[10.5,3299.0],[10.0,3299.5],[9.5,3300.0],[9.5,3301.0],[9.0,3301.5],[8.5,3302.0],[8.0,3302.5],[7.5,3303.0],[7.0,3303.5],[6.5,3304.0],[6.5,3305.0],[6.5,3306.0],[6.5,3307.0],[6.0,3307.5],[5.5,3308.0],[5.5,3309.0],[5.5,3310.0],[5.5,3311.0],[5.0,3311.5],[4.5,3312.0],[4.5,3313.0],[4.5,3314.0],[4.5,3315.0],[4.5,3316.0],[4.5,3317.0]]","[[243041.04150772,431263.49755859,84.12605143],[243041.04167175,431263.49743652,84.12626409],[243041.04183769,431263.49731445,84.12647676],[243041.04200172,431263.49718475,84.12668943],[243041.04216576,431263.49706268,84.1269021],[243041.0423317,431263.49694061,84.12711477],[243041.04249573,431263.49681854,84.12732792],[243041.04266167,431263.49668884,84.12754059],[243041.0428257,431263.49656677,84.12775326],[243041.04295731,431263.49604034,84.12777185],[243041.04308701,431263.49550629,84.12779093],[243041.04321861,431263.49497986,84.12780952],[243041.04334831,431263.4944458,84.12782812],[243041.04347992,431263.49391937,84.12784672],[243041.04364395,431263.4937973,84.12805939],[243041.04380989,431263.49367523,84.12827253],[243041.04397392,431263.49354553,84.1284852],[243041.04417419,431263.49382782,84.12889242],[243041.04437256,431263.49411011,84.12930012],[243041.04457283,431263.4943924,84.12970734],[243041.0447731,431263.49467468,84.13011503],[243041.04497337,431263.49495697,84.13052225],[243041.04517365,431263.49523926,84.13093042],[243041.04533768,431263.49511719,84.13114357],[243041.04546928,431263.49459076,84.13116217],[243041.04559898,431263.4940567,84.13118076],[243041.04573059,431263.49353027,84.13119936],[243041.04589462,431263.49340057,84.13141251],[243041.04606056,431263.4932785,84.13162565],[243041.04619217,431263.49275208,84.13164425],[243041.04632187,431263.49221802,84.13166332],[243041.04628754,431263.49181366,84.1314683],[243041.0462532,431263.4914093,84.13127375],[243041.0463829,431263.49087524,84.13129234],[243041.04651451,431263.49034882,84.13131094],[243041.04664421,431263.48981476,84.13132954],[243041.04660988,431263.4894104,84.13113499],[243041.04657555,431263.48900604,84.13094044],[243041.04653931,431263.48860168,84.13074589],[243041.04650497,431263.4881897,84.13055134],[243041.04647064,431263.48778534,84.13035679],[243041.0464344,431263.48738098,84.13016272],[243041.04640007,431263.48697662,84.12996817],[243041.04620171,431263.48669434,84.12956095],[243041.04600143,431263.48641205,84.12915373],[243041.04580116,431263.48612976,84.12874651],[243041.04560089,431263.4858551,84.12833977],[243041.04540062,431263.48557281,84.12793302],[243041.04520226,431263.48529053,84.12752628],[243041.04503632,431263.4854126,84.12731361],[243041.04490662,431263.48594666,84.12729502],[243041.04477692,431263.48647308,84.12727594],[243041.04464531,431263.48699951,84.12725735],[243041.04448128,431263.48712921,84.12704468],[243041.04431534,431263.48725128,84.12683201],[243041.04418564,431263.48777771,84.12681341],[243041.04405403,431263.48831177,84.12679481],[243041.04392433,431263.4888382,84.12677622],[243041.0437603,431263.48896027,84.12656355],[243041.04359436,431263.48908997,84.12635088],[243041.04343033,431263.48921204,84.12613869],[243041.04323006,431263.48892975,84.12573242],[243041.04303169,431263.48864746,84.12532616],[243041.04283142,431263.48836517,84.12491989],[243041.04266739,431263.48849487,84.1247077],[243041.04250336,431263.48861694,84.12449503],[243041.04230309,431263.48833466,84.12408924],[243041.04213905,431263.48845673,84.12387705],[243041.04200935,431263.48899078,84.12385845],[243041.04184341,431263.48911285,84.12364626],[243041.04167938,431263.48923492,84.12343407],[243041.04154968,431263.48976135,84.12341547],[243041.04141808,431263.49029541,84.1233964],[243041.04128838,431263.49082184,84.1233778],[243041.04115677,431263.49134827,84.1233592],[243041.04102707,431263.49188232,84.12334013],[243041.0410614,431263.49228668,84.12353373],[243041.04109573,431263.49269104,84.12372732],[243041.04096603,431263.49321747,84.12370825],[243041.04100037,431263.49362183,84.12390184],[243041.0410347,431263.49402618,84.12409544],[243041.04086876,431263.49415588,84.12388325],[243041.04070473,431263.49427795,84.12367058],[243041.0405407,431263.49440002,84.12345839],[243041.04034042,431263.49411774,84.1230526],[243041.04014206,431263.49383545,84.12264729],[243041.0399437,431263.49355316,84.12224197],[243041.03990936,431263.4931488,84.12204885],[243041.03987503,431263.49274445,84.12185526],[243041.0398407,431263.49234009,84.12166214],[243041.03980827,431263.49193573,84.12146902],[243041.03977394,431263.49153137,84.1212759],[243041.03990364,431263.49100494,84.12129497],[243041.04003334,431263.49047089,84.12131357],[243041.03999901,431263.49006653,84.12112045],[243041.03996658,431263.48966217,84.12092733],[243041.04009628,431263.48913574,84.12094641],[243041.04022598,431263.48860931,84.120965],[243041.04019165,431263.48820496,84.12077188],[243041.04015732,431263.4878006,84.12057924],[243041.04012489,431263.48739624,84.12038612],[243041.03992653,431263.48711395,84.11998129],[243041.03972816,431263.48683167,84.11957693],[243041.03969383,431263.48642731,84.11938429],[243041.0396595,431263.48602295,84.11919165],[243041.03946114,431263.48574829,84.11878729],[243041.03926277,431263.485466,84.11838293],[243041.03906441,431263.48518372,84.11797905],[243041.03886604,431263.48490906,84.11757517],[243041.03870201,431263.48503113,84.11736441],[243041.03853416,431263.48514557,84.1171546],[243041.03836823,431263.48526764,84.11694479],[243041.03820038,431263.48538971,84.11673498],[243041.03803444,431263.48551178,84.11652517],[243041.03786659,431263.48562622,84.11631536],[243041.0376606,431263.4853363,84.11591673],[243041.03749275,431263.48545837,84.11570692],[243041.03732681,431263.48557281,84.11549759],[243041.03715897,431263.48569489,84.11528778],[243041.03699303,431263.48581696,84.11507797],[243041.03682518,431263.4859314,84.11486864],[243041.03665924,431263.48605347,84.11465883],[243041.03645134,431263.48576355,84.11426067],[243041.03624535,431263.485466,84.11386299],[243041.03603745,431263.48517609,84.11346483],[243041.03587151,431263.48529053,84.1132555],[243041.03570557,431263.4854126,84.11304617],[243041.03549767,431263.48512268,84.11264849],[243041.03529167,431263.48482513,84.1122508],[243041.03508568,431263.48453522,84.1118536],[243041.03491783,431263.48465729,84.11164474],[243041.03475189,431263.48477173,84.11143541],[243041.0345459,431263.48448181,84.11103821],[243041.0343399,431263.48419189,84.110641],[243041.034132,431263.48389435,84.11024427],[243041.03392601,431263.48360443,84.10984755],[243041.03372002,431263.48331451,84.10945082]]",dji_pose_mesh_ray_contour_nodes,
160,147,3,SPL,3184.7539,3233.9235,3114,3222,3245,3250,131,28,2117,243041.56273079,431261.97913361,84.15227556,dji_pose_mesh_ray_centroid,True,True,1113147,1.986778,warp,,3184.7539,3233.9235,1,1,1.0,1,1.986778,1.986778,86,86,1.0,"[[3114.0,3231.5],[3115.0,3231.5],[3115.5,3231.0],[3116.0,3230.5],[3116.5,3230.0],[3117.0,3229.5],[3118.0,3229.5],[3118.5,3229.0],[3119.0,3228.5],[3120.0,3228.5],[3121.0,3228.5],[3122.0,3228.5],[3123.0,3228.5],[3124.0,3228.5],[3125.0,3228.5],[3126.0,3228.5],[3127.0,3228.5],[3127.5,3229.0],[3128.0,3229.5],[3129.0,3229.5],[3130.0,3229.5],[3131.0,3229.5],[3132.0,3229.5],[3133.0,3229.5],[3134.0,3229.5],[3135.0,3229.5],[3136.0,3229.5],[3137.0,3229.5],[3137.5,3229.0],[3138.0,3228.5],[3139.0,3228.5],[3140.0,3228.5],[3140.5,3228.0],[3141.0,3227.5],[3142.0,3227.5],[3143.0,3227.5],[3144.0,3227.5],[3145.0,3227.5],[3145.5,3227.0],[3146.0,3226.5],[3147.0,3226.5],[3148.0,3226.5],[3149.0,3226.5],[3149.5,3226.0],[3150.0,3225.5],[3151.0,3225.5],[3151.5,3225.0],[3152.0,3224.5],[3153.0,3224.5],[3154.0,3224.5],[3154.5,3224.0],[3155.0,3223.5],[3156.0,3223.5],[3157.0,3223.5],[3158.0,3223.5],[3159.0,3223.5],[3160.0,3223.5],[3161.0,3223.5],[3162.0,3223.5],[3163.0,3223.5],[3164.0,3223.5],[3165.0,3223.5],[3165.5,3224.0],[3166.0,3224.5],[3167.0,3224.5],[3168.0,3224.5],[3169.0,3224.5],[3170.0,3224.5],[3171.0,3224.5],[3172.0,3224.5],[3173.0,3224.5],[3173.5,3224.0],[3174.0,3223.5],[3175.0,3223.5],[3176.0,3223.5],[3177.0,3223.5],[3178.0,3223.5],[3178.5,3223.0],[3179.0,3222.5],[3180.0,3222.5],[3181.0,3222.5],[3182.0,3222.5],[3183.0,3222.5],[3184.0,3222.5],[3185.0,3222.5],[3185.5,3222.0]]","[[243041.55232048,431262.01282501,84.15300608],[243041.55252838,431262.01235962,84.15299272],[243041.55277252,431262.01216125,84.15318823],[243041.55301666,431262.01196289,84.15338373],[243041.55326271,431262.0117569,84.15357923],[243041.55350685,431262.01155853,84.15377474],[243041.55371284,431262.01109314,84.15376139],[243041.55395889,431262.01089478,84.15395689],[243041.55420303,431262.01068878,84.15415287],[243041.55440903,431262.01022339,84.15413904],[243041.55461693,431262.00976562,84.15412569],[243041.55482292,431262.00930023,84.15411234],[243041.55503082,431262.00883484,84.15409899],[243041.55523682,431262.00836945,84.15408564],[243041.55544472,431262.00790405,84.15407228],[243041.55565071,431262.00743866,84.15405846],[243041.55585861,431262.0069809,84.1540451],[243041.55582047,431262.00671387,84.15383577],[243041.55578041,431262.00645447,84.15362692],[243041.55598831,431262.00598907,84.15361357],[243041.55619431,431262.00552368,84.15359974],[243041.55640221,431262.00505829,84.15358639],[243041.5566082,431262.0045929,84.15357304],[243041.5568161,431262.00413513,84.15355968],[243041.55702209,431262.00366974,84.15354586],[243041.55723,431262.00320435,84.1535325],[243041.55743599,431262.00273895,84.15351915],[243041.55764389,431262.00227356,84.1535058],[243041.55788803,431262.0020752,84.1537013],[243041.55813026,431262.0018692,84.15389824],[243041.558321,431262.00140381,84.15389061],[243041.55850983,431262.00093079,84.15388346],[243041.55875015,431262.00073242,84.15408039],[243041.55899239,431262.00052643,84.1542778],[243041.55918121,431262.00006104,84.15427065],[243041.55937004,431261.99958801,84.15426302],[243041.55956078,431261.99912262,84.15425539],[243041.55973625,431261.9986496,84.15425205],[243041.55992699,431261.99843597,84.15446663],[243041.56011772,431261.99822235,84.15468121],[243041.56021881,431261.99773407,84.15470409],[243041.56031799,431261.99724579,84.15472698],[243041.56041718,431261.99676514,84.15474987],[243041.56062126,431261.99655151,84.15496063],[243041.56083298,431261.99633789,84.15516758],[243041.56096077,431261.99585724,84.15518141],[243041.56117249,431261.99565125,84.15538835],[243041.56138611,431261.99543762,84.15559578],[243041.56151199,431261.99495697,84.15560961],[243041.56163979,431261.99447632,84.15562296],[243041.5618515,431261.99427032,84.15583038],[243041.56206512,431261.9940567,84.15603781],[243041.56219101,431261.99357605,84.15605116],[243041.5623188,431261.9930954,84.15606499],[243041.56244659,431261.99261475,84.15607882],[243041.56257248,431261.99213409,84.15609264],[243041.56270027,431261.99165344,84.15610599],[243041.56282616,431261.99117279,84.15611982],[243041.56295395,431261.99069214,84.15613365],[243041.56307983,431261.99021149,84.156147],[243041.56320763,431261.98972321,84.15616083],[243041.56333351,431261.98924255,84.15617466],[243041.56324959,431261.98897552,84.15598106],[243041.56316376,431261.98870087,84.15578747],[243041.56328964,431261.98822021,84.1558013],[243041.56341743,431261.98773956,84.15581512],[243041.56354332,431261.98725891,84.15582848],[243041.56367111,431261.98677826,84.1558423],[243041.563797,431261.98629761,84.15585613],[243041.56392479,431261.98581696,84.15586948],[243041.56405067,431261.9853363,84.15588331],[243041.5642643,431261.98513031,84.15609074],[243041.56447601,431261.98491669,84.15629768],[243041.56460381,431261.98443604,84.15631151],[243041.56472969,431261.98395538,84.15632534],[243041.56485748,431261.98347473,84.15633869],[243041.56498337,431261.98299408,84.15635252],[243041.56519699,431261.98278046,84.15655947],[243041.56541061,431261.98257446,84.15676689],[243041.5655365,431261.98209381,84.15678072],[243041.56566429,431261.98161316,84.15679407],[243041.56579018,431261.98113251,84.1568079],[243041.56591797,431261.98065186,84.15682173],[243041.56604385,431261.98016357,84.15683556],[243041.56617165,431261.97968292,84.15684891],[243041.56638336,431261.97947693,84.15705633]]",dji_pose_mesh_ray_contour_nodes,
161,148,3,SPL,550.8947,3225.4211,549,3224,554,3228,5,4,19,243041.1301918,431263.23070526,84.15316534,dji_pose_mesh_ray_centroid,True,True,1113280,2.239412,warp,,550.8947,3225.4211,1,1,1.0,1,2.239412,2.239412,2,2,1.0,"[[553.0,3226.5],[552.5,3227.0]]","[[243041.13028717,431263.22940826,84.15273666],[243041.13010216,431263.22953033,84.15252972]]",dji_pose_mesh_ray_contour_nodes,
162,149,3,SPL,500.9479,3239.0062,479,3228,522,3254,43,26,480,243041.11956406,431263.25179291,84.14733553,dji_pose_mesh_ray_centroid,True,True,1113280,2.249663,warp,,500.9479,3239.0062,1,1,1.0,1,2.249663,2.249663,54,54,1.0,"[[479.0,3235.5],[479.5,3235.0],[479.5,3234.0],[480.0,3233.5],[480.5,3233.0],[481.0,3232.5],[482.0,3232.5],[483.0,3232.5],[484.0,3232.5],[485.0,3232.5],[486.0,3232.5],[487.0,3232.5],[488.0,3232.5],[488.5,3232.0],[489.0,3231.5],[490.0,3231.5],[491.0,3231.5],[492.0,3231.5],[493.0,3231.5],[494.0,3231.5],[495.0,3231.5],[495.5,3232.0],[496.0,3232.5],[497.0,3232.5],[497.5,3233.0],[498.0,3233.5],[499.0,3233.5],[499.5,3234.0],[500.0,3234.5],[500.5,3235.0],[501.0,3235.5],[502.0,3235.5],[503.0,3235.5],[503.5,3235.0],[504.0,3234.5],[505.0,3234.5],[506.0,3234.5],[506.5,3234.0],[507.0,3233.5],[507.5,3233.0],[508.0,3232.5],[509.0,3232.5],[509.5,3232.0],[510.0,3231.5],[511.0,3231.5],[511.5,3231.0],[512.0,3230.5],[512.5,3230.0],[513.0,3229.5],[513.5,3229.0],[514.0,3228.5],[515.0,3228.5],[516.0,3228.5],[516.5,3228.0]]","[[243041.11690712,431263.26339722,84.14863586],[243041.11709213,431263.26327515,84.14884233],[243041.11730385,431263.26352692,84.14925003],[243041.11748695,431263.26340485,84.1494565],[243041.11767006,431263.26328278,84.14966345],[243041.11785316,431263.26316071,84.1498704],[243041.11800766,431263.26267242,84.14987612],[243041.11816216,431263.26218414,84.14988184],[243041.11831856,431263.26169586,84.14988756],[243041.11847305,431263.26120758,84.14989376],[243041.11862755,431263.2607193,84.14989948],[243041.11878395,431263.26022339,84.1499052],[243041.11893845,431263.25973511,84.14991093],[243041.11912155,431263.25961304,84.15011787],[243041.11930466,431263.2594986,84.15032482],[243041.11946106,431263.25901031,84.15033054],[243041.11961555,431263.2585144,84.15033627],[243041.11977005,431263.25802612,84.15034199],[243041.11992455,431263.25753784,84.15034819],[243041.12008095,431263.25704956,84.15035391],[243041.12023544,431263.25656128,84.15035963],[243041.12020683,431263.25618744,84.1501584],[243041.12017822,431263.25582123,84.14995766],[243041.12033272,431263.25533295,84.14996338],[243041.12030411,431263.25496674,84.14976215],[243041.1202755,431263.2545929,84.1495614],[243041.12042999,431263.25410461,84.14956713],[243041.12040138,431263.2537384,84.14936638],[243041.12037277,431263.25337219,84.14916563],[243041.12034416,431263.25300598,84.1489644],[243041.12031555,431263.25263214,84.14876366],[243041.12047005,431263.25214386,84.14876938],[243041.12062645,431263.25165558,84.1487751],[243041.12080956,431263.25153351,84.14898205],[243041.12099266,431263.25141144,84.14918852],[243041.12114716,431263.25092316,84.14919472],[243041.12130356,431263.25043488,84.14920044],[243041.12148666,431263.25031281,84.14940691],[243041.12166977,431263.25019073,84.14961386],[243041.12185287,431263.25007629,84.14982033],[243041.12203789,431263.24995422,84.15002727],[243041.12219238,431263.24946594,84.150033],[243041.12237549,431263.24934387,84.15023994],[243041.12255859,431263.2492218,84.15044689],[243041.122715,431263.24873352,84.15045261],[243041.1228981,431263.24861145,84.15065956],[243041.12308121,431263.24848938,84.15086651],[243041.12326622,431263.24836731,84.15107298],[243041.12344933,431263.24824524,84.15127993],[243041.12363434,431263.24812317,84.15148735],[243041.12381744,431263.2480011,84.1516943],[243041.12397194,431263.24751282,84.15170002],[243041.12412834,431263.24702454,84.15170574],[243041.12431145,431263.24690247,84.15191269]]",dji_pose_mesh_ray_contour_nodes,
163,150,3,SPL,3108.8,3234.4,3108,3234,3111,3236,3,2,5,243041.55042839,431262.01506042,84.15190363,dji_pose_mesh_ray_centroid,True,True,1113199,1.982412,warp,,3108.8,3234.4,1,1,1.0,1,1.982412,1.982412,2,2,1.0,"[[3110.0,3234.5],[3109.5,3235.0]]","[[243041.55064774,431262.01449585,84.15184689],[243041.55040359,431262.01469421,84.15165186]]",dji_pose_mesh_ray_contour_nodes,
164,151,3,SPL,3339.2057,3244.3566,3316,3235,3373,3258,57,23,530,243041.57910919,431261.90477753,84.15024233,dji_pose_mesh_ray_centroid,True,True,1113147,1.990442,warp,,3339.2057,3244.3566,1,1,1.0,1,1.990442,1.990442,73,73,1.0,"[[3372.0,3237.5],[3371.0,3237.5],[3370.5,3238.0],[3370.0,3238.5],[3369.0,3238.5],[3368.0,3238.5],[3367.0,3238.5],[3366.5,3239.0],[3366.0,3239.5],[3365.0,3239.5],[3364.0,3239.5],[3363.5,3240.0],[3363.0,3240.5],[3362.5,3241.0],[3362.0,3241.5],[3361.5,3242.0],[3361.0,3242.5],[3360.0,3242.5],[3359.5,3243.0],[3359.0,3243.5],[3358.5,3244.0],[3358.0,3244.5],[3357.0,3244.5],[3356.5,3245.0],[3356.0,3245.5],[3355.0,3245.5],[3354.5,3246.0],[3354.0,3246.5],[3353.0,3246.5],[3352.0,3246.5],[3351.5,3247.0],[3351.0,3247.5],[3350.5,3248.0],[3350.0,3248.5],[3349.0,3248.5],[3348.0,3248.5],[3347.5,3249.0],[3347.0,3249.5],[3346.0,3249.5],[3345.0,3249.5],[3344.0,3249.5],[3343.0,3249.5],[3342.0,3249.5],[3341.5,3250.0],[3341.0,3250.5],[3340.0,3250.5],[3339.0,3250.5],[3338.5,3250.0],[3338.0,3249.5],[3337.0,3249.5],[3336.5,3250.0],[3336.0,3250.5],[3335.0,3250.5],[3334.0,3250.5],[3333.0,3250.5],[3332.0,3250.5],[3331.0,3250.5],[3330.0,3250.5],[3329.5,3251.0],[3329.0,3251.5],[3328.0,3251.5],[3327.5,3252.0],[3327.0,3252.5],[3326.5,3253.0],[3326.0,3253.5],[3325.5,3254.0],[3325.0,3254.5],[3324.5,3255.0],[3324.0,3255.5],[3323.5,3256.0],[3323.0,3256.5],[3322.0,3256.5],[3321.5,3257.0]]","[[243041.58528328,431261.88948059,84.15341568],[243041.58515739,431261.88996124,84.15340185],[243041.58494377,431261.89017487,84.15319633],[243041.58473206,431261.89038849,84.15299082],[243041.58460617,431261.89086914,84.15297699],[243041.58448029,431261.89134216,84.15296316],[243041.5843544,431261.89181519,84.15294981],[243041.58414268,431261.89203644,84.15274382],[243041.58392906,431261.89225006,84.1525383],[243041.58380318,431261.89272308,84.15252495],[243041.58367729,431261.89319611,84.15251112],[243041.58346558,431261.89341736,84.1523056],[243041.58325195,431261.89363098,84.15210009],[243041.58304024,431261.8938446,84.15189457],[243041.58282661,431261.89405823,84.15168905],[243041.5826149,431261.89427948,84.15148354],[243041.58240128,431261.8944931,84.1512785],[243041.5822773,431261.89496613,84.15126467],[243041.58206367,431261.89517975,84.15105915],[243041.58185196,431261.895401,84.15085363],[243041.58163834,431261.89561462,84.15064859],[243041.58142662,431261.89582825,84.15044308],[243041.58130074,431261.89630127,84.15042925],[243041.58108902,431261.89652252,84.15022421],[243041.5808773,431261.89673615,84.15001917],[243041.58075142,431261.89720917,84.15000534],[243041.5805378,431261.89742279,84.14979982],[243041.58032608,431261.89763641,84.14959478],[243041.5802002,431261.89811707,84.14958096],[243041.58007622,431261.89859009,84.14956713],[243041.57986259,431261.89880371,84.14936209],[243041.57965088,431261.89901733,84.14915705],[243041.57943916,431261.89923096,84.14895201],[243041.57922745,431261.89945221,84.14874697],[243041.57910156,431261.89992523,84.14873314],[243041.57897568,431261.90039825,84.14871931],[243041.57876396,431261.90061188,84.14851427],[243041.57855034,431261.90083313,84.14830923],[243041.57842636,431261.90130615,84.1482954],[243041.57830048,431261.90177917,84.14828157],[243041.57817459,431261.9022522,84.14826775],[243041.57804871,431261.90273285,84.14825439],[243041.57792282,431261.90320587,84.14824057],[243041.57771111,431261.90341949,84.14803553],[243041.57749939,431261.90363312,84.14783049],[243041.5773735,431261.90411377,84.14781666],[243041.57724762,431261.90458679,84.14780283],[243041.57733345,431261.90484619,84.14799404],[243041.57742119,431261.90510559,84.14818525],[243041.5772953,431261.90558624,84.1481719],[243041.57708359,431261.90579987,84.14796686],[243041.57686996,431261.90601349,84.14776182],[243041.57674599,431261.90648651,84.14774799],[243041.5766201,431261.90695953,84.14773416],[243041.57649422,431261.90744019,84.14772034],[243041.57636833,431261.90791321,84.14770651],[243041.57624245,431261.90838623,84.14769268],[243041.57611656,431261.90886688,84.14767885],[243041.57590485,431261.90908051,84.14747381],[243041.57569313,431261.90929413,84.14726925],[243041.57556725,431261.90976715,84.14725542],[243041.57535553,431261.90998077,84.14705038],[243041.57514381,431261.9101944,84.14684534],[243041.5749321,431261.91040802,84.14664078],[243041.57472038,431261.91062164,84.14643574],[243041.57450867,431261.91083527,84.1462307],[243041.57429695,431261.91104889,84.14602613],[243041.57408524,431261.91127014,84.14582109],[243041.57387352,431261.91148376,84.14561653],[243041.5736618,431261.91169739,84.14541149],[243041.57345009,431261.91191101,84.14520693],[243041.5733242,431261.91238403,84.1451931],[243041.57311249,431261.91259766,84.14498854]]",dji_pose_mesh_ray_contour_nodes,
165,152,3,SPL,3388.6,3236.6615,3376,3235,3399,3240,23,5,65,243041.58761787,431261.88162231,84.15397549,dji_pose_mesh_ray_centroid,True,True,1113147,1.994002,warp,,3388.6,3236.6615,1,1,1.0,1,1.994002,1.994002,17,17,1.0,"[[3390.5,3239.0],[3390.0,3238.5],[3389.0,3238.5],[3388.0,3238.5],[3387.0,3238.5],[3386.0,3238.5],[3385.5,3238.0],[3385.0,3237.5],[3384.0,3237.5],[3383.0,3237.5],[3382.0,3237.5],[3381.0,3237.5],[3380.0,3237.5],[3379.0,3237.5],[3378.0,3237.5],[3377.0,3237.5],[3376.0,3237.5]]","[[243041.58715439,431261.88062286,84.15307188],[243041.58724213,431261.88088226,84.15326405],[243041.58711624,431261.88135529,84.15325022],[243041.58699226,431261.88182831,84.15323639],[243041.58686638,431261.88230896,84.15322304],[243041.58674049,431261.88278198,84.15320921],[243041.58682823,431261.88304138,84.15340137],[243041.58691597,431261.88330078,84.15359306],[243041.58679008,431261.8837738,84.15357923],[243041.5866642,431261.88425446,84.15356588],[243041.58653831,431261.88472748,84.15355205],[243041.58641243,431261.8852005,84.1535387],[243041.58628654,431261.88568115,84.15352488],[243041.58616257,431261.88615417,84.15351105],[243041.58603668,431261.8866272,84.1534977],[243041.5859108,431261.88710785,84.15348387],[243041.58578491,431261.88758087,84.15347004]]",dji_pose_mesh_ray_contour_nodes,
166,153,3,SPL,3422.75,3238.25,3422,3237,3425,3241,3,4,8,243041.59142494,431261.86534119,84.15381002,dji_pose_mesh_ray_centroid,True,True,1113147,1.995512,warp,,3422.75,3238.25,1,1,1.0,1,1.995512,1.995512,3,3,1.0,"[[3424.0,3238.5],[3423.5,3239.0],[3423.5,3240.0]]","[[243041.59150505,431261.86473083,84.15372753],[243041.59129333,431261.86495209,84.15352249],[243041.59099197,431261.86491394,84.15312529]]",dji_pose_mesh_ray_contour_nodes,
167,154,3,SPL,471.7879,3241.5152,468,3239,476,3245,8,6,33,243041.11451912,431263.26542664,84.14614439,dji_pose_mesh_ray_centroid,True,True,1113280,2.256807,warp,,471.7879,3241.5152,1,1,1.0,1,2.256807,2.256807,7,7,1.0,"[[468.0,3241.5],[468.5,3241.0],[469.0,3240.5],[469.5,3240.0],[470.0,3239.5],[471.0,3239.5],[471.5,3239.0]]","[[243041.11393547,431263.26728058,84.14612865],[243041.11411858,431263.26715851,84.14633512],[243041.11430168,431263.26704407,84.14654112],[243041.11448479,431263.266922,84.14674759],[243041.11466789,431263.26679993,84.14695406],[243041.11482239,431263.26631165,84.14695978],[243041.11500549,431263.26618958,84.14716625]]",dji_pose_mesh_ray_contour_nodes,
168,155,3,SPL,3449.0833,3241.6667,3443,3239,3456,3245,13,6,60,243041.59369469,431261.85271454,84.15281296,dji_pose_mesh_ray_centroid,True,True,1113147,1.996411,warp,,3449.0833,3241.6667,1,1,1.0,1,1.996411,1.996411,9,9,1.0,"[[3448.5,3239.0],[3449.0,3239.5],[3450.0,3239.5],[3451.0,3239.5],[3452.0,3239.5],[3453.0,3239.5],[3454.0,3239.5],[3454.5,3240.0],[3455.0,3240.5]]","[[243041.59442329,431261.85309601,84.15386295],[243041.59433556,431261.85283661,84.15367126],[243041.59446144,431261.85236359,84.15368509],[243041.59458542,431261.85189056,84.15369844],[243041.5947113,431261.85141754,84.15371227],[243041.59483719,431261.85094452,84.15372562],[243041.59496117,431261.8504715,84.15373945],[243041.59487343,431261.8502121,84.15354776],[243041.59478569,431261.84996033,84.15335607]]",dji_pose_mesh_ray_contour_nodes,
169,156,3,SPL,3298.7171,3256.3426,3285,3249,3316,3264,31,15,251,243041.57044601,431261.92346191,84.1449337,dji_pose_mesh_ray_centroid,True,True,1113147,1.98685,warp,,3298.7171,3256.3426,1,1,1.0,1,1.98685,1.98685,32,32,1.0,"[[3292.5,3249.0],[3293.0,3249.5],[3294.0,3249.5],[3295.0,3249.5],[3296.0,3249.5],[3297.0,3249.5],[3297.5,3250.0],[3298.0,3250.5],[3299.0,3250.5],[3299.5,3251.0],[3300.0,3251.5],[3301.0,3251.5],[3301.5,3252.0],[3302.0,3252.5],[3303.0,3252.5],[3303.5,3253.0],[3304.0,3253.5],[3304.5,3254.0],[3305.0,3254.5],[3306.0,3254.5],[3306.5,3255.0],[3307.0,3255.5],[3307.5,3256.0],[3308.0,3256.5],[3309.0,3256.5],[3309.5,3257.0],[3310.0,3257.5],[3311.0,3257.5],[3312.0,3257.5],[3313.0,3257.5],[3314.0,3257.5],[3315.0,3257.5]]","[[243041.57184792,431261.92678833,84.14775753],[243041.57176208,431261.92652893,84.14756584],[243041.57188797,431261.92604828,84.14757967],[243041.57201385,431261.92557526,84.1475935],[243041.57213974,431261.9250946,84.14760733],[243041.57226562,431261.92462158,84.14762115],[243041.57217979,431261.92435455,84.14742947],[243041.57209396,431261.92409515,84.14723825],[243041.57221985,431261.9236145,84.14725208],[243041.57213402,431261.9233551,84.14706087],[243041.57204628,431261.92308807,84.14686966],[243041.57217216,431261.92261505,84.14688301],[243041.57208633,431261.92235565,84.1466918],[243041.5720005,431261.92208862,84.14650059],[243041.57212639,431261.9216156,84.14651442],[243041.57204056,431261.92134857,84.1463232],[243041.57195473,431261.92108917,84.14613199],[243041.5718689,431261.92082977,84.14594126],[243041.57178307,431261.92056274,84.14575005],[243041.57190895,431261.92008972,84.14576387],[243041.57182312,431261.91982269,84.14557266],[243041.57173729,431261.91956329,84.14538145],[243041.57165146,431261.91930389,84.14519072],[243041.57156563,431261.91903687,84.14499998],[243041.57169151,431261.91856384,84.14501381],[243041.57160568,431261.91830444,84.1448226],[243041.57151985,431261.91803741,84.14463186],[243041.57164574,431261.91756439,84.14464569],[243041.57177162,431261.91709137,84.14465952],[243041.5718956,431261.91661072,84.14467335],[243041.57202148,431261.9161377,84.14468718],[243041.57214737,431261.91566467,84.144701]]",dji_pose_mesh_ray_contour_nodes,
170,157,3,SPL,522.7755,3254.3265,519,3250,528,3259,9,9,49,243041.11969757,431263.23738098,84.1412425,dji_pose_mesh_ray_centroid,True,True,1113280,2.241004,warp,,522.7755,3254.3265,1,1,1.0,1,2.241004,2.241004,12,12,1.0,"[[519.0,3255.5],[519.5,3255.0],[519.5,3254.0],[519.5,3253.0],[520.0,3252.5],[520.5,3252.0],[521.0,3251.5],[522.0,3251.5],[523.0,3251.5],[523.5,3251.0],[524.0,3250.5],[524.5,3250.0]]","[[243041.11886787,431263.23892975,84.14074516],[243041.11904907,431263.23880768,84.14095068],[243041.11926079,431263.23905945,84.14135551],[243041.1194725,431263.23930359,84.14176083],[243041.11965561,431263.23918152,84.14196634],[243041.11983871,431263.23905945,84.14217186],[243041.12002182,431263.23893738,84.14237785],[243041.12017632,431263.2384491,84.14238358],[243041.12033081,431263.23796082,84.1423893],[243041.12051201,431263.23783875,84.14259529],[243041.12069702,431263.23771667,84.14280081],[243041.12088013,431263.2375946,84.14300632]]",dji_pose_mesh_ray_contour_nodes,
171,158,3,SPL,776.6,3252.8,774,3252,780,3255,6,3,15,243041.16261482,431263.11791229,84.14181089,dji_pose_mesh_ray_centroid,True,True,1113273,2.184079,warp,,776.6,3252.8,1,1,1.0,1,2.184079,2.184079,3,3,1.0,"[[775.5,3254.0],[775.0,3253.5],[774.0,3253.5]]","[[243041.16216278,431263.11815643,84.1413269],[243041.16217995,431263.11849213,84.1415329],[243041.16200256,431263.11895752,84.14153767]]",dji_pose_mesh_ray_contour_nodes,
172,159,3,SPL,542.1013,3258.481,538,3254,547,3264,9,10,79,243041.12180138,431263.2269516,84.13967466,dji_pose_mesh_ray_centroid,True,True,1113280,2.235237,warp,,542.1013,3258.481,1,1,1.0,1,2.235237,2.235237,5,5,1.0,"[[538.0,3255.5],[538.5,3255.0],[539.0,3254.5],[540.0,3254.5],[540.5,3254.0]]","[[243041.12179947,431263.22967529,84.14085674],[243041.12198257,431263.22955322,84.14106226],[243041.12216568,431263.22943115,84.14126778],[243041.12232018,431263.22894287,84.1412735],[243041.12250328,431263.2288208,84.14147901]]",dji_pose_mesh_ray_contour_nodes,
173,160,3,SPL,233.0,3261.0,233,3261,234,3262,1,1,1,243041.07416153,431263.37812042,84.13650036,dji_pose_mesh_ray_centroid,True,True,72102,2.319284,warp,,233.0,3261.0,1,1,1.0,1,2.319284,2.319284,1,1,1.0,"[[233.0,3261.0]]","[[243041.07416153,431263.37812042,84.13650036]]",dji_pose_mesh_ray_contour_nodes,
174,161,3,SPL,786.5,3273.0,783,3272,791,3275,8,3,20,243041.1600914,431263.10890961,84.1335535,dji_pose_mesh_ray_centroid,True,True,1113273,2.178653,warp,,786.5,3273.0,1,1,1.0,1,2.178653,2.178653,2,2,1.0,"[[783.0,3272.5],[783.5,3272.0]]","[[243041.15957642,431263.11063385,84.13377237],[243041.15977097,431263.11051178,84.13397264]]",dji_pose_mesh_ray_contour_nodes,
175,162,3,SPL,546.4444,3285.6667,545,3285,549,3288,4,3,9,243041.11674309,431263.21828461,84.12874794,dji_pose_mesh_ray_centroid,True,True,1113280,2.228971,warp,,546.4444,3285.6667,1,1,1.0,1,2.228971,2.228971,3,3,1.0,"[[548.0,3286.5],[547.0,3286.5],[546.5,3287.0]]","[[243041.11680794,431263.21733093,84.12842321],[243041.11665344,431263.21781921,84.12841701],[243041.11647224,431263.21794128,84.12821341]]",dji_pose_mesh_ray_contour_nodes,
176,163,3,SPL,534.8421,3294.5789,533,3293,539,3298,6,5,19,243041.11309433,431263.22177124,84.12510776,dji_pose_mesh_ray_centroid,True,True,1113280,2.230254,warp,,534.8421,3294.5789,1,1,1.0,1,2.230254,2.230254,8,8,1.0,"[[538.0,3293.5],[537.5,3294.0],[537.0,3294.5],[536.5,3295.0],[536.0,3295.5],[535.5,3296.0],[535.0,3296.5],[534.5,3297.0]]","[[243041.11380386,431263.22049713,84.12555838],[243041.11362457,431263.2206192,84.12535524],[243041.11344147,431263.22074127,84.12515211],[243041.11326027,431263.22086334,84.12494945],[243041.11307907,431263.22098541,84.12474632],[243041.11289787,431263.22110748,84.12454319],[243041.11271667,431263.22122955,84.12434006],[243041.11253548,431263.22135162,84.1241374]]",dji_pose_mesh_ray_contour_nodes,
177,164,3,SPL,36.0,3296.0,36,3295,37,3298,1,3,3,243041.04204369,431263.47268677,84.11846161,dji_pose_mesh_ray_centroid,True,True,72102,2.378857,warp,,36.0,3296.0,1,1,1.0,1,2.378857,2.378857,3,3,1.0,"[[36.0,3295.0],[36.0,3296.0],[36.0,3297.0]]","[[243041.04225159,431263.47298431,84.11886024],[243041.04204369,431263.47268677,84.11846161],[243041.04183578,431263.47239685,84.1180625]]",dji_pose_mesh_ray_contour_nodes,
178,165,3,SPL,629.9333,3319.3,623,3315,636,3324,13,9,60,243041.12282753,431263.1703949,84.11566305,dji_pose_mesh_ray_centroid,True,True,1113273,2.202559,warp,,629.9333,3319.3,1,1,1.0,1,2.202559,2.202559,14,14,1.0,"[[623.0,3320.5],[624.0,3320.5],[625.0,3320.5],[626.0,3320.5],[626.5,3320.0],[627.0,3319.5],[627.5,3319.0],[628.0,3318.5],[628.5,3318.0],[628.5,3317.0],[629.0,3316.5],[629.5,3316.0],[630.0,3315.5],[630.5,3315.0]]","[[243041.12136459,431263.17328644,84.11521673],[243041.12154198,431263.1728363,84.11521196],[243041.12171745,431263.17237854,84.11520719],[243041.12189293,431263.17192078,84.11520243],[243041.12208176,431263.17180634,84.11539984],[243041.12227249,431263.17169189,84.11559725],[243041.12246132,431263.17157745,84.11579466],[243041.12265205,431263.17146301,84.11599207],[243041.12284279,431263.17134857,84.11618948],[243041.12304688,431263.17156982,84.11658907],[243041.12323761,431263.17145538,84.11678648],[243041.12342644,431263.17134094,84.11698389],[243041.12361717,431263.1712265,84.11718178],[243041.12380791,431263.17111206,84.11737919]]",dji_pose_mesh_ray_contour_nodes,
179,166,3,SPL,738.0741,3319.6296,730,3315,746,3325,16,10,108,243041.14177513,431263.12093353,84.11501408,dji_pose_mesh_ray_centroid,True,True,1113273,2.180441,warp,,738.0741,3319.6296,1,1,1.0,1,2.180441,2.180441,15,15,1.0,"[[730.0,3320.5],[730.5,3320.0],[731.0,3319.5],[731.5,3319.0],[732.0,3318.5],[732.5,3318.0],[733.0,3317.5],[733.5,3317.0],[734.0,3316.5],[735.0,3316.5],[736.0,3316.5],[736.5,3316.0],[737.0,3315.5],[738.0,3315.5],[738.5,3315.0]]","[[243041.14017487,431263.1244278,84.11470461],[243041.1403656,431263.12431335,84.11490202],[243041.14055824,431263.12419128,84.11509943],[243041.14074898,431263.12407684,84.11529684],[243041.14094162,431263.12395477,84.11549425],[243041.14113235,431263.1238327,84.11569214],[243041.141325,431263.12371826,84.11588955],[243041.14151573,431263.12359619,84.11608696],[243041.14170647,431263.12348175,84.11628485],[243041.14188385,431263.12302399,84.11628008],[243041.14205933,431263.12256622,84.11627531],[243041.14225197,431263.12244415,84.11647272],[243041.1424427,431263.12232971,84.11667061],[243041.14261818,431263.12187195,84.11666584],[243041.14281082,431263.12174988,84.11686373]]",dji_pose_mesh_ray_contour_nodes,
180,167,3,SPL,663.9381,3329.1409,644,3318,684,3343,40,25,582,243041.12678719,431263.15267944,84.11157322,dji_pose_mesh_ray_centroid,True,True,1113273,2.193864,warp,,663.9381,3329.1409,1,1,1.0,1,2.193864,2.193864,53,53,1.0,"[[668.5,3342.0],[668.0,3341.5],[667.5,3341.0],[667.0,3340.5],[666.5,3340.0],[666.0,3339.5],[665.0,3339.5],[664.5,3339.0],[664.5,3338.0],[664.5,3337.0],[664.5,3336.0],[665.0,3335.5],[666.0,3335.5],[666.5,3335.0],[667.0,3334.5],[667.5,3334.0],[667.5,3333.0],[667.0,3332.5],[666.5,3332.0],[666.0,3331.5],[665.0,3331.5],[664.0,3331.5],[663.0,3331.5],[662.0,3331.5],[661.0,3331.5],[660.0,3331.5],[659.0,3331.5],[658.5,3332.0],[658.0,3332.5],[657.0,3332.5],[656.5,3333.0],[656.0,3333.5],[655.5,3334.0],[655.5,3335.0],[655.5,3336.0],[655.0,3336.5],[654.5,3337.0],[654.0,3337.5],[653.5,3338.0],[653.0,3338.5],[652.0,3338.5],[651.5,3339.0],[651.0,3339.5],[650.0,3339.5],[649.5,3340.0],[649.0,3340.5],[648.5,3340.0],[648.0,3339.5],[647.0,3339.5],[646.0,3339.5],[645.0,3339.5],[644.5,3339.0],[644.0,3338.5]]","[[243041.12495995,431263.1477356,84.10643673],[243041.1249733,431263.14807892,84.10663795],[243041.12498856,431263.14841461,84.1068387],[243041.12500191,431263.14875031,84.10703993],[243041.12501717,431263.14909363,84.10724068],[243041.12503052,431263.14942932,84.1074419],[243041.12485695,431263.14988708,84.10744667],[243041.1248703,431263.15022278,84.1076479],[243041.12507439,431263.15045166,84.1080451],[243041.12527847,431263.15067291,84.10844278],[243041.12548447,431263.15089417,84.10883999],[243041.12567329,431263.15077972,84.10903645],[243041.12584877,431263.15032196,84.10903215],[243041.1260376,431263.15020752,84.10922861],[243041.12622833,431263.15008545,84.10942507],[243041.12641716,431263.14997101,84.10962152],[243041.12662315,431263.15019226,84.11001968],[243041.12663651,431263.15053558,84.11022091],[243041.12665176,431263.15087128,84.11042213],[243041.12666702,431263.1512146,84.11062384],[243041.12649155,431263.15166473,84.1106286],[243041.12631607,431263.1521225,84.11063337],[243041.12614059,431263.15258026,84.11063814],[243041.12596512,431263.1530304,84.11064291],[243041.12578964,431263.15348816,84.11064768],[243041.12561417,431263.15394592,84.11065245],[243041.12543869,431263.15440369,84.11065769],[243041.12524796,431263.15451813,84.11046076],[243041.12505913,431263.15463257,84.1102643],[243041.12488365,431263.15509033,84.11026907],[243041.12469292,431263.15520477,84.11007214],[243041.12450409,431263.15531921,84.10987568],[243041.12431335,431263.15544128,84.10967922],[243041.12410927,431263.1552124,84.10928154],[243041.12390518,431263.15499115,84.10888338],[243041.12371635,431263.15510559,84.10868692],[243041.12352562,431263.15522766,84.10849094],[243041.12333679,431263.1553421,84.10829449],[243041.12314606,431263.15545654,84.10809803],[243041.12295723,431263.15557098,84.10790205],[243041.12278175,431263.15602875,84.10790682],[243041.12259293,431263.15614319,84.10771036],[243041.12240219,431263.15625763,84.10751438],[243041.12222862,431263.15671539,84.10751915],[243041.12203789,431263.15682983,84.10732269],[243041.12184906,431263.1569519,84.10712671],[243041.12186241,431263.1572876,84.10732746],[243041.12187767,431263.15762329,84.10752869],[243041.12170219,431263.15808105,84.10753345],[243041.12152672,431263.15853882,84.10753822],[243041.12135124,431263.15898895,84.10754299],[243041.1213665,431263.15933228,84.10774422],[243041.12137985,431263.15966797,84.10794544]]",dji_pose_mesh_ray_contour_nodes,
181,168,3,SPL,753.8083,3337.4605,730,3323,768,3349,38,26,532,243041.14085007,431263.10986328,84.10782862,dji_pose_mesh_ray_centroid,True,True,1113273,2.174413,warp,,753.8083,3337.4605,1,1,1.0,1,2.174413,2.174413,55,55,1.0,"[[730.0,3336.5],[731.0,3336.5],[731.5,3336.0],[732.0,3335.5],[733.0,3335.5],[734.0,3335.5],[734.5,3335.0],[735.0,3334.5],[735.5,3334.0],[736.0,3333.5],[737.0,3333.5],[737.5,3333.0],[738.0,3332.5],[738.5,3333.0],[739.0,3333.5],[740.0,3333.5],[740.5,3334.0],[741.0,3334.5],[742.0,3334.5],[743.0,3334.5],[743.5,3334.0],[744.0,3333.5],[745.0,3333.5],[745.5,3333.0],[745.5,3332.0],[746.0,3331.5],[746.5,3331.0],[747.0,3330.5],[747.5,3331.0],[748.0,3331.5],[749.0,3331.5],[750.0,3331.5],[750.5,3331.0],[750.5,3330.0],[751.0,3329.5],[751.5,3329.0],[752.0,3328.5],[752.5,3328.0],[753.0,3327.5],[753.5,3327.0],[754.0,3326.5],[755.0,3326.5],[755.5,3327.0],[756.0,3327.5],[757.0,3327.5],[758.0,3327.5],[759.0,3327.5],[760.0,3327.5],[760.5,3327.0],[761.0,3326.5],[761.5,3326.0],[761.5,3325.0],[761.5,3324.0],[762.0,3323.5],[762.5,3323.0]]","[[243041.13687134,431263.12093353,84.10832548],[243041.13704681,431263.12047577,84.10832071],[243041.13723755,431263.1203537,84.10851717],[243041.13742828,431263.12023926,84.10871363],[243041.13760376,431263.11978149,84.10870886],[243041.13777924,431263.11932373,84.10870409],[243041.13796997,431263.11920929,84.10890055],[243041.13816071,431263.11908722,84.10909748],[243041.13835144,431263.11896515,84.10929394],[243041.13854218,431263.11885071,84.10949039],[243041.13871765,431263.11839294,84.10948563],[243041.13890839,431263.11827087,84.10968256],[243041.13909912,431263.11815643,84.10987902],[243041.13908386,431263.11782074,84.10967779],[243041.1390686,431263.11747742,84.10947609],[243041.13924408,431263.11702728,84.10947132],[243041.13922882,431263.11668396,84.10926962],[243041.13921356,431263.11634827,84.10906839],[243041.13938904,431263.1158905,84.10906362],[243041.13956451,431263.11544037,84.10905886],[243041.13975525,431263.1153183,84.10925531],[243041.13994789,431263.11519623,84.10945177],[243041.14012337,431263.11474609,84.109447],[243041.1403141,431263.11462402,84.10964394],[243041.1405201,431263.11483765,84.11004209],[243041.14071274,431263.11472321,84.11023855],[243041.14090347,431263.11460114,84.11043549],[243041.14109421,431263.11447906,84.11063242],[243041.14107895,431263.11414337,84.11043072],[243041.14106369,431263.11380768,84.11022901],[243041.14123917,431263.11334991,84.11022425],[243041.14141464,431263.11289215,84.11021948],[243041.14160538,431263.11277771,84.11041641],[243041.14181328,431263.11299133,84.11081505],[243041.14200401,431263.11287689,84.11101198],[243041.14219475,431263.11275482,84.11120844],[243041.14238739,431263.11263275,84.11140537],[243041.14257812,431263.11251831,84.11160231],[243041.14277077,431263.11239624,84.11179972],[243041.1429615,431263.11227417,84.11199665],[243041.14315224,431263.11215973,84.11219358],[243041.14332962,431263.11170197,84.11218882],[243041.14331245,431263.11135864,84.11198711],[243041.1432972,431263.11102295,84.11178541],[243041.14347267,431263.11056519,84.11178064],[243041.14364815,431263.11011505,84.11177587],[243041.14382362,431263.10965729,84.11177111],[243041.14400101,431263.10919952,84.11176586],[243041.14419174,431263.10907745,84.11196279],[243041.14438438,431263.10895538,84.11216021],[243041.14457512,431263.10884094,84.11235714],[243041.14478302,431263.10905457,84.11275625],[243041.14499092,431263.10927582,84.11315536],[243041.14518166,431263.10915375,84.11335278],[243041.1453743,431263.10903168,84.11355019]]",dji_pose_mesh_ray_contour_nodes,
182,169,3,SPL,462.2667,3328.3333,461,3326,465,3331,4,5,15,243041.09497452,431263.24868774,84.11122656,dji_pose_mesh_ray_centroid,True,True,1113280,2.242621,warp,,462.2667,3328.3333,1,1,1.0,1,2.242621,2.242621,4,4,1.0,"[[462.5,3326.0],[463.0,3326.5],[463.5,3327.0],[464.0,3327.5]]","[[243041.0954895,431263.24914551,84.11215305],[243041.0954628,431263.2487793,84.11195803],[243041.0954361,431263.24841309,84.11176252],[243041.0954113,431263.2480545,84.1115675]]",dji_pose_mesh_ray_contour_nodes,
183,170,3,SPL,689.5,3329.0,689,3329,691,3330,2,1,2,243041.13130379,431263.14105225,84.11150694,dji_pose_mesh_ray_centroid,True,True,1113273,2.188666,warp,,689.5,3329.0,1,1,1.0,1,2.188666,2.188666,2,2,1.0,"[[689.0,3329.0],[690.0,3329.0]]","[[243041.13121605,431263.14128113,84.11150932],[243041.13139153,431263.14082336,84.11150455]]",dji_pose_mesh_ray_contour_nodes,
184,171,3,SPL,711.9249,3337.2042,698,3329,726,3346,28,17,333,243041.13355446,431263.12901306,84.10813284,dji_pose_mesh_ray_centroid,True,True,1113273,2.182788,warp,,711.9249,3337.2042,1,1,1.0,1,2.182788,2.182788,30,30,1.0,"[[725.0,3337.5],[724.5,3338.0],[724.0,3338.5],[723.0,3338.5],[722.5,3339.0],[722.0,3339.5],[721.5,3340.0],[721.0,3340.5],[720.5,3341.0],[720.0,3341.5],[719.0,3341.5],[718.5,3342.0],[718.0,3342.5],[717.5,3343.0],[717.0,3343.5],[716.0,3343.5],[715.0,3343.5],[714.5,3344.0],[714.0,3344.5],[713.0,3344.5],[712.0,3344.5],[711.0,3344.5],[710.0,3344.5],[709.0,3344.5],[708.0,3344.5],[707.0,3344.5],[706.0,3344.5],[705.0,3344.5],[704.0,3344.5],[703.5,3345.0]]","[[243041.13578796,431263.12299347,84.10795212],[243041.13559723,431263.12310791,84.10775566],[243041.13540649,431263.12322998,84.1075592],[243041.13523102,431263.12368774,84.10756397],[243041.13504028,431263.12380219,84.10736752],[243041.13484955,431263.12392426,84.10717154],[243041.13465881,431263.1240387,84.10697508],[243041.13446808,431263.12416077,84.1067791],[243041.13427734,431263.12427521,84.10658264],[243041.13408852,431263.12439728,84.10638666],[243041.13391304,431263.12485504,84.10639143],[243041.13372231,431263.12496948,84.10619497],[243041.13353157,431263.12509155,84.10599899],[243041.13334084,431263.12520599,84.10580301],[243041.1331501,431263.12532806,84.10560703],[243041.13297653,431263.1257782,84.1056118],[243041.13280106,431263.12623596,84.10561657],[243041.13261032,431263.12635803,84.10542059],[243041.13241959,431263.12647247,84.10522461],[243041.13224411,431263.12693024,84.10522938],[243041.13207054,431263.12738037,84.10523415],[243041.13189507,431263.12783813,84.10523939],[243041.13171959,431263.1282959,84.10524368],[243041.13154411,431263.12874603,84.10524893],[243041.13136864,431263.1292038,84.1052537],[243041.13119316,431263.12966156,84.10525846],[243041.13101768,431263.13011169,84.10526323],[243041.13084221,431263.13056946,84.105268],[243041.13066864,431263.13102722,84.10527277],[243041.13047791,431263.13114166,84.10507679]]",dji_pose_mesh_ray_contour_nodes,
185,172,3,SPL,24.9231,3334.8846,20,3331,30,3340,10,9,52,243041.03261185,431263.46729279,84.10280895,dji_pose_mesh_ray_centroid,True,True,72102,2.373806,warp,,24.9231,3334.8846,1,1,1.0,1,2.373806,2.373806,13,13,1.0,"[[26.5,3339.0],[26.0,3338.5],[25.0,3338.5],[24.5,3338.0],[24.0,3337.5],[23.5,3337.0],[23.0,3336.5],[22.5,3336.0],[22.0,3335.5],[21.5,3335.0],[21.0,3334.5],[20.5,3334.0],[20.0,3333.5]]","[[243041.03196526,431263.465271,84.10122108],[243041.03200531,431263.46568298,84.10140753],[243041.03187943,431263.46620941,84.10138655],[243041.03191948,431263.4666214,84.10157251],[243041.03195953,431263.46702576,84.10175896],[243041.03199959,431263.46743774,84.1019454],[243041.03203964,431263.4678421,84.10213184],[243041.0320797,431263.46825409,84.10231829],[243041.03211784,431263.46866608,84.10250473],[243041.0321579,431263.46907043,84.10269117],[243041.03219795,431263.46948242,84.10287762],[243041.03223801,431263.46988678,84.10306454],[243041.03227806,431263.47029877,84.10325098]]",dji_pose_mesh_ray_contour_nodes,
186,173,3,SPL,632.8571,3336.5238,630,3335,637,3339,7,4,21,243041.11982918,431263.16518402,84.1087842,dji_pose_mesh_ray_centroid,True,True,1113273,2.199052,warp,,632.8571,3336.5238,1,1,1.0,1,2.199052,2.199052,4,4,1.0,"[[634.5,3335.0],[635.0,3335.5],[635.5,3336.0],[636.0,3336.5]]","[[243041.12042809,431263.16477966,84.10938263],[243041.12041283,431263.16444397,84.1091814],[243041.12039948,431263.16410065,84.10898018],[243041.12038612,431263.16375732,84.10877895]]",dji_pose_mesh_ray_contour_nodes,
187,174,3,SPL,7.9565,3340.9783,4,3338,13,3345,9,7,46,243041.02922821,431263.47450256,84.1000495,dji_pose_mesh_ray_centroid,True,True,72102,2.378356,warp,,7.9565,3340.9783,1,1,1.0,1,2.378356,2.378356,8,8,1.0,"[[6.5,3338.0],[7.0,3338.5],[8.0,3338.5],[9.0,3338.5],[10.0,3338.5],[10.5,3339.0],[11.0,3339.5],[12.0,3339.5]]","[[243041.02965546,431263.47614288,84.10119152],[243041.0296154,431263.4757309,84.10100555],[243041.02974129,431263.47520447,84.10102653],[243041.02986717,431263.47467041,84.10104752],[243041.02999306,431263.47414398,84.10106897],[243041.029953,431263.47373199,84.10088253],[243041.02991486,431263.47332764,84.10069609],[243041.03004074,431263.47279358,84.10071754]]",dji_pose_mesh_ray_contour_nodes,
188,175,3,SPL,564.9432,3381.2642,554,3366,577,3397,23,31,405,243041.09976959,431263.18682861,84.09104872,dji_pose_mesh_ray_centroid,True,True,1113280,2.20717,warp,,564.9432,3381.2642,1,1,1.0,1,2.20717,2.20717,47,47,1.0,"[[554.0,3392.5],[554.5,3392.0],[554.5,3391.0],[555.0,3390.5],[555.5,3390.0],[555.5,3389.0],[555.5,3388.0],[556.0,3387.5],[556.5,3387.0],[556.5,3386.0],[556.5,3385.0],[556.5,3384.0],[556.0,3383.5],[555.5,3383.0],[555.0,3382.5],[554.5,3382.0],[554.5,3381.0],[555.0,3380.5],[555.5,3380.0],[556.0,3379.5],[556.5,3379.0],[557.0,3378.5],[557.5,3378.0],[558.0,3377.5],[559.0,3377.5],[559.5,3377.0],[559.5,3376.0],[559.5,3375.0],[560.0,3374.5],[560.5,3374.0],[560.5,3373.0],[561.0,3372.5],[562.0,3372.5],[562.5,3372.0],[563.0,3371.5],[563.5,3371.0],[564.0,3370.5],[564.5,3370.0],[565.0,3369.5],[565.5,3369.0],[566.0,3368.5],[566.5,3368.0],[567.0,3367.5],[567.5,3367.0],[568.0,3366.5],[569.0,3366.5],[569.5,3366.0]]","[[243041.09581947,431263.1894455,84.08660603],[243041.09599686,431263.18932343,84.08680391],[243041.09620094,431263.18955231,84.08719253],[243041.09637833,431263.18943024,84.08738995],[243041.09655571,431263.18930817,84.08758783],[243041.0967598,431263.18953705,84.08797646],[243041.09696198,431263.18977356,84.08836603],[243041.09714127,431263.18965149,84.08856344],[243041.09731865,431263.18952942,84.08876133],[243041.09752274,431263.1897583,84.08915043],[243041.09772682,431263.18999481,84.08954],[243041.09793091,431263.19022369,84.08992958],[243041.0979557,431263.19058228,84.09012127],[243041.09798241,431263.19093323,84.09031343],[243041.09800911,431263.19129181,84.09050512],[243041.09803391,431263.19164276,84.09069681],[243041.0982399,431263.19187927,84.09108686],[243041.09841728,431263.1917572,84.09128475],[243041.09859467,431263.19163513,84.09148312],[243041.09877205,431263.19150543,84.091681],[243041.09895134,431263.19138336,84.09187937],[243041.09912872,431263.19126129,84.09207773],[243041.09930801,431263.19113922,84.0922761],[243041.0994854,431263.19101715,84.09247398],[243041.09963608,431263.19054413,84.09248018],[243041.09981537,431263.19041443,84.09267855],[243041.10001945,431263.19065094,84.09306908],[243041.10022354,431263.19087982,84.09345961],[243041.10040283,431263.19075775,84.09365797],[243041.10058022,431263.19063568,84.09385681],[243041.10078621,431263.19087219,84.09424734],[243041.10096359,431263.19075012,84.09444618],[243041.10111618,431263.19026947,84.09445238],[243041.10129356,431263.1901474,84.09465074],[243041.10147285,431263.19002533,84.09484959],[243041.10165024,431263.18990326,84.09504795],[243041.10182953,431263.18978119,84.09524679],[243041.10200691,431263.18965912,84.09544563],[243041.1021862,431263.18953705,84.095644],[243041.10236549,431263.18940735,84.09584284],[243041.10254288,431263.18928528,84.09604168],[243041.10272217,431263.18916321,84.09624052],[243041.10289955,431263.18904114,84.09643936],[243041.10307884,431263.18891907,84.0966382],[243041.10325813,431263.188797,84.09683704],[243041.10340881,431263.18831635,84.09684324],[243041.1035881,431263.18819427,84.09704208]]",dji_pose_mesh_ray_contour_nodes,
189,176,3,SPL,700.3279,3384.1475,693,3380,708,3388,15,8,61,243041.12195206,431263.1240387,84.08964872,dji_pose_mesh_ray_centroid,True,True,1113273,2.177593,warp,,700.3279,3384.1475,1,1,1.0,1,2.177593,2.177593,17,17,1.0,"[[693.0,3384.5],[694.0,3384.5],[694.5,3384.0],[695.0,3383.5],[696.0,3383.5],[697.0,3383.5],[697.5,3383.0],[698.0,3382.5],[699.0,3382.5],[699.5,3382.0],[700.0,3381.5],[701.0,3381.5],[701.5,3381.0],[702.0,3380.5],[703.0,3380.5],[704.0,3380.5],[704.5,3380.0]]","[[243041.12060547,431263.12728119,84.08954668],[243041.12077904,431263.12683105,84.08954191],[243041.12096786,431263.12670898,84.08973551],[243041.12115479,431263.12659454,84.0899291],[243041.12133026,431263.12613678,84.08992434],[243041.12150383,431263.12568665,84.08991909],[243041.12169266,431263.1255722,84.09011316],[243041.12188148,431263.12545013,84.09030676],[243041.12205505,431263.125,84.09030199],[243041.12224197,431263.12487793,84.09049559],[243041.1224308,431263.12476349,84.09068966],[243041.12260628,431263.12431335,84.09068441],[243041.1227932,431263.12419128,84.09087849],[243041.12298203,431263.12407684,84.09107256],[243041.1231575,431263.12361908,84.09106731],[243041.12333107,431263.12316895,84.09106255],[243041.1235199,431263.1230545,84.09125614]]",dji_pose_mesh_ray_contour_nodes,
190,177,3,SPL,723.3043,3381.1304,719,3380,730,3384,11,4,23,243041.12656784,431263.11428833,84.0907197,dji_pose_mesh_ray_centroid,True,True,1113273,2.173497,warp,,723.3043,3381.1304,1,1,1.0,1,2.173497,2.173497,9,9,1.0,"[[729.0,3381.5],[728.0,3381.5],[727.0,3381.5],[726.0,3381.5],[725.5,3382.0],[725.0,3382.5],[724.0,3382.5],[723.0,3382.5],[722.5,3383.0]]","[[243041.12748528,431263.11162567,84.09054708],[243041.1273098,431263.11208344,84.09055185],[243041.12713623,431263.11253357,84.09055662],[243041.12696266,431263.1129837,84.09056139],[243041.12677383,431263.11310577,84.09036779],[243041.12658501,431263.11322021,84.09017372],[243041.12640953,431263.11367798,84.09017897],[243041.12623596,431263.11412811,84.09018373],[243041.12604713,431263.11425018,84.08999014]]",dji_pose_mesh_ray_contour_nodes,
191,178,3,SPL,9.0174,3429.3304,6,3419,14,3441,8,22,115,243041.01151848,431263.44871521,84.06576729,dji_pose_mesh_ray_centroid,True,True,72102,2.358566,warp,,9.0174,3429.3304,1,1,1.0,1,2.358566,2.358566,21,21,1.0,"[[13.0,3426.5],[12.5,3427.0],[12.0,3427.5],[11.5,3428.0],[11.0,3428.5],[10.0,3428.5],[9.5,3429.0],[9.5,3430.0],[9.5,3431.0],[9.5,3432.0],[9.5,3433.0],[9.5,3434.0],[9.5,3435.0],[10.0,3435.5],[10.5,3436.0],[11.0,3436.5],[12.0,3436.5],[12.5,3437.0],[12.5,3438.0],[12.5,3439.0],[12.5,3440.0]]","[[243041.01257896,431263.44743347,84.06693935],[243041.01241684,431263.44755554,84.0667367],[243041.01225471,431263.44767761,84.06653404],[243041.01209259,431263.44779205,84.06633186],[243041.01193047,431263.44791412,84.06612921],[243041.01180649,431263.44843292,84.06610727],[243041.01164436,431263.44855499,84.06590462],[243041.01144409,431263.44827271,84.06552172],[243041.01124573,431263.44799042,84.06513882],[243041.01104736,431263.44770813,84.06475592],[243041.01084709,431263.44742584,84.06437302],[243041.01064873,431263.44714355,84.06399107],[243041.01045036,431263.4468689,84.06360817],[243041.01041222,431263.44646454,84.0634284],[243041.01037598,431263.44606018,84.06324816],[243041.01033783,431263.44566345,84.06306791],[243041.01046371,431263.44514465,84.06309032],[243041.01042557,431263.4447403,84.06291008],[243041.0102272,431263.44446564,84.06252813],[243041.01002884,431263.44418335,84.06214619],[243041.00983047,431263.44390106,84.06176424]]",dji_pose_mesh_ray_contour_nodes,
192,179,3,SPL,7.8699,3458.3984,1,3452,17,3464,16,12,123,243041.00560951,431263.44115448,84.05465841,dji_pose_mesh_ray_centroid,True,True,72102,2.352842,warp,,7.8699,3458.3984,1,1,1.0,1,2.352842,2.352842,20,20,1.0,"[[4.5,3452.0],[5.0,3452.5],[6.0,3452.5],[6.5,3453.0],[7.0,3453.5],[8.0,3453.5],[8.5,3454.0],[9.0,3454.5],[10.0,3454.5],[10.5,3455.0],[11.0,3455.5],[12.0,3455.5],[13.0,3455.5],[13.5,3456.0],[14.0,3456.5],[14.5,3457.0],[14.5,3458.0],[15.0,3458.5],[15.5,3459.0],[16.0,3459.5]]","[[243041.00645638,431263.44469452,84.05701494],[243041.00641823,431263.44429016,84.05683565],[243041.00654411,431263.44377136,84.05685806],[243041.00650597,431263.44337463,84.05667877],[243041.00646973,431263.44297791,84.05649996],[243041.0065937,431263.44245911,84.05652189],[243041.00655746,431263.44205475,84.05634308],[243041.00652122,431263.44165802,84.05616379],[243041.0066452,431263.44113922,84.0561862],[243041.00660896,431263.44074249,84.05600738],[243041.00657272,431263.44033813,84.05582809],[243041.0066967,431263.43981934,84.05585051],[243041.00682068,431263.43930817,84.05587244],[243041.00678444,431263.43890381,84.05569363],[243041.00674629,431263.43850708,84.05551529],[243041.00671005,431263.43811035,84.05533647],[243041.0065136,431263.43782806,84.05495644],[243041.00647545,431263.43743134,84.05477762],[243041.00643921,431263.43703461,84.05459928],[243041.00640297,431263.43663788,84.05442047]]",dji_pose_mesh_ray_contour_nodes,
193,180,3,SPL,415.0,3463.1579,411,3460,419,3467,8,7,19,243041.06096458,431263.23919678,84.05839729,dji_pose_mesh_ray_centroid,True,True,286028,2.231405,warp,,415.0,3463.1579,1,1,1.0,1,2.231405,2.231405,12,12,1.0,"[[412.5,3460.0],[413.0,3460.5],[414.0,3460.5],[414.5,3461.0],[415.0,3461.5],[415.5,3462.0],[415.0,3462.5],[414.0,3462.5],[413.0,3462.5],[412.0,3462.5],[411.5,3462.0],[411.0,3461.5]]","[[243041.06120872,431263.24112701,84.05958605],[243041.06118584,431263.24076843,84.05939865],[243041.06133461,431263.24029541,84.0594058],[243041.06131172,431263.23993683,84.05921841],[243041.06128693,431263.23958588,84.05903101],[243041.06126404,431263.23922729,84.05884361],[243041.06109238,431263.23934937,84.05864906],[243041.0609436,431263.23982239,84.05864143],[243041.06079674,431263.24030304,84.0586338],[243041.06064796,431263.24077606,84.05862617],[243041.06067085,431263.24112701,84.05881357],[243041.06069374,431263.2414856,84.05900097]]",dji_pose_mesh_ray_contour_nodes,
194,181,3,SPL,398.5962,3478.3205,388,3466,407,3492,19,26,156,243041.05558968,431263.24342346,84.05249166,dji_pose_mesh_ray_centroid,True,True,286028,2.233173,warp,,398.5962,3478.3205,1,1,1.0,1,2.233173,2.233173,45,45,1.0,"[[388.0,3488.5],[388.5,3488.0],[389.0,3487.5],[390.0,3487.5],[390.5,3487.0],[390.5,3486.0],[391.0,3485.5],[391.5,3485.0],[392.0,3484.5],[392.5,3484.0],[393.0,3483.5],[394.0,3483.5],[394.5,3483.0],[395.0,3482.5],[396.0,3482.5],[397.0,3482.5],[398.0,3482.5],[398.5,3482.0],[398.5,3481.0],[398.5,3480.0],[398.5,3479.0],[398.5,3478.0],[398.5,3477.0],[398.0,3476.5],[397.5,3476.0],[397.0,3475.5],[396.5,3475.0],[396.0,3474.5],[395.5,3474.0],[395.5,3473.0],[396.0,3472.5],[396.5,3472.0],[397.0,3471.5],[397.5,3471.0],[398.0,3470.5],[398.5,3470.0],[399.0,3469.5],[399.5,3469.0],[400.0,3468.5],[401.0,3468.5],[401.5,3468.0],[402.0,3467.5],[402.5,3467.0],[403.0,3466.5],[403.5,3466.0]]","[[243041.05205536,431263.2460556,84.04854298],[243041.05222702,431263.24594116,84.04873657],[243041.05239677,431263.24581909,84.04893017],[243041.05254555,431263.24534607,84.0489378],[243041.0527153,431263.245224,84.04913139],[243041.05290794,431263.24546051,84.04951096],[243041.0530777,431263.24533844,84.04970455],[243041.05324936,431263.245224,84.04989862],[243041.05341911,431263.24510193,84.05009222],[243041.05359077,431263.24497986,84.05028582],[243041.05376053,431263.24486542,84.05047941],[243041.0539093,431263.2443924,84.05048704],[243041.05407906,431263.24427032,84.05068111],[243041.05425072,431263.24414825,84.05087471],[243041.05439758,431263.24367523,84.05088234],[243041.05454636,431263.24320221,84.05088997],[243041.05469513,431263.24272919,84.0508976],[243041.05486488,431263.24260712,84.05109119],[243041.05505753,431263.24284363,84.05147171],[243041.05525208,431263.24307251,84.05185175],[243041.05544472,431263.24330902,84.05223227],[243041.05563736,431263.24354553,84.05261278],[243041.05583191,431263.24378204,84.0529933],[243041.0558548,431263.244133,84.05318022],[243041.05587769,431263.24449158,84.05336666],[243041.05590057,431263.24484253,84.0535531],[243041.05592155,431263.24520111,84.05374002],[243041.05594444,431263.24555969,84.05392694],[243041.05596733,431263.24591064,84.05411339],[243041.05616188,431263.24614716,84.05449438],[243041.05633163,431263.24602509,84.05468893],[243041.0565033,431263.24591064,84.054883],[243041.05667496,431263.24578857,84.05507755],[243041.05684471,431263.2456665,84.0552721],[243041.05701637,431263.24554443,84.05546665],[243041.05718803,431263.24542999,84.05566072],[243041.05735779,431263.24530792,84.05585575],[243041.05752945,431263.24518585,84.05604982],[243041.05770111,431263.24507141,84.05624485],[243041.05784988,431263.24459076,84.056252],[243041.05801964,431263.24447632,84.05644655],[243041.0581913,431263.24435425,84.0566411],[243041.05836296,431263.24423218,84.05683565],[243041.05853462,431263.24411011,84.05703068],[243041.05870628,431263.24399567,84.05722523]]",dji_pose_mesh_ray_contour_nodes,
195,182,3,SPL,413.0,3469.0,413,3469,414,3470,1,1,1,243041.05953217,431263.23877716,84.05615139,dji_pose_mesh_ray_centroid,True,True,286028,2.230963,warp,,413.0,3469.0,1,1,1.0,1,2.230963,2.230963,1,1,1.0,"[[413.0,3469.0]]","[[243041.05953217,431263.23877716,84.05615139]]",dji_pose_mesh_ray_contour_nodes,
196,183,3,SPL,422.0,3469.5,422,3469,423,3471,1,2,2,243041.06077003,431263.23438263,84.05602884,dji_pose_mesh_ray_centroid,True,True,286028,2.228552,warp,,422.0,3469.5,1,1,1.0,1,2.228552,2.228552,2,2,1.0,"[[422.0,3469.0],[422.0,3470.0]]","[[243041.06086731,431263.23449707,84.0562191],[243041.06067276,431263.23426056,84.05583763]]",dji_pose_mesh_ray_contour_nodes,
197,184,3,SPL,407.6897,3500.7931,404,3498,413,3504,9,6,29,243041.05260086,431263.23386383,84.04403639,dji_pose_mesh_ray_centroid,True,True,286028,2.227186,warp,,407.6897,3500.7931,1,1,1.0,1,2.227186,2.227186,8,8,1.0,"[[404.0,3500.5],[405.0,3500.5],[405.5,3500.0],[406.0,3499.5],[407.0,3499.5],[407.5,3499.0],[408.0,3498.5],[408.5,3498.0]]","[[243041.05211258,431263.235672,84.04411936],[243041.05225945,431263.23519897,84.04412699],[243041.05243111,431263.23508453,84.04431963],[243041.05260086,431263.23496246,84.04451275],[243041.05274773,431263.23448944,84.04452038],[243041.05291748,431263.23436737,84.04471302],[243041.05308723,431263.2342453,84.04490614],[243041.0532589,431263.23413086,84.04509926]]",dji_pose_mesh_ray_contour_nodes,
198,185,3,SPL,944.9323,3552.1912,933,3546,958,3560,25,14,251,243041.11826324,431262.96839142,84.03045368,dji_pose_mesh_ray_centroid,True,True,1113279,2.090683,warp,,944.9323,3552.1912,1,1,1.0,1,2.090683,2.090683,32,32,1.0,"[[934.5,3546.0],[935.0,3546.5],[936.0,3546.5],[937.0,3546.5],[938.0,3546.5],[939.0,3546.5],[940.0,3546.5],[941.0,3546.5],[942.0,3546.5],[943.0,3546.5],[943.5,3547.0],[944.0,3547.5],[945.0,3547.5],[946.0,3547.5],[947.0,3547.5],[947.5,3547.0],[948.0,3546.5],[949.0,3546.5],[950.0,3546.5],[951.0,3546.5],[952.0,3546.5],[953.0,3546.5],[953.5,3547.0],[954.0,3547.5],[954.5,3548.0],[955.0,3548.5],[955.5,3549.0],[955.5,3550.0],[956.0,3550.5],[956.5,3551.0],[956.5,3552.0],[957.0,3552.5]]","[[243041.11836243,431262.97478485,84.03246736],[243041.1183033,431262.97442627,84.03230238],[243041.11845016,431262.97396851,84.03230905],[243041.11859703,431262.97350311,84.03231573],[243041.1187458,431262.97304535,84.03232193],[243041.11889076,431262.97257996,84.03232861],[243041.11903954,431262.97212219,84.03233528],[243041.1191864,431262.9716568,84.03234196],[243041.11933327,431262.97119904,84.03234863],[243041.11948013,431262.97073364,84.03235483],[243041.11942101,431262.97037506,84.03218985],[243041.11936188,431262.97001648,84.03202486],[243041.11950874,431262.96955872,84.03203154],[243041.11965561,431262.96909332,84.03203821],[243041.11980247,431262.96862793,84.03204489],[243041.12000847,431262.96852875,84.03221655],[243041.12021446,431262.96842194,84.03238773],[243041.12036133,431262.96796417,84.03239441],[243041.12050819,431262.96749878,84.03240108],[243041.12065506,431262.96704102,84.03240776],[243041.12080193,431262.96657562,84.03241444],[243041.12094879,431262.96611786,84.03242111],[243041.12088966,431262.96575928,84.03225613],[243041.12083244,431262.9654007,84.03209066],[243041.12077332,431262.96504211,84.03192615],[243041.12071419,431262.96468353,84.03176069],[243041.12065506,431262.96432495,84.03159618],[243041.12039185,431262.96407318,84.03126001],[243041.12033272,431262.9637146,84.03109503],[243041.1202755,431262.96335602,84.03093004],[243041.12001038,431262.96310425,84.03059435],[243041.11995125,431262.96274567,84.03042984]]",dji_pose_mesh_ray_contour_nodes,
199,186,3,SPL,979.0,3549.0,978,3549,981,3550,3,1,3,243041.12410736,431262.95348358,84.03175116,dji_pose_mesh_ray_centroid,True,True,1113279,2.084534,warp,,979.0,3549.0,1,1,1.0,1,2.084534,2.084534,3,3,1.0,"[[978.0,3549.0],[979.0,3549.0],[980.0,3549.0]]","[[243041.12395859,431262.95394135,84.03174448],[243041.12410736,431262.95348358,84.03175116],[243041.12425232,431262.95301819,84.03175735]]",dji_pose_mesh_ray_contour_nodes,
200,187,3,SPL,933.2,3578.4,932,3578,935,3580,3,2,5,243041.10967445,431262.96714783,84.0216136,dji_pose_mesh_ray_centroid,True,True,1113279,2.087316,warp,,933.2,3578.4,1,1,1.0,1,2.087316,2.087316,2,2,1.0,"[[932.5,3579.0],[932.0,3578.5]]","[[243041.10941696,431262.96731567,84.02140951],[243041.10947418,431262.96767426,84.02157259]]",dji_pose_mesh_ray_contour_nodes,
201,188,3,SPL,933.2399,3662.9078,890,3586,982,3731,92,145,7032,243041.08878708,431262.94687653,83.99348211,dji_pose_mesh_ray_centroid,True,True,1113277,2.070762,warp,,933.2399,3662.9078,1,1,1.0,1,2.070762,2.070762,232,232,1.0,"[[981.0,3632.5],[980.5,3633.0],[980.5,3634.0],[980.5,3635.0],[980.5,3636.0],[980.5,3637.0],[980.0,3637.5],[979.5,3638.0],[979.5,3639.0],[979.0,3639.5],[978.5,3640.0],[978.0,3640.5],[977.5,3641.0],[977.5,3642.0],[977.0,3642.5],[976.5,3643.0],[976.5,3644.0],[976.5,3645.0],[976.5,3646.0],[976.5,3647.0],[976.5,3648.0],[976.5,3649.0],[977.0,3649.5],[977.5,3650.0],[977.0,3650.5],[976.0,3650.5],[975.0,3650.5],[974.5,3651.0],[974.0,3651.5],[973.0,3651.5],[972.5,3652.0],[972.0,3652.5],[971.5,3653.0],[971.0,3653.5],[970.5,3654.0],[970.5,3655.0],[970.0,3655.5],[969.5,3656.0],[969.0,3656.5],[968.5,3657.0],[968.0,3657.5],[967.0,3657.5],[966.0,3657.5],[965.5,3658.0],[965.0,3658.5],[964.5,3659.0],[964.0,3659.5],[963.5,3660.0],[963.0,3660.5],[962.5,3661.0],[962.0,3661.5],[961.5,3662.0],[961.5,3663.0],[961.5,3664.0],[962.0,3664.5],[962.5,3665.0],[963.0,3665.5],[964.0,3665.5],[965.0,3665.5],[965.5,3665.0],[966.0,3664.5],[966.5,3664.0],[967.0,3663.5],[967.5,3663.0],[967.5,3662.0],[967.5,3661.0],[968.0,3660.5],[969.0,3660.5],[970.0,3660.5],[970.5,3661.0],[971.0,3661.5],[971.5,3662.0],[972.0,3662.5],[972.5,3663.0],[972.5,3664.0],[972.5,3665.0],[973.0,3665.5],[973.5,3666.0],[973.0,3666.5],[972.5,3667.0],[972.5,3668.0],[972.5,3669.0],[972.5,3670.0],[972.0,3670.5],[971.5,3671.0],[971.5,3672.0],[971.0,3672.5],[970.5,3673.0],[970.5,3674.0],[970.0,3674.5],[969.5,3675.0],[969.0,3675.5],[968.0,3675.5],[967.5,3675.0],[967.0,3674.5],[966.5,3674.0],[966.5,3673.0],[966.5,3672.0],[966.5,3671.0],[966.5,3670.0],[966.0,3669.5],[965.5,3669.0],[965.5,3668.0],[965.0,3667.5],[964.5,3667.0],[964.0,3666.5],[963.0,3666.5],[962.0,3666.5],[961.0,3666.5],[960.0,3666.5],[959.0,3666.5],[958.5,3666.0],[958.0,3665.5],[957.5,3666.0],[957.0,3666.5],[956.5,3667.0],[956.0,3667.5],[955.5,3668.0],[955.0,3668.5],[954.5,3669.0],[954.0,3669.5],[953.0,3669.5],[952.0,3669.5],[951.0,3669.5],[950.5,3670.0],[950.0,3670.5],[949.5,3671.0],[949.5,3672.0],[949.5,3673.0],[949.5,3674.0],[949.0,3674.5],[948.0,3674.5],[947.5,3675.0],[947.0,3675.5],[946.5,3676.0],[946.0,3676.5],[945.5,3677.0],[945.0,3677.5],[944.5,3678.0],[944.5,3679.0],[944.5,3680.0],[945.0,3680.5],[946.0,3680.5],[947.0,3680.5],[948.0,3680.5],[949.0,3680.5],[950.0,3680.5],[950.5,3681.0],[951.0,3681.5],[952.0,3681.5],[952.5,3682.0],[952.5,3683.0],[953.0,3683.5],[953.5,3684.0],[953.5,3685.0],[953.5,3686.0],[954.0,3686.5],[954.5,3687.0],[954.5,3688.0],[954.5,3689.0],[955.0,3689.5],[955.5,3690.0],[955.0,3690.5],[954.5,3691.0],[954.5,3692.0],[954.5,3693.0],[954.5,3694.0],[954.5,3695.0],[954.5,3696.0],[954.5,3697.0],[954.5,3698.0],[954.5,3699.0],[954.5,3700.0],[954.5,3701.0],[954.5,3702.0],[954.0,3702.5],[953.5,3703.0],[953.5,3704.0],[953.0,3704.5],[952.5,3705.0],[952.0,3705.5],[951.5,3706.0],[951.0,3706.5],[950.5,3707.0],[950.0,3707.5],[949.5,3708.0],[949.0,3708.5],[948.0,3708.5],[947.5,3708.0],[947.0,3707.5],[946.0,3707.5],[945.5,3708.0],[945.0,3708.5],[944.0,3708.5],[943.5,3709.0],[943.5,3710.0],[943.5,3711.0],[943.5,3712.0],[943.5,3713.0],[944.0,3713.5],[944.5,3714.0],[944.5,3715.0],[944.0,3715.5],[943.0,3715.5],[942.5,3716.0],[942.0,3716.5],[941.0,3716.5],[940.5,3717.0],[940.0,3717.5],[939.0,3717.5],[938.5,3718.0],[938.0,3718.5],[937.0,3718.5],[936.5,3719.0],[936.5,3720.0],[936.0,3720.5],[935.5,3721.0],[935.5,3722.0],[935.0,3722.5],[934.5,3723.0],[934.5,3724.0],[934.0,3724.5],[933.5,3725.0],[933.5,3726.0],[933.0,3726.5],[932.5,3727.0],[932.0,3727.5],[931.5,3728.0],[931.0,3728.5],[930.5,3729.0],[930.0,3729.5],[929.5,3730.0]]","[[243041.10295296,431262.9322052,84.0039382],[243041.10274887,431262.93230438,84.00377464],[243041.10251808,431262.93208313,84.00343418],[243041.10228729,431262.93186951,84.00309324],[243041.10205841,431262.93164825,84.00275278],[243041.10182762,431262.93143463,84.00241232],[243041.10162163,431262.93153381,84.00224924],[243041.10141563,431262.931633,84.00208616],[243041.10118675,431262.93141174,84.00174618],[243041.10098076,431262.93151093,84.0015831],[243041.10077477,431262.93161011,84.00142002],[243041.10057068,431262.93171692,84.00125694],[243041.10036469,431262.9318161,84.00109434],[243041.1001339,431262.93159485,84.00075436],[243041.09992981,431262.93169403,84.00059128],[243041.09972382,431262.93179321,84.00042868],[243041.09949493,431262.93157959,84.00008917],[243041.09926605,431262.93135834,83.99974966],[243041.09903717,431262.93114471,83.99941015],[243041.09880638,431262.93092346,83.99907112],[243041.09857941,431262.93070984,83.99873161],[243041.09835052,431262.93048859,83.99839258],[243041.09832573,431262.93016815,83.99821615],[243041.09830284,431262.92985535,83.99803972],[243041.09809685,431262.92995453,83.99787712],[243041.09791565,431262.93037415,83.99789143],[243041.09773445,431262.93078613,83.99790525],[243041.09753036,431262.93088531,83.99774313],[243041.09732437,431262.93099213,83.99758053],[243041.09714317,431262.93140411,83.99759483],[243041.09693909,431262.9315033,83.99743271],[243041.096735,431262.93160248,83.99727011],[243041.09652901,431262.93170929,83.99710798],[243041.09632492,431262.93180847,83.99694586],[243041.09611893,431262.93190765,83.99678373],[243041.09589195,431262.9316864,83.99644566],[243041.09568787,431262.93178558,83.99628353],[243041.09548187,431262.93188477,83.99612141],[243041.09527779,431262.93198395,83.99595928],[243041.0950737,431262.93209076,83.99579716],[243041.09486961,431262.93218994,83.99563551],[243041.09468842,431262.93260193,83.99564934],[243041.09450722,431262.93302155,83.99566364],[243041.09430313,431262.93312073,83.99550152],[243041.09409904,431262.93321991,83.99533987],[243041.09389496,431262.93331909,83.99517775],[243041.09368896,431262.93341827,83.9950161],[243041.09348488,431262.93351746,83.99485397],[243041.09328079,431262.93361664,83.99469233],[243041.09307671,431262.93371582,83.99453068],[243041.09287262,431262.933815,83.99436903],[243041.09269333,431262.93393707,83.99419403],[243041.09248734,431262.93374634,83.99384403],[243041.09228134,431262.93354797,83.99349451],[243041.09225082,431262.93321991,83.99332285],[243041.09222031,431262.93289948,83.99315119],[243041.09218979,431262.93257141,83.99297953],[243041.09233475,431262.93212128,83.99298573],[243041.09250641,431262.93170166,83.99297714],[243041.09271049,431262.93159485,83.99313879],[243041.09291458,431262.93149567,83.99330044],[243041.09311867,431262.93139648,83.99346161],[243041.09332275,431262.9312973,83.99362326],[243041.09352684,431262.93119812,83.9937849],[243041.09375381,431262.93141937,83.9941225],[243041.09398079,431262.931633,83.99446011],[243041.09418488,431262.93153381,83.99462175],[243041.09436607,431262.9311142,83.99460745],[243041.09454727,431262.93070221,83.99459362],[243041.09452438,431262.93038177,83.99441767],[243041.09449959,431262.93006897,83.99424171],[243041.0944767,431262.92974854,83.99406576],[243041.09445381,431262.92943573,83.99388981],[243041.09443092,431262.9291153,83.99371433],[243041.09420204,431262.92890167,83.99337673],[243041.09397507,431262.92868042,83.99303961],[243041.09395218,431262.92836761,83.99286413],[243041.09392929,431262.92804718,83.99268818],[243041.0937252,431262.92814636,83.99252701],[243041.09352112,431262.92824554,83.99236536],[243041.09329224,431262.92803192,83.99202824],[243041.09306526,431262.9278183,83.99169159],[243041.09283829,431262.92759705,83.99135494],[243041.0926342,431262.92769623,83.99119377],[243041.09243202,431262.92780304,83.9910326],[243041.09220314,431262.92758179,83.99069595],[243041.09200096,431262.92768097,83.99053478],[243041.09179688,431262.92778015,83.99037409],[243041.0915699,431262.92756653,83.99003744],[243041.09136581,431262.92766571,83.98987675],[243041.09118271,431262.92778778,83.98970461],[243041.09100723,431262.92790985,83.98952723],[243041.09086227,431262.92835999,83.98952103],[243041.09089279,431262.92868805,83.98969173],[243041.09092331,431262.92900848,83.98986292],[243041.09095383,431262.92932892,83.9900341],[243041.09115791,431262.92952728,83.99038267],[243041.09136391,431262.92972565,83.99073172],[243041.09156799,431262.92991638,83.99108076],[243041.09177399,431262.93011475,83.99142981],[243041.0918045,431262.93043518,83.99160099],[243041.09183311,431262.93076324,83.99177217],[243041.09203911,431262.93095398,83.9921217],[243041.09206963,431262.93128204,83.99229336],[243041.09210014,431262.93160248,83.99246454],[243041.09213066,431262.93193054,83.9926362],[243041.0919857,431262.93238068,83.99263],[243041.09184074,431262.93283081,83.99262381],[243041.09169579,431262.93328094,83.99261713],[243041.09155083,431262.93373108,83.99261093],[243041.09140587,431262.93418121,83.99260473],[243041.09143639,431262.93450165,83.99277639],[243041.0914669,431262.93482971,83.99294758],[243041.09129143,431262.93495178,83.99276972],[243041.09111595,431262.93508148,83.99259186],[243041.09094048,431262.93521118,83.992414],[243041.09076691,431262.93533325,83.99223661],[243041.09059143,431262.93546295,83.99205875],[243041.09041595,431262.93559265,83.99188042],[243041.09024239,431262.93571472,83.99170303],[243041.09006691,431262.93584442,83.99152517],[243041.08992195,431262.93629456,83.99151897],[243041.08977699,431262.93674469,83.9915123],[243041.0896492,431262.93721008,83.99149656],[243041.08947945,431262.93734741,83.99131536],[243041.0893116,431262.93747711,83.99113417],[243041.08914185,431262.93760681,83.99095345],[243041.08893204,431262.93740845,83.99060774],[243041.08872032,431262.93720245,83.99026251],[243041.08851051,431262.93700409,83.9899168],[243041.08834076,431262.93713379,83.98973608],[243041.08821487,431262.93759918,83.98971939],[243041.08804703,431262.93772888,83.98953867],[243041.08787727,431262.93786621,83.98935747],[243041.08770943,431262.93799591,83.98917675],[243041.08753967,431262.93813324,83.98899603],[243041.08737183,431262.93826294,83.98881531],[243041.08720398,431262.93839264,83.98863411],[243041.08703423,431262.93852997,83.98845339],[243041.08682442,431262.93832397,83.98810863],[243041.08661461,431262.93811798,83.98776436],[243041.08657265,431262.93778229,83.98760033],[243041.08669853,431262.93731689,83.98761702],[243041.08682632,431262.9368515,83.9876337],[243041.08695221,431262.93638611,83.98765039],[243041.08709145,431262.93592834,83.98765945],[243041.0872364,431262.93547821,83.98766565],[243041.08720779,431262.93515778,83.98749447],[243041.08717728,431262.93483734,83.98732376],[243041.08732224,431262.93438721,83.98733044],[243041.08729172,431262.93405914,83.98715973],[243041.08708763,431262.93386841,83.98681164],[243041.08705902,431262.93354034,83.98664093],[243041.0870285,431262.93321991,83.98647022],[243041.08682442,431262.93302155,83.98612261],[243041.08662033,431262.93283081,83.98577547],[243041.08658981,431262.93250275,83.98560476],[243041.0865612,431262.93218231,83.98543405],[243041.08635712,431262.93198395,83.98508692],[243041.08615303,431262.93179321,83.98473978],[243041.08612251,431262.93146515,83.98456955],[243041.0860939,431262.93114471,83.98439932],[243041.08592033,431262.93127441,83.98422241],[243041.08574677,431262.93139648,83.98404551],[243041.08554268,431262.93120575,83.98369884],[243041.08533859,431262.93100739,83.98335218],[243041.08513451,431262.93080902,83.98300552],[243041.08493042,431262.93061829,83.98265886],[243041.08472824,431262.93041992,83.9823122],[243041.08452415,431262.93022919,83.98196602],[243041.08432198,431262.93003082,83.98161983],[243041.08411789,431262.92983246,83.98127365],[243041.08391571,431262.92964172,83.98092794],[243041.08371162,431262.92944336,83.98058176],[243041.08350945,431262.92925262,83.98023605],[243041.08333588,431262.92937469,83.98005962],[243041.08316231,431262.92950439,83.97988367],[243041.08295822,431262.92930603,83.97953796],[243041.08278465,431262.92943573,83.97936201],[243041.08261108,431262.92956543,83.97918653],[243041.08243752,431262.9296875,83.97901058],[243041.08226395,431262.9298172,83.97883463],[243041.08209229,431262.92993927,83.9786582],[243041.08191872,431262.93006897,83.97848272],[243041.08174515,431262.93019104,83.97830677],[243041.08157158,431262.93032074,83.97813129],[243041.08139801,431262.93045044,83.97795534],[243041.08125496,431262.93089294,83.97794867],[243041.08128357,431262.93121338,83.97811842],[243041.08131218,431262.93154144,83.9782877],[243041.08116913,431262.93198395,83.97828102],[243041.08099556,431262.93211365,83.97810554],[243041.08082199,431262.93223572,83.97792959],[243041.08067894,431262.93268585,83.97792339],[243041.08050537,431262.93281555,83.97774792],[243041.08030319,431262.93261719,83.97740269],[243041.08010101,431262.93242645,83.97705793],[243041.07989693,431262.93222809,83.9767127],[243041.07969475,431262.93202972,83.97636843],[243041.07966614,431262.93170929,83.97619915],[243041.07963753,431262.93138885,83.97602987],[243041.07943535,431262.93119812,83.97568512],[243041.07926178,431262.93132019,83.97550964],[243041.07911873,431262.93177032,83.97550344],[243041.07894516,431262.9318924,83.97532845],[243041.0787735,431262.93202209,83.97515249],[243041.07862854,431262.93247223,83.97514629],[243041.07845688,431262.9325943,83.97497082],[243041.07828331,431262.932724,83.97479534],[243041.07814026,431262.9331665,83.97478914],[243041.07796669,431262.9332962,83.97461367],[243041.07779312,431262.93341827,83.97443867],[243041.07765007,431262.93386841,83.97443199],[243041.0774765,431262.93399048,83.97425699],[243041.07727623,431262.93379974,83.97391272],[243041.07710266,431262.93392181,83.97373772],[243041.076931,431262.93405151,83.97356272],[243041.07672882,431262.93385315,83.97321892],[243041.07655716,431262.93398285,83.97304344],[243041.07638359,431262.93410492,83.97286844],[243041.07618332,431262.93391418,83.97252512],[243041.07600975,431262.93403625,83.97235012],[243041.07583809,431262.93416595,83.97217512],[243041.07563591,431262.93396759,83.9718318],[243041.07546425,431262.93409729,83.9716568],[243041.07529449,431262.93422699,83.97147989],[243041.07512856,431262.93435669,83.97130156],[243041.07496071,431262.93448639,83.97112369],[243041.07479477,431262.93461609,83.97094536],[243041.07462883,431262.93475342,83.97076702],[243041.07446098,431262.93488312,83.97058868],[243041.07429504,431262.93501282,83.97041035]]",dji_pose_mesh_ray_contour_nodes,
202,189,3,SPL,977.398,3592.5102,971,3587,984,3599,13,12,98,243041.11244965,431262.94335938,84.0172267,dji_pose_mesh_ray_centroid,True,True,1113279,2.075452,warp,,977.398,3592.5102,1,1,1.0,1,2.075452,2.075452,18,18,1.0,"[[971.0,3593.5],[971.5,3593.0],[971.5,3592.0],[971.5,3591.0],[972.0,3590.5],[972.5,3590.0],[973.0,3589.5],[974.0,3589.5],[975.0,3589.5],[975.5,3589.0],[976.0,3588.5],[977.0,3588.5],[978.0,3588.5],[978.5,3588.0],[979.0,3587.5],[980.0,3587.5],[981.0,3587.5],[981.5,3587.0]]","[[243041.11125946,431262.94604492,84.01685619],[243041.11146164,431262.94593811,84.01702499],[243041.11172295,431262.94618988,84.01735592],[243041.11198235,431262.94643402,84.01768684],[243041.11218643,431262.94633484,84.01785564],[243041.11238861,431262.94622803,84.01802492],[243041.1125927,431262.94612122,84.01819372],[243041.11273766,431262.94566345,84.0182004],[243041.11288452,431262.94520569,84.01820707],[243041.1130867,431262.94509888,84.01837587],[243041.11329079,431262.94499969,84.01854515],[243041.11343575,431262.94454193,84.01855135],[243041.11358261,431262.94408417,84.01855802],[243041.11378479,431262.94397736,84.0187273],[243041.11398888,431262.94387054,84.0188961],[243041.11413383,431262.94341278,84.01890278],[243041.1142807,431262.94295502,84.01890945],[243041.11448479,431262.94284821,84.01907873]]",dji_pose_mesh_ray_contour_nodes,
