instance_id,instance_local_id,class_id,class_name,centroid_x_px,centroid_y_px,bbox_xmin_px,bbox_ymin_px,bbox_xmax_px,bbox_ymax_px,bbox_w_px,bbox_h_px,area_px,world_x_m,world_y_m,world_z_m,geo3d_source,xyz_valid,mesh_ray_hit,mesh_face_index,mesh_ray_t_m,mesh_ray_backend,xyz_miss_reason,image_pixel_x,image_pixel_y,instance_mesh_sample_count,instance_mesh_hit_count,instance_mesh_hit_ratio,instance_mesh_unique_face_count,instance_mesh_ray_t_min_m,instance_mesh_ray_t_max_m,node_count,node_xyz_valid_count,node_xyz_hit_ratio,nodes_image_xy_json,nodes_world_xyz_json,nodes_geo3d_source,nodes_miss_reason
1,1,1,CRC,1602.8327,3.0408,1567,0,1636,6,69,6,245,243047.06270027,431251.63829041,86.82497501,dji_pose_mesh_ray_centroid,True,True,314745,4.520112,warp,,1602.8327,3.0408,1,1,1.0,1,4.520112,4.520112,62,62,1.0,"[[1567.0,3.5],[1568.0,3.5],[1569.0,3.5],[1570.0,3.5],[1571.0,3.5],[1572.0,3.5],[1572.5,3.0],[1573.0,2.5],[1574.0,2.5],[1575.0,2.5],[1576.0,2.5],[1577.0,2.5],[1578.0,2.5],[1579.0,2.5],[1580.0,2.5],[1580.5,2.0],[1581.0,1.5],[1582.0,1.5],[1583.0,1.5],[1583.5,1.0],[1584.0,0.5],[1585.0,0.5],[1586.0,0.5],[1587.0,0.5],[1588.0,0.5],[1589.0,0.5],[1590.0,0.5],[1591.0,0.5],[1592.0,0.5],[1593.0,0.5],[1594.0,0.5],[1595.0,0.5],[1596.0,0.5],[1597.0,0.5],[1598.0,0.5],[1599.0,0.5],[1599.5,1.0],[1600.0,1.5],[1601.0,1.5],[1602.0,1.5],[1602.5,1.0],[1603.0,0.5],[1604.0,0.5],[1605.0,0.5],[1606.0,0.5],[1607.0,0.5],[1608.0,0.5],[1609.0,0.5],[1610.0,0.5],[1611.0,0.5],[1611.5,1.0],[1612.0,1.5],[1613.0,1.5],[1614.0,1.5],[1615.0,1.5],[1615.5,2.0],[1616.0,2.5],[1617.0,2.5],[1617.5,2.0],[1617.5,1.0],[1618.0,0.5],[1618.5,0.0]]","[[243047.05337048,431251.6756897,86.8264513],[243047.05367851,431251.67467499,86.82642651],[243047.0539875,431251.67366791,86.82640266],[243047.05429554,431251.6726532,86.82637787],[243047.05460453,431251.67164612,86.82635307],[243047.05491257,431251.67063904,86.82632828],[243047.05566883,431251.67056274,86.82721424],[243047.05642414,431251.67048645,86.82809925],[243047.05673313,431251.66947174,86.82807445],[243047.05704212,431251.66846466,86.82805061],[243047.05735016,431251.66744995,86.82802582],[243047.05758286,431251.66638947,86.82795334],[243047.05780888,431251.66532135,86.82787704],[243047.05803585,431251.66425323,86.82780075],[243047.05826187,431251.66317749,86.82772446],[243047.05904198,431251.66312408,86.82862568],[243047.05982113,431251.66305542,86.82952595],[243047.0600481,431251.6619873,86.82944965],[243047.06027412,431251.66091919,86.82937336],[243047.06105518,431251.66085815,86.83027458],[243047.06183529,431251.66079712,86.83117485],[243047.06206131,431251.659729,86.83109856],[243047.06228828,431251.65866089,86.83102226],[243047.06251335,431251.65759277,86.83094597],[243047.06274033,431251.65652466,86.83086967],[243047.06296635,431251.65544891,86.83079338],[243047.06319237,431251.6543808,86.83071709],[243047.06341839,431251.65331268,86.83064079],[243047.06364441,431251.65224457,86.83056545],[243047.06387043,431251.65117645,86.83048916],[243047.06409645,431251.65010834,86.83041286],[243047.06432247,431251.64904022,86.83033657],[243047.06454849,431251.64797211,86.83025932],[243047.06477547,431251.64690399,86.83018398],[243047.06500053,431251.64583588,86.83010769],[243047.06522655,431251.64476776,86.83003139],[243047.06467247,431251.64376068,86.82905483],[243047.06411648,431251.64276123,86.82807827],[243047.06434345,431251.64169312,86.82800293],[243047.06456852,431251.640625,86.82792664],[243047.06534958,431251.64055634,86.82882595],[243047.06613064,431251.6404953,86.82972622],[243047.06635666,431251.63942719,86.82965088],[243047.06658268,431251.63835907,86.82957458],[243047.06680775,431251.63729095,86.82949734],[243047.06703472,431251.63622284,86.829422],[243047.06725979,431251.63515472,86.8293457],[243047.06748486,431251.63408661,86.82926941],[243047.06771088,431251.63301849,86.82919311],[243047.0679369,431251.63195038,86.82911682],[243047.06738186,431251.63095093,86.82814121],[243047.06682682,431251.62995148,86.8271656],[243047.06705189,431251.62888336,86.82708931],[243047.06727791,431251.62782288,86.82701397],[243047.06750393,431251.62675476,86.82693768],[243047.06694889,431251.62575531,86.82596207],[243047.06639385,431251.62475586,86.82498836],[243047.06661987,431251.62368774,86.82491207],[243047.06739998,431251.62361908,86.82581139],[243047.06873608,431251.62454987,86.8276844],[243047.06951714,431251.62448883,86.82858467],[243047.07029915,431251.62442017,86.82948399]]",dji_pose_mesh_ray_contour_nodes,
2,2,1,CRC,263.76,112.68,259,112,270,115,11,3,25,243046.53734684,431252.87541199,86.66964722,dji_pose_mesh_ray_centroid,True,True,1219890,4.886946,warp,,263.76,112.68,1,1,1.0,1,4.886946,4.886946,7,7,1.0,"[[269.0,113.5],[268.0,113.5],[267.0,113.5],[266.0,113.5],[265.0,113.5],[264.0,113.5],[263.5,114.0]]","[[243046.53847122,431252.86954498,86.66836166],[243046.53812122,431252.87049103,86.66835403],[243046.53777027,431252.87143707,86.6683464],[243046.53741932,431252.87238312,86.66833973],[243046.53706932,431252.87332916,86.6683321],[243046.53671837,431252.87427521,86.66832542],[243046.53610897,431252.87419128,86.66751385]]",dji_pose_mesh_ray_contour_nodes,
3,3,1,CRC,63.7391,149.6957,59,149,70,152,11,3,23,243046.43916321,431253.02577972,86.6111412,dji_pose_mesh_ray_centroid,True,True,1219830,4.921284,warp,,63.7391,149.6957,1,1,1.0,1,4.921284,4.921284,6,6,1.0,"[[69.0,149.5],[68.0,149.5],[67.5,150.0],[67.0,150.5],[66.0,150.5],[65.5,151.0]]","[[243046.44098473,431253.02085876,86.61137485],[243046.44067001,431253.02183533,86.61139011],[243046.44008827,431253.02173615,86.61059952],[243046.43950462,431253.02163696,86.60980988],[243046.43918991,431253.02262115,86.60982513],[243046.43860626,431253.02251434,86.60903549]]",dji_pose_mesh_ray_contour_nodes,
4,4,1,CRC,4237.4636,871.2636,4228,867,4246,876,18,9,110,243047.00373459,431249.11611176,85.65448952,dji_pose_mesh_ray_centroid,True,True,4933,3.361666,warp,,4237.4636,871.2636,1,1,1.0,1,3.361666,3.361666,12,12,1.0,"[[4236.5,867.0],[4237.0,867.5],[4238.0,867.5],[4239.0,867.5],[4240.0,867.5],[4241.0,867.5],[4241.5,868.0],[4242.0,868.5],[4243.0,868.5],[4244.0,868.5],[4244.5,869.0],[4245.0,869.5]]","[[243047.0080328,431249.11654663,85.65915203],[243047.00762367,431249.11620331,85.65860176],[243047.00786877,431249.115448,85.65859604],[243047.00811481,431249.11469269,85.65859032],[243047.00836086,431249.11393738,85.65858459],[243047.00860691,431249.1131897,85.65857887],[243047.00819778,431249.11284637,85.65802956],[243047.00778866,431249.11250305,85.65747929],[243047.00803471,431249.11174774,85.65747356],[243047.00828075,431249.11100006,85.65746784],[243047.00787163,431249.11065674,85.65691853],[243047.0074625,431249.11031342,85.65637016]]",dji_pose_mesh_ray_contour_nodes,
5,5,1,CRC,4176.1538,887.8402,4157,883,4194,895,37,12,169,243046.97306061,431249.16307831,85.63735247,dji_pose_mesh_ray_centroid,True,True,1212274,3.325002,warp,,4176.1538,887.8402,1,1,1.0,1,3.325002,3.325002,44,44,1.0,"[[4193.0,886.5],[4192.5,887.0],[4192.5,888.0],[4192.5,889.0],[4192.0,889.5],[4191.5,890.0],[4191.0,890.5],[4190.0,890.5],[4189.0,890.5],[4188.5,890.0],[4188.0,889.5],[4187.5,889.0],[4187.0,888.5],[4186.0,888.5],[4185.0,888.5],[4184.0,888.5],[4183.0,888.5],[4182.0,888.5],[4181.0,888.5],[4180.0,888.5],[4179.0,888.5],[4178.5,889.0],[4178.0,889.5],[4177.0,889.5],[4176.0,889.5],[4175.0,889.5],[4174.0,889.5],[4173.0,889.5],[4172.5,890.0],[4172.0,890.5],[4171.0,890.5],[4170.0,890.5],[4169.0,890.5],[4168.0,890.5],[4167.0,890.5],[4166.0,890.5],[4165.5,891.0],[4165.0,891.5],[4164.5,892.0],[4164.0,892.5],[4163.5,893.0],[4163.0,893.5],[4162.0,893.5],[4161.5,894.0]]","[[243046.97738743,431249.1504364,85.6383791],[243046.97686958,431249.15083313,85.63787651],[243046.97602081,431249.15087891,85.63685036],[243046.975173,431249.15092468,85.63582516],[243046.97465515,431249.15132141,85.63532305],[243046.97413731,431249.15171814,85.63482141],[243046.97361946,431249.15211487,85.63431931],[243046.97342968,431249.15286255,85.63433981],[243046.97324085,431249.15361023,85.63436079],[243046.97356892,431249.15396118,85.63488293],[243046.97389793,431249.1543045,85.63540554],[243046.97422695,431249.15465546,85.63592863],[243046.97455597,431249.15500641,85.63645172],[243046.97436619,431249.15575409,85.63647222],[243046.97417736,431249.15650177,85.63649273],[243046.97398758,431249.15724945,85.63651371],[243046.9737978,431249.15799713,85.63653421],[243046.97360897,431249.15874481,85.63655472],[243046.97341919,431249.15948486,85.6365757],[243046.97323036,431249.16023254,85.6365962],[243046.97304058,431249.16098022,85.63661671],[243046.97252274,431249.16137695,85.6361146],[243046.97200394,431249.16177368,85.63561201],[243046.97181416,431249.16252136,85.63563251],[243046.97162533,431249.16326141,85.6356535],[243046.97143555,431249.16400909,85.635674],[243046.97124672,431249.16475677,85.63569498],[243046.97105694,431249.16550446,85.63571548],[243046.97053909,431249.16590118,85.6352129],[243046.97002125,431249.16629791,85.63471079],[243046.96983147,431249.16703796,85.63473177],[243046.96964264,431249.16778564,85.63475227],[243046.96945286,431249.16853333,85.63477278],[243046.96926308,431249.16928101,85.63479328],[243046.96907425,431249.17002869,85.63481426],[243046.96888447,431249.17077637,85.63483477],[243046.96836662,431249.17116547,85.63433266],[243046.96784973,431249.17156219,85.63383055],[243046.96733189,431249.17195892,85.63332891],[243046.96681499,431249.17234802,85.63282728],[243046.9662981,431249.17274475,85.63232565],[243046.96578026,431249.17313385,85.63182402],[243046.96559048,431249.17388153,85.63184452],[243046.96507454,431249.17427826,85.63134289]]",dji_pose_mesh_ray_contour_nodes,
6,6,1,CRC,4324.8276,883.8621,4316,883,4333,886,17,3,29,243047.01178741,431249.05151367,85.64030552,dji_pose_mesh_ray_centroid,True,True,4933,3.370364,warp,,4324.8276,883.8621,1,1,1.0,1,3.370364,3.370364,13,13,1.0,"[[4327.5,885.0],[4327.0,884.5],[4326.0,884.5],[4325.0,884.5],[4324.0,884.5],[4323.0,884.5],[4322.0,884.5],[4321.0,884.5],[4320.0,884.5],[4319.0,884.5],[4318.0,884.5],[4317.0,884.5],[4316.0,884.5]]","[[243047.01123524,431249.04961395,85.6390605],[243047.01164246,431249.04994965,85.63960361],[243047.01139832,431249.05069733,85.63960934],[243047.01115322,431249.05144501,85.63961506],[243047.01090908,431249.05219269,85.63962078],[243047.01066494,431249.05294037,85.6396265],[243047.01041985,431249.05368805,85.63963222],[243047.01017475,431249.05443573,85.63963747],[243047.00992966,431249.05518341,85.63964319],[243047.00968647,431249.05593872,85.63964939],[243047.00944233,431249.0566864,85.63965511],[243047.00919724,431249.05743408,85.63966083],[243047.00895214,431249.05818176,85.63966656]]",dji_pose_mesh_ray_contour_nodes,
7,7,1,CRC,4399.7419,887.6022,4379,884,4417,892,38,8,186,243047.02398205,431248.99606323,85.63527346,dji_pose_mesh_ray_centroid,True,True,1212272,3.385765,warp,,4399.7419,887.6022,1,1,1.0,1,3.385765,3.385765,37,37,1.0,"[[4416.0,887.5],[4415.5,888.0],[4415.0,888.5],[4414.0,888.5],[4413.5,889.0],[4413.0,889.5],[4412.0,889.5],[4411.5,890.0],[4411.0,890.5],[4410.0,890.5],[4409.0,890.5],[4408.0,890.5],[4407.0,890.5],[4406.0,890.5],[4405.0,890.5],[4404.0,890.5],[4403.0,890.5],[4402.0,890.5],[4401.0,890.5],[4400.0,890.5],[4399.0,890.5],[4398.0,890.5],[4397.0,890.5],[4396.0,890.5],[4395.0,890.5],[4394.0,890.5],[4393.0,890.5],[4392.5,890.0],[4392.0,889.5],[4391.0,889.5],[4390.0,889.5],[4389.0,889.5],[4388.0,889.5],[4387.5,890.0],[4387.0,890.5],[4386.0,890.5],[4385.5,891.0]]","[[243047.0252037,431248.98420715,85.63453388],[243047.02471638,431248.98461914,85.63404274],[243047.02422905,431248.98503113,85.6335516],[243047.02415943,431248.98576355,85.63360357],[243047.0236721,431248.98617554,85.63311243],[243047.02318573,431248.9865799,85.63262176],[243047.02311611,431248.98731232,85.63267374],[243047.02262974,431248.9877243,85.63218307],[243047.02214241,431248.98812866,85.63169241],[243047.02207279,431248.98886108,85.63174438],[243047.02200317,431248.98958588,85.63179588],[243047.02193451,431248.9903183,85.63184786],[243047.02186489,431248.99104309,85.63189936],[243047.02179527,431248.99176788,85.63195133],[243047.02172565,431248.99250031,85.63200331],[243047.02165604,431248.9932251,85.63205481],[243047.02158642,431248.99395752,85.63210678],[243047.0215168,431248.99468231,85.63215876],[243047.02144718,431248.99541473,85.63221073],[243047.02137756,431248.99613953,85.63226223],[243047.02130795,431248.99687195,85.6323142],[243047.02123833,431248.99759674,85.6323657],[243047.02116966,431248.99832916,85.63241768],[243047.02110004,431248.99905396,85.63246965],[243047.02102947,431248.99978638,85.63252163],[243047.02096081,431249.00051117,85.6325736],[243047.02089024,431249.00124359,85.63262558],[243047.02130795,431249.00156403,85.6331687],[243047.02172565,431249.00187683,85.63371181],[243047.02165604,431249.00260925,85.63376379],[243047.02158642,431249.00334167,85.63381576],[243047.02148533,431249.0040741,85.63385916],[243047.02124119,431249.00482178,85.63386488],[243047.02058887,431249.00524139,85.63332987],[243047.01993656,431249.00566864,85.63279438],[243047.01969337,431249.00641632,85.6328001],[243047.01904202,431249.00684357,85.63226509]]",dji_pose_mesh_ray_contour_nodes,
8,8,1,CRC,4444.5,884.0,4444,884,4446,885,2,1,2,243047.03034306,431248.96315765,85.63667059,dji_pose_mesh_ray_centroid,True,True,1212272,3.395599,warp,,4444.5,884.0,1,1,1.0,1,3.395599,3.395599,2,2,1.0,"[[4444.0,884.0],[4445.0,884.0]]","[[243047.03030872,431248.96351624,85.63669634],[243047.03037739,431248.96279144,85.63664436]]",dji_pose_mesh_ray_contour_nodes,
9,9,1,CRC,4138.3163,900.8469,4131,897,4150,908,19,11,98,243046.95491505,431249.19182587,85.62482166,dji_pose_mesh_ray_centroid,True,True,1212274,3.302952,warp,,4138.3163,900.8469,1,1,1.0,1,3.302952,3.302952,25,25,1.0,"[[4149.0,898.5],[4148.0,898.5],[4147.5,899.0],[4147.5,900.0],[4147.0,900.5],[4146.5,901.0],[4146.0,901.5],[4145.0,901.5],[4144.5,902.0],[4144.0,902.5],[4143.0,902.5],[4142.0,902.5],[4141.0,902.5],[4140.0,902.5],[4139.0,902.5],[4138.0,902.5],[4137.5,903.0],[4137.0,903.5],[4136.5,904.0],[4136.0,904.5],[4135.5,905.0],[4135.0,905.5],[4134.5,906.0],[4134.0,906.5],[4133.5,907.0]]","[[243046.95891285,431249.18377686,85.62699938],[243046.95872307,431249.18452454,85.6270194],[243046.95820808,431249.18491364,85.6265192],[243046.95736599,431249.18495178,85.62549877],[243046.95685101,431249.18534088,85.62499857],[243046.95633602,431249.18572998,85.62449884],[243046.95582199,431249.18612671,85.62399912],[243046.95563221,431249.18686676,85.62401962],[243046.95511818,431249.18726349,85.6235199],[243046.9546032,431249.18765259,85.62302065],[243046.95441341,431249.18840027,85.62304068],[243046.95422459,431249.18914032,85.62306118],[243046.95403481,431249.189888,85.62308121],[243046.95384502,431249.19063568,85.62310171],[243046.9536562,431249.19137573,85.62312221],[243046.95346642,431249.19212341,85.62314224],[243046.95295238,431249.19251251,85.62264299],[243046.95243835,431249.19290161,85.62214327],[243046.95192337,431249.19329071,85.62164402],[243046.95140934,431249.19368744,85.62114477],[243046.95089531,431249.19407654,85.62064648],[243046.95038128,431249.19446564,85.62014723],[243046.94986725,431249.19485474,85.61964846],[243046.94935417,431249.19524384,85.61915016],[243046.94884014,431249.19563293,85.61865139]]",dji_pose_mesh_ray_contour_nodes,
10,10,1,CRC,4111.5862,916.306,4098,909,4127,924,29,15,232,243046.93687248,431249.21224213,85.60963345,dji_pose_mesh_ray_centroid,True,True,1220296,3.280849,warp,,4111.5862,916.306,1,1,1.0,1,3.280849,3.280849,35,35,1.0,"[[4098.0,920.5],[4098.5,920.0],[4098.5,919.0],[4098.5,918.0],[4099.0,917.5],[4099.5,917.0],[4100.0,916.5],[4100.5,916.0],[4101.0,915.5],[4101.5,915.0],[4102.0,914.5],[4102.5,914.0],[4103.0,913.5],[4104.0,913.5],[4105.0,913.5],[4105.5,913.0],[4106.0,912.5],[4107.0,912.5],[4108.0,912.5],[4109.0,912.5],[4110.0,912.5],[4110.5,912.0],[4111.0,911.5],[4112.0,911.5],[4113.0,911.5],[4114.0,911.5],[4115.0,911.5],[4116.0,911.5],[4117.0,911.5],[4117.5,911.0],[4118.0,910.5],[4118.5,910.0],[4119.0,909.5],[4120.0,909.5],[4120.5,909.0]]","[[243046.93062496,431249.22247314,85.60561037],[243046.93114376,431249.22208405,85.60610819],[243046.93197727,431249.22205353,85.60712004],[243046.93281174,431249.22203064,85.60813284],[243046.93333054,431249.22164154,85.60863113],[243046.93384933,431249.22126007,85.60912943],[243046.93436813,431249.22087097,85.60962772],[243046.93488693,431249.22048187,85.61012649],[243046.93540573,431249.2201004,85.61062574],[243046.93592548,431249.2197113,85.61112452],[243046.93644428,431249.21932983,85.61162376],[243046.93696404,431249.21894073,85.61212254],[243046.93748379,431249.21855164,85.61262178],[243046.93768597,431249.21781158,85.61260557],[243046.93788815,431249.2170639,85.61258888],[243046.93840694,431249.2166748,85.61308813],[243046.93892765,431249.21628571,85.61358738],[243046.93912983,431249.21554565,85.61357117],[243046.93933296,431249.21479797,85.61355448],[243046.93953419,431249.21405792,85.61353779],[243046.93973637,431249.21331024,85.6135211],[243046.94025612,431249.21292114,85.61402082],[243046.94077682,431249.21253204,85.61452055],[243046.94097805,431249.21179199,85.61450386],[243046.94118118,431249.21104431,85.61448717],[243046.94138336,431249.21029663,85.61447048],[243046.94157505,431249.20955658,85.61445141],[243046.94176388,431249.2088089,85.6144309],[243046.94195366,431249.20806885,85.61441088],[243046.94246578,431249.20767975,85.61490869],[243046.94297886,431249.20729065,85.61540651],[243046.94349098,431249.20690155,85.61590433],[243046.94400311,431249.20651245,85.61640215],[243046.94419289,431249.2057724,85.61638212],[243046.94470501,431249.2053833,85.61687994]]",dji_pose_mesh_ray_contour_nodes,
11,11,1,CRC,1637.25,1924.3333,1636,1923,1640,1927,4,4,12,243045.80246353,431250.72800446,84.8033762,dji_pose_mesh_ray_centroid,True,True,1220246,2.471328,warp,,1637.25,1924.3333,1,1,1.0,1,2.471328,2.471328,3,3,1.0,"[[1639.0,1924.5],[1638.5,1925.0],[1638.5,1926.0]]","[[243045.80267715,431250.72683716,84.803267],[243045.80239868,431250.72702026,84.80294371],[243045.80200386,431250.72674561,84.80229664]]",dji_pose_mesh_ray_contour_nodes,
12,12,1,CRC,1636.6667,1936.3333,1636,1936,1638,1938,2,2,3,243045.79762268,431250.72510529,84.79562807,dji_pose_mesh_ray_centroid,True,True,1220246,2.465602,warp,,1636.6667,1936.3333,1,1,1.0,1,2.465602,2.465602,2,2,1.0,"[[1636.5,1937.0],[1636.0,1936.5]]","[[243045.79733276,431250.72502899,84.79519844],[243045.79745102,431250.72548676,84.79552078]]",dji_pose_mesh_ray_contour_nodes,
13,13,1,CRC,1633.0,1969.5,1632,1969,1635,1971,3,2,6,243045.78403473,431250.71846771,84.77439785,dji_pose_mesh_ray_centroid,True,True,1220246,2.450511,warp,,1633.0,1969.5,1,1,1.0,1,2.450511,2.450511,6,6,1.0,"[[1632.0,1969.0],[1633.0,1969.0],[1634.0,1969.0],[1632.0,1970.0],[1633.0,1970.0],[1634.0,1970.0]]","[[243045.78406906,431250.71923828,84.7747159],[243045.78422928,431250.71860504,84.7747159],[243045.78438759,431250.7179718,84.7747159],[243045.78367996,431250.71897125,84.7740798],[243045.78383827,431250.71833801,84.7740798],[243045.78399849,431250.71769714,84.7740798]]",dji_pose_mesh_ray_contour_nodes,
14,14,1,CRC,1633.5,1978.0,1631,1975,1637,1982,6,7,38,243045.7808075,431250.71587372,84.76900005,dji_pose_mesh_ray_centroid,True,True,1220246,2.446373,warp,,1633.5,1978.0,1,1,1.0,1,2.446373,2.446373,2,2,1.0,"[[1631.0,1975.5],[1631.5,1975.0]]","[[243045.7813797,431250.71812439,84.77058601],[243045.78165436,431250.71794128,84.77090311]]",dji_pose_mesh_ray_contour_nodes,
15,15,1,CRC,1622.0,2012.5,1622,2012,1623,2014,1,2,2,243045.76567841,431250.71392822,84.74726582,dji_pose_mesh_ray_centroid,True,True,1220246,2.432924,warp,,1622.0,2012.5,1,1,1.0,1,2.432924,2.432924,2,2,1.0,"[[1622.0,2012.0],[1622.0,2013.0]]","[[243045.76586914,431250.71405792,84.74757862],[243045.76548576,431250.71379089,84.74695301]]",dji_pose_mesh_ray_contour_nodes,
16,16,1,CRC,1350.7333,3751.7,1347,3749,1356,3756,9,7,30,243045.21692848,431250.48262787,83.93466091,dji_pose_mesh_ray_centroid,True,True,1220130,2.033334,warp,,1350.7333,3751.7,1,1,1.0,1,2.033334,2.033334,11,11,1.0,"[[1355.0,3750.5],[1354.5,3751.0],[1354.0,3751.5],[1353.0,3751.5],[1352.5,3752.0],[1352.0,3752.5],[1351.5,3753.0],[1351.0,3753.5],[1350.5,3754.0],[1350.0,3754.5],[1349.5,3755.0]]","[[243045.21787071,431250.4809494,83.93506908],[243045.21768188,431250.48108673,83.93489647],[243045.21749496,431250.48121643,83.93472433],[243045.21733475,431250.48165894,83.93472624],[243045.21714592,431250.48179626,83.9345541],[243045.216959,431250.48192596,83.93438196],[243045.21677017,431250.48206329,83.93420982],[243045.21658325,431250.48220062,83.93403768],[243045.21639442,431250.48233032,83.93386507],[243045.2162075,431250.48246765,83.93369341],[243045.21602058,431250.48259735,83.93352127]]",dji_pose_mesh_ray_contour_nodes,
17,17,1,CRC,1343.491,3778.509,1331,3763,1362,3790,31,27,444,243045.21001625,431250.4812088,83.92542791,dji_pose_mesh_ray_centroid,True,True,1220130,2.031423,warp,,1343.491,3778.509,1,1,1.0,1,2.031423,2.031423,48,48,1.0,"[[1331.0,3765.5],[1332.0,3765.5],[1332.5,3765.0],[1333.0,3764.5],[1334.0,3764.5],[1335.0,3764.5],[1335.5,3764.0],[1336.0,3763.5],[1336.5,3764.0],[1336.5,3765.0],[1336.5,3766.0],[1336.5,3767.0],[1336.5,3768.0],[1336.5,3769.0],[1336.5,3770.0],[1337.0,3770.5],[1337.5,3770.0],[1338.0,3769.5],[1339.0,3769.5],[1340.0,3769.5],[1340.5,3770.0],[1341.0,3770.5],[1342.0,3770.5],[1343.0,3770.5],[1343.5,3771.0],[1344.0,3771.5],[1345.0,3771.5],[1346.0,3771.5],[1347.0,3771.5],[1348.0,3771.5],[1349.0,3771.5],[1350.0,3771.5],[1351.0,3771.5],[1351.5,3772.0],[1352.0,3772.5],[1353.0,3772.5],[1354.0,3772.5],[1355.0,3772.5],[1355.5,3773.0],[1356.0,3773.5],[1357.0,3773.5],[1358.0,3773.5],[1359.0,3773.5],[1359.5,3774.0],[1360.0,3774.5],[1360.5,3775.0],[1360.5,3776.0],[1361.0,3776.5]]","[[243045.21080589,431250.48893738,83.92992783],[243045.21096611,431250.48849487,83.92992592],[243045.21115303,431250.48836517,83.93009758],[243045.21133995,431250.48822784,83.93026924],[243045.21149826,431250.48779297,83.93026733],[243045.21165848,431250.48735046,83.9302659],[243045.2118454,431250.48721313,83.93043709],[243045.21203232,431250.48708344,83.93060875],[243045.21200562,431250.48677826,83.93043518],[243045.21179199,431250.48660278,83.93009043],[243045.21157646,431250.48643494,83.92974567],[243045.21136284,431250.48625946,83.92940092],[243045.21114922,431250.48608398,83.92905617],[243045.21093369,431250.48591614,83.92871141],[243045.21072006,431250.48574066,83.92836714],[243045.21069336,431250.48543549,83.92819405],[243045.21088028,431250.48530579,83.92836523],[243045.2110672,431250.48516846,83.92853689],[243045.21122742,431250.48472595,83.92853498],[243045.21138573,431250.48429108,83.92853308],[243045.21135902,431250.4839859,83.92835998],[243045.21133232,431250.48368073,83.92818689],[243045.21149063,431250.48323822,83.92818499],[243045.21165085,431250.48279572,83.92818356],[243045.21162415,431250.48249054,83.92801046],[243045.21159554,431250.48218536,83.92783737],[243045.21175575,431250.48175049,83.92783546],[243045.21191597,431250.48130798,83.92783356],[243045.21207619,431250.48086548,83.92783165],[243045.2122345,431250.4804306,83.92782974],[243045.21239471,431250.4799881,83.92782831],[243045.21255493,431250.47955322,83.9278264],[243045.21271515,431250.47911072,83.9278245],[243045.21268654,431250.47880554,83.92765188],[243045.21265984,431250.47850037,83.92747831],[243045.21281815,431250.47805786,83.92747688],[243045.21297836,431250.47762299,83.92747498],[243045.21313858,431250.47718048,83.92747307],[243045.21311188,431250.47687531,83.92729998],[243045.21308327,431250.47657013,83.92712736],[243045.21324348,431250.47612762,83.92712545],[243045.2134037,431250.47569275,83.92712355],[243045.21356201,431250.47525024,83.92712164],[243045.21353531,431250.47494507,83.92694902],[243045.21350861,431250.47463989,83.92677593],[243045.21348,431250.47433472,83.92660332],[243045.21326637,431250.47416687,83.92625952],[243045.21323776,431250.47386169,83.92608643]]",dji_pose_mesh_ray_contour_nodes,
18,18,1,CRC,1326.625,3767.25,1326,3766,1329,3770,3,4,8,243045.20973206,431250.49056244,83.92933273,dji_pose_mesh_ray_centroid,True,True,1220130,2.034939,warp,,1326.625,3767.25,1,1,1.0,1,2.034939,2.034939,4,4,1.0,"[[1328.0,3767.5],[1327.5,3768.0],[1327.0,3768.5],[1326.5,3769.0]]","[[243045.20989799,431250.48991394,83.92924404],[243045.20971107,431250.49004364,83.92907238],[243045.20952415,431250.49018097,83.9289012],[243045.20933723,431250.49031067,83.92873001]]",dji_pose_mesh_ray_contour_nodes,
19,19,1,CRC,1342.2756,3797.7949,1335,3792,1352,3805,17,13,156,243045.20571136,431250.47845459,83.91882372,dji_pose_mesh_ray_centroid,True,True,1220130,2.029557,warp,,1342.2756,3797.7949,1,1,1.0,1,2.029557,2.029557,16,16,1.0,"[[1341.5,3804.0],[1341.0,3803.5],[1340.0,3803.5],[1339.0,3803.5],[1338.0,3803.5],[1337.0,3803.5],[1336.5,3803.0],[1336.5,3802.0],[1336.5,3801.0],[1336.0,3800.5],[1335.5,3800.0],[1335.5,3799.0],[1335.5,3798.0],[1335.5,3797.0],[1335.5,3796.0],[1335.0,3795.5]]","[[243045.20427132,431250.47773743,83.91670799],[243045.20429802,431250.47803497,83.91687918],[243045.20413971,431250.47847748,83.91688108],[243045.20397949,431250.47891235,83.91688299],[243045.20382118,431250.47934723,83.9168849],[243045.20366287,431250.47978973,83.91688633],[243045.20368958,431250.48009491,83.91705799],[243045.20390129,431250.48026276,83.91739893],[243045.20411301,431250.4804306,83.91774034],[243045.20413971,431250.48073578,83.91791201],[243045.20416641,431250.48104095,83.91808319],[243045.20437813,431250.4812088,83.91842461],[243045.20459175,431250.48138428,83.9187665],[243045.20480347,431250.48155212,83.91910791],[243045.20501518,431250.4817276,83.91944933],[243045.20504189,431250.48202515,83.91962147]]",dji_pose_mesh_ray_contour_nodes,
20,1,2,DLM,5246.2958,863.3688,5220,843,5276,879,56,36,1261,243047.22951698,431248.36734009,85.64970112,dji_pose_mesh_ray_centroid,True,True,314782,3.698602,warp,,5246.2958,863.3688,1,1,1.0,1,3.698602,3.698602,60,60,1.0,"[[5251.5,843.0],[5251.5,844.0],[5252.0,844.5],[5252.5,845.0],[5252.5,846.0],[5252.5,847.0],[5252.5,848.0],[5252.5,849.0],[5252.5,850.0],[5252.0,850.5],[5251.5,851.0],[5251.5,852.0],[5251.0,852.5],[5250.5,853.0],[5250.5,854.0],[5251.0,854.5],[5252.0,854.5],[5253.0,854.5],[5254.0,854.5],[5255.0,854.5],[5255.5,854.0],[5256.0,853.5],[5257.0,853.5],[5257.5,853.0],[5258.0,852.5],[5259.0,852.5],[5260.0,852.5],[5260.5,853.0],[5261.0,853.5],[5262.0,853.5],[5263.0,853.5],[5264.0,853.5],[5265.0,853.5],[5266.0,853.5],[5267.0,853.5],[5268.0,853.5],[5268.5,854.0],[5269.0,854.5],[5269.5,855.0],[5269.5,856.0],[5270.0,856.5],[5270.5,857.0],[5270.5,858.0],[5270.0,858.5],[5269.5,859.0],[5269.5,860.0],[5269.5,861.0],[5269.5,862.0],[5270.0,862.5],[5270.5,863.0],[5271.0,863.5],[5271.5,864.0],[5271.5,865.0],[5272.0,865.5],[5272.5,866.0],[5273.0,866.5],[5273.5,867.0],[5274.0,867.5],[5274.5,868.0],[5275.0,868.5]]","[[243047.2521944,431248.35754395,85.67131138],[243047.25114727,431248.35783386,85.67024612],[243047.2507658,431248.35760498,85.66971493],[243047.25038433,431248.35736847,85.66918468],[243047.24933815,431248.35765839,85.66812038],[243047.24829197,431248.35795593,85.66705608],[243047.2472477,431248.35824585,85.66599274],[243047.24620342,431248.35853577,85.66493034],[243047.24515915,431248.35882568,85.66386795],[243047.24449635,431248.35934448,85.66333485],[243047.24383354,431248.35987091,85.66280174],[243047.24279118,431248.3601532,85.66174126],[243047.24212837,431248.36067963,85.66120815],[243047.24146557,431248.36119843,85.660676],[243047.24042511,431248.36148834,85.65961647],[243047.2400465,431248.36125946,85.65908909],[243047.24032974,431248.36050415,85.65909386],[243047.24061203,431248.35974884,85.65909862],[243047.24089527,431248.35900116,85.65910339],[243047.24117756,431248.35824585,85.65910816],[243047.24183941,431248.35772705,85.65964031],[243047.24250221,431248.35720825,85.66017246],[243047.2427845,431248.35645294,85.66017723],[243047.2434473,431248.35593414,85.66070938],[243047.24410915,431248.35540771,85.66124153],[243047.2443924,431248.35466003,85.6612463],[243047.24467564,431248.35390472,85.66125107],[243047.24429607,431248.35367584,85.66072369],[243047.24391651,431248.35344696,85.66019535],[243047.2441988,431248.35269165,85.66020012],[243047.24448204,431248.35194397,85.66020489],[243047.24476528,431248.35118866,85.66020966],[243047.24504852,431248.35043335,85.66021442],[243047.24533081,431248.34968567,85.66021919],[243047.2456131,431248.34893036,85.66022396],[243047.24589634,431248.34818268,85.66022873],[243047.24551678,431248.3479538,85.65970135],[243047.24513721,431248.34771729,85.65917397],[243047.24475765,431248.3474884,85.65864658],[243047.24371624,431248.34778595,85.657588],[243047.24333668,431248.34755707,85.65706158],[243047.24295807,431248.34732819,85.65653515],[243047.24191761,431248.3476181,85.65547848],[243047.24125671,431248.34814453,85.65494728],[243047.24059582,431248.34866333,85.65441704],[243047.23955631,431248.34895325,85.65336132],[243047.23851871,431248.34925079,85.6523056],[243047.23748016,431248.34954071,85.65125084],[243047.23710346,431248.34931183,85.65072632],[243047.23672581,431248.34908295,85.6502018],[243047.23634815,431248.34885406,85.64967728],[243047.23597145,431248.34862518,85.64915276],[243047.23493481,431248.3489151,85.6480999],[243047.23455811,431248.34868622,85.64757633],[243047.2341814,431248.34845734,85.64705276],[243047.2338047,431248.34822845,85.6465292],[243047.233428,431248.34799957,85.64600563],[243047.23305225,431248.34777069,85.64548302],[243047.23267651,431248.34754181,85.64495945],[243047.23229885,431248.34731293,85.64443684]]",dji_pose_mesh_ray_contour_nodes,
21,1,3,SPL,3331.699,18.6544,3198,0,3456,44,258,44,9507,243047.61113262,431249.93346405,86.78131294,dji_pose_mesh_ray_centroid,True,True,1212362,4.38078,warp,,3331.699,18.6544,1,1,1.0,1,4.38078,4.38078,198,198,1.0,"[[3455.0,35.5],[3454.5,35.0],[3454.0,34.5],[3453.0,34.5],[3452.0,34.5],[3451.5,34.0],[3451.0,33.5],[3450.0,33.5],[3449.5,33.0],[3449.0,32.5],[3448.0,32.5],[3447.0,32.5],[3446.0,32.5],[3445.0,32.5],[3444.5,32.0],[3444.0,31.5],[3443.0,31.5],[3442.5,31.0],[3442.0,30.5],[3441.5,30.0],[3441.0,29.5],[3440.0,29.5],[3439.0,29.5],[3438.0,29.5],[3437.5,30.0],[3437.0,30.5],[3436.5,31.0],[3436.5,32.0],[3436.0,32.5],[3435.5,33.0],[3435.5,34.0],[3435.0,34.5],[3434.5,35.0],[3434.5,36.0],[3434.0,36.5],[3433.5,37.0],[3433.0,37.5],[3432.5,38.0],[3432.0,38.5],[3431.5,39.0],[3431.0,39.5],[3430.5,40.0],[3430.0,40.5],[3429.0,40.5],[3428.0,40.5],[3427.0,40.5],[3426.0,40.5],[3425.0,40.5],[3424.0,40.5],[3423.0,40.5],[3422.0,40.5],[3421.0,40.5],[3420.0,40.5],[3419.5,41.0],[3419.0,41.5],[3418.0,41.5],[3417.0,41.5],[3416.0,41.5],[3415.0,41.5],[3414.0,41.5],[3413.0,41.5],[3412.5,41.0],[3412.0,40.5],[3411.0,40.5],[3410.0,40.5],[3409.5,40.0],[3409.0,39.5],[3408.0,39.5],[3407.5,39.0],[3407.0,38.5],[3406.5,38.0],[3406.5,37.0],[3406.0,36.5],[3405.0,36.5],[3404.5,36.0],[3404.0,35.5],[3403.0,35.5],[3402.0,35.5],[3401.0,35.5],[3400.0,35.5],[3399.0,35.5],[3398.0,35.5],[3397.0,35.5],[3396.0,35.5],[3395.5,36.0],[3395.0,36.5],[3394.0,36.5],[3393.0,36.5],[3392.0,36.5],[3391.5,36.0],[3391.0,35.5],[3390.5,36.0],[3390.0,36.5],[3389.0,36.5],[3388.0,36.5],[3387.5,37.0],[3387.0,37.5],[3386.0,37.5],[3385.0,37.5],[3384.5,37.0],[3384.0,36.5],[3383.0,36.5],[3382.0,36.5],[3381.0,36.5],[3380.0,36.5],[3379.0,36.5],[3378.5,37.0],[3378.0,37.5],[3377.0,37.5],[3376.0,37.5],[3375.0,37.5],[3374.0,37.5],[3373.0,37.5],[3372.0,37.5],[3371.5,38.0],[3371.0,38.5],[3370.0,38.5],[3369.0,38.5],[3368.0,38.5],[3367.0,38.5],[3366.0,38.5],[3365.0,38.5],[3364.5,39.0],[3364.0,39.5],[3363.0,39.5],[3362.0,39.5],[3361.0,39.5],[3360.0,39.5],[3359.0,39.5],[3358.0,39.5],[3357.0,39.5],[3356.0,39.5],[3355.0,39.5],[3354.0,39.5],[3353.0,39.5],[3352.5,40.0],[3352.0,40.5],[3351.0,40.5],[3350.0,40.5],[3349.0,40.5],[3348.0,40.5],[3347.5,40.0],[3347.0,39.5],[3346.0,39.5],[3345.0,39.5],[3344.0,39.5],[3343.0,39.5],[3342.0,39.5],[3341.0,39.5],[3340.0,39.5],[3339.0,39.5],[3338.0,39.5],[3337.5,40.0],[3337.0,40.5],[3336.5,40.0],[3336.0,39.5],[3335.0,39.5],[3334.0,39.5],[3333.0,39.5],[3332.0,39.5],[3331.0,39.5],[3330.0,39.5],[3329.0,39.5],[3328.0,39.5],[3327.0,39.5],[3326.5,39.0],[3326.0,38.5],[3325.0,38.5],[3324.0,38.5],[3323.0,38.5],[3322.0,38.5],[3321.0,38.5],[3320.0,38.5],[3319.5,39.0],[3319.0,39.5],[3318.0,39.5],[3317.0,39.5],[3316.5,40.0],[3316.0,40.5],[3315.0,40.5],[3314.5,41.0],[3314.0,41.5],[3313.0,41.5],[3312.5,42.0],[3312.0,42.5],[3311.0,42.5],[3310.0,42.5],[3309.0,42.5],[3308.0,42.5],[3307.0,42.5],[3306.0,42.5],[3305.0,42.5],[3304.0,42.5],[3303.0,42.5],[3302.0,42.5],[3301.0,42.5],[3300.0,42.5],[3299.5,43.0]]","[[243047.6380415,431249.81216431,86.7561245],[243047.63847256,431249.81272125,86.75694561],[243047.63890362,431249.8132782,86.75776672],[243047.6386776,431249.81426239,86.75782585],[243047.63844967,431249.81523895,86.75788403],[243047.63888168,431249.8157959,86.75870514],[243047.63931274,431249.81635284,86.75952721],[243047.63908577,431249.81733704,86.75958538],[243047.63951683,431249.81789398,86.76040745],[243047.63994884,431249.81845093,86.76122951],[243047.63972187,431249.81943512,86.76128864],[243047.6394949,431249.82041168,86.76134777],[243047.63926792,431249.82139587,86.7614069],[243047.63904095,431249.82237244,86.76146507],[243047.63947296,431249.82293701,86.76228809],[243047.63990402,431249.82349396,86.76311016],[243047.63967705,431249.82447815,86.76316929],[243047.64011002,431249.8250351,86.76399231],[243047.64054108,431249.82559967,86.76481533],[243047.64097404,431249.82615662,86.7656393],[243047.64140606,431249.82672119,86.76646233],[243047.64117813,431249.82769775,86.76652145],[243047.64095116,431249.82868195,86.76658153],[243047.64072323,431249.82965851,86.76663971],[243047.64006519,431249.83007812,86.76587582],[243047.63940525,431249.83049774,86.76511192],[243047.63874531,431249.83091736,86.76434708],[243047.63763142,431249.8307724,86.76274872],[243047.63687706,431249.83118439,86.76193619],[243047.63612366,431249.83158875,86.76112366],[243047.63489819,431249.83142853,86.75946903],[243047.63414574,431249.83183289,86.75865746],[243047.63339233,431249.83223724,86.75784588],[243047.63216972,431249.83207703,86.75619316],[243047.63141632,431249.83248901,86.75538254],[243047.63066483,431249.83289337,86.75457191],[243047.62991238,431249.83329773,86.75376224],[243047.62916088,431249.83370209,86.75295258],[243047.62840939,431249.83410645,86.75214291],[243047.62765789,431249.83451843,86.75133324],[243047.62686253,431249.83491516,86.75050163],[243047.62598324,431249.83530426,86.74962616],[243047.62510395,431249.83569336,86.74875164],[243047.62465668,431249.8366394,86.74869728],[243047.62421036,431249.83759308,86.74864292],[243047.62376308,431249.83853912,86.74858856],[243047.62331676,431249.83948517,86.7485342],[243047.62287045,431249.84043884,86.7484808],[243047.62242413,431249.84138489,86.74842644],[243047.62197685,431249.84233093,86.74837208],[243047.62153053,431249.84328461,86.74831772],[243047.62108421,431249.84423065,86.74826336],[243047.62063789,431249.84518433,86.74820995],[243047.61976051,431249.8455658,86.74733543],[243047.61888313,431249.8459549,86.74646187],[243047.61843777,431249.84690094,86.74640846],[243047.61799145,431249.84784698,86.7463541],[243047.61754417,431249.84880066,86.74629974],[243047.61709881,431249.8497467,86.74624634],[243047.61665249,431249.85069275,86.74619198],[243047.61620617,431249.85163879,86.74613762],[243047.61663628,431249.85220337,86.74695682],[243047.61706734,431249.85276794,86.74777603],[243047.61662102,431249.85371399,86.74772263],[243047.6161747,431249.85466766,86.74766827],[243047.61660576,431249.85523224,86.74848747],[243047.61703587,431249.85579681,86.74930763],[243047.61658955,431249.85674286,86.74925327],[243047.61702061,431249.85730743,86.75007343],[243047.61745071,431249.85787201,86.75089455],[243047.61788273,431249.85843658,86.75171471],[243047.61919117,431249.85861969,86.75341129],[243047.61962223,431249.85918427,86.75423241],[243047.61917591,431249.86013031,86.75417805],[243047.61960697,431249.86069489,86.75500011],[243047.62003899,431249.86125946,86.75582218],[243047.61959171,431249.86221313,86.75576782],[243047.61914444,431249.86315918,86.75571251],[243047.61869812,431249.86411285,86.7556591],[243047.6182518,431249.8650589,86.75560474],[243047.61780453,431249.86601257,86.75555038],[243047.61735725,431249.86695862,86.75549507],[243047.61690998,431249.86790466,86.75544071],[243047.61646366,431249.86885834,86.75538635],[243047.61558628,431249.86923981,86.75450993],[243047.6147089,431249.86962128,86.75363445],[243047.61426258,431249.87056732,86.75358009],[243047.61381531,431249.871521,86.75352573],[243047.61336899,431249.87246704,86.75347137],[243047.61380005,431249.87303162,86.75429344],[243047.61425686,431249.87360382,86.75512791],[243047.61336517,431249.87398529,86.7542448],[243047.61247635,431249.87436676,86.75336266],[243047.61203861,431249.87531281,86.75331306],[243047.61160374,431249.87626648,86.75326443],[243047.61071301,431249.87664032,86.75238228],[243047.60983086,431249.87702179,86.75150394],[243047.6093874,431249.87796783,86.75145149],[243047.60895348,431249.87892151,86.75140285],[243047.60940838,431249.87949371,86.75223732],[243047.60986423,431249.88006592,86.75307083],[243047.60942841,431249.88101196,86.75302219],[243047.60899353,431249.88196564,86.75297451],[243047.60855865,431249.88291168,86.75292587],[243047.60812378,431249.88386536,86.75287724],[243047.6076889,431249.8848114,86.7528286],[243047.60679913,431249.88518524,86.75194645],[243047.6059103,431249.88556671,86.7510643],[243047.60547543,431249.88651276,86.75101662],[243047.6050415,431249.88746643,86.75096798],[243047.60460663,431249.88841248,86.75091934],[243047.60417175,431249.88935852,86.7508707],[243047.60373688,431249.89031219,86.75082302],[243047.60330296,431249.89125824,86.75077438],[243047.60241508,431249.89163208,86.74989319],[243047.60152721,431249.89201355,86.74901199],[243047.60109234,431249.89295959,86.74896336],[243047.60065842,431249.89390564,86.74891567],[243047.60022449,431249.89485168,86.74886703],[243047.59978962,431249.89580536,86.7488184],[243047.59935474,431249.8967514,86.74877071],[243047.59892178,431249.89769745,86.74872208],[243047.59803486,431249.89807129,86.74784183],[243047.59714794,431249.89844513,86.74696159],[243047.59671402,431249.8993988,86.74691296],[243047.5962801,431249.90034485,86.74686527],[243047.59584522,431249.90129089,86.74681663],[243047.5954113,431249.90223694,86.746768],[243047.59497738,431249.90319061,86.74672031],[243047.59454441,431249.90413666,86.74667168],[243047.59410954,431249.9050827,86.74662304],[243047.59367657,431249.90602875,86.74657536],[243047.59324265,431249.90697479,86.74652672],[243047.59280872,431249.90792084,86.74647903],[243047.5923748,431249.90887451,86.7464304],[243047.59148979,431249.90924072,86.74555111],[243047.59060478,431249.90961456,86.74467182],[243047.59017181,431249.91056061,86.74462414],[243047.58973789,431249.91150665,86.7445755],[243047.58930397,431249.9124527,86.74452686],[243047.588871,431249.91340637,86.74447918],[243047.58932209,431249.91397858,86.74531078],[243047.58977318,431249.91455841,86.74614143],[243047.58933926,431249.91550446,86.74609375],[243047.58890533,431249.9164505,86.74604511],[243047.58847237,431249.91739655,86.74599743],[243047.5880394,431249.91834259,86.74594879],[243047.58760548,431249.91928864,86.74590111],[243047.58717251,431249.92023468,86.74585247],[243047.58673763,431249.92118073,86.74580383],[243047.58630466,431249.9221344,86.74575615],[243047.5858717,431249.92308044,86.74570847],[243047.58498764,431249.92344666,86.74482918],[243047.58410454,431249.92381287,86.74394989],[243047.58455372,431249.9243927,86.74478054],[243047.58500481,431249.92497253,86.74561214],[243047.58457088,431249.92591858,86.74556351],[243047.58413792,431249.92686462,86.74551582],[243047.58370495,431249.92781067,86.74546719],[243047.58327103,431249.92875671,86.74541855],[243047.58283806,431249.92970276,86.74537086],[243047.58240414,431249.9306488,86.74532223],[243047.58197117,431249.93159485,86.74527454],[243047.5815382,431249.93254089,86.74522686],[243047.58110523,431249.93348694,86.74517822],[243047.58155537,431249.93406677,86.74600983],[243047.58200455,431249.93464661,86.74684048],[243047.58157063,431249.93559265,86.74679184],[243047.58113861,431249.9365387,86.74674511],[243047.58070469,431249.93748474,86.74669647],[243047.58027172,431249.93843079,86.74664783],[243047.5798378,431249.93937683,86.74660015],[243047.57940483,431249.94032288,86.74655151],[243047.57852268,431249.94068909,86.74567223],[243047.57764053,431249.9410553,86.74479389],[243047.57720757,431249.94200134,86.74474525],[243047.5767746,431249.94294739,86.74469757],[243047.57589245,431249.9433136,86.74381924],[243047.57501221,431249.94367981,86.7429409],[243047.57457924,431249.94462585,86.74289226],[243047.57369804,431249.94498444,86.74201488],[243047.5728178,431249.94535065,86.74113655],[243047.57238483,431249.94629669,86.74108887],[243047.57150459,431249.9466629,86.74021149],[243047.57062531,431249.94702148,86.73933506],[243047.57019329,431249.94796753,86.73928738],[243047.56976032,431249.94891357,86.73923969],[243047.56932926,431249.94985962,86.73919201],[243047.56889629,431249.95080566,86.73914337],[243047.56846428,431249.95174408,86.73909569],[243047.56803226,431249.95269012,86.739048],[243047.56760025,431249.95363617,86.73900032],[243047.56716728,431249.95458221,86.73895168],[243047.56673527,431249.95552063,86.738904],[243047.56630325,431249.95646667,86.73885632],[243047.56587124,431249.95741272,86.73880768],[243047.56543922,431249.95835876,86.73875999],[243047.56456089,431249.95871735,86.73788452]]",dji_pose_mesh_ray_contour_nodes,
22,2,3,SPL,3080.1429,4.2857,3078,4,3083,6,5,2,7,243047.56304264,431250.18564606,86.81665325,dji_pose_mesh_ray_centroid,True,True,312704,4.397421,warp,,3080.1429,4.2857,1,1,1.0,1,4.397421,4.397421,3,3,1.0,"[[3079.5,5.0],[3079.0,4.5],[3078.0,4.5]]","[[243047.56184864,431250.18605042,86.81538773],[243047.56223869,431250.1866684,86.81621075],[243047.56177139,431250.18762207,86.81614494]]",dji_pose_mesh_ray_contour_nodes,
23,3,3,SPL,343.3149,102.1073,323,96,365,108,42,12,289,243046.5777998,431252.81563568,86.68957424,dji_pose_mesh_ray_centroid,True,True,314670,4.874763,warp,,343.3149,102.1073,1,1,1.0,1,4.874763,4.874763,40,40,1.0,"[[358.5,107.0],[358.0,106.5],[357.0,106.5],[356.0,106.5],[355.5,106.0],[355.0,105.5],[354.0,105.5],[353.0,105.5],[352.0,105.5],[351.0,105.5],[350.0,105.5],[349.0,105.5],[348.0,105.5],[347.0,105.5],[346.0,105.5],[345.0,105.5],[344.0,105.5],[343.0,105.5],[342.0,105.5],[341.0,105.5],[340.0,105.5],[339.0,105.5],[338.0,105.5],[337.0,105.5],[336.5,106.0],[336.0,106.5],[335.0,106.5],[334.0,106.5],[333.0,106.5],[332.0,106.5],[331.0,106.5],[330.0,106.5],[329.0,106.5],[328.0,106.5],[327.0,106.5],[326.0,106.5],[325.0,106.5],[324.5,106.0],[324.0,105.5],[323.0,105.5]]","[[243046.57784176,431252.79462433,86.6810627],[243046.57817078,431252.79572296,86.68191338],[243046.57785416,431252.79672241,86.68193054],[243046.57753754,431252.79771423,86.68194771],[243046.57786655,431252.79881287,86.68279839],[243046.57819462,431252.7999115,86.68364906],[243046.577878,431252.80090332,86.68366623],[243046.57756233,431252.80190277,86.68368339],[243046.57724476,431252.80289459,86.68370056],[243046.57692909,431252.80388641,86.68371677],[243046.57661152,431252.80488586,86.68373394],[243046.57629585,431252.80587769,86.68375111],[243046.57597923,431252.80687714,86.68376827],[243046.57566166,431252.80786896,86.68378448],[243046.57534504,431252.80886078,86.68380165],[243046.57502937,431252.80986023,86.68381786],[243046.5747118,431252.81085205,86.68383503],[243046.57439518,431252.81184387,86.6838522],[243046.57407951,431252.81284332,86.68386936],[243046.57376194,431252.81383514,86.68388557],[243046.57344627,431252.81482697,86.68390274],[243046.57306767,431252.81575012,86.68387699],[243046.57267952,431252.81665802,86.68384552],[243046.57229137,431252.81755829,86.68381405],[243046.5716238,431252.81742096,86.68296337],[243046.57095718,431252.81728363,86.68211365],[243046.57056904,431252.81819153,86.68208122],[243046.57018089,431252.81909943,86.68204975],[243046.5697937,431252.82000732,86.68201828],[243046.56940556,431252.82090759,86.68198585],[243046.56901836,431252.82181549,86.68195438],[243046.56863022,431252.82272339,86.68192291],[243046.56824207,431252.82362366,86.68189144],[243046.56785488,431252.82453156,86.68185902],[243046.56746674,431252.82543945,86.68182754],[243046.56707954,431252.82633972,86.68179607],[243046.5666914,431252.82724762,86.68176365],[243046.56697083,431252.82829285,86.6825819],[243046.5672493,431252.82933807,86.68340015],[243046.56686211,431252.83023834,86.68336868]]",dji_pose_mesh_ray_contour_nodes,
24,4,3,SPL,379.1594,101.1159,374,96,384,106,10,10,69,243046.59013748,431252.78115082,86.69064903,dji_pose_mesh_ray_centroid,True,True,1219906,4.857721,warp,,379.1594,101.1159,1,1,1.0,1,4.857721,4.857721,14,14,1.0,"[[374.0,102.5],[374.5,102.0],[374.5,101.0],[375.0,100.5],[375.5,100.0],[376.0,99.5],[376.5,99.0],[377.0,98.5],[378.0,98.5],[378.5,98.0],[379.0,97.5],[379.5,97.0],[380.0,96.5],[380.5,96.0]]","[[243046.58714008,431252.78461456,86.68839169],[243046.58778763,431252.78472137,86.68922806],[243046.5887661,431252.78591919,86.69091797],[243046.5894146,431252.78601837,86.69175529],[243046.59006214,431252.78612518,86.69259262],[243046.59071064,431252.78622437,86.69342995],[243046.59135914,431252.78633118,86.69426823],[243046.59200859,431252.78643036,86.69510651],[243046.59232616,431252.78543091,86.69509029],[243046.59297466,431252.78553772,86.69592762],[243046.59362411,431252.7856369,86.69676685],[243046.59427357,431252.78574371,86.69760609],[243046.59492397,431252.7858429,86.69844532],[243046.59557438,431252.78594971,86.69928551]]",dji_pose_mesh_ray_contour_nodes,
25,5,3,SPL,4978.0,100.0,4975,100,4982,101,7,1,7,243047.95345402,431248.38933563,86.60059357,dji_pose_mesh_ray_centroid,True,True,312676,4.664074,warp,,4978.0,100.0,1,1,1.0,1,4.664074,4.664074,7,7,1.0,"[[4975.0,100.0],[4976.0,100.0],[4977.0,100.0],[4978.0,100.0],[4979.0,100.0],[4980.0,100.0],[4981.0,100.0]]","[[243047.95213413,431248.39217377,86.60044289],[243047.95257378,431248.39122772,86.60049343],[243047.95301342,431248.39028168,86.60054302],[243047.95345402,431248.38933563,86.60059357],[243047.95389271,431248.38838959,86.60064316],[243047.95433331,431248.38744354,86.60069275],[243047.9547739,431248.38650513,86.60074329]]",dji_pose_mesh_ray_contour_nodes,
26,6,3,SPL,312.268,105.9381,304,102,321,110,17,8,97,243046.56228638,431252.83943939,86.6822958,dji_pose_mesh_ray_centroid,True,True,1219901,4.880076,warp,,312.268,105.9381,1,1,1.0,1,4.880076,4.880076,11,11,1.0,"[[304.0,104.5],[304.5,104.0],[305.0,103.5],[306.0,103.5],[306.5,103.0],[307.0,102.5],[308.0,102.5],[309.0,102.5],[310.0,102.5],[311.0,102.5],[311.5,102.0]]","[[243046.56043911,431252.84862518,86.68443298],[243046.56110382,431252.84877014,86.68528366],[243046.56176949,431252.8489151,86.68613434],[243046.56215763,431252.8480072,86.68616676],[243046.56282425,431252.84815216,86.68701839],[243046.56348991,431252.84828949,86.68786907],[243046.56387806,431252.84738922,86.68790054],[243046.5642662,431252.84648132,86.68793297],[243046.56465435,431252.84557343,86.68796539],[243046.56504345,431252.84466553,86.68799782],[243046.56570911,431252.84481049,86.68884945]]",dji_pose_mesh_ray_contour_nodes,
27,7,3,SPL,266.0,111.0,265,111,268,112,3,1,3,243046.5396347,431252.87522125,86.67240715,dji_pose_mesh_ray_centroid,True,True,1219901,4.889173,warp,,266.0,111.0,1,1,1.0,1,4.889173,4.889173,3,3,1.0,"[[265.0,111.0],[266.0,111.0],[267.0,111.0]]","[[243046.53924847,431252.87612152,86.67237568],[243046.5396347,431252.87522125,86.67240715],[243046.54002094,431252.87431335,86.67243862]]",dji_pose_mesh_ray_contour_nodes,
28,8,3,SPL,287.3855,116.3473,263,112,304,123,41,11,262,243046.54289818,431252.84957123,86.66421509,dji_pose_mesh_ray_centroid,True,True,1219901,4.869251,warp,,287.3855,116.3473,1,1,1.0,1,4.869251,4.869251,34,34,1.0,"[[289.5,122.0],[289.0,121.5],[288.0,121.5],[287.0,121.5],[286.0,121.5],[285.5,121.0],[285.0,120.5],[284.0,120.5],[283.5,120.0],[283.0,119.5],[282.5,119.0],[282.0,118.5],[281.0,118.5],[280.5,118.0],[280.0,117.5],[279.0,117.5],[278.0,117.5],[277.0,117.5],[276.0,117.5],[275.0,117.5],[274.0,117.5],[273.0,117.5],[272.0,117.5],[271.0,117.5],[270.0,117.5],[269.0,117.5],[268.0,117.5],[267.0,117.5],[266.5,117.0],[266.0,116.5],[265.0,116.5],[264.0,116.5],[263.5,116.0],[263.0,115.5]]","[[243046.53844643,431252.84098053,86.6549406],[243046.53871918,431252.84202576,86.65575027],[243046.53833485,431252.84292603,86.6557188],[243046.53794956,431252.84381866,86.65568829],[243046.53756523,431252.84471893,86.65565681],[243046.53783703,431252.84576416,86.65646648],[243046.53810978,431252.84680176,86.6572752],[243046.53772449,431252.84770203,86.65724468],[243046.53799629,431252.84874725,86.65805435],[243046.53827,431252.84978485,86.65886402],[243046.53854179,431252.85083008,86.65967464],[243046.5388155,431252.85187531,86.66048527],[243046.53843021,431252.85277557,86.6604538],[243046.53870296,431252.85381317,86.66126442],[243046.53897572,431252.8548584,86.662076],[243046.53858948,431252.85575867,86.66204452],[243046.53820419,431252.85665894,86.66201305],[243046.53781986,431252.8575592,86.66198254],[243046.5374527,431252.85848236,86.66196346],[243046.5371027,431252.85942841,86.66195583],[243046.5367527,431252.86037445,86.66194916],[243046.53640175,431252.8613205,86.66194153],[243046.53605175,431252.86226654,86.66193485],[243046.53570175,431252.86321259,86.66192722],[243046.53535175,431252.86415863,86.66191959],[243046.5350008,431252.86510468,86.66191292],[243046.5346508,431252.86605072,86.66190529],[243046.5343008,431252.86699677,86.66189861],[243046.5345583,431252.8680191,86.6626997],[243046.53481674,431252.86904907,86.66350174],[243046.53446674,431252.86999512,86.66349411],[243046.53411579,431252.87094116,86.66348743],[243046.53437424,431252.87197113,86.66428947],[243046.53463268,431252.8730011,86.66509151]]",dji_pose_mesh_ray_contour_nodes,
29,9,3,SPL,159.8152,137.646,123,129,200,148,77,19,644,243046.47977829,431252.94561005,86.62897587,dji_pose_mesh_ray_centroid,True,True,1219830,4.890493,warp,,159.8152,137.646,1,1,1.0,1,4.890493,4.890493,69,69,1.0,"[[199.0,133.5],[198.5,134.0],[198.0,134.5],[197.0,134.5],[196.5,135.0],[196.0,135.5],[195.0,135.5],[194.5,136.0],[194.0,136.5],[193.5,137.0],[193.0,137.5],[192.0,137.5],[191.0,137.5],[190.0,137.5],[189.0,137.5],[188.0,137.5],[187.0,137.5],[186.0,137.5],[185.5,137.0],[185.0,136.5],[184.5,137.0],[184.0,137.5],[183.0,137.5],[182.5,138.0],[182.0,138.5],[181.0,138.5],[180.0,138.5],[179.5,139.0],[179.0,139.5],[178.0,139.5],[177.0,139.5],[176.0,139.5],[175.0,139.5],[174.0,139.5],[173.0,139.5],[172.0,139.5],[171.0,139.5],[170.5,140.0],[170.0,140.5],[169.0,140.5],[168.0,140.5],[167.0,140.5],[166.0,140.5],[165.0,140.5],[164.0,140.5],[163.5,141.0],[163.0,141.5],[162.0,141.5],[161.0,141.5],[160.5,142.0],[160.0,142.5],[159.0,142.5],[158.0,142.5],[157.5,143.0],[157.0,143.5],[156.0,143.5],[155.0,143.5],[154.0,143.5],[153.5,144.0],[153.0,144.5],[152.0,144.5],[151.0,144.5],[150.0,144.5],[149.0,144.5],[148.0,144.5],[147.5,145.0],[147.5,146.0],[147.0,146.5],[146.5,147.0]]","[[243046.49681854,431252.91329956,86.63577843],[243046.49621964,431252.91320801,86.63497734],[243046.49562073,431252.91312408,86.63417816],[243046.49527168,431252.9140625,86.63417053],[243046.49467278,431252.91397095,86.6333704],[243046.49407387,431252.91388702,86.63257122],[243046.49372673,431252.91482544,86.63256454],[243046.49312782,431252.91473389,86.63176441],[243046.49253082,431252.91464996,86.63096619],[243046.49193192,431252.91455841,86.63016701],[243046.49133492,431252.91446686,86.62936878],[243046.49098778,431252.91540527,86.62936211],[243046.49063873,431252.91635132,86.62935448],[243046.4902916,431252.91728973,86.6293478],[243046.48994446,431252.91822815,86.62934113],[243046.48959541,431252.91916656,86.6293335],[243046.48924828,431252.92010498,86.62932682],[243046.48889923,431252.9210434,86.62931919],[243046.48914909,431252.92207336,86.63011074],[243046.48939896,431252.92310333,86.63090229],[243046.48880196,431252.92301178,86.63010406],[243046.48820496,431252.92292023,86.62930489],[243046.48785591,431252.92385864,86.62929821],[243046.48725891,431252.92376709,86.62849998],[243046.48666382,431252.92368317,86.62770176],[243046.48631477,431252.92462158,86.62769508],[243046.48596764,431252.92556,86.62768745],[243046.48537064,431252.92546844,86.62689018],[243046.48477554,431252.92537689,86.62609291],[243046.48442841,431252.92631531,86.62608528],[243046.48407936,431252.92725372,86.62607861],[243046.48373222,431252.92819214,86.62607098],[243046.48338509,431252.92913055,86.6260643],[243046.48303795,431252.93006897,86.62605762],[243046.4826889,431252.93100739,86.62605],[243046.48234177,431252.9319458,86.62604332],[243046.48199463,431252.93288422,86.62603569],[243046.48139954,431252.93279266,86.62523842],[243046.48080254,431252.93270111,86.6244421],[243046.4804554,431252.93363953,86.62443447],[243046.48010826,431252.93457794,86.6244278],[243046.47976112,431252.93551636,86.62442112],[243046.47941399,431252.93645477,86.62441349],[243046.47906685,431252.93739319,86.62440681],[243046.47871971,431252.9383316,86.62439918],[243046.47812462,431252.93824005,86.62360287],[243046.47752953,431252.93814087,86.62280655],[243046.47718239,431252.93907928,86.62279987],[243046.47683525,431252.9400177,86.62279224],[243046.47624016,431252.93992615,86.62199593],[243046.47564697,431252.93983459,86.62120056],[243046.47531891,431252.9407959,86.62120628],[243046.4750042,431252.94178009,86.6212225],[243046.47441483,431252.94168854,86.62042904],[243046.47382545,431252.94160461,86.61963654],[243046.47351074,431252.94258881,86.61965179],[243046.47319603,431252.94356537,86.61966705],[243046.47288132,431252.94454956,86.61968231],[243046.47229195,431252.94445801,86.61888981],[243046.47170258,431252.94437408,86.61809826],[243046.47138786,431252.94535065,86.61811352],[243046.47107315,431252.94633484,86.61812782],[243046.47075844,431252.9473114,86.61814308],[243046.47044373,431252.94829559,86.61815834],[243046.47012901,431252.94927216,86.61817265],[243046.46954155,431252.94918823,86.6173811],[243046.46867943,431252.94802856,86.61578369],[243046.46809196,431252.94794464,86.61499309],[243046.46750259,431252.94785309,86.61420155]]",dji_pose_mesh_ray_contour_nodes,
30,10,3,SPL,3492.6957,188.5739,3483,184,3502,194,19,10,115,243047.46414566,431249.75418091,86.51149559,dji_pose_mesh_ray_centroid,True,True,1212296,4.109034,warp,,3492.6957,188.5739,1,1,1.0,1,4.109034,4.109034,20,20,1.0,"[[3483.0,188.5],[3484.0,188.5],[3484.5,188.0],[3485.0,187.5],[3486.0,187.5],[3487.0,187.5],[3487.5,187.0],[3488.0,186.5],[3489.0,186.5],[3490.0,186.5],[3490.5,186.0],[3491.0,185.5],[3492.0,185.5],[3492.5,185.0],[3493.0,184.5],[3494.0,184.5],[3495.0,184.5],[3496.0,184.5],[3497.0,184.5],[3497.5,184.0]]","[[243047.46283054,431249.76329803,86.51243401],[243047.4629755,431249.76235962,86.51234817],[243047.46362972,431249.76195526,86.51306725],[243047.46428394,431249.76155853,86.51378727],[243047.4644289,431249.76062012,86.51370144],[243047.46457291,431249.75967407,86.51361656],[243047.46522713,431249.75927734,86.51433563],[243047.4658823,431249.75887299,86.51505566],[243047.46602726,431249.75793457,86.51496983],[243047.46617126,431249.75699615,86.51488495],[243047.46682644,431249.7565918,86.51560402],[243047.46748161,431249.75618744,86.51632404],[243047.46762562,431249.75524902,86.51623821],[243047.46828175,431249.75485229,86.51695919],[243047.46893692,431249.75444794,86.51767921],[243047.46908092,431249.75350952,86.51759338],[243047.46922493,431249.75256348,86.51750755],[243047.46936989,431249.75162506,86.51742268],[243047.46951389,431249.75068665,86.51733684],[243047.47017002,431249.75028229,86.51805687]]",dji_pose_mesh_ray_contour_nodes,
31,11,3,SPL,3508.0,205.0,3508,205,3509,206,1,1,1,243047.44734001,431249.73769379,86.48534107,dji_pose_mesh_ray_centroid,True,True,1212296,4.081162,warp,,3508.0,205.0,1,1,1.0,1,4.081162,4.081162,1,1,1.0,"[[3508.0,205.0]]","[[243047.44734001,431249.73769379,86.48534107]]",dji_pose_mesh_ray_contour_nodes,
32,12,3,SPL,3513.3228,256.4767,3485,221,3541,281,56,60,1546,243047.3897686,431249.72628784,86.40866947,dji_pose_mesh_ray_centroid,True,True,1212296,3.996114,warp,,3513.3228,256.4767,1,1,1.0,1,3.996114,3.996114,92,92,1.0,"[[3500.5,221.0],[3500.5,222.0],[3501.0,222.5],[3501.5,223.0],[3502.0,223.5],[3503.0,223.5],[3504.0,223.5],[3504.5,224.0],[3505.0,224.5],[3505.5,225.0],[3505.5,226.0],[3505.5,227.0],[3505.5,228.0],[3505.5,229.0],[3506.0,229.5],[3506.5,230.0],[3506.5,231.0],[3506.5,232.0],[3506.5,233.0],[3506.5,234.0],[3506.5,235.0],[3506.5,236.0],[3506.5,237.0],[3507.0,237.5],[3508.0,237.5],[3508.5,238.0],[3509.0,238.5],[3510.0,238.5],[3511.0,238.5],[3512.0,238.5],[3513.0,238.5],[3514.0,238.5],[3515.0,238.5],[3515.5,238.0],[3516.0,237.5],[3516.5,238.0],[3517.0,238.5],[3517.5,239.0],[3518.0,239.5],[3518.5,240.0],[3519.0,240.5],[3519.5,241.0],[3520.0,241.5],[3520.5,242.0],[3521.0,242.5],[3521.5,243.0],[3522.0,243.5],[3523.0,243.5],[3524.0,243.5],[3524.5,244.0],[3525.0,244.5],[3526.0,244.5],[3526.5,245.0],[3526.5,246.0],[3527.0,246.5],[3527.5,247.0],[3528.0,247.5],[3529.0,247.5],[3530.0,247.5],[3530.5,248.0],[3531.0,248.5],[3532.0,248.5],[3533.0,248.5],[3533.5,249.0],[3533.5,250.0],[3533.5,251.0],[3533.5,252.0],[3533.5,253.0],[3533.5,254.0],[3533.5,255.0],[3533.5,256.0],[3533.0,256.5],[3532.5,257.0],[3533.0,257.5],[3533.5,258.0],[3533.5,259.0],[3534.0,259.5],[3534.5,260.0],[3535.0,260.5],[3536.0,260.5],[3536.5,261.0],[3536.5,262.0],[3537.0,262.5],[3537.5,263.0],[3537.5,264.0],[3537.5,265.0],[3538.0,265.5],[3538.5,266.0],[3539.0,266.5],[3539.5,267.0],[3539.5,268.0],[3540.0,268.5]]","[[243047.4279213,431249.74260712,86.46199131],[243047.42678165,431249.74247742,86.46050072],[243047.42628479,431249.74195099,86.45971584],[243047.42578697,431249.74141693,86.45893002],[243047.42529011,431249.7408905,86.45814419],[243047.42543507,431249.73996735,86.45806313],[243047.42557907,431249.73903656,86.45798111],[243047.42508221,431249.73851013,86.45719624],[243047.42458534,431249.7379837,86.45641231],[243047.42408943,431249.73745728,86.45562839],[243047.4229517,431249.73732758,86.45414162],[243047.42181683,431249.73719788,86.45265675],[243047.42068005,431249.73706818,86.45117187],[243047.41954517,431249.73693848,86.44968796],[243047.41905117,431249.73641205,86.4489069],[243047.41855621,431249.73588562,86.44812489],[243047.41742229,431249.73576355,86.44664288],[243047.41629028,431249.73563385,86.44516277],[243047.41515732,431249.73550415,86.44368267],[243047.41402626,431249.73538208,86.44220352],[243047.41289616,431249.73525238,86.44072628],[243047.4117651,431249.73513031,86.43924904],[243047.4106369,431249.73500061,86.43777275],[243047.41014385,431249.73447418,86.43699455],[243047.41028881,431249.73355103,86.43691444],[243047.40979671,431249.7330246,86.4361372],[243047.40930557,431249.7325058,86.43535995],[243047.40945053,431249.73158264,86.43527985],[243047.40959454,431249.73065948,86.43519974],[243047.40973949,431249.72973633,86.43511963],[243047.40988445,431249.72881317,86.43503952],[243047.41002941,431249.72789001,86.43495941],[243047.41017342,431249.72696686,86.4348793],[243047.41081047,431249.72657013,86.43557644],[243047.41144657,431249.7261734,86.43627357],[243047.41095543,431249.72564697,86.43549633],[243047.41046238,431249.72512817,86.43471909],[243047.40997124,431249.72460175,86.43394279],[243047.40948009,431249.72408295,86.4331665],[243047.40898895,431249.72355652,86.43239021],[243047.40849781,431249.72303772,86.43161488],[243047.40800667,431249.72251129,86.43083954],[243047.40751648,431249.72199249,86.4300642],[243047.40702629,431249.72147369,86.42928982],[243047.40653515,431249.72094727,86.42851543],[243047.40604591,431249.72042847,86.42774105],[243047.40555573,431249.71990967,86.42696667],[243047.40570068,431249.71898651,86.42688751],[243047.40584564,431249.71807098,86.42680836],[243047.40535545,431249.71754456,86.42603397],[243047.40486526,431249.71702576,86.42526054],[243047.40501022,431249.71611023,86.42518139],[243047.40452099,431249.71559143,86.42440796],[243047.40339851,431249.71546936,86.42294216],[243047.40291023,431249.71495056,86.42217064],[243047.40242004,431249.71443176,86.42139816],[243047.40193272,431249.71391296,86.42062664],[243047.40207672,431249.71298981,86.42054748],[243047.40222168,431249.71207428,86.42046833],[243047.40173244,431249.71155548,86.41969681],[243047.40124416,431249.71103668,86.41892624],[243047.40138912,431249.71012115,86.41884708],[243047.40153408,431249.70920563,86.41876793],[243047.4010458,431249.70868683,86.41799736],[243047.39992619,431249.70856476,86.41653538],[243047.39880657,431249.70845032,86.41507435],[243047.39768791,431249.70832825,86.41361523],[243047.39657021,431249.70821381,86.4121561],[243047.39545345,431249.70809937,86.41069794],[243047.39433575,431249.70797729,86.40924072],[243047.39321995,431249.70786285,86.40778446],[243047.39259052,431249.70825958,86.40709496],[243047.39196014,431249.70865631,86.4064064],[243047.39147568,431249.70814514,86.4056406],[243047.39099026,431249.70762634,86.40487385],[243047.38987637,431249.7075119,86.40342045],[243047.3893919,431249.7069931,86.40265465],[243047.38890839,431249.7064743,86.4018898],[243047.38842392,431249.70596313,86.40112495],[243047.38856888,431249.70504761,86.40104675],[243047.38808441,431249.70453644,86.40028191],[243047.38697338,431249.70441437,86.39883232],[243047.38648987,431249.7039032,86.39806747],[243047.38600636,431249.7033844,86.39730453],[243047.38489723,431249.70326996,86.3958559],[243047.38378716,431249.70315552,86.39440823],[243047.3833046,431249.70264435,86.39364529],[243047.38282299,431249.70212555,86.3928833],[243047.38234043,431249.70161438,86.39212131],[243047.38185883,431249.70110321,86.39136028],[243047.38075161,431249.70098877,86.38991547],[243047.38027,431249.70046997,86.38915443]]",dji_pose_mesh_ray_contour_nodes,
33,13,3,SPL,3599.5,273.0,3598,273,3602,274,4,1,4,243047.38710594,431249.64625549,86.3795557,dji_pose_mesh_ray_centroid,True,True,1212293,3.974589,warp,,3599.5,273.0,1,1,1.0,1,3.974589,3.974589,4,4,1.0,"[[3598.0,273.0],[3599.0,273.0],[3600.0,273.0],[3601.0,273.0]]","[[243047.38670158,431249.64759827,86.37958622],[243047.38697147,431249.64670563,86.37956619],[243047.38724232,431249.64581299,86.37954617],[243047.38751221,431249.64491272,86.37952614]]",dji_pose_mesh_ray_contour_nodes,
34,14,3,SPL,3585.154,289.7768,3567,276,3607,302,40,26,578,243047.36358929,431249.65727997,86.35532951,dji_pose_mesh_ray_centroid,True,True,1212364,3.944288,warp,,3585.154,289.7768,1,1,1.0,1,3.944288,3.944288,41,41,1.0,"[[3578.5,276.0],[3579.0,276.5],[3579.5,277.0],[3579.5,278.0],[3579.5,279.0],[3580.0,279.5],[3581.0,279.5],[3582.0,279.5],[3583.0,279.5],[3584.0,279.5],[3585.0,279.5],[3585.5,280.0],[3586.0,280.5],[3587.0,280.5],[3588.0,280.5],[3589.0,280.5],[3590.0,280.5],[3590.5,281.0],[3591.0,281.5],[3592.0,281.5],[3592.5,282.0],[3593.0,282.5],[3594.0,282.5],[3595.0,282.5],[3596.0,282.5],[3597.0,282.5],[3598.0,282.5],[3598.5,283.0],[3599.0,283.5],[3599.5,284.0],[3600.0,284.5],[3601.0,284.5],[3602.0,284.5],[3602.5,285.0],[3603.0,285.5],[3604.0,285.5],[3604.5,286.0],[3605.0,286.5],[3605.5,287.0],[3605.5,288.0],[3606.0,288.5]]","[[243047.37798405,431249.66471863,86.3756094],[243047.37752724,431249.66421509,86.37486362],[243047.37707138,431249.66371918,86.37411976],[243047.3758955,431249.66360474,86.37265301],[243047.37472057,431249.66349792,86.37118816],[243047.37426472,431249.66299438,86.3704443],[243047.37452793,431249.66210175,86.37042141],[243047.37479115,431249.66120911,86.37039852],[243047.37505531,431249.66031647,86.37037563],[243047.37531853,431249.65942383,86.37035274],[243047.37558174,431249.65853119,86.37032986],[243047.37512684,431249.65802765,86.36958694],[243047.37467098,431249.65752411,86.36884403],[243047.37493324,431249.65663147,86.36882114],[243047.37519741,431249.65573883,86.36879826],[243047.37546062,431249.65484619,86.36877537],[243047.37572479,431249.65395355,86.36875343],[243047.3752737,431249.65345764,86.36801243],[243047.37482262,431249.6529541,86.36727142],[243047.37509251,431249.65206146,86.3672514],[243047.37464142,431249.65156555,86.36651134],[243047.37419033,431249.65106201,86.36577034],[243047.37446022,431249.650177,86.36575127],[243047.37472916,431249.64928436,86.36573124],[243047.375,431249.64839172,86.36571217],[243047.37526894,431249.64749908,86.36569214],[243047.37553883,431249.64660645,86.36567211],[243047.37508774,431249.64611053,86.36493206],[243047.3746376,431249.64561462,86.36419296],[243047.37418652,431249.64511108,86.36345386],[243047.37373638,431249.64461517,86.36271477],[243047.37400532,431249.64372253,86.36269474],[243047.37427521,431249.64283752,86.36267471],[243047.37382507,431249.64233398,86.36193562],[243047.37337494,431249.64183807,86.36119747],[243047.37364388,431249.64095306,86.36117744],[243047.37320232,431249.64045715,86.36044311],[243047.37277126,431249.63996124,86.35971355],[243047.3723402,431249.63946533,86.35898399],[243047.3711977,431249.63936615,86.35754013],[243047.37076759,431249.63887024,86.35681152]]",dji_pose_mesh_ray_contour_nodes,
35,15,3,SPL,3217.75,350.0,3217,349,3219,352,2,3,4,243047.21957397,431249.97727966,86.28609467,dji_pose_mesh_ray_centroid,True,True,1212301,3.826477,warp,,3217.75,350.0,1,1,1.0,1,3.826477,3.826477,2,2,1.0,"[[3217.0,349.5],[3217.5,349.0]]","[[243047.21992207,431249.97805023,86.2868166],[243047.22059822,431249.97770691,86.28751183]]",dji_pose_mesh_ray_contour_nodes,
36,16,3,SPL,3230.0,357.5,3230,357,3231,359,1,2,2,243047.2146225,431249.96489716,86.27527714,dji_pose_mesh_ray_centroid,True,True,1212301,3.815637,warp,,3230.0,357.5,1,1,1.0,1,3.815637,3.815637,2,2,1.0,"[[3230.0,357.0],[3230.0,358.0]]","[[243047.21516609,431249.96499634,86.27597904],[243047.21407986,431249.96479797,86.27457523]]",dji_pose_mesh_ray_contour_nodes,
37,17,3,SPL,3224.2439,363.3902,3220,360,3228,367,8,7,41,243047.20673561,431249.96879578,86.2671442,dji_pose_mesh_ray_centroid,True,True,1212301,3.805961,warp,,3224.2439,363.3902,1,1,1.0,1,3.805961,3.805961,10,10,1.0,"[[3220.0,364.5],[3220.5,364.0],[3221.0,363.5],[3221.5,363.0],[3221.5,362.0],[3222.0,361.5],[3222.5,361.0],[3223.0,360.5],[3224.0,360.5],[3224.5,360.0]]","[[243047.20442677,431249.97232056,86.26568127],[243047.2050972,431249.97198486,86.26636982],[243047.20576859,431249.97164154,86.26705933],[243047.20643997,431249.97130585,86.26774788],[243047.20752239,431249.97150421,86.26914787],[243047.20819378,431249.97116089,86.26983738],[243047.20886612,431249.9708252,86.27052689],[243047.20953846,431249.97048187,86.27121735],[243047.20979977,431249.96959686,86.27119636],[243047.21047211,431249.96926117,86.27188587]]",dji_pose_mesh_ray_contour_nodes,
38,18,3,SPL,3442.3333,392.1111,3441,391,3445,394,4,3,9,243047.24324322,431249.77404785,86.22746944,dji_pose_mesh_ray_centroid,True,True,1212300,3.795793,warp,,3442.3333,392.1111,1,1,1.0,1,3.795793,3.795793,2,2,1.0,"[[3441.0,391.5],[3441.5,391.0]]","[[243047.24347878,431249.77528381,86.228302],[243047.24421024,431249.77492523,86.22900486]]",dji_pose_mesh_ray_contour_nodes,
39,19,3,SPL,3596.6925,407.0397,3585,391,3614,430,29,39,504,243047.26439476,431249.63789368,86.20298195,dji_pose_mesh_ray_centroid,True,True,1212289,3.792259,warp,,3596.6925,407.0397,1,1,1.0,1,3.792259,3.792259,57,57,1.0,"[[3585.0,414.5],[3585.5,414.0],[3585.5,413.0],[3586.0,412.5],[3586.5,412.0],[3586.5,411.0],[3586.5,410.0],[3587.0,409.5],[3587.5,409.0],[3587.5,408.0],[3588.0,407.5],[3588.5,407.0],[3589.0,406.5],[3589.5,406.0],[3590.0,405.5],[3590.5,405.0],[3591.0,404.5],[3591.5,404.0],[3592.0,403.5],[3592.5,403.0],[3593.0,402.5],[3593.5,402.0],[3594.0,401.5],[3595.0,401.5],[3596.0,401.5],[3597.0,401.5],[3597.5,401.0],[3598.0,400.5],[3598.5,400.0],[3598.0,399.5],[3597.0,399.5],[3596.0,399.5],[3595.0,399.5],[3594.0,399.5],[3593.0,399.5],[3592.0,399.5],[3591.5,399.0],[3591.0,398.5],[3590.0,398.5],[3589.0,398.5],[3588.5,398.0],[3588.0,397.5],[3587.5,397.0],[3587.5,396.0],[3587.5,395.0],[3588.0,394.5],[3588.5,394.0],[3589.0,393.5],[3589.5,393.0],[3590.0,392.5],[3591.0,392.5],[3591.5,392.0],[3592.0,391.5],[3593.0,391.5],[3594.0,391.5],[3595.0,391.5],[3595.5,391.0]]","[[243047.25673676,431249.64757538,86.19449902],[243047.25721264,431249.64717865,86.19508743],[243047.25803661,431249.64724731,86.19633579],[243047.25851345,431249.64685059,86.19692421],[243047.25899029,431249.64645386,86.19751358],[243047.25981426,431249.64652252,86.19876289],[243047.26063919,431249.64659882,86.20001316],[243047.26111603,431249.64620209,86.20060253],[243047.26159382,431249.64579773,86.20119286],[243047.26241875,431249.64587402,86.20244408],[243047.26289654,431249.64547729,86.20303345],[243047.26337433,431249.64507294,86.20362377],[243047.26385212,431249.64467621,86.2042141],[243047.26432896,431249.64427185,86.20480347],[243047.26480675,431249.64387512,86.20539474],[243047.26528549,431249.64347076,86.20598507],[243047.26576328,431249.64307404,86.20657539],[243047.26624107,431249.64266968,86.20716572],[243047.26671886,431249.64226532,86.207757],[243047.26719761,431249.64186859,86.20834732],[243047.2676754,431249.64146423,86.2089386],[243047.26815414,431249.6410675,86.20952988],[243047.26863289,431249.64066315,86.21012115],[243047.26876068,431249.63978577,86.21004772],[243047.26888943,431249.63890839,86.20997524],[243047.26901817,431249.63803101,86.20990276],[243047.26949692,431249.63762665,86.21049404],[243047.26997471,431249.63722992,86.21108532],[243047.27045441,431249.63682556,86.2116766],[243047.27080441,431249.63729858,86.21234131],[243047.27067566,431249.63817596,86.21241379],[243047.27054787,431249.63905334,86.21248627],[243047.27041912,431249.63993073,86.2125597],[243047.27029037,431249.64080811,86.21263218],[243047.27016258,431249.64169312,86.21270561],[243047.27003384,431249.6425705,86.21277809],[243047.27038383,431249.64304352,86.2134428],[243047.27073479,431249.64352417,86.21410751],[243047.27060604,431249.64440155,86.21418095],[243047.27047634,431249.64527893,86.21425343],[243047.27082729,431249.64575195,86.21491909],[243047.27117825,431249.6462326,86.21558475],[243047.2715292,431249.64671326,86.21625042],[243047.27235985,431249.64678955,86.21750832],[243047.2731905,431249.64686584,86.21876812],[243047.2736702,431249.64646149,86.21936035],[243047.27414989,431249.64605713,86.21995449],[243047.27463055,431249.6456604,86.22054768],[243047.27511024,431249.64525604,86.22114086],[243047.2755909,431249.64485168,86.221735],[243047.27571964,431249.6439743,86.22166157],[243047.27619934,431249.64356995,86.22225475],[243047.27667999,431249.64316559,86.22284889],[243047.27680874,431249.64228821,86.22277546],[243047.27693748,431249.64141083,86.22270203],[243047.27706528,431249.64052582,86.22262859],[243047.27754593,431249.64012909,86.22322273]]",dji_pose_mesh_ray_contour_nodes,
40,20,3,SPL,3433.6667,393.8889,3432,393,3436,396,4,3,9,243047.23831558,431249.78126526,86.22488308,dji_pose_mesh_ray_centroid,True,True,1212300,3.791147,warp,,3433.6667,393.8889,1,1,1.0,1,3.791147,3.791147,2,2,1.0,"[[3432.0,393.5],[3432.5,393.0]]","[[243047.23818779,431249.78275299,86.22540188],[243047.2389183,431249.78240204,86.22610378]]",dji_pose_mesh_ray_contour_nodes,
41,21,3,SPL,3133.2769,426.3538,3128,423,3139,431,11,8,65,243047.11401463,431250.03469086,86.1814785,dji_pose_mesh_ray_centroid,True,True,1212304,3.700796,warp,,3133.2769,426.3538,1,1,1.0,1,3.700796,3.700796,12,12,1.0,"[[3138.0,428.5],[3137.5,429.0],[3137.0,429.5],[3136.0,429.5],[3135.0,429.5],[3134.5,429.0],[3134.0,428.5],[3133.0,428.5],[3132.0,428.5],[3131.5,429.0],[3131.0,429.5],[3130.5,430.0]]","[[243047.11291599,431250.03010559,86.17845726],[243047.11218357,431250.03041077,86.17775822],[243047.11145115,431250.03072357,86.17705822],[243047.1111536,431250.03157806,86.17706108],[243047.11085606,431250.03244019,86.17706394],[243047.11128998,431250.0329895,86.17776489],[243047.11172485,431250.03353882,86.1784668],[243047.11142635,431250.03440094,86.17846966],[243047.11112881,431250.03525543,86.17847156],[243047.11039639,431250.03556824,86.17777252],[243047.10966492,431250.03587341,86.17707348],[243047.10893345,431250.03617859,86.17637444]]",dji_pose_mesh_ray_contour_nodes,
42,22,3,SPL,3088.4169,492.812,3072,450,3112,531,40,81,2027,243047.02971649,431250.05734253,86.09231472,dji_pose_mesh_ray_centroid,True,True,78892,3.595481,warp,,3088.4169,492.812,1,1,1.0,1,3.595481,3.595481,110,110,1.0,"[[3111.0,480.5],[3110.5,481.0],[3110.5,482.0],[3110.0,482.5],[3109.5,483.0],[3109.0,483.5],[3108.0,483.5],[3107.0,483.5],[3106.5,484.0],[3106.0,484.5],[3105.0,484.5],[3104.0,484.5],[3103.0,484.5],[3102.0,484.5],[3101.0,484.5],[3100.0,484.5],[3099.0,484.5],[3098.0,484.5],[3097.5,485.0],[3097.0,485.5],[3096.0,485.5],[3095.0,485.5],[3094.0,485.5],[3093.5,486.0],[3093.0,486.5],[3092.5,487.0],[3092.0,487.5],[3091.5,488.0],[3091.5,489.0],[3092.0,489.5],[3092.5,490.0],[3093.0,490.5],[3094.0,490.5],[3095.0,490.5],[3096.0,490.5],[3097.0,490.5],[3097.5,491.0],[3098.0,491.5],[3098.5,492.0],[3098.5,493.0],[3098.5,494.0],[3098.5,495.0],[3099.0,495.5],[3099.5,496.0],[3099.5,497.0],[3100.0,497.5],[3100.5,498.0],[3101.0,498.5],[3101.5,499.0],[3102.0,499.5],[3102.5,500.0],[3102.5,501.0],[3103.0,501.5],[3103.5,502.0],[3104.0,502.5],[3105.0,502.5],[3106.0,502.5],[3106.5,502.0],[3107.0,501.5],[3108.0,501.5],[3109.0,501.5],[3109.5,502.0],[3109.5,503.0],[3109.5,504.0],[3109.0,504.5],[3108.5,505.0],[3108.0,505.5],[3107.5,506.0],[3107.0,506.5],[3106.0,506.5],[3105.5,507.0],[3105.0,507.5],[3104.5,508.0],[3104.0,508.5],[3103.5,509.0],[3103.0,509.5],[3102.5,510.0],[3102.5,511.0],[3102.5,512.0],[3102.5,513.0],[3103.0,513.5],[3103.5,514.0],[3103.5,515.0],[3103.5,516.0],[3104.0,516.5],[3104.5,517.0],[3104.5,518.0],[3104.5,519.0],[3104.5,520.0],[3104.5,521.0],[3104.0,521.5],[3103.0,521.5],[3102.5,522.0],[3102.0,522.5],[3101.0,522.5],[3100.0,522.5],[3099.5,523.0],[3099.0,523.5],[3098.5,524.0],[3098.0,524.5],[3097.5,525.0],[3097.5,526.0],[3097.0,526.5],[3096.5,527.0],[3096.0,527.5],[3095.5,528.0],[3095.0,528.5],[3094.5,529.0],[3094.0,529.5],[3093.5,530.0]]","[[243047.04625702,431250.04051971,86.10729408],[243047.04570961,431250.04085541,86.10668468],[243047.04491711,431250.04067993,86.1054678],[243047.0443697,431250.04101562,86.10485935],[243047.04382324,431250.04135132,86.10425091],[243047.04327583,431250.04167938,86.10364151],[243047.04297352,431250.04252625,86.1036396],[243047.0426712,431250.04336548,86.10363865],[243047.0421257,431250.04370117,86.1030302],[243047.04157829,431250.04402924,86.10242176],[243047.04127598,431250.04486847,86.10241985],[243047.04097462,431250.04571533,86.10241795],[243047.0406723,431250.04655457,86.10241699],[243047.04036999,431250.0473938,86.10241508],[243047.04006767,431250.04823303,86.10241318],[243047.03976536,431250.04907227,86.10241127],[243047.03946304,431250.04991913,86.10240936],[243047.03916168,431250.05075836,86.10240841],[243047.03861523,431250.05108643,86.10179996],[243047.03806877,431250.05142212,86.10119152],[243047.03776741,431250.05226135,86.10119057],[243047.03746605,431250.05310059,86.10118866],[243047.03716373,431250.05394745,86.10118675],[243047.03661823,431250.05427551,86.10057926],[243047.03607273,431250.05461121,86.09997177],[243047.03552628,431250.05493927,86.09936333],[243047.03498173,431250.05527496,86.09875679],[243047.03443623,431250.05560303,86.0981493],[243047.03364754,431250.05542755,86.09693623],[243047.03340435,431250.05492401,86.09633064],[243047.03316212,431250.05441284,86.09572601],[243047.03291893,431250.0539093,86.09512138],[243047.03322029,431250.05306244,86.09512234],[243047.03352165,431250.05222321,86.09512424],[243047.03382301,431250.05138397,86.09512615],[243047.03412533,431250.05054474,86.09512806],[243047.03388214,431250.0500412,86.09452248],[243047.03363895,431250.04953003,86.09391785],[243047.03339577,431250.04902649,86.09331417],[243047.03260899,431250.04885101,86.09210396],[243047.03182125,431250.04867554,86.09089375],[243047.03103542,431250.04850769,86.08968449],[243047.03079224,431250.04799652,86.08908176],[243047.03055096,431250.04749298,86.08847809],[243047.02976418,431250.0473175,86.08726978],[243047.02952194,431250.04681396,86.08666706],[243047.02927971,431250.0463028,86.08606434],[243047.02903843,431250.04579926,86.08546162],[243047.0287962,431250.04529572,86.08485889],[243047.02855301,431250.04479218,86.08425713],[243047.02831173,431250.04428101,86.0836544],[243047.02752781,431250.04411316,86.08244896],[243047.02728558,431250.04360962,86.08184719],[243047.0270443,431250.04309845,86.08124542],[243047.02680302,431250.04259491,86.08064461],[243047.02710342,431250.04176331,86.08064556],[243047.02740383,431250.04092407,86.08064747],[243047.02794647,431250.04058838,86.08125019],[243047.02848911,431250.04026031,86.08185387],[243047.02878952,431250.03942108,86.08185577],[243047.02909088,431250.03858185,86.08185673],[243047.02884865,431250.03807831,86.08125496],[243047.02806473,431250.03791046,86.08005142],[243047.02727985,431250.03773499,86.07884693],[243047.02673817,431250.03807068,86.07824421],[243047.02619648,431250.03839874,86.07764244],[243047.02565479,431250.03873444,86.07703972],[243047.02511311,431250.03907013,86.07643795],[243047.02457047,431250.03939819,86.07583618],[243047.02427101,431250.04023743,86.07583427],[243047.02372932,431250.04056549,86.07523251],[243047.02318764,431250.04090118,86.07463074],[243047.0226469,431250.04122925,86.07402992],[243047.02210522,431250.04156494,86.07342815],[243047.02156448,431250.04189301,86.07282734],[243047.02102375,431250.0422287,86.07222557],[243047.02048302,431250.04255676,86.07162476],[243047.01970291,431250.04238892,86.07042503],[243047.01892185,431250.04221344,86.06922626],[243047.01814175,431250.04204559,86.0680275],[243047.01790237,431250.04154205,86.06742859],[243047.01766205,431250.04103851,86.06683063],[243047.0168829,431250.04086304,86.06563282],[243047.01610374,431250.04069519,86.06443596],[243047.01586342,431250.04019165,86.06383896],[243047.015625,431250.03968811,86.06324196],[243047.0148468,431250.03952026,86.06204605],[243047.0140686,431250.03934479,86.06085014],[243047.01329136,431250.03917694,86.05965614],[243047.01251411,431250.03900909,86.05846214],[243047.01197529,431250.03933716,86.05786419],[243047.01167583,431250.04016876,86.05786228],[243047.01113892,431250.04050446,86.05726528],[243047.01060009,431250.04083252,86.05666733],[243047.01030159,431250.04166412,86.05666637],[243047.01000214,431250.04249573,86.05666447],[243047.00946426,431250.04283142,86.05606747],[243047.00892639,431250.04315948,86.05547047],[243047.00838947,431250.04348755,86.05487347],[243047.0078516,431250.04382324,86.05427647],[243047.00731468,431250.04415131,86.05368042],[243047.0065403,431250.04398346,86.05248928],[243047.00600338,431250.04431152,86.05189323],[243047.00546646,431250.04463959,86.05129623],[243047.0049305,431250.04496765,86.05070114],[243047.00439358,431250.04530334,86.05010509],[243047.00385761,431250.04563141,86.04950905],[243047.00332069,431250.04595947,86.04891396],[243047.00278473,431250.04628754,86.04831886],[243047.00224972,431250.04662323,86.04772377]]",dji_pose_mesh_ray_contour_nodes,
43,23,3,SPL,3561.963,487.1037,3550,482,3574,493,24,11,135,243047.17589855,431249.66013336,86.09948444,dji_pose_mesh_ray_centroid,True,True,1212297,3.674018,warp,,3561.963,487.1037,1,1,1.0,1,3.674018,3.674018,28,28,1.0,"[[3570.5,492.0],[3570.0,491.5],[3569.0,491.5],[3568.0,491.5],[3567.5,491.0],[3567.0,490.5],[3566.0,490.5],[3565.0,490.5],[3564.0,490.5],[3563.0,490.5],[3562.0,490.5],[3561.0,490.5],[3560.0,490.5],[3559.0,490.5],[3558.5,490.0],[3558.0,489.5],[3557.0,489.5],[3556.0,489.5],[3555.5,489.0],[3555.0,488.5],[3554.5,488.0],[3554.0,487.5],[3553.0,487.5],[3552.5,487.0],[3552.0,486.5],[3551.0,486.5],[3550.5,486.0],[3550.0,485.5]]","[[243047.17261982,431249.65239716,86.09285068],[243047.1730299,431249.65287018,86.09351444],[243047.17282486,431249.65371704,86.09354973],[243047.17261887,431249.65457153,86.09358597],[243047.1730299,431249.65504456,86.09424877],[243047.17344093,431249.65551758,86.09491253],[243047.17323589,431249.65636444,86.09494877],[243047.1730299,431249.6572113,86.09498405],[243047.17282391,431249.6580658,86.09501934],[243047.17261791,431249.65891266,86.09505558],[243047.17241287,431249.65975952,86.09509087],[243047.17220688,431249.66061401,86.09512711],[243047.17200089,431249.66146088,86.09516334],[243047.17179585,431249.66230774,86.09519863],[243047.17220688,431249.66278839,86.09586239],[243047.17261696,431249.66326141,86.0965271],[243047.17241192,431249.66410828,86.09656239],[243047.17220592,431249.66496277,86.09659862],[243047.17261791,431249.66543579,86.09726334],[243047.17302895,431249.66591644,86.09792805],[243047.17343998,431249.66638947,86.09859276],[243047.17385197,431249.66687012,86.09925747],[243047.17364597,431249.66771698,86.09929371],[243047.17405701,431249.66819763,86.09995842],[243047.17446899,431249.66867065,86.10062408],[243047.17426395,431249.66952515,86.10066032],[243047.17467594,431249.66999817,86.10132599],[243047.17508698,431249.67047882,86.10199165]]",dji_pose_mesh_ray_contour_nodes,
44,24,3,SPL,3511.211,988.8965,3072,485,3889,1654,817,1169,290763,243046.73589993,431249.65564728,85.54115629,dji_pose_mesh_ray_centroid,True,True,1220284,3.084762,warp,,3511.211,988.8965,1,1,1.0,1,3.084762,3.084762,256,256,1.0,"[[3834.5,1653.0],[3822.5,1644.0],[3813.5,1632.0],[3822.5,1620.0],[3817.0,1604.5],[3811.0,1588.5],[3814.0,1571.5],[3818.5,1557.0],[3813.5,1541.0],[3801.5,1532.0],[3790.5,1521.0],[3783.0,1507.5],[3772.5,1497.0],[3760.5,1488.0],[3752.5,1475.0],[3742.5,1463.0],[3735.0,1449.5],[3730.5,1433.0],[3725.0,1417.5],[3717.0,1404.5],[3708.5,1391.0],[3713.5,1375.0],[3721.0,1361.5],[3733.0,1352.5],[3748.0,1346.5],[3766.0,1342.5],[3779.0,1334.5],[3775.5,1320.0],[3768.5,1306.0],[3756.5,1297.0],[3747.0,1284.5],[3732.5,1278.0],[3716.0,1273.5],[3705.0,1263.5],[3701.5,1248.0],[3700.5,1231.0],[3691.0,1219.5],[3673.0,1216.5],[3655.0,1219.5],[3636.0,1217.5],[3620.0,1211.5],[3604.0,1206.5],[3592.0,1197.5],[3583.5,1185.0],[3574.0,1173.5],[3559.5,1166.0],[3542.0,1162.5],[3532.0,1151.5],[3524.0,1138.5],[3510.5,1140.0],[3512.0,1130.5],[3528.0,1127.5],[3524.5,1113.0],[3532.0,1101.5],[3546.0,1106.5],[3561.0,1101.5],[3574.0,1109.5],[3587.0,1113.5],[3595.5,1103.0],[3582.0,1095.5],[3594.0,1092.5],[3608.0,1089.5],[3621.0,1093.5],[3636.5,1092.0],[3648.5,1086.0],[3645.0,1080.5],[3634.0,1072.5],[3639.0,1059.5],[3628.0,1052.5],[3625.0,1041.5],[3641.0,1037.5],[3658.0,1041.5],[3654.0,1054.5],[3662.5,1065.0],[3669.0,1075.5],[3667.5,1087.0],[3657.5,1098.0],[3643.0,1104.5],[3650.5,1109.0],[3657.0,1121.5],[3670.0,1130.5],[3674.5,1143.0],[3688.0,1148.5],[3687.0,1151.5],[3666.0,1151.5],[3660.5,1164.0],[3675.0,1170.5],[3692.0,1174.5],[3708.0,1177.5],[3722.5,1171.0],[3734.0,1160.5],[3750.0,1155.5],[3758.0,1151.5],[3756.5,1138.0],[3765.0,1128.5],[3766.5,1113.0],[3756.0,1102.5],[3748.0,1089.5],[3742.0,1077.5],[3746.5,1069.0],[3730.5,1063.0],[3741.0,1054.5],[3750.5,1045.0],[3752.0,1031.5],[3751.0,1020.5],[3757.0,1011.5],[3773.5,1011.0],[3785.0,1003.5],[3791.5,989.0],[3784.5,983.0],[3774.0,971.5],[3772.0,960.5],[3756.5,959.0],[3742.5,957.0],[3729.0,964.5],[3718.5,953.0],[3708.5,948.0],[3697.0,944.5],[3683.5,943.0],[3676.5,930.0],[3662.0,937.5],[3653.5,948.0],[3659.0,959.5],[3668.0,954.5],[3677.0,951.5],[3688.5,962.0],[3674.0,964.5],[3660.5,972.0],[3666.5,983.0],[3651.0,988.5],[3641.0,1000.5],[3642.5,1011.0],[3628.5,1018.0],[3611.0,1017.5],[3594.0,1015.5],[3587.0,1011.5],[3591.5,1001.0],[3598.0,989.5],[3589.5,977.0],[3589.0,963.5],[3584.0,949.5],[3573.0,955.5],[3558.5,951.0],[3545.0,943.5],[3530.5,939.0],[3514.5,940.0],[3499.0,943.5],[3485.5,951.0],[3491.0,962.5],[3501.5,973.0],[3499.0,986.5],[3510.0,991.5],[3520.0,992.5],[3527.0,1002.5],[3544.0,1002.5],[3558.5,1008.0],[3574.0,1009.5],[3574.0,1017.5],[3560.0,1024.5],[3544.0,1029.5],[3532.0,1039.5],[3523.5,1052.0],[3512.5,1060.0],[3519.0,1064.5],[3525.0,1073.5],[3539.5,1077.0],[3555.0,1078.5],[3564.0,1083.5],[3547.0,1085.5],[3539.0,1086.5],[3523.5,1086.0],[3511.0,1077.5],[3503.0,1075.5],[3495.0,1069.5],[3481.0,1076.5],[3471.0,1085.5],[3484.0,1091.5],[3485.0,1103.5],[3492.5,1117.0],[3501.5,1119.0],[3496.0,1127.5],[3487.0,1121.5],[3490.0,1136.5],[3495.0,1147.5],[3478.0,1151.5],[3457.0,1150.5],[3439.0,1151.5],[3418.0,1151.5],[3397.0,1151.5],[3376.0,1151.5],[3357.0,1148.5],[3341.0,1151.5],[3336.5,1145.0],[3332.5,1130.0],[3334.0,1120.5],[3342.5,1124.0],[3351.0,1134.5],[3363.0,1129.5],[3376.0,1126.5],[3364.5,1119.0],[3379.0,1113.5],[3389.0,1124.5],[3401.5,1122.0],[3413.0,1112.5],[3405.0,1104.5],[3397.5,1090.0],[3387.5,1083.0],[3382.0,1071.5],[3374.5,1069.0],[3377.0,1080.5],[3369.0,1084.5],[3365.0,1067.5],[3350.0,1065.5],[3333.5,1063.0],[3333.5,1069.0],[3334.5,1083.0],[3324.5,1074.0],[3313.0,1068.5],[3299.5,1065.0],[3283.5,1063.0],[3266.0,1063.5],[3252.0,1066.5],[3236.0,1067.5],[3221.0,1063.5],[3229.0,1071.5],[3246.0,1070.5],[3261.5,1074.0],[3273.0,1073.5],[3272.0,1082.5],[3260.5,1087.0],[3252.0,1088.5],[3247.5,1098.0],[3255.0,1105.5],[3269.0,1108.5],[3280.0,1110.5],[3287.0,1122.5],[3280.5,1133.0],[3295.0,1137.5],[3312.0,1139.5],[3327.0,1145.5],[3317.0,1148.5],[3301.0,1151.5],[3280.0,1151.5],[3259.0,1151.5],[3238.0,1151.5],[3216.0,1151.5],[3195.0,1151.5],[3174.0,1151.5],[3177.0,1146.5],[3163.0,1142.5],[3160.0,1151.5],[3146.0,1148.5],[3129.0,1150.5],[3110.0,1148.5],[3092.0,1151.5],[3072.0,1149.5]]","[[243046.38972855,431249.40480804,84.98694086],[243046.39297485,431249.41259003,84.99348354],[243046.39839935,431249.41855621,85.00220871],[243046.40661812,431249.41304016,85.01086426],[243046.4146595,431249.41686249,85.02222395],[243046.42296982,431249.4210434,85.03403664],[243046.43331528,431249.41945648,85.04661083],[243046.44249535,431249.4168396,85.0573926],[243046.45115089,431249.42041016,85.0694499],[243046.45462418,431249.42842865,85.07634973],[243046.4594593,431249.43587494,85.08479452],[243046.46636391,431249.44112396,85.09516668],[243046.46934891,431249.44823456,85.10311508],[243046.47083855,431249.4562912,85.10990572],[243046.47733879,431249.46195984,85.12003279],[243046.48275757,431249.46894836,85.12943602],[243046.48977852,431249.47437286,85.14007997],[243046.49953461,431249.47795105,85.15318584],[243046.50846577,431249.48219299,85.16559172],[243046.51518631,431249.48803711,85.17606544],[243046.52081776,431249.4941864,85.18680811],[243046.52939415,431249.49127197,85.1993475],[243046.53791332,431249.48661804,85.21005392],[243046.54610062,431249.4788208,85.21735144],[243046.55322552,431249.46886444,85.22222757],[243046.55987167,431249.45679474,85.22548008],[243046.56776524,431249.44820404,85.23201609],[243046.57572842,431249.45097351,85.24393797],[243046.58260345,431249.45613098,85.2555232],[243046.58525944,431249.46459198,85.26301336],[243046.59067726,431249.47148132,85.27345991],[243046.5912199,431249.48165131,85.27892208],[243046.59004974,431249.4931488,85.28271723],[243046.59359837,431249.50109863,85.29115963],[243046.6023922,431249.50411224,85.30430889],[243046.61279202,431249.50547791,85.3188324],[243046.61773491,431249.51254272,85.32872581],[243046.6152668,431249.52519989,85.33132791],[243046.60901451,431249.53759766,85.3287549],[243046.60566807,431249.55091858,85.33049488],[243046.60556126,431249.56237793,85.33569097],[243046.60482502,431249.57380676,85.34003401],[243046.60758495,431249.58269501,85.34786224],[243046.61343098,431249.58937073,85.35878086],[243046.61842632,431249.59673309,85.36888123],[243046.61966324,431249.60740662,85.37550402],[243046.61828327,431249.62003326,85.37875652],[243046.62217522,431249.62775421,85.38836718],[243046.62991428,431249.63445282,85.40025711],[243046.62604713,431249.6439743,85.39902401],[243046.63332367,431249.64367676,85.40770388],[243046.63834,431249.63241577,85.41018629],[243046.64791393,431249.63602448,85.42349338],[243046.65743542,431249.63148499,85.43394947],[243046.65644073,431249.62100983,85.42911911],[243046.66291046,431249.61055756,85.43352079],[243046.65980053,431249.60066223,85.42600155],[243046.65952206,431249.59106445,85.42217159],[243046.66860962,431249.58563232,85.43169069],[243046.67128944,431249.59584045,85.43877649],[243046.6757803,431249.58737946,85.44138861],[243046.68066788,431249.5774765,85.44397688],[243046.6803627,431249.56787109,85.4401083],[243046.68447018,431249.55680084,85.44128847],[243046.69111538,431249.5484848,85.44667721],[243046.69437695,431249.55131531,85.45182323],[243046.69797421,431249.55971527,85.45941591],[243046.70836258,431249.55683136,85.47150564],[243046.71128273,431249.56523132,85.47823954],[243046.71871853,431249.56806946,85.4886694],[243046.72481441,431249.556633,85.49223041],[243046.72524071,431249.54402161,85.48819685],[243046.71495438,431249.5462265,85.4759922],[243046.70899963,431249.539505,85.46602821],[243046.70268631,431249.53425598,85.45614576],[243046.69412231,431249.53475189,85.44549847],[243046.68430042,431249.54137421,85.43548155],[243046.67684078,431249.55142975,85.42969704],[243046.67511272,431249.54580688,85.4254756],[243046.66927052,431249.54062653,85.41436863],[243046.6671257,431249.53100586,85.40639687],[243046.6609602,431249.52731323,85.39541626],[243046.6609745,431249.51753998,85.39056683],[243046.65900993,431249.51813507,85.38795233],[243046.65405941,431249.53298187,85.38801622],[243046.64559841,431249.53634644,85.37715673],[243046.64507484,431249.52584839,85.37143421],[243046.64665985,431249.51371765,85.36789894],[243046.64864159,431249.50235748,85.36524868],[243046.65616608,431249.49240112,85.37090731],[243046.66489792,431249.4846344,85.37997627],[243046.67154694,431249.47349548,85.38427591],[243046.67574406,431249.46796417,85.38773632],[243046.68322372,431249.46940613,85.39954138],[243046.69077396,431249.46364594,85.40785694],[243046.70021534,431249.4630127,85.42153072],[243046.70390797,431249.47078705,85.43088007],[243046.70969391,431249.47689056,85.44249439],[243046.7155447,431249.48156738,85.45330143],[243046.72258472,431249.47864532,85.46114206],[243046.72380924,431249.49042511,85.46695995],[243046.73206997,431249.48316956,85.47477388],[243046.74090099,431249.47665405,85.48357391],[243046.75115108,431249.47606659,85.49631882],[243046.75911427,431249.47720337,85.50679874],[243046.76701069,431249.47315979,85.51531458],[243046.77064705,431249.46112061,85.51554728],[243046.77854347,431249.45295715,85.52257204],[243046.79076672,431249.44864655,85.53646183],[243046.79392719,431249.45397949,85.54238892],[243046.80059338,431249.46209717,85.55375719],[243046.80895042,431249.46396637,85.56465626],[243046.80667114,431249.47547913,85.56629229],[243046.80541134,431249.4859314,85.56848812],[243046.79697037,431249.49562073,85.56133079],[243046.80368519,431249.50391388,85.57282448],[243046.80552959,431249.51158142,85.57793331],[243046.8059206,431249.52030945,85.58159304],[243046.80436802,431249.53044891,85.58330631],[243046.81301689,431249.53636169,85.59638357],[243046.80429268,431249.54679871,85.58913851],[243046.79449749,431249.55255127,85.57883978],[243046.78679276,431249.54779816,85.56737852],[243046.79242134,431249.54138184,85.5721674],[243046.79652596,431249.53484344,85.57498646],[243046.79078865,431249.52575684,85.5644393],[243046.78598022,431249.53638458,85.56221437],[243046.77757645,431249.54598999,85.55507088],[243046.77044773,431249.54094696,85.54423094],[243046.76321125,431249.55209351,85.53912163],[243046.75221825,431249.55876923,85.52764893],[243046.74468803,431249.55706024,85.51750851],[243046.73671246,431249.56692505,85.51100111],[243046.73360729,431249.57979584,85.51174068],[243046.73170853,431249.59240723,85.51391268],[243046.73327923,431249.5978241,85.51786184],[243046.74198341,431249.59522247,85.5279212],[243046.7518816,431249.59119415,85.53897333],[243046.75958538,431249.59833527,85.55130196],[243046.76970768,431249.59963989,85.56456947],[243046.77940464,431249.60434723,85.57850647],[243046.77274799,431249.6121521,85.57277632],[243046.77349281,431249.62334442,85.57753754],[243046.77673531,431249.63406372,85.58528423],[243046.77748775,431249.64533234,85.59008217],[243046.77371883,431249.65730286,85.58941507],[243046.76811886,431249.66867828,85.58623743],[243046.7598362,431249.67817688,85.57903433],[243046.75209045,431249.67301178,85.56750393],[243046.74608135,431249.66423798,85.55692863],[243046.73542786,431249.66493988,85.54373455],[243046.73371983,431249.65633392,85.53864002],[243046.73482895,431249.64881134,85.53747272],[243046.72864437,431249.64281464,85.52762365],[243046.73179817,431249.63021851,85.52730131],[243046.73038006,431249.61907959,85.52170944],[243046.73217297,431249.60753632,85.51998281],[243046.72625065,431249.60697174,85.51229143],[243046.71840572,431249.61676788,85.50581884],[243046.71176052,431249.6281662,85.50132894],[243046.70219421,431249.63621521,85.49201298],[243046.69149303,431249.64146423,85.48031139],[243046.68365383,431249.64888,85.47295475],[243046.68159008,431249.64377594,85.46860886],[243046.67619324,431249.63869476,85.46006966],[243046.67633438,431249.62788391,85.45655441],[243046.67811298,431249.61651611,85.45489883],[243046.67630768,431249.60964966,85.45012665],[243046.67160225,431249.62181091,85.44851398],[243046.66942024,431249.62754059,85.44771767],[243046.66693878,431249.63881683,85.44844007],[243046.67074394,431249.6485672,85.45656872],[243046.67071342,431249.65455627,85.45857286],[243046.67356396,431249.66088104,85.46432733],[243046.66594982,431249.67050171,85.4580102],[243046.65766239,431249.67700958,85.44977999],[243046.65576553,431249.66704559,85.44398642],[243046.64741707,431249.66531372,85.43286657],[243046.63924885,431249.65878296,85.42033434],[243046.63948345,431249.65213013,85.41836071],[243046.63250923,431249.65541077,85.41068411],[243046.63507748,431249.6623764,85.4163022],[243046.62413692,431249.65887451,85.40237236],[243046.61660099,431249.65431976,85.39216995],[243046.60959244,431249.66601562,85.38856888],[243046.6055975,431249.68100739,85.38959408],[243046.60071754,431249.69368744,85.38876247],[243046.59593678,431249.70859528,85.38886642],[243046.5911541,431249.72350311,85.38897085],[243046.58636951,431249.73842621,85.3890748],[243046.58437157,431249.75228119,85.3919363],[243046.57839203,431249.76329803,85.38924885],[243046.58241749,431249.76728821,85.39527321],[243046.59322739,431249.77198792,85.40922737],[243046.60104656,431249.77209473,85.41810417],[243046.60023975,431249.76557159,85.41478109],[243046.59393597,431249.75821686,85.40494013],[243046.60061073,431249.75023651,85.40953636],[243046.60595322,431249.74128723,85.41226912],[243046.60924053,431249.75040436,85.4193511],[243046.61693573,431249.74063873,85.42444229],[243046.61051464,431249.73221588,85.41407108],[243046.61536026,431249.72354889,85.4163456],[243046.62555122,431249.71634674,85.42520285],[243046.6300993,431249.72297668,85.43279266],[243046.64001465,431249.73001099,85.44659948],[243046.64335251,431249.73804474,85.45334148],[243046.65127945,431249.7433548,85.46438456],[243046.65168667,431249.74912262,85.46686554],[243046.64294147,431249.74594116,85.45579481],[243046.63785362,431249.75126648,85.4520092],[243046.65070915,431249.75621796,85.46837044],[243046.64884663,431249.76737976,85.47038984],[243046.64703846,431249.77971649,85.4729042],[243046.6421566,431249.77894592,85.467103],[243046.63106346,431249.77643585,85.4536376],[243046.63600922,431249.78485107,85.46233463],[243046.63778973,431249.79393768,85.46770287],[243046.6374836,431249.80423737,85.47116423],[243046.63537598,431249.81617737,85.47319317],[243046.63092422,431249.82888031,85.47281933],[243046.62552738,431249.8387146,85.47006893],[243046.62131691,431249.85029602,85.46927452],[243046.62133408,431249.86190033,85.4733057],[243046.61661911,431249.85483551,85.46548891],[243046.62103844,431249.8425293,85.46627188],[243046.62152863,431249.83068848,85.46273518],[243046.62443256,431249.82236481,85.46310902],[243046.61696053,431249.82183075,85.45446634],[243046.61093903,431249.82958221,85.45028305],[243046.60794544,431249.83556366,85.44893885],[243046.59946823,431249.83747864,85.43994093],[243046.59514046,431249.83097839,85.43275833],[243046.59573364,431249.82041931,85.4297843],[243046.59651375,431249.81219482,85.42779589],[243046.58867073,431249.80554962,85.41647577],[243046.57901192,431249.80880737,85.40671015],[243046.57876968,431249.7978363,85.40243673],[243046.58110142,431249.78544617,85.40049314],[243046.57985878,431249.77399445,85.39485836],[243046.5752449,431249.78073883,85.3921361],[243046.56927013,431249.79174805,85.38944769],[243046.56462097,431249.80670929,85.38958359],[243046.56023598,431249.82173157,85.38977909],[243046.55584812,431249.83676147,85.38997459],[243046.55124855,431249.85251617,85.39017916],[243046.54685402,431249.86756134,85.39037466],[243046.54245758,431249.88262177,85.39057064],[243046.54690933,431249.88123322,85.39516401],[243046.54703808,431249.89191437,85.39900303],[243046.53952599,431249.89266205,85.39070082],[243046.53888035,431249.90319061,85.39360428],[243046.53378963,431249.91508484,85.39191437],[243046.53132629,431249.92906952,85.39394236],[243046.52526474,431249.94150543,85.39133596],[243046.52321434,431249.95638275,85.39351654]]",dji_pose_mesh_ray_contour_nodes,
45,25,3,SPL,3122.8696,504.1739,3120,501,3127,507,7,6,23,243047.03116322,431250.02651978,86.07865906,dji_pose_mesh_ray_centroid,True,True,78892,3.585643,warp,,3122.8696,504.1739,1,1,1.0,1,3.585643,3.585643,9,9,1.0,"[[3121.5,501.0],[3122.0,501.5],[3122.5,502.0],[3123.0,502.5],[3123.5,503.0],[3124.0,503.5],[3125.0,503.5],[3125.5,504.0],[3126.0,504.5]]","[[243047.03324413,431250.02819824,86.08247948],[243047.0330019,431250.0276947,86.08187771],[243047.03275967,431250.02719879,86.08127689],[243047.03251648,431250.02669525,86.08067512],[243047.0322752,431250.02619171,86.08007431],[243047.03203297,431250.02568817,86.07947254],[243047.03233337,431250.02484894,86.0794735],[243047.03209019,431250.0243454,86.07887268],[243047.03184891,431250.02384186,86.07827187]]",dji_pose_mesh_ray_contour_nodes,
46,26,3,SPL,3157.0,512.1053,3155,510,3160,515,5,5,19,243047.03519344,431249.99668121,86.06918621,dji_pose_mesh_ray_centroid,True,True,78892,3.580156,warp,,3157.0,512.1053,1,1,1.0,1,3.580156,3.580156,3,3,1.0,"[[3155.0,511.5],[3155.5,511.0],[3155.5,510.0]]","[[243047.03506851,431249.99845123,86.0699091],[243047.0356102,431249.99810791,86.07050991],[243047.03639507,431249.99827576,86.07170963]]",dji_pose_mesh_ray_contour_nodes,
47,27,3,SPL,3108.0,517.0,3107,516,3110,519,3,3,9,243047.01667404,431250.03677368,86.06324673,dji_pose_mesh_ray_centroid,True,True,78892,3.568866,warp,,3108.0,517.0,1,1,1.0,1,3.568866,3.568866,9,9,1.0,"[[3107.0,516.0],[3108.0,516.0],[3109.0,516.0],[3107.0,517.0],[3108.0,517.0],[3109.0,517.0],[3107.0,518.0],[3108.0,518.0],[3109.0,518.0]]","[[243047.01715279,431250.03777313,86.06444168],[243047.01745319,431250.03694153,86.06444359],[243047.01775265,431250.03610229,86.06444454],[243047.01637459,431250.03760529,86.06324577],[243047.01667404,431250.03677368,86.06324673],[243047.0169735,431250.03593445,86.06324863],[243047.01559544,431250.03742981,86.06204987],[243047.01589489,431250.03659821,86.06205082],[243047.0161953,431250.0357666,86.06205273]]",dji_pose_mesh_ray_contour_nodes,
48,28,3,SPL,3375.5,543.5,3375,542,3377,546,2,4,8,243047.07175922,431249.80987549,86.0306015,dji_pose_mesh_ray_centroid,True,True,1212302,3.569777,warp,,3375.5,543.5,1,1,1.0,1,3.569777,3.569777,8,8,1.0,"[[3375.0,542.0],[3376.0,542.0],[3375.0,543.0],[3376.0,543.0],[3375.0,544.0],[3376.0,544.0],[3375.0,545.0],[3376.0,545.0]]","[[243047.07286835,431249.81047821,86.03240108],[243047.07310677,431249.80963898,86.03237915],[243047.07205009,431249.81035614,86.03120899],[243047.07228756,431249.80951691,86.03118706],[243047.07123184,431249.81023407,86.0300169],[243047.07146931,431249.80939484,86.02999496],[243047.07041359,431249.810112,86.02882576],[243047.07065105,431249.8092804,86.02880382]]",dji_pose_mesh_ray_contour_nodes,
49,29,3,SPL,3360.8582,646.1598,3325,619,3399,676,74,57,2115,243046.98641872,431249.80983734,85.91154861,dji_pose_mesh_ray_centroid,True,True,1212302,3.449691,warp,,3360.8582,646.1598,1,1,1.0,1,3.449691,3.449691,92,92,1.0,"[[3398.0,641.5],[3397.5,642.0],[3397.0,642.5],[3396.5,643.0],[3396.0,643.5],[3395.0,643.5],[3394.0,643.5],[3393.0,643.5],[3392.0,643.5],[3391.0,643.5],[3390.5,644.0],[3390.0,644.5],[3389.5,645.0],[3389.0,645.5],[3388.5,646.0],[3388.5,647.0],[3388.0,647.5],[3387.5,648.0],[3387.0,648.5],[3386.5,649.0],[3386.0,649.5],[3385.0,649.5],[3384.5,650.0],[3384.0,650.5],[3383.0,650.5],[3382.0,650.5],[3381.5,651.0],[3381.0,651.5],[3380.5,652.0],[3380.0,652.5],[3379.0,652.5],[3378.5,653.0],[3378.0,653.5],[3377.5,654.0],[3377.0,654.5],[3376.5,655.0],[3376.0,655.5],[3375.0,655.5],[3374.5,656.0],[3374.0,656.5],[3373.5,657.0],[3373.0,657.5],[3372.5,658.0],[3372.0,658.5],[3371.0,658.5],[3370.5,659.0],[3370.0,659.5],[3369.5,660.0],[3369.0,660.5],[3368.0,660.5],[3367.5,661.0],[3367.0,661.5],[3366.0,661.5],[3365.5,662.0],[3365.0,662.5],[3364.0,662.5],[3363.5,663.0],[3363.0,663.5],[3362.5,664.0],[3362.0,664.5],[3361.5,665.0],[3361.0,665.5],[3360.0,665.5],[3359.0,665.5],[3358.0,665.5],[3357.0,665.5],[3356.5,666.0],[3356.0,666.5],[3355.0,666.5],[3354.5,667.0],[3354.0,667.5],[3353.5,668.0],[3353.0,668.5],[3352.0,668.5],[3351.5,669.0],[3351.0,669.5],[3350.0,669.5],[3349.5,670.0],[3349.0,670.5],[3348.0,670.5],[3347.5,671.0],[3347.0,671.5],[3346.0,671.5],[3345.5,672.0],[3345.0,672.5],[3344.5,673.0],[3344.0,673.5],[3343.5,674.0],[3343.0,674.5],[3342.0,674.5],[3341.0,674.5],[3340.5,675.0]]","[[243046.99870682,431249.7800293,85.91613293],[243046.99820042,431249.78038025,85.91557503],[243046.99769306,431249.78073883,85.91501713],[243046.99718666,431249.78108978,85.91445827],[243046.99668026,431249.78144073,85.91390037],[243046.99644661,431249.78225708,85.91391945],[243046.99621391,431249.78307343,85.91393852],[243046.99598122,431249.78388977,85.9139576],[243046.99574852,431249.78470612,85.91397667],[243046.99551487,431249.78552246,85.91399574],[243046.99500847,431249.78588104,85.91343784],[243046.99450302,431249.78623199,85.91287994],[243046.99399567,431249.78658295,85.91232204],[243046.99349022,431249.7869339,85.9117651],[243046.99298477,431249.78728485,85.91120815],[243046.99220562,431249.78717804,85.91007423],[243046.99169922,431249.78752899,85.90951729],[243046.99119377,431249.78787994,85.9089613],[243046.99068832,431249.7882309,85.90840435],[243046.99018383,431249.78858185,85.90784836],[243046.98967838,431249.7889328,85.90729141],[243046.98944569,431249.78974915,85.90731049],[243046.98894119,431249.7901001,85.90675449],[243046.98843575,431249.79045868,85.90619755],[243046.98820305,431249.7912674,85.90621662],[243046.98797035,431249.79208374,85.90623569],[243046.98746586,431249.79243469,85.9056797],[243046.98696136,431249.79278564,85.90512371],[243046.98645687,431249.7931366,85.90456772],[243046.98595238,431249.79348755,85.90401173],[243046.98571873,431249.79430389,85.9040308],[243046.98521423,431249.79465485,85.90347481],[243046.98471069,431249.7950058,85.90291977],[243046.9842062,431249.79535675,85.90236378],[243046.98370266,431249.7957077,85.90180874],[243046.98319912,431249.79605865,85.9012537],[243046.98269463,431249.79640961,85.90069962],[243046.98246193,431249.79722595,85.90071773],[243046.98195839,431249.7975769,85.9001627],[243046.98145485,431249.79792786,85.89960861],[243046.98095226,431249.79827881,85.89905357],[243046.98044872,431249.79862213,85.89849949],[243046.97994518,431249.79897308,85.89794445],[243046.9794426,431249.79932404,85.89739037],[243046.9792099,431249.80014038,85.89740944],[243046.97870731,431249.80049133,85.89685535],[243046.97820473,431249.80084229,85.89630127],[243046.97770119,431249.80118561,85.89574718],[243046.9771986,431249.80153656,85.89519405],[243046.97696686,431249.80235291,85.89521217],[243046.97646427,431249.80270386,85.89465809],[243046.97596169,431249.80304718,85.89410496],[243046.97572899,431249.80386353,85.89412403],[243046.97522736,431249.80421448,85.89356995],[243046.97472477,431249.80456543,85.89301681],[243046.97449303,431249.80537415,85.89303589],[243046.97399044,431249.8057251,85.89248276],[243046.97348881,431249.80607605,85.89192963],[243046.97298717,431249.80641937,85.89137649],[243046.97248554,431249.80677032,85.89082336],[243046.97198391,431249.80712128,85.89027119],[243046.97148228,431249.80747223,85.88971901],[243046.97124958,431249.80828094,85.88973713],[243046.97101784,431249.80909729,85.88975525],[243046.97078514,431249.80990601,85.88977432],[243046.9705534,431249.81072235,85.88979244],[243046.97005177,431249.81106567,85.88923931],[243046.96955109,431249.81141663,85.88868809],[243046.96931839,431249.81222534,85.88870621],[243046.96881771,431249.81257629,85.88815403],[243046.96831608,431249.81292725,85.88760185],[243046.96781635,431249.81327057,85.88704967],[243046.96731567,431249.81362152,85.88649845],[243046.96708393,431249.81443024,85.88651657],[243046.9665823,431249.81478119,85.88596439],[243046.96608257,431249.81512451,85.88541317],[243046.96584988,431249.81594086,85.88543129],[243046.96535015,431249.81628418,85.88488007],[243046.96484947,431249.81663513,85.88432884],[243046.96461773,431249.81744385,85.88434696],[243046.96411705,431249.8177948,85.88379574],[243046.96361732,431249.81813812,85.88324451],[243046.96338558,431249.81895447,85.88326263],[243046.96288586,431249.81929779,85.88271141],[243046.96238613,431249.81964874,85.88216114],[243046.96188641,431249.81999207,85.88160992],[243046.96138668,431249.82034302,85.88105965],[243046.96088791,431249.82068634,85.88050938],[243046.96038818,431249.82102966,85.87995815],[243046.96015644,431249.82184601,85.87997723],[243046.9599247,431249.82265472,85.87999535],[243046.95942497,431249.82299805,85.87944508]]",dji_pose_mesh_ray_contour_nodes,
50,30,3,SPL,3490.5976,657.5659,3462,631,3512,680,50,49,1230,243047.00768852,431249.70307159,85.89623833,dji_pose_mesh_ray_centroid,True,True,1212302,3.451244,warp,,3490.5976,657.5659,1,1,1.0,1,3.451244,3.451244,76,76,1.0,"[[3462.0,664.5],[3462.5,664.0],[3463.0,663.5],[3463.5,663.0],[3463.5,662.0],[3464.0,661.5],[3464.5,661.0],[3465.0,660.5],[3465.5,660.0],[3466.0,659.5],[3467.0,659.5],[3467.5,659.0],[3468.0,658.5],[3468.5,658.0],[3469.0,657.5],[3470.0,657.5],[3471.0,657.5],[3472.0,657.5],[3472.5,657.0],[3473.0,656.5],[3474.0,656.5],[3474.5,656.0],[3474.5,655.0],[3475.0,654.5],[3475.5,654.0],[3476.0,653.5],[3477.0,653.5],[3477.5,653.0],[3478.0,652.5],[3478.5,652.0],[3479.0,651.5],[3479.5,651.0],[3480.0,650.5],[3481.0,650.5],[3481.5,650.0],[3482.0,649.5],[3482.5,649.0],[3483.0,648.5],[3483.5,648.0],[3484.0,647.5],[3484.5,647.0],[3485.0,646.5],[3485.5,646.0],[3485.5,645.0],[3486.0,644.5],[3486.5,644.0],[3487.0,643.5],[3487.5,643.0],[3488.0,642.5],[3489.0,642.5],[3489.5,642.0],[3490.0,641.5],[3490.5,641.0],[3491.0,640.5],[3492.0,640.5],[3492.5,640.0],[3493.0,639.5],[3494.0,639.5],[3494.5,639.0],[3495.0,638.5],[3495.5,638.0],[3496.0,637.5],[3496.5,637.0],[3497.0,636.5],[3497.5,636.0],[3498.0,635.5],[3498.5,635.0],[3499.0,634.5],[3499.5,634.0],[3500.0,633.5],[3500.5,633.0],[3501.0,632.5],[3501.5,632.0],[3502.0,631.5],[3503.0,631.5],[3503.5,631.0]]","[[243046.99567795,431249.7256012,85.88897896],[243046.99618149,431249.72525024,85.88953114],[243046.99668503,431249.72489166,85.89008236],[243046.99718857,431249.72453308,85.89063454],[243046.99796391,431249.72463226,85.89175701],[243046.9984684,431249.72427368,85.89230919],[243046.99897194,431249.7239151,85.89286137],[243046.99947643,431249.72355652,85.8934145],[243046.99998093,431249.72319794,85.89396667],[243047.00048542,431249.72283936,85.89451981],[243047.00071716,431249.72203064,85.89450073],[243047.00122166,431249.72167206,85.89505386],[243047.00172615,431249.72131348,85.89560699],[243047.00223064,431249.7209549,85.89616013],[243047.00273609,431249.72059631,85.89671326],[243047.00296783,431249.7197876,85.89669514],[243047.00319958,431249.71897125,85.89667606],[243047.00343132,431249.71816254,85.89665794],[243047.00393581,431249.71780396,85.89721107],[243047.00444126,431249.71744537,85.89776421],[243047.004673,431249.71663666,85.89774609],[243047.00517845,431249.71627045,85.89829922],[243047.0059576,431249.71636963,85.89942551],[243047.00646305,431249.71601105,85.89997959],[243047.0069685,431249.71565247,85.90053368],[243047.0074749,431249.71529388,85.90108776],[243047.00770664,431249.71447754,85.90106964],[243047.00821209,431249.71411896,85.90162373],[243047.00871849,431249.71376038,85.90217781],[243047.00922489,431249.71340179,85.90273285],[243047.00973129,431249.71304321,85.90328789],[243047.01023769,431249.71268463,85.90384197],[243047.01074409,431249.71231842,85.90439701],[243047.01097584,431249.7115097,85.90437889],[243047.01148224,431249.71115112,85.90493393],[243047.01198864,431249.71079254,85.90548897],[243047.01249599,431249.71042633,85.90604401],[243047.01300335,431249.71006775,85.90659904],[243047.0135107,431249.70970917,85.90715504],[243047.01401711,431249.70935059,85.90771103],[243047.01452446,431249.70898438,85.90826702],[243047.01503277,431249.70862579,85.90882301],[243047.01553917,431249.70826721,85.90937805],[243047.01632309,431249.70835876,85.91051006],[243047.0168314,431249.70800018,85.91106605],[243047.01733875,431249.70763397,85.911623],[243047.01784706,431249.70727539,85.91217995],[243047.01835537,431249.70691681,85.91273689],[243047.01886368,431249.70655823,85.91329384],[243047.01909637,431249.70574188,85.91327476],[243047.01960468,431249.70537567,85.91383171],[243047.02011299,431249.70501709,85.91438866],[243047.0206213,431249.70465851,85.9149456],[243047.02113056,431249.7042923,85.9155035],[243047.02136326,431249.70348358,85.91548443],[243047.02187157,431249.70311737,85.91604233],[243047.02238083,431249.70275879,85.91660023],[243047.02261353,431249.70194244,85.91658115],[243047.02312183,431249.70158386,85.9171381],[243047.02360916,431249.70121765,85.91768837],[243047.02408028,431249.70085144,85.91823292],[243047.02455044,431249.70048523,85.91877747],[243047.0250206,431249.70011902,85.91932201],[243047.02549171,431249.69975281,85.91986656],[243047.02596283,431249.6993866,85.92041111],[243047.02643394,431249.69902039,85.92095661],[243047.02690506,431249.69864655,85.92150116],[243047.02737617,431249.69828033,85.92204666],[243047.02784729,431249.69791412,85.92259121],[243047.02831841,431249.69754791,85.92313671],[243047.02879047,431249.6971817,85.92368221],[243047.02926159,431249.69681549,85.92422771],[243047.02973366,431249.69644928,85.92477322],[243047.03020477,431249.69608307,85.92531872],[243047.03039646,431249.69525909,85.92528534],[243047.03086758,431249.69489288,85.92583084]]",dji_pose_mesh_ray_contour_nodes,
51,31,3,SPL,3153.2701,749.3175,3146,741,3162,762,16,21,211,243046.84246349,431249.96027374,85.79485798,dji_pose_mesh_ray_centroid,True,True,1220286,3.302956,warp,,3153.2701,749.3175,1,1,1.0,1,3.302956,3.302956,19,19,1.0,"[[3161.0,749.5],[3160.5,750.0],[3160.0,750.5],[3159.5,751.0],[3159.0,751.5],[3158.5,752.0],[3158.5,753.0],[3158.5,754.0],[3158.0,754.5],[3157.5,755.0],[3157.5,756.0],[3157.0,756.5],[3156.5,757.0],[3156.0,757.5],[3155.5,758.0],[3155.0,758.5],[3154.5,759.0],[3154.5,760.0],[3154.5,761.0]]","[[243046.8452158,431249.95430756,85.79490471],[243046.84463024,431249.95461273,85.79433918],[243046.84404564,431249.95491791,85.7937727],[243046.84346008,431249.95521545,85.79320717],[243046.84287548,431249.95552063,85.79264164],[243046.84228992,431249.95581818,85.79207611],[243046.84152889,431249.95566559,85.79098797],[243046.84076881,431249.955513,85.78990078],[243046.84018421,431249.95581055,85.7893362],[243046.83960056,431249.95611572,85.78877163],[243046.83884048,431249.95595551,85.78768635],[243046.83825684,431249.95626068,85.78712177],[243046.83767414,431249.95655823,85.78655815],[243046.83709145,431249.9568634,85.78599453],[243046.83650875,431249.95716095,85.78543091],[243046.83592606,431249.95746613,85.78486729],[243046.83534336,431249.95776367,85.78430366],[243046.83458519,431249.95761108,85.78322029],[243046.83382702,431249.95745087,85.78213692]]",dji_pose_mesh_ray_contour_nodes,
52,32,3,SPL,3548.952,754.44,3541,749,3559,762,18,13,125,243046.945508,431249.64812469,85.78826141,dji_pose_mesh_ray_centroid,True,True,78885,3.352882,warp,,3548.952,754.44,1,1,1.0,1,3.352882,3.352882,22,22,1.0,"[[3558.0,751.5],[3557.5,752.0],[3557.5,753.0],[3557.0,753.5],[3556.5,754.0],[3556.0,754.5],[3555.5,755.0],[3555.0,755.5],[3554.5,756.0],[3554.0,756.5],[3553.0,756.5],[3552.5,757.0],[3552.0,757.5],[3551.5,758.0],[3551.0,758.5],[3550.0,758.5],[3549.5,759.0],[3549.0,759.5],[3548.0,759.5],[3547.5,760.0],[3547.0,760.5],[3546.5,761.0]]","[[243046.94967079,431249.64118195,85.79123974],[243046.9491148,431249.6415329,85.79068851],[243046.94814873,431249.64143372,85.78954506],[243046.94759369,431249.64178467,85.78899574],[243046.9470377,431249.64213562,85.78844547],[243046.94648266,431249.64248657,85.7878952],[243046.94592762,431249.64283752,85.78734589],[243046.94537163,431249.64318848,85.78679562],[243046.94481754,431249.64353943,85.7862463],[243046.94426155,431249.64389038,85.78569698],[243046.94411564,431249.64469147,85.78573894],[243046.9435606,431249.64504242,85.78518963],[243046.94300652,431249.64539337,85.78464127],[243046.94245148,431249.64574432,85.78409195],[243046.94189739,431249.64609528,85.78354263],[243046.94175053,431249.64688873,85.78358459],[243046.9411974,431249.64723969,85.78303623],[243046.94064331,431249.64759064,85.78248787],[243046.9404974,431249.64839172,85.78252983],[243046.93994331,431249.64873505,85.78198147],[243046.93938828,431249.649086,85.78143311],[243046.93883514,431249.64943695,85.78088474]]",dji_pose_mesh_ray_contour_nodes,
53,33,3,SPL,3134.1308,756.5794,3126,752,3142,762,16,10,107,243046.82996178,431249.97381592,85.78641415,dji_pose_mesh_ray_centroid,True,True,1220286,3.291339,warp,,3134.1308,756.5794,1,1,1.0,1,3.291339,3.291339,14,14,1.0,"[[3126.0,756.5],[3126.5,756.0],[3127.0,755.5],[3128.0,755.5],[3128.5,755.0],[3129.0,754.5],[3130.0,754.5],[3130.5,754.0],[3131.0,753.5],[3132.0,753.5],[3132.5,753.0],[3133.0,752.5],[3134.0,752.5],[3134.5,752.0]]","[[243046.82729626,431249.9801178,85.78634548],[243046.82787895,431249.97982025,85.7869091],[243046.82846355,431249.97952271,85.78747368],[243046.82879925,431249.97874451,85.78749275],[243046.8293829,431249.97844696,85.78805733],[243046.8299675,431249.97814941,85.78862286],[243046.83030415,431249.97737885,85.78864193],[243046.83088779,431249.9770813,85.7892065],[243046.8314724,431249.97678375,85.78977203],[243046.83180904,431249.97600555,85.78979111],[243046.83239365,431249.97570801,85.79035664],[243046.83297825,431249.97541046,85.79092216],[243046.8333149,431249.97463989,85.79094124],[243046.8338995,431249.97434235,85.79150677]]",dji_pose_mesh_ray_contour_nodes,
54,34,3,SPL,3349.6364,776.9091,3348,776,3352,779,4,3,11,243046.8877039,431249.80426788,85.76878071,dji_pose_mesh_ray_centroid,True,True,1212282,3.311104,warp,,3349.6364,776.9091,1,1,1.0,1,3.311104,3.311104,2,2,1.0,"[[3348.5,778.0],[3348.0,777.5]]","[[243046.88668442,431249.80505371,85.76764774],[243046.88692474,431249.80550385,85.76818562]]",dji_pose_mesh_ray_contour_nodes,
55,35,3,SPL,3460.0,795.0,3460,794,3461,797,1,3,3,243046.89381123,431249.7146225,85.74604702,dji_pose_mesh_ray_centroid,True,True,78885,3.298319,warp,,3460.0,795.0,1,1,1.0,1,3.298319,3.298319,3,3,1.0,"[[3460.0,794.0],[3460.0,795.0],[3460.0,796.0]]","[[243046.8947525,431249.71473694,85.74716759],[243046.89381123,431249.7146225,85.74604702],[243046.8928709,431249.71450043,85.74492741]]",dji_pose_mesh_ray_contour_nodes,
56,36,3,SPL,3824.9237,816.1554,3808,804,3838,826,30,22,354,243046.95927143,431249.42937469,85.71812248,dji_pose_mesh_ray_centroid,True,True,1220306,3.33142,warp,,3824.9237,816.1554,1,1,1.0,1,3.33142,3.33142,40,40,1.0,"[[3808.0,815.5],[3809.0,815.5],[3810.0,815.5],[3811.0,815.5],[3812.0,815.5],[3813.0,815.5],[3813.5,815.0],[3814.0,814.5],[3814.5,814.0],[3815.0,813.5],[3815.5,813.0],[3816.0,812.5],[3816.5,812.0],[3817.0,811.5],[3818.0,811.5],[3818.5,811.0],[3819.0,810.5],[3820.0,810.5],[3821.0,810.5],[3822.0,810.5],[3823.0,810.5],[3824.0,810.5],[3824.5,811.0],[3825.0,811.5],[3826.0,811.5],[3827.0,811.5],[3827.5,811.0],[3827.5,810.0],[3828.0,809.5],[3828.5,809.0],[3828.0,808.5],[3827.5,808.0],[3827.0,807.5],[3826.0,807.5],[3825.0,807.5],[3824.5,807.0],[3824.0,806.5],[3823.5,806.0],[3823.5,805.0],[3823.5,804.0]]","[[243046.95508862,431249.44242859,85.71878719],[243046.95537376,431249.44165802,85.71879101],[243046.95565796,431249.44088745,85.71879387],[243046.95594311,431249.44011688,85.71879768],[243046.95622826,431249.43934631,85.7188015],[243046.9565134,431249.43857574,85.71880531],[243046.95714283,431249.43820953,85.7193613],[243046.95777321,431249.43784332,85.71991634],[243046.95840359,431249.43746948,85.72047234],[243046.95903397,431249.43710327,85.72102833],[243046.9596653,431249.43673706,85.72158527],[243046.96029663,431249.43637085,85.72214127],[243046.96092701,431249.43599701,85.72269821],[243046.9615593,431249.4356308,85.72325516],[243046.96184349,431249.43486023,85.72325802],[243046.96247578,431249.43449402,85.72381592],[243046.96310806,431249.43412018,85.72437286],[243046.96339321,431249.43334961,85.72437668],[243046.96367836,431249.43257904,85.72438049],[243046.96396351,431249.43180847,85.72438335],[243046.96424866,431249.4310379,85.72438717],[243046.96453476,431249.43026733,85.72439098],[243046.96418858,431249.42987061,85.72383785],[243046.96384144,431249.42946625,85.72328377],[243046.96412659,431249.42869568,85.72328758],[243046.96441174,431249.42792511,85.7232914],[243046.96504402,431249.42755127,85.72384834],[243046.96602345,431249.42758179,85.72495937],[243046.96665573,431249.42721558,85.72551727],[243046.96728897,431249.42684174,85.72607517],[243046.96763611,431249.42724609,85.72662926],[243046.96798325,431249.42765045,85.72718334],[243046.96833134,431249.42804718,85.72773743],[243046.96804523,431249.42881775,85.72773457],[243046.96776009,431249.42959595,85.72773075],[243046.96810722,431249.42999268,85.72828484],[243046.96845531,431249.43039703,85.72883987],[243046.96878719,431249.43080139,85.72939014],[243046.96949196,431249.43082428,85.73042107],[243046.97019577,431249.43084717,85.73145294]]",dji_pose_mesh_ray_contour_nodes,
57,37,3,SPL,4844.9107,871.4921,4739,840,4992,899,253,59,6862,243047.14345646,431248.66239929,85.64844131,dji_pose_mesh_ray_centroid,True,True,1212180,3.551098,warp,,4844.9107,871.4921,1,1,1.0,1,3.551098,3.551098,256,256,1.0,"[[4991.0,862.5],[4990.5,863.0],[4990.0,863.5],[4989.5,864.0],[4989.5,865.0],[4989.0,866.5],[4988.5,867.0],[4988.5,868.0],[4988.0,868.5],[4987.0,869.5],[4986.0,869.5],[4985.0,869.5],[4984.0,869.5],[4982.5,870.0],[4982.0,870.5],[4981.5,871.0],[4981.0,871.5],[4980.0,872.5],[4979.5,873.0],[4979.0,873.5],[4978.0,873.5],[4977.5,873.0],[4976.0,872.5],[4975.0,872.5],[4974.0,872.5],[4973.0,872.5],[4972.0,873.5],[4971.5,874.0],[4971.0,874.5],[4970.5,875.0],[4969.0,875.5],[4968.5,876.0],[4968.0,876.5],[4967.0,876.5],[4965.5,877.0],[4965.0,877.5],[4964.5,878.0],[4964.0,878.5],[4963.5,879.0],[4962.5,880.0],[4962.0,880.5],[4961.0,880.5],[4960.5,881.0],[4959.5,882.0],[4959.0,882.5],[4958.0,882.5],[4957.5,883.0],[4956.0,883.5],[4955.5,884.0],[4955.0,884.5],[4954.0,884.5],[4952.0,884.5],[4951.0,884.5],[4950.0,884.5],[4949.0,884.5],[4948.0,884.5],[4946.0,884.5],[4945.0,884.5],[4944.0,884.5],[4943.0,884.5],[4942.0,885.5],[4941.0,885.5],[4940.0,885.5],[4939.0,885.5],[4937.5,886.0],[4937.0,886.5],[4936.0,886.5],[4935.0,886.5],[4934.0,887.5],[4933.0,887.5],[4932.0,887.5],[4931.5,888.0],[4931.0,888.5],[4929.0,888.5],[4928.5,888.0],[4928.0,887.5],[4927.5,887.0],[4927.0,885.5],[4926.5,885.0],[4926.0,884.5],[4925.0,884.5],[4923.5,884.0],[4923.0,883.5],[4922.0,883.5],[4921.5,884.0],[4920.0,884.5],[4919.5,885.0],[4919.5,886.0],[4919.5,887.0],[4920.0,887.5],[4920.0,888.5],[4919.5,889.0],[4919.0,889.5],[4918.0,889.5],[4916.5,889.0],[4916.0,888.5],[4915.0,888.5],[4914.5,888.0],[4913.0,887.5],[4912.0,887.5],[4911.5,887.0],[4911.0,886.5],[4909.0,886.5],[4908.5,887.0],[4908.0,887.5],[4907.0,887.5],[4906.0,887.5],[4904.5,888.0],[4904.0,888.5],[4903.0,888.5],[4902.0,888.5],[4901.0,889.5],[4900.5,890.0],[4900.0,890.5],[4899.0,890.5],[4898.0,891.5],[4897.0,891.5],[4896.0,891.5],[4895.5,892.0],[4894.0,892.5],[4893.0,892.5],[4892.0,892.5],[4891.0,892.5],[4890.0,892.5],[4889.0,891.5],[4888.0,891.5],[4887.0,891.5],[4886.0,891.5],[4884.5,891.0],[4884.0,890.5],[4883.0,890.5],[4882.0,890.5],[4880.0,890.5],[4879.0,890.5],[4878.0,890.5],[4877.0,890.5],[4875.5,890.0],[4875.0,889.5],[4874.0,889.5],[4873.0,889.5],[4872.0,889.5],[4870.0,889.5],[4869.0,889.5],[4868.5,889.0],[4868.0,888.5],[4866.0,888.5],[4865.0,888.5],[4864.0,888.5],[4863.0,888.5],[4861.0,888.5],[4860.0,888.5],[4859.0,888.5],[4858.0,888.5],[4856.0,888.5],[4855.0,888.5],[4854.0,888.5],[4853.0,888.5],[4852.0,888.5],[4850.0,888.5],[4849.0,888.5],[4848.0,888.5],[4847.0,888.5],[4845.0,888.5],[4844.0,888.5],[4843.0,888.5],[4842.0,888.5],[4840.5,888.0],[4840.0,887.5],[4839.5,887.0],[4839.0,886.5],[4837.5,886.0],[4837.0,885.5],[4836.5,885.0],[4836.0,884.5],[4835.5,884.0],[4834.0,883.5],[4833.5,883.0],[4833.0,882.5],[4832.0,882.5],[4830.5,882.0],[4830.0,881.5],[4829.0,881.5],[4828.0,881.5],[4826.0,881.5],[4825.0,881.5],[4824.0,881.5],[4823.0,881.5],[4821.5,882.0],[4821.0,882.5],[4820.0,882.5],[4819.0,882.5],[4818.0,882.5],[4816.0,882.5],[4815.0,882.5],[4814.0,882.5],[4813.5,883.0],[4812.0,883.5],[4811.0,883.5],[4810.0,883.5],[4809.0,883.5],[4807.0,883.5],[4806.5,884.0],[4806.0,884.5],[4805.0,884.5],[4803.0,884.5],[4802.5,885.0],[4802.0,885.5],[4801.0,885.5],[4800.0,885.5],[4799.0,886.5],[4798.0,886.5],[4797.0,886.5],[4796.5,887.0],[4795.0,887.5],[4794.0,887.5],[4793.5,888.0],[4793.0,888.5],[4791.5,889.0],[4791.0,889.5],[4790.5,890.0],[4790.0,890.5],[4788.5,891.0],[4788.0,891.5],[4787.0,891.5],[4786.0,891.5],[4785.0,891.5],[4783.0,891.5],[4782.0,891.5],[4781.0,891.5],[4780.0,891.5],[4778.0,891.5],[4777.5,892.0],[4777.0,892.5],[4776.0,892.5],[4774.0,892.5],[4773.0,892.5],[4772.0,892.5],[4771.0,892.5],[4769.0,892.5],[4768.0,892.5],[4767.0,892.5],[4766.0,892.5],[4765.0,892.5],[4763.5,893.0],[4763.0,893.5],[4762.0,893.5],[4761.0,893.5],[4760.0,894.5],[4759.5,895.0],[4759.0,895.5],[4758.0,895.5],[4757.0,896.5],[4756.0,896.5],[4755.5,897.0],[4755.0,897.5],[4753.5,898.0]]","[[243047.17847824,431248.55379486,85.65461826],[243047.17789268,431248.55427551,85.65410423],[243047.17730713,431248.55474854,85.65358925],[243047.17672062,431248.55522919,85.65307522],[243047.17573452,431248.55545044,85.65202618],[243047.17416382,431248.55615234,85.6504631],[243047.17357922,431248.55662537,85.64995003],[243047.17259407,431248.55684662,85.64890194],[243047.17200947,431248.55732727,85.64838886],[243047.17084217,431248.55827332,85.64736366],[243047.17065811,431248.55900574,85.64738464],[243047.17047405,431248.55973053,85.64740562],[243047.17028999,431248.56046295,85.64742565],[243047.16952133,431248.5616684,85.64693356],[243047.16893864,431248.56214142,85.64642143],[243047.16835499,431248.56261444,85.64590931],[243047.16777229,431248.56308746,85.64539623],[243047.16660595,431248.56404114,85.64437199],[243047.1660223,431248.56451416,85.64385986],[243047.16544056,431248.56498718,85.64334869],[243047.1652565,431248.56571198,85.6433692],[243047.16565514,431248.56597137,85.64390182],[243047.16586971,431248.56694794,85.64445496],[243047.16568661,431248.56768036,85.64447594],[243047.16550255,431248.56840515,85.64449692],[243047.16531849,431248.56913757,85.64451694],[243047.16418743,431248.57007599,85.64350224],[243047.1636219,431248.57054901,85.64299488],[243047.16305733,431248.5710144,85.64248753],[243047.16249275,431248.57148743,85.64198065],[243047.16175079,431248.57267761,85.64149618],[243047.16118526,431248.57315063,85.6409893],[243047.16062164,431248.57361603,85.64048243],[243047.16044426,431248.57434845,85.64050484],[243047.1597023,431248.57553864,85.64002037],[243047.15913868,431248.57601166,85.63951397],[243047.15857506,431248.57647705,85.63900804],[243047.15801048,431248.57694244,85.63850164],[243047.15744686,431248.57741547,85.63799572],[243047.15632057,431248.57834625,85.63698387],[243047.1557579,431248.57881927,85.63647842],[243047.15557957,431248.57954407,85.63650036],[243047.1550169,431248.58000946,85.63599491],[243047.15389156,431248.58094788,85.63498402],[243047.1533289,431248.58141327,85.63447905],[243047.15315151,431248.58213806,85.63450098],[243047.15258884,431248.58260345,85.63399601],[243047.15184975,431248.58379364,85.63351297],[243047.15128708,431248.58426666,85.633008],[243047.15072536,431248.58473206,85.63250351],[243047.15054798,431248.58545685,85.63252544],[243047.15019321,431248.58690643,85.63256979],[243047.15001583,431248.58763123,85.63259172],[243047.14983749,431248.58835602,85.63261366],[243047.14966106,431248.58908081,85.63263559],[243047.14948273,431248.5898056,85.63265753],[243047.14912796,431248.59126282,85.6327014],[243047.14895058,431248.59198761,85.63272381],[243047.14877319,431248.5927124,85.63274574],[243047.14859486,431248.59343719,85.63276768],[243047.14747238,431248.59436798,85.63175821],[243047.147295,431248.59509277,85.63178015],[243047.14711666,431248.59581757,85.63180208],[243047.14693928,431248.59654999,85.63182402],[243047.14620113,431248.59774017,85.63134193],[243047.14563942,431248.59820557,85.63083744],[243047.14546204,431248.59893036,85.63085937],[243047.14528465,431248.59965515,85.63088131],[243047.14416218,431248.60058594,85.6298728],[243047.14398479,431248.60131073,85.62989473],[243047.14380646,431248.60203552,85.62991619],[243047.14324665,431248.60250092,85.62941265],[243047.14268589,431248.60295868,85.62890863],[243047.14233017,431248.60441589,85.62895203],[243047.1427145,431248.60467529,85.62947798],[243047.14309692,431248.60493469,85.63000441],[243047.1434803,431248.60520172,85.63053036],[243047.14480877,431248.60526276,85.63208818],[243047.14519215,431248.60552216,85.63261509],[243047.14557648,431248.60578156,85.63314199],[243047.14539814,431248.60651398,85.63316393],[243047.14560509,431248.60749817,85.63371324],[243047.14598942,431248.6077652,85.63424063],[243047.14581108,431248.60848999,85.63426256],[243047.14524937,431248.60895538,85.63375711],[243047.14451027,431248.61014557,85.63327408],[243047.14394855,431248.61061096,85.63276911],[243047.14300346,431248.61080933,85.63173723],[243047.14205933,431248.61100769,85.63070583],[243047.14167595,431248.61074829,85.63017988],[243047.14073181,431248.61094666,85.62914944],[243047.140172,431248.61141205,85.62864542],[243047.13961124,431248.61186981,85.6281414],[243047.13943386,431248.6125946,85.62816334],[243047.1396389,431248.61358643,85.62871122],[243047.14002228,431248.61385345,85.62923717],[243047.13984394,431248.61457825,85.62925863],[243047.14022732,431248.61483765,85.62978506],[243047.14043236,431248.61582947,85.63033342],[243047.14025402,431248.61655426,85.63035536],[243047.1406374,431248.61682129,85.63088179],[243047.14102077,431248.61708069,85.63140821],[243047.14066505,431248.6185379,85.63145256],[243047.14010429,431248.6190033,85.63094759],[243047.13954353,431248.61946106,85.6304431],[243047.1393652,431248.62018585,85.63046503],[243047.13918781,431248.62091827,85.63048696],[243047.13844967,431248.62210083,85.63000441],[243047.13788891,431248.62256622,85.62949991],[243047.13771152,431248.62329102,85.62952185],[243047.13753319,431248.62401581,85.62954378],[243047.13641262,431248.62493896,85.62853527],[243047.13585281,431248.62540436,85.62803125],[243047.13529301,431248.62586212,85.62752724],[243047.13511562,431248.62659454,85.62754917],[243047.13399601,431248.62751007,85.62654161],[243047.13381863,431248.62824249,85.62656355],[243047.13364029,431248.62896729,85.62658548],[243047.13308144,431248.62942505,85.62608194],[243047.13234425,431248.63061523,85.62560034],[243047.13216591,431248.63134003,85.62562227],[243047.13198853,431248.63206482,85.62564373],[243047.13181019,431248.63278961,85.62566566],[243047.13163376,431248.6335144,85.6256876],[243047.13239574,431248.63404846,85.62673807],[243047.13221836,431248.63477325,85.62676001],[243047.13204002,431248.63550568,85.62678194],[243047.13186264,431248.63623047,85.62680387],[243047.13206577,431248.63722229,85.62735128],[243047.13244724,431248.63748932,85.62787724],[243047.13226891,431248.63822174,85.62789917],[243047.13209152,431248.63894653,85.6279211],[243047.13173676,431248.64039612,85.62796497],[243047.13155842,431248.64112854,85.62798691],[243047.13138008,431248.64185333,85.62800884],[243047.13120174,431248.64257812,85.6280303],[243047.13140583,431248.64357758,85.62857866],[243047.13178825,431248.6438446,85.62910509],[243047.13160992,431248.6445694,85.62912703],[243047.13143063,431248.64530182,85.62914848],[243047.13125324,431248.64602661,85.62917089],[243047.13089752,431248.64748383,85.62921476],[243047.13071918,431248.64820862,85.62923622],[243047.13110065,431248.64847565,85.62976313],[243047.13148308,431248.64875031,85.63029003],[243047.13112736,431248.65019989,85.6303339],[243047.13094902,431248.65093231,85.63035583],[243047.13076973,431248.6516571,85.63037777],[243047.13059711,431248.65238953,85.63040113],[243047.13027477,431248.65383911,85.63045359],[243047.1301136,431248.6545639,85.63047981],[243047.12995243,431248.6552887,85.63050604],[243047.12979126,431248.65601349,85.63053274],[243047.12946892,431248.65746307,85.63058519],[243047.12930775,431248.65818787,85.63061142],[243047.12914562,431248.65891266,85.63063765],[243047.12898445,431248.65963745,85.63066435],[243047.12882328,431248.66036224,85.63069057],[243047.12850094,431248.66181183,85.63074303],[243047.12833881,431248.66253662,85.63076925],[243047.12817764,431248.66326141,85.63079548],[243047.12801647,431248.66398621,85.63082218],[243047.12769318,431248.66543579,85.63087463],[243047.12753201,431248.66616058,85.63090086],[243047.12737083,431248.66689301,85.63092709],[243047.12720871,431248.6676178,85.63095379],[243047.12742805,431248.66861725,85.63150692],[243047.12780857,431248.66888428,85.6320343],[243047.12818909,431248.66915894,85.63256168],[243047.12857056,431248.66943359,85.63308954],[243047.1287899,431248.67043304,85.63364363],[243047.12917042,431248.6707077,85.63417149],[243047.12955189,431248.67097473,85.63469982],[243047.12993336,431248.67124939,85.63522816],[243047.13031483,431248.67152405,85.63575697],[243047.13053513,431248.6725235,85.63631201],[243047.1309166,431248.67279816,85.63684082],[243047.13129807,431248.67307281,85.63736963],[243047.13113689,431248.67379761,85.63739634],[243047.13135719,431248.67479706,85.63795233],[243047.13173866,431248.67507172,85.63848114],[243047.13157749,431248.67580414,85.63850832],[243047.13141537,431248.67652893,85.63853455],[243047.13109207,431248.67798615,85.63858795],[243047.13092995,431248.67871094,85.63861465],[243047.13076878,431248.67944336,85.63864136],[243047.13060665,431248.68016815,85.63866758],[243047.12990189,431248.68135071,85.6381917],[243047.12935829,431248.68180084,85.63768864],[243047.12919617,431248.68253326,85.63771534],[243047.12903404,431248.68325806,85.63774204],[243047.12887192,431248.68398285,85.63776827],[243047.12854958,431248.68544006,85.63782215],[243047.12838745,431248.68617249,85.63784838],[243047.12822533,431248.68689728,85.63787508],[243047.12768173,431248.68734741,85.63737249],[243047.12697697,431248.68852997,85.63689613],[243047.12681484,431248.68925476,85.63692284],[243047.12665272,431248.68998718,85.63694906],[243047.12649059,431248.69071198,85.63697576],[243047.1261673,431248.69216919,85.63702869],[243047.12562466,431248.69261932,85.63652658],[243047.12508202,431248.69306946,85.636024],[243047.12491989,431248.69380188,85.63605022],[243047.12459564,431248.69525909,85.63610363],[243047.124053,431248.69570923,85.63560104],[243047.12351036,431248.69615936,85.63509846],[243047.12334824,431248.69688416,85.63512516],[243047.12318611,431248.69761658,85.63515186],[243047.12210083,431248.69851685,85.63414717],[243047.12193966,431248.69924164,85.63417387],[243047.12177753,431248.69997406,85.63420057],[243047.12123489,431248.70042419,85.63369846],[243047.12053108,431248.70159912,85.63322258],[243047.12036896,431248.70232391,85.63324928],[243047.11982727,431248.70277405,85.63274717],[243047.11928558,431248.70322418,85.63224554],[243047.11858177,431248.70440674,85.63177061],[243047.11804008,431248.70484924,85.63126898],[243047.1174984,431248.70529938,85.63076735],[243047.11695766,431248.70574951,85.63026619],[243047.11625385,431248.70692444,85.62979174],[243047.11571217,431248.70737457,85.62929058],[243047.11555099,431248.70810699,85.62931681],[243047.11538887,431248.70883179,85.62934303],[243047.1152277,431248.70955658,85.62936974],[243047.11490345,431248.71101379,85.62942219],[243047.11474133,431248.71173859,85.62944841],[243047.1145792,431248.71247101,85.62947464],[243047.11441708,431248.7131958,85.62950087],[243047.11396027,431248.7146759,85.62951946],[243047.11336422,431248.71513367,85.62900448],[243047.11276913,431248.71559143,85.62848949],[243047.11242771,431248.71635437,85.62846947],[243047.11174297,431248.71787262,85.62842941],[243047.11140156,431248.71863556,85.62840939],[243047.11106014,431248.7193985,85.62838983],[243047.11071777,431248.72015381,85.62836981],[243047.11003494,431248.72167969,85.62833023],[243047.10969257,431248.722435,85.6283102],[243047.10935116,431248.72319794,85.62829018],[243047.10900974,431248.72395325,85.62827063],[243047.10866737,431248.72471619,85.62825012],[243047.10773182,431248.72592926,85.62771606],[243047.10713768,431248.72638702,85.62720156],[243047.10679626,431248.72714996,85.62718153],[243047.10645485,431248.72790527,85.6271615],[243047.10526657,431248.7288208,85.62613296],[243047.10467339,431248.72927856,85.62561893],[243047.1040802,431248.7297287,85.62510538],[243047.10373878,431248.73049164,85.62508535],[243047.10255241,431248.73139954,85.62405825],[243047.10221195,431248.73215485,85.62403822],[243047.10161877,431248.73261261,85.62352467],[243047.10102654,431248.73307037,85.62301159],[243047.10009289,431248.73428345,85.62247896]]",dji_pose_mesh_ray_contour_nodes,
58,38,3,SPL,4503.6649,881.489,4451,867,4549,893,98,26,1495,243047.03761196,431248.91996765,85.63643503,dji_pose_mesh_ray_centroid,True,True,1212266,3.407401,warp,,4503.6649,881.489,1,1,1.0,1,3.407401,3.407401,102,102,1.0,"[[4451.0,883.5],[4452.0,883.5],[4452.5,883.0],[4453.0,882.5],[4453.5,882.0],[4454.0,881.5],[4454.5,881.0],[4455.0,880.5],[4456.0,880.5],[4456.5,880.0],[4457.0,879.5],[4458.0,879.5],[4459.0,879.5],[4460.0,879.5],[4461.0,879.5],[4462.0,879.5],[4463.0,879.5],[4463.5,879.0],[4464.0,878.5],[4465.0,878.5],[4465.5,878.0],[4466.0,877.5],[4467.0,877.5],[4468.0,877.5],[4469.0,877.5],[4470.0,877.5],[4471.0,877.5],[4471.5,878.0],[4472.0,878.5],[4473.0,878.5],[4474.0,878.5],[4475.0,878.5],[4476.0,878.5],[4477.0,878.5],[4478.0,878.5],[4479.0,878.5],[4480.0,878.5],[4481.0,878.5],[4482.0,878.5],[4482.5,878.0],[4483.0,877.5],[4483.5,877.0],[4484.0,876.5],[4485.0,876.5],[4485.5,876.0],[4486.0,875.5],[4487.0,875.5],[4488.0,875.5],[4489.0,875.5],[4490.0,875.5],[4491.0,875.5],[4491.5,875.0],[4492.0,874.5],[4493.0,874.5],[4494.0,874.5],[4495.0,874.5],[4496.0,874.5],[4497.0,874.5],[4497.5,874.0],[4498.0,873.5],[4498.5,873.0],[4499.0,872.5],[4499.5,872.0],[4499.0,871.5],[4498.5,871.0],[4498.5,870.0],[4498.5,869.0],[4499.0,868.5],[4499.5,868.0],[4500.0,867.5],[4501.0,867.5],[4501.5,868.0],[4502.0,868.5],[4503.0,868.5],[4503.5,869.0],[4504.0,869.5],[4505.0,869.5],[4506.0,869.5],[4507.0,869.5],[4508.0,869.5],[4509.0,869.5],[4509.5,869.0],[4510.0,868.5],[4511.0,868.5],[4511.5,869.0],[4511.5,870.0],[4512.0,870.5],[4512.5,870.0],[4513.0,869.5],[4514.0,869.5],[4514.5,869.0],[4515.0,868.5],[4515.5,868.0],[4516.0,867.5],[4517.0,867.5],[4518.0,867.5],[4519.0,867.5],[4520.0,867.5],[4521.0,867.5],[4522.0,867.5],[4523.0,867.5],[4523.5,867.0]]","[[243047.03124332,431248.95838928,85.63684893],[243047.03131294,431248.95766449,85.63679695],[243047.03180027,431248.9572525,85.63728762],[243047.0322876,431248.95683289,85.63777876],[243047.03277588,431248.9564209,85.6382699],[243047.03326321,431248.95600891,85.63876104],[243047.03375053,431248.95559692,85.63925219],[243047.03423882,431248.95517731,85.6397438],[243047.03430748,431248.95445251,85.63969135],[243047.03479576,431248.95404053,85.64018297],[243047.03528309,431248.95362091,85.64067459],[243047.03535271,431248.95289612,85.64062214],[243047.03542137,431248.95217133,85.64057016],[243047.03549004,431248.95144653,85.64051771],[243047.0355587,431248.95072174,85.64046526],[243047.03562641,431248.94999695,85.64041281],[243047.03569603,431248.94927216,85.64036083],[243047.03618431,431248.94886017,85.64085245],[243047.03667164,431248.94844055,85.64134359],[243047.03674126,431248.94771576,85.64129162],[243047.03722954,431248.94730377,85.64178324],[243047.03771687,431248.94688416,85.64227486],[243047.03778648,431248.94615936,85.6422224],[243047.03785419,431248.94543457,85.64216995],[243047.03792286,431248.94470978,85.6421175],[243047.03799152,431248.94398499,85.64206505],[243047.03806019,431248.94326019,85.64201307],[243047.03764057,431248.94295502,85.641469],[243047.03722095,431248.94264221,85.64092541],[243047.03728962,431248.94191742,85.64087295],[243047.03735828,431248.94119263,85.6408205],[243047.03742599,431248.94046783,85.64076805],[243047.03749466,431248.93974304,85.64071608],[243047.03756332,431248.93901825,85.64066362],[243047.03763199,431248.93830109,85.64061117],[243047.03770065,431248.93757629,85.6405592],[243047.03776836,431248.9368515,85.64050674],[243047.03783703,431248.93612671,85.64045477],[243047.03790569,431248.93540192,85.64040232],[243047.03839397,431248.93498993,85.64089346],[243047.03888226,431248.93457031,85.6413846],[243047.03937054,431248.9341507,85.64187574],[243047.03985786,431248.93373871,85.64236736],[243047.03992653,431248.93301392,85.64231491],[243047.04041481,431248.9325943,85.64280653],[243047.04090309,431248.93218231,85.64329815],[243047.04097176,431248.93145752,85.6432457],[243047.04104042,431248.93073273,85.64319324],[243047.04110813,431248.93000793,85.64314079],[243047.0411768,431248.92928314,85.64308834],[243047.04124451,431248.92856598,85.64303541],[243047.04173374,431248.92814636,85.64352751],[243047.04222202,431248.92772675,85.64401913],[243047.04228973,431248.92700195,85.64396667],[243047.0423584,431248.92628479,85.64391422],[243047.04242706,431248.92556,85.64386177],[243047.04249477,431248.92483521,85.64380884],[243047.04256248,431248.92411041,85.64375639],[243047.04305172,431248.9236908,85.64424801],[243047.04354,431248.92327881,85.64473915],[243047.04402828,431248.92285919,85.64523125],[243047.04451752,431248.92243958,85.64572334],[243047.04500675,431248.92202759,85.64621544],[243047.04542828,431248.92233276,85.64675999],[243047.04584885,431248.92263794,85.64730549],[243047.04675961,431248.9225235,85.64834213],[243047.04767132,431248.92240906,85.64938068],[243047.04816055,431248.92198944,85.64987373],[243047.04864979,431248.92157745,85.65036678],[243047.04914093,431248.92115784,85.65085983],[243047.04920864,431248.92043304,85.65080643],[243047.04878616,431248.92012787,85.65026092],[243047.04836464,431248.91982269,85.64971542],[243047.04843235,431248.9190979,85.64966202],[243047.04800987,431248.91879272,85.64911652],[243047.04758835,431248.91848755,85.64857101],[243047.04765701,431248.91776276,85.64851856],[243047.04772472,431248.91703796,85.64846516],[243047.04779243,431248.91631317,85.6484127],[243047.04797649,431248.91558075,85.64839077],[243047.04823112,431248.91483307,85.64838791],[243047.04874611,431248.91441345,85.64888763],[243047.04926109,431248.91398621,85.64938641],[243047.04951668,431248.91323853,85.6493845],[243047.04925632,431248.91291809,85.64888191],[243047.04848194,431248.91301727,85.64788151],[243047.04822254,431248.91268921,85.64737987],[243047.04873657,431248.91226959,85.64787865],[243047.04925156,431248.91184235,85.64837742],[243047.04950714,431248.91110229,85.64837551],[243047.05002213,431248.91067505,85.64887428],[243047.05053711,431248.91025543,85.64937401],[243047.05105209,431248.90983582,85.64987373],[243047.05156803,431248.90940857,85.6503725],[243047.05182362,431248.90866089,85.6503706],[243047.0520792,431248.90791321,85.65036774],[243047.05233479,431248.90716553,85.65036488],[243047.05258942,431248.90642548,85.65036297],[243047.052845,431248.9056778,85.65036011],[243047.05309963,431248.90493011,85.65035725],[243047.05335522,431248.90418243,85.65035534],[243047.05387115,431248.90375519,85.65085506]]",dji_pose_mesh_ray_contour_nodes,
59,39,3,SPL,4281.3624,880.3992,4243,869,4319,893,76,24,1225,243047.00481701,431249.08380127,85.64430237,dji_pose_mesh_ray_centroid,True,True,4933,3.362213,warp,,4281.3624,880.3992,1,1,1.0,1,3.362213,3.362213,57,57,1.0,"[[4243.0,874.5],[4244.0,874.5],[4244.5,874.0],[4245.0,873.5],[4245.5,873.0],[4245.5,872.0],[4245.5,871.0],[4246.0,870.5],[4246.5,871.0],[4247.0,871.5],[4248.0,871.5],[4249.0,871.5],[4250.0,871.5],[4250.5,872.0],[4251.0,872.5],[4252.0,872.5],[4253.0,872.5],[4254.0,872.5],[4255.0,872.5],[4255.5,873.0],[4256.0,873.5],[4257.0,873.5],[4258.0,873.5],[4259.0,873.5],[4260.0,873.5],[4261.0,873.5],[4261.5,873.0],[4262.0,872.5],[4263.0,872.5],[4264.0,872.5],[4265.0,872.5],[4265.5,872.0],[4266.0,871.5],[4267.0,871.5],[4268.0,871.5],[4268.5,871.0],[4269.0,870.5],[4270.0,870.5],[4271.0,870.5],[4272.0,870.5],[4273.0,870.5],[4274.0,870.5],[4275.0,870.5],[4276.0,870.5],[4277.0,870.5],[4278.0,870.5],[4279.0,870.5],[4279.5,870.0],[4280.0,869.5],[4281.0,869.5],[4282.0,869.5],[4283.0,869.5],[4284.0,869.5],[4285.0,869.5],[4286.0,869.5],[4287.0,869.5],[4287.5,869.0]]","[[243047.00165939,431249.11217499,85.6509304],[243047.00190544,431249.11141968,85.65092468],[243047.00255871,431249.11100769,85.65146637],[243047.00321198,431249.1105957,85.65200806],[243047.00386524,431249.11018372,85.65254974],[243047.00492764,431249.11011505,85.65363979],[243047.00598907,431249.11004639,85.65472984],[243047.00664425,431249.1096344,85.65527248],[243047.00623608,431249.10929108,85.65472412],[243047.00582695,431249.10894775,85.65417576],[243047.006073,431249.10820007,85.65417004],[243047.00631809,431249.10744476,85.65416431],[243047.00656414,431249.10668945,85.65415859],[243047.00615597,431249.10635376,85.65361023],[243047.0057478,431249.10601044,85.65306282],[243047.00599289,431249.10526276,85.6530571],[243047.00623798,431249.10450745,85.65305042],[243047.00648403,431249.10375214,85.6530447],[243047.00673008,431249.10300446,85.65303898],[243047.00632095,431249.10266113,85.65249157],[243047.00591278,431249.10232544,85.65194416],[243047.00615883,431249.10157013,85.65193844],[243047.00640392,431249.10082245,85.65193272],[243047.00664997,431249.10006714,85.65192699],[243047.00689507,431249.09931183,85.65192032],[243047.00714111,431249.09856415,85.6519146],[243047.00779533,431249.09815216,85.65245628],[243047.00844955,431249.09773254,85.65299892],[243047.00869465,431249.09698486,85.65299225],[243047.0089407,431249.09622955,85.65298653],[243047.00918579,431249.09548187,85.6529808],[243047.00984097,431249.09506226,85.65352344],[243047.01049519,431249.09465027,85.65406513],[243047.01074123,431249.09390259,85.65405941],[243047.01098633,431249.09314728,85.65405369],[243047.0116415,431249.09273529,85.65459633],[243047.01229668,431249.09231567,85.65513802],[243047.01254272,431249.09156799,85.65513229],[243047.01278877,431249.09081268,85.65512657],[243047.01303482,431249.09005737,85.65512085],[243047.01327991,431249.08930969,85.65511513],[243047.01352596,431249.08855438,85.65510941],[243047.01377201,431249.08779907,85.65510368],[243047.01401711,431249.08705139,85.65509796],[243047.01426315,431249.08629608,85.65509224],[243047.01450825,431249.08554077,85.65508556],[243047.0147543,431249.08479309,85.65507984],[243047.01541042,431249.08437347,85.65562248],[243047.0160656,431249.08396149,85.65616512],[243047.0163126,431249.08320618,85.6561594],[243047.01655769,431249.08245087,85.65615368],[243047.01680374,431249.08170319,85.65614796],[243047.01704884,431249.08094788,85.65614223],[243047.01729584,431249.08019257,85.65613651],[243047.01754093,431249.07944489,85.65613079],[243047.01778698,431249.07868958,85.65612507],[243047.01844311,431249.07826996,85.65666771]]",dji_pose_mesh_ray_contour_nodes,
60,40,3,SPL,4592.6061,875.697,4589,874,4597,879,8,5,33,243047.06473923,431248.8531189,85.64198065,dji_pose_mesh_ray_centroid,True,True,1212266,3.44339,warp,,4592.6061,875.697,1,1,1.0,1,3.44339,3.44339,5,5,1.0,"[[4590.5,878.0],[4590.0,877.5],[4589.5,877.0],[4589.5,876.0],[4589.0,875.5]]","[[243047.06241417,431248.85494232,85.63968992],[243047.06267452,431248.85526276,85.64018917],[243047.06293583,431248.85557556,85.6406889],[243047.06371212,431248.85546875,85.64168644],[243047.06397343,431248.85578156,85.64218664]]",dji_pose_mesh_ray_contour_nodes,
61,41,3,SPL,4705.0,877.75,4704,877,4707,879,3,2,4,243047.10064983,431248.76817322,85.64197826,dji_pose_mesh_ray_centroid,True,True,314781,3.490356,warp,,4705.0,877.75,1,1,1.0,1,3.490356,3.490356,2,2,1.0,"[[4704.0,877.5],[4704.5,877.0]]","[[243047.10052013,431248.76889801,85.64221191],[243047.10111332,431248.76844788,85.64272976]]",dji_pose_mesh_ray_contour_nodes,
62,42,3,SPL,4986.2857,881.0,4985,880,4988,883,3,3,7,243047.15958977,431248.56130219,85.63542509,dji_pose_mesh_ray_centroid,True,True,1212180,3.583457,warp,,4986.2857,881.0,1,1,1.0,1,3.583457,3.583457,2,2,1.0,"[[4985.0,880.5],[4985.5,880.0]]","[[243047.15983677,431248.56212616,85.63596964],[243047.16039944,431248.56166077,85.63647509]]",dji_pose_mesh_ray_contour_nodes,
63,43,3,SPL,4203.722,890.6515,4177,883,4221,898,44,15,241,243046.97589779,431249.14263916,85.63390207,dji_pose_mesh_ray_centroid,True,True,1212274,3.327903,warp,,4203.722,890.6515,1,1,1.0,1,3.327903,3.327903,58,58,1.0,"[[4177.0,889.5],[4178.0,889.5],[4178.5,889.0],[4179.0,888.5],[4180.0,888.5],[4181.0,888.5],[4182.0,888.5],[4183.0,888.5],[4184.0,888.5],[4185.0,888.5],[4186.0,888.5],[4187.0,888.5],[4187.5,889.0],[4188.0,889.5],[4188.5,890.0],[4189.0,890.5],[4190.0,890.5],[4191.0,890.5],[4191.5,890.0],[4192.0,889.5],[4192.5,889.0],[4192.5,888.0],[4192.5,887.0],[4193.0,886.5],[4193.5,886.0],[4194.0,885.5],[4195.0,885.5],[4195.5,886.0],[4196.0,886.5],[4196.5,887.0],[4197.0,887.5],[4198.0,887.5],[4199.0,887.5],[4200.0,887.5],[4201.0,887.5],[4202.0,887.5],[4203.0,887.5],[4204.0,887.5],[4205.0,887.5],[4206.0,887.5],[4207.0,887.5],[4207.5,887.0],[4208.0,886.5],[4209.0,886.5],[4210.0,886.5],[4211.0,886.5],[4212.0,886.5],[4212.5,887.0],[4213.0,887.5],[4214.0,887.5],[4215.0,887.5],[4215.5,888.0],[4216.0,888.5],[4217.0,888.5],[4218.0,888.5],[4219.0,888.5],[4219.5,889.0],[4220.0,889.5]]","[[243046.97181416,431249.16252136,85.63563251],[243046.97200394,431249.16177368,85.63561201],[243046.97252274,431249.16137695,85.6361146],[243046.97304058,431249.16098022,85.63661671],[243046.97323036,431249.16023254,85.6365962],[243046.97341919,431249.15948486,85.6365757],[243046.97360897,431249.15874481,85.63655472],[243046.9737978,431249.15799713,85.63653421],[243046.97398758,431249.15724945,85.63651371],[243046.97417736,431249.15650177,85.63649273],[243046.97436619,431249.15575409,85.63647222],[243046.97455597,431249.15500641,85.63645172],[243046.97422695,431249.15465546,85.63592863],[243046.97389793,431249.1543045,85.63540554],[243046.97356892,431249.15396118,85.63488293],[243046.97324085,431249.15361023,85.63436079],[243046.97342968,431249.15286255,85.63433981],[243046.97361946,431249.15211487,85.63431931],[243046.97413731,431249.15171814,85.63482141],[243046.97465515,431249.15132141,85.63532305],[243046.975173,431249.15092468,85.63582516],[243046.97602081,431249.15087891,85.63685036],[243046.97686958,431249.15083313,85.63787651],[243046.97738743,431249.1504364,85.6383791],[243046.97790718,431249.15003967,85.63888216],[243046.97842598,431249.14964294,85.63938475],[243046.97861481,431249.14889526,85.63936424],[243046.97828579,431249.14855194,85.6388402],[243046.97795582,431249.14820099,85.63831711],[243046.9776268,431249.14785004,85.63779354],[243046.97729683,431249.14749908,85.63727045],[243046.97748661,431249.1467514,85.63724995],[243046.97767544,431249.14600372,85.63722897],[243046.97786427,431249.14526367,85.63720798],[243046.97805405,431249.14451599,85.63718748],[243046.97824287,431249.14376831,85.63716698],[243046.97843266,431249.14302063,85.637146],[243046.97862148,431249.14227295,85.63712549],[243046.97881126,431249.1415329,85.63710451],[243046.97900009,431249.14078522,85.63708401],[243046.97918892,431249.14003754,85.6370635],[243046.97977352,431249.13963318,85.63758373],[243046.98042011,431249.13922882,85.63812065],[243046.98066616,431249.13848114,85.63811493],[243046.9809103,431249.13773346,85.63810921],[243046.9811554,431249.13698578,85.63810348],[243046.98139954,431249.13623047,85.63809776],[243046.98099709,431249.13588715,85.63755512],[243046.98059464,431249.13554382,85.63701248],[243046.98083973,431249.13479614,85.63700676],[243046.98108482,431249.13404846,85.63700104],[243046.98068237,431249.13370514,85.6364584],[243046.98027992,431249.13336182,85.63591623],[243046.98052406,431249.13261414,85.63591051],[243046.98076916,431249.13186646,85.63590479],[243046.9810133,431249.13111877,85.63589907],[243046.9806118,431249.13077545,85.63535738],[243046.98020935,431249.13043213,85.63481522]]",dji_pose_mesh_ray_contour_nodes,
64,44,3,SPL,4719.24,888.04,4717,886,4723,891,6,5,25,243047.0968132,431248.75881958,85.63184214,dji_pose_mesh_ray_centroid,True,True,314781,3.485678,warp,,4719.24,888.04,1,1,1.0,1,3.485678,3.485678,4,4,1.0,"[[4720.5,886.0],[4721.0,886.5],[4721.5,887.0],[4722.0,887.5]]","[[243047.09896755,431248.75756836,85.63392973],[243047.09871483,431248.75726318,85.63343382],[243047.09846306,431248.75695801,85.63293838],[243047.09821129,431248.7566452,85.63244295]]",dji_pose_mesh_ray_contour_nodes,
65,45,3,SPL,3997.3718,911.1854,3876,890,4121,932,245,42,5955,243046.9180069,431249.29738617,85.6167345,dji_pose_mesh_ray_centroid,True,True,1220296,3.262608,warp,,3997.3718,911.1854,1,1,1.0,1,3.262608,3.262608,256,256,1.0,"[[3876.0,900.5],[3876.5,900.0],[3877.0,899.5],[3878.0,899.5],[3879.0,899.5],[3880.0,899.5],[3881.0,899.5],[3882.0,899.5],[3883.0,899.5],[3883.5,899.0],[3884.0,898.5],[3886.0,898.5],[3887.0,898.5],[3887.5,898.0],[3888.0,897.5],[3889.0,897.5],[3889.5,897.0],[3890.0,896.5],[3891.0,896.5],[3891.5,896.0],[3892.0,895.5],[3893.0,895.5],[3895.0,895.5],[3896.0,895.5],[3897.0,895.5],[3898.0,895.5],[3898.5,896.0],[3899.0,896.5],[3900.0,896.5],[3901.0,896.5],[3902.0,896.5],[3903.0,896.5],[3905.0,896.5],[3906.0,896.5],[3907.0,896.5],[3908.0,896.5],[3909.0,896.5],[3910.0,896.5],[3910.5,897.0],[3911.0,897.5],[3912.0,897.5],[3913.0,897.5],[3913.5,898.0],[3915.0,898.5],[3916.0,898.5],[3917.0,898.5],[3917.5,899.0],[3918.0,899.5],[3919.0,899.5],[3920.0,899.5],[3921.0,899.5],[3922.0,899.5],[3922.5,900.0],[3923.0,900.5],[3925.0,900.5],[3925.5,901.0],[3926.0,901.5],[3927.0,901.5],[3928.0,901.5],[3929.0,901.5],[3930.0,901.5],[3931.0,901.5],[3932.0,901.5],[3932.5,901.0],[3934.0,900.5],[3934.5,900.0],[3935.0,899.5],[3936.0,899.5],[3937.0,899.5],[3937.5,899.0],[3938.0,898.5],[3939.0,898.5],[3939.5,898.0],[3940.0,897.5],[3941.0,897.5],[3942.0,896.5],[3942.5,896.0],[3943.0,895.5],[3944.0,895.5],[3944.5,895.0],[3945.0,894.5],[3945.5,894.0],[3946.0,893.5],[3947.0,893.5],[3947.5,893.0],[3949.0,892.5],[3949.5,892.0],[3950.0,891.5],[3951.0,891.5],[3952.0,891.5],[3953.0,891.5],[3954.0,891.5],[3955.0,891.5],[3955.5,891.0],[3956.0,890.5],[3957.0,890.5],[3959.0,890.5],[3960.0,890.5],[3960.5,891.0],[3961.0,891.5],[3962.0,891.5],[3962.5,892.0],[3963.0,892.5],[3964.0,892.5],[3964.5,893.0],[3965.0,893.5],[3966.0,893.5],[3967.0,894.5],[3968.0,894.5],[3968.5,895.0],[3969.0,895.5],[3970.0,895.5],[3970.5,896.0],[3971.0,896.5],[3972.0,896.5],[3973.0,896.5],[3974.0,896.5],[3976.0,896.5],[3977.0,896.5],[3978.0,896.5],[3979.0,896.5],[3980.0,896.5],[3981.0,896.5],[3981.5,896.0],[3982.0,895.5],[3983.0,895.5],[3984.0,895.5],[3985.0,895.5],[3987.0,895.5],[3987.5,895.0],[3988.0,894.5],[3989.0,894.5],[3989.5,894.0],[3990.0,893.5],[3991.0,893.5],[3992.0,893.5],[3992.5,893.0],[3993.0,892.5],[3994.0,892.5],[3995.0,893.5],[3996.0,893.5],[3997.0,893.5],[3998.0,893.5],[3998.5,894.0],[3999.0,894.5],[3999.5,895.0],[4000.0,895.5],[4000.5,896.0],[4000.5,897.0],[4001.5,898.0],[4002.0,898.5],[4002.5,899.0],[4003.0,899.5],[4004.0,899.5],[4004.5,900.0],[4005.0,900.5],[4006.0,900.5],[4006.5,901.0],[4007.0,901.5],[4008.0,901.5],[4009.0,902.5],[4010.0,902.5],[4011.0,902.5],[4012.0,902.5],[4013.0,902.5],[4014.0,902.5],[4015.0,902.5],[4015.5,902.0],[4016.0,901.5],[4017.0,901.5],[4019.0,901.5],[4019.5,902.0],[4020.0,902.5],[4021.0,902.5],[4022.0,902.5],[4023.0,902.5],[4024.0,902.5],[4024.5,903.0],[4025.0,903.5],[4026.0,903.5],[4027.0,903.5],[4029.0,903.5],[4030.0,903.5],[4031.0,903.5],[4031.5,903.0],[4032.0,902.5],[4033.0,902.5],[4034.0,902.5],[4035.0,902.5],[4036.0,902.5],[4036.5,902.0],[4037.0,901.5],[4039.0,901.5],[4039.5,901.0],[4040.0,900.5],[4041.0,900.5],[4042.0,900.5],[4042.5,900.0],[4043.0,899.5],[4044.0,899.5],[4045.0,899.5],[4046.0,899.5],[4048.0,899.5],[4049.0,899.5],[4050.0,899.5],[4051.0,899.5],[4052.0,899.5],[4052.5,899.0],[4053.0,898.5],[4053.5,899.0],[4054.0,899.5],[4055.0,899.5],[4055.5,899.0],[4057.0,898.5],[4058.0,898.5],[4059.0,898.5],[4060.0,898.5],[4060.5,898.0],[4061.0,897.5],[4062.0,897.5],[4063.0,897.5],[4064.0,897.5],[4065.0,897.5],[4066.0,897.5],[4068.0,897.5],[4069.0,897.5],[4070.0,897.5],[4071.0,897.5],[4072.0,897.5],[4073.0,897.5],[4073.5,897.0],[4074.0,896.5],[4075.0,896.5],[4075.5,896.0],[4077.0,895.5],[4078.0,895.5],[4079.0,895.5],[4080.0,895.5],[4080.5,896.0],[4081.0,896.5],[4082.0,896.5],[4083.0,896.5],[4084.0,896.5],[4084.5,896.0],[4084.0,895.5],[4083.0,894.5],[4082.5,894.0],[4082.5,893.0],[4083.0,892.5],[4083.5,892.0],[4084.0,891.5],[4085.0,891.5],[4086.0,891.5],[4086.5,891.0],[4087.0,890.5],[4088.5,890.0]]","[[243046.89255714,431249.38843536,85.62707758],[243046.89316559,431249.38806915,85.62760639],[243046.89377403,431249.38770294,85.62813568],[243046.8940506,431249.38695526,85.62813854],[243046.89432716,431249.38619995,85.6281414],[243046.89460278,431249.38545227,85.62814379],[243046.89487934,431249.38469696,85.62814665],[243046.89515495,431249.38394928,85.62814951],[243046.89543152,431249.3832016,85.62815237],[243046.89603996,431249.38283539,85.62868166],[243046.89664936,431249.38246155,85.62921095],[243046.89720154,431249.38096619,85.62921619],[243046.8974781,431249.38021088,85.62921905],[243046.8980875,431249.37984467,85.62974834],[243046.8986969,431249.37947845,85.63027811],[243046.89897346,431249.37872314,85.63028097],[243046.89958382,431249.37835693,85.63081074],[243046.90019417,431249.37799072,85.63134098],[243046.90047073,431249.37723541,85.63134384],[243046.90108013,431249.3768692,85.63187361],[243046.90169144,431249.37650299,85.63240385],[243046.901968,431249.37574768,85.63240671],[243046.9025507,431249.37424469,85.63242054],[243046.90285587,431249.37349701,85.63243151],[243046.903162,431249.37274933,85.63244247],[243046.90346813,431249.37199402,85.63245344],[243046.90314865,431249.37161255,85.63192987],[243046.90282917,431249.37123108,85.63140678],[243046.9031353,431249.37047577,85.63141775],[243046.90344048,431249.36972809,85.63142872],[243046.9037466,431249.36897278,85.63143969],[243046.90405369,431249.3682251,85.63145065],[243046.90466499,431249.36672211,85.63147259],[243046.90497112,431249.36597443,85.63148355],[243046.90527725,431249.36521912,85.63149452],[243046.90558338,431249.36447144,85.63150501],[243046.90588856,431249.36371613,85.63151598],[243046.90619469,431249.36296844,85.63152695],[243046.90587521,431249.36258698,85.63100386],[243046.90555573,431249.36220551,85.63048077],[243046.9058609,431249.3614502,85.63049173],[243046.90616703,431249.36070251,85.6305027],[243046.90584755,431249.36032104,85.62997961],[243046.9058342,431249.35919189,85.62946796],[243046.90614033,431249.35843658,85.62947893],[243046.9064455,431249.3576889,85.6294899],[243046.90612602,431249.35730743,85.62896728],[243046.90580654,431249.35692596,85.62844467],[243046.90611267,431249.35617828,85.62845564],[243046.90641785,431249.35542297,85.62846661],[243046.90672398,431249.35467529,85.62847757],[243046.90703011,431249.35391998,85.62848854],[243046.90670967,431249.35354614,85.62796593],[243046.90639019,431249.35316467,85.62744379],[243046.9070015,431249.35166168,85.62746572],[243046.90668201,431249.35128784,85.62694359],[243046.90636253,431249.35090637,85.62642193],[243046.90666866,431249.35015106,85.62643242],[243046.90697384,431249.34940338,85.62644339],[243046.90727997,431249.3486557,85.62645435],[243046.90758514,431249.34790039,85.62646532],[243046.90789127,431249.34715271,85.62647629],[243046.90819645,431249.34640503,85.62648678],[243046.90882206,431249.34603119,85.6270194],[243046.90975285,431249.34490967,85.62756348],[243046.91037941,431249.34453583,85.62809658],[243046.91100502,431249.34416199,85.62863016],[243046.91131115,431249.34340668,85.62864113],[243046.91161728,431249.342659,85.62865162],[243046.91224384,431249.34228516,85.6291852],[243046.91287041,431249.34191132,85.62971878],[243046.91317654,431249.34116364,85.62972975],[243046.9138031,431249.34078979,85.6302638],[243046.91443062,431249.34041595,85.63079786],[243046.91473675,431249.33966064,85.63080835],[243046.91599083,431249.33891296,85.63187695],[243046.9166193,431249.33853912,85.63241148],[243046.91724682,431249.33816528,85.63294649],[243046.91755295,431249.33740997,85.63295746],[243046.91818142,431249.33703613,85.63349199],[243046.91880894,431249.33666229,85.634027],[243046.91943836,431249.33628845,85.63456249],[243046.92006683,431249.33591461,85.6350975],[243046.92037296,431249.3351593,85.63510847],[243046.92100239,431249.33478546,85.63564444],[243046.92193794,431249.33365631,85.63619089],[243046.92256737,431249.33328247,85.63672686],[243046.92319775,431249.33290863,85.63726282],[243046.92350388,431249.33215332,85.63727379],[243046.92381096,431249.33140564,85.63728476],[243046.92411804,431249.33065033,85.6372962],[243046.92442513,431249.32989502,85.63730717],[243046.92473221,431249.32913971,85.63731813],[243046.92536163,431249.32876587,85.6378541],[243046.92599201,431249.32839203,85.63839102],[243046.9262991,431249.32763672,85.63840198],[243046.92691231,431249.3261261,85.63842392],[243046.92721939,431249.32537842,85.63843489],[243046.9268961,431249.32499695,85.63790941],[243046.9265728,431249.32462311,85.63738394],[243046.92687988,431249.3238678,85.63739538],[243046.92655659,431249.32349396,85.63686991],[243046.92623329,431249.32311249,85.63634491],[243046.92654037,431249.32236481,85.63635635],[243046.92621613,431249.32198334,85.63583136],[243046.92589283,431249.3216095,85.63530636],[243046.92619991,431249.32085419,85.6353178],[243046.92555428,431249.32010651,85.63426876],[243046.9258604,431249.3193512,85.63427973],[243046.92553806,431249.31897736,85.63375568],[243046.92521477,431249.31860352,85.63323116],[243046.92552185,431249.31784821,85.63324213],[243046.92519855,431249.31747437,85.63271856],[243046.92487526,431249.31710052,85.63219452],[243046.92513275,431249.31634521,85.63219213],[243046.92533588,431249.31559753,85.63217497],[243046.92553997,431249.31484222,85.6321578],[243046.92594814,431249.31333923,85.63212347],[243046.92615128,431249.31258392,85.6321063],[243046.92635536,431249.31183624,85.63208914],[243046.92655945,431249.31108093,85.63207197],[243046.92676353,431249.31033325,85.63205528],[243046.92696667,431249.30957794,85.63203812],[243046.92748928,431249.3092041,85.63254356],[243046.92801189,431249.30882263,85.63304901],[243046.92821503,431249.30806732,85.63303184],[243046.92841911,431249.30731964,85.63301468],[243046.9286232,431249.30656433,85.63299751],[243046.92903042,431249.30506134,85.63296318],[243046.92955303,431249.3046875,85.63346863],[243046.93007565,431249.30430603,85.63397407],[243046.93027878,431249.30355072,85.63395691],[243046.93080139,431249.30317688,85.63446283],[243046.93132401,431249.30279541,85.63496828],[243046.93152905,431249.3020401,85.63495159],[243046.93173218,431249.30129242,85.63493442],[243046.93225479,431249.30091095,85.63544035],[243046.93277836,431249.30052948,85.63594627],[243046.93298244,431249.2997818,85.63592911],[243046.93234348,431249.29903412,85.63488293],[243046.93254757,431249.29827881,85.63486576],[243046.93275166,431249.29753113,85.63484859],[243046.93295479,431249.29677582,85.63483143],[243046.93263626,431249.29640961,85.63430834],[243046.93231678,431249.29603577,85.63378572],[243046.93199825,431249.29566193,85.63326359],[243046.93167973,431249.29528809,85.63274097],[243046.9313612,431249.29492188,85.63221836],[243046.93052006,431249.2949295,85.63119173],[243046.92988396,431249.29418182,85.63014841],[243046.92956543,431249.29381561,85.62962675],[243046.9292469,431249.29344177,85.62910557],[243046.92892933,431249.29306793,85.62858391],[243046.92913342,431249.29232025,85.62856722],[243046.92881489,431249.29194641,85.62804604],[243046.92849731,431249.2915802,85.62752533],[243046.92870045,431249.29083252,85.62750816],[243046.92838287,431249.29045868,85.62698746],[243046.9280653,431249.29008484,85.62646723],[243046.92826843,431249.28933716,85.62645006],[243046.92763329,431249.28859711,85.62540913],[243046.92783642,431249.28784943,85.62539244],[243046.9280405,431249.28710175,85.62537527],[243046.92824364,431249.28634644,85.62535858],[243046.92844677,431249.28559875,85.62534142],[243046.92865086,431249.28485107,85.62532473],[243046.92885303,431249.28409576,85.62530756],[243046.92937469,431249.28372192,85.6258111],[243046.92989635,431249.28334045,85.62631464],[243046.93009853,431249.28258514,85.62629747],[243046.93050575,431249.28108978,85.62626362],[243046.93018818,431249.28071594,85.62574339],[243046.92986965,431249.28034973,85.62522316],[243046.93007374,431249.27960205,85.62520647],[243046.93027687,431249.27885437,85.6251893],[243046.93048,431249.27809906,85.62517261],[243046.93068409,431249.27735138,85.62515593],[243046.93036556,431249.27698517,85.6246357],[243046.93004799,431249.27661896,85.62411594],[243046.93025112,431249.27586365,85.62409925],[243046.93045425,431249.27511597,85.62408209],[243046.93086147,431249.27362061,85.62404823],[243046.93106365,431249.27287292,85.62403154],[243046.93126678,431249.27212524,85.62401485],[243046.93178844,431249.27174377,85.62451744],[243046.93230915,431249.27135468,85.6250205],[243046.93251228,431249.27060699,85.62500334],[243046.93271542,431249.26985931,85.62498665],[243046.93291855,431249.26911163,85.62496948],[243046.93312263,431249.26836395,85.62495279],[243046.93364334,431249.26798248,85.62545586],[243046.934165,431249.26760101,85.62595892],[243046.93457127,431249.26609802,85.62592506],[243046.93509293,431249.26571655,85.6264286],[243046.93561459,431249.26533508,85.62693167],[243046.93581772,431249.2645874,85.62691498],[243046.93602085,431249.26383209,85.62689781],[243046.93654346,431249.26345062,85.62740135],[243046.93706512,431249.26306915,85.62790489],[243046.93726826,431249.26232147,85.6278882],[243046.93747139,431249.26157379,85.62787104],[243046.93767548,431249.26081848,85.62785435],[243046.93808174,431249.25932312,85.62782049],[243046.93828392,431249.25857544,85.62780333],[243046.93848705,431249.25782013,85.62778616],[243046.93869114,431249.25707245,85.62776947],[243046.93889332,431249.25632477,85.6277523],[243046.93941593,431249.2559433,85.62825584],[243046.93993855,431249.2555542,85.62875986],[243046.93961906,431249.25518799,85.62823915],[243046.93929958,431249.25482941,85.62771845],[243046.93950367,431249.2540741,85.62770128],[243046.94002533,431249.25369263,85.62820482],[243046.94075108,431249.25256348,85.62869167],[243046.94095421,431249.25180817,85.62867498],[243046.94115734,431249.25106049,85.62865782],[243046.94136047,431249.25031281,85.62864065],[243046.94188309,431249.24992371,85.62914467],[243046.9424057,431249.24954224,85.62964821],[243046.94260883,431249.24879456,85.62963152],[243046.94281292,431249.24804688,85.62961435],[243046.94301605,431249.24729156,85.62959766],[243046.94321918,431249.24654388,85.6295805],[243046.94342136,431249.2457962,85.62956333],[243046.94382858,431249.24430084,85.62952948],[243046.94403076,431249.24354553,85.62951231],[243046.94423389,431249.24279785,85.62949562],[243046.94443703,431249.24205017,85.62947845],[243046.94464016,431249.24130249,85.62946129],[243046.94484329,431249.24055481,85.6294446],[243046.94536686,431249.24016571,85.62994862],[243046.94588947,431249.23978424,85.63045216],[243046.94609261,431249.23902893,85.63043547],[243046.94661617,431249.23864746,85.63093948],[243046.94734287,431249.23751068,85.63142681],[243046.94754601,431249.236763,85.63140964],[243046.94774914,431249.23601532,85.63139248],[243046.94795227,431249.23526001,85.63137531],[243046.94763184,431249.23490143,85.63085461],[243046.9473114,431249.23453522,85.63033342],[243046.94751453,431249.23378754,85.63031626],[243046.94771671,431249.23303986,85.63029909],[243046.9479208,431249.23229218,85.63028192],[243046.94844341,431249.23190308,85.63078594],[243046.9487648,431249.23226929,85.6313076],[243046.94940567,431249.23299408,85.63234997],[243046.9497261,431249.23335266,85.63287163],[243046.95057201,431249.23332977,85.63389826],[243046.95109653,431249.23294067,85.63440323],[243046.95162106,431249.23255157,85.6349082],[243046.95214462,431249.2321701,85.63541365],[243046.95234871,431249.23141479,85.63539648],[243046.95255089,431249.23066711,85.63537931],[243046.95307636,431249.23027802,85.63588428],[243046.95360088,431249.22988892,85.63638973],[243046.95432949,431249.22875214,85.63687849]]",dji_pose_mesh_ray_contour_nodes,
66,46,3,SPL,3304.2609,914.9348,3300,912,3309,919,9,7,46,243046.76130676,431249.82106018,85.62148666,dji_pose_mesh_ray_centroid,True,True,1220303,3.151849,warp,,3304.2609,914.9348,1,1,1.0,1,3.151849,3.151849,6,6,1.0,"[[3300.0,913.5],[3300.5,913.0],[3301.0,912.5],[3302.0,912.5],[3303.0,912.5],[3303.5,912.0]]","[[243046.76193523,431249.8245697,85.62314224],[243046.76245117,431249.8242569,85.62365246],[243046.76296806,431249.82394409,85.62416267],[243046.76311684,431249.82316589,85.62412882],[243046.76326656,431249.82239532,85.62409544],[243046.76378345,431249.82207489,85.62460566]]",dji_pose_mesh_ray_contour_nodes,
67,47,3,SPL,4105.5,923.0,4105,923,4107,924,2,1,2,243046.93005657,431249.21696472,85.60296011,dji_pose_mesh_ray_centroid,True,True,1220296,3.272399,warp,,4105.5,923.0,1,1,1.0,1,3.272399,3.272399,2,2,1.0,"[[4105.0,923.0],[4106.0,923.0]]","[[243046.92995548,431249.21733856,85.60296822],[243046.93015766,431249.21659088,85.602952]]",dji_pose_mesh_ray_contour_nodes,
68,48,3,SPL,3240.64,961.2,3239,958,3243,966,4,8,25,243046.7055912,431249.86209106,85.57378912,dji_pose_mesh_ray_centroid,True,True,1220283,3.093044,warp,,3240.64,961.2,1,1,1.0,1,3.093044,3.093044,5,5,1.0,"[[3240.5,965.0],[3240.0,964.5],[3239.5,964.0],[3239.5,963.0],[3239.0,962.5]]","[[243046.70246983,431249.8616333,85.56994009],[243046.70268059,431249.86206818,85.57042885],[243046.7028923,431249.86250305,85.57091808],[243046.70369911,431249.86264801,85.57192945],[243046.70390987,431249.86309052,85.57241917]]",dji_pose_mesh_ray_contour_nodes,
69,49,3,SPL,3520.3846,960.5,3518,958,3524,964,6,6,26,243046.75910664,431249.65116119,85.56889009,dji_pose_mesh_ray_centroid,True,True,1220284,3.113636,warp,,3520.3846,960.5,1,1,1.0,1,3.113636,3.113636,6,6,1.0,"[[3520.5,958.0],[3521.0,958.5],[3522.0,958.5],[3522.5,959.0],[3522.5,960.0],[3523.0,960.5]]","[[243046.76103592,431249.65128326,85.5713644],[243046.76074696,431249.65086365,85.57085848],[243046.76093483,431249.65011597,85.57083845],[243046.76064682,431249.64969635,85.570333],[243046.75988388,431249.64961243,85.56934261],[243046.75959492,431249.64920044,85.56883717]]",dji_pose_mesh_ray_contour_nodes,
70,50,3,SPL,3708.5392,962.6961,3699,959,3719,967,20,8,102,243046.79426289,431249.51086426,85.56343174,dji_pose_mesh_ray_centroid,True,True,1212280,3.134653,warp,,3708.5392,962.6961,1,1,1.0,1,3.134653,3.134653,20,20,1.0,"[[3718.0,964.5],[3717.5,965.0],[3717.0,965.5],[3716.0,965.5],[3715.0,965.5],[3714.0,965.5],[3713.0,965.5],[3712.5,965.0],[3712.0,964.5],[3711.5,964.0],[3711.0,963.5],[3710.0,963.5],[3709.0,963.5],[3708.0,963.5],[3707.5,964.0],[3707.0,964.5],[3706.5,965.0],[3706.0,965.5],[3705.0,965.5],[3704.5,966.0]]","[[243046.79477501,431249.50376892,85.56150722],[243046.7942934,431249.50411224,85.56102467],[243046.7938118,431249.5044632,85.56054163],[243046.79361153,431249.50520325,85.56055784],[243046.79341221,431249.5059433,85.56057358],[243046.79321289,431249.50668335,85.56058979],[243046.79301262,431249.5074234,85.560606],[243046.79329491,431249.50782013,85.56110477],[243046.79357624,431249.50820923,85.56160355],[243046.79385853,431249.50860596,85.56210279],[243046.79414082,431249.50900269,85.56260204],[243046.79394054,431249.50974274,85.56261826],[243046.79374123,431249.51048279,85.56263447],[243046.79354095,431249.51122284,85.5626502],[243046.79305935,431249.51156616,85.56216717],[243046.79257774,431249.51191711,85.56168413],[243046.79209614,431249.51226044,85.5612011],[243046.79161453,431249.51261139,85.56071806],[243046.79141521,431249.51335144,85.56073427],[243046.79093456,431249.51369476,85.56025124]]",dji_pose_mesh_ray_contour_nodes,
71,51,3,SPL,3722.5,990.0,3722,990,3724,991,2,1,2,243046.77631474,431249.49932098,85.53655863,dji_pose_mesh_ray_centroid,True,True,1212280,3.109922,warp,,3722.5,990.0,1,1,1.0,1,3.109922,3.109922,2,2,1.0,"[[3722.0,990.0],[3723.0,990.0]]","[[243046.7762146,431249.49968719,85.53656626],[243046.77641392,431249.49895477,85.53655052]]",dji_pose_mesh_ray_contour_nodes,
72,52,3,SPL,3664.3846,1050.3846,3663,1049,3667,1053,4,4,13,243046.72000122,431249.53890228,85.47971868,dji_pose_mesh_ray_centroid,True,True,1212280,3.044205,warp,,3664.3846,1050.3846,1,1,1.0,1,3.044205,3.044205,2,2,1.0,"[[3665.5,1049.0],[3666.0,1049.5]]","[[243046.72123241,431249.53816986,85.48100758],[243046.72096539,431249.53778076,85.48052931]]",dji_pose_mesh_ray_contour_nodes,
73,53,3,SPL,3664.5,1057.0,3664,1057,3666,1058,2,1,2,243046.71520329,431249.53847504,85.47349644,dji_pose_mesh_ray_centroid,True,True,1212280,3.038073,warp,,3664.5,1057.0,1,1,1.0,1,3.038073,3.038073,2,2,1.0,"[[3664.0,1057.0],[3665.0,1057.0]]","[[243046.7151041,431249.53883362,85.47350311],[243046.71530056,431249.53810883,85.47348928]]",dji_pose_mesh_ray_contour_nodes,
74,54,3,SPL,3584.2167,1079.15,3576,1077,3591,1083,15,6,60,243046.68340015,431249.59531403,85.45389795,dji_pose_mesh_ray_centroid,True,True,1212280,3.007252,warp,,3584.2167,1079.15,1,1,1.0,1,3.007252,3.007252,13,13,1.0,"[[3585.5,1082.0],[3585.0,1081.5],[3584.0,1081.5],[3583.0,1081.5],[3582.5,1081.0],[3582.0,1080.5],[3581.0,1080.5],[3580.0,1080.5],[3579.5,1080.0],[3579.0,1079.5],[3578.0,1079.5],[3577.0,1079.5],[3576.0,1079.5]]","[[243046.68161106,431249.59420013,85.451231],[243046.68187046,431249.59459686,85.45170259],[243046.681674,431249.59532166,85.45171595],[243046.68147659,431249.59603882,85.4517293],[243046.68173695,431249.59643555,85.45220089],[243046.68199635,431249.59683228,85.45267248],[243046.68179989,431249.59755707,85.45268583],[243046.68160248,431249.59828186,85.45269918],[243046.68186283,431249.59867096,85.45317125],[243046.68212223,431249.59906769,85.45364332],[243046.68192577,431249.59979248,85.45365667],[243046.68172836,431249.60051727,85.45367002],[243046.68153191,431249.60124207,85.45368385]]",dji_pose_mesh_ray_contour_nodes,
75,55,3,SPL,3341.0,1082.625,3339,1082,3344,1084,5,2,8,243046.63287354,431249.77177429,85.45396042,dji_pose_mesh_ray_centroid,True,True,1220304,2.979553,warp,,3341.0,1082.625,1,1,1.0,1,2.979553,2.979553,2,2,1.0,"[[3339.0,1082.5],[3339.5,1082.0]]","[[243046.63251114,431249.77323914,85.45409107],[243046.63302994,431249.77294159,85.45456743]]",dji_pose_mesh_ray_contour_nodes,
76,56,3,SPL,3337.0,1085.0,3337,1085,3338,1086,1,1,1,243046.63003254,431249.77437592,85.45170927,dji_pose_mesh_ray_centroid,True,True,1220304,2.976694,warp,,3337.0,1085.0,1,1,1.0,1,2.976694,2.976694,1,1,1.0,"[[3337.0,1085.0]]","[[243046.63003254,431249.77437592,85.45170927]]",dji_pose_mesh_ray_contour_nodes,
77,57,3,SPL,3335.5116,1102.1628,3332,1099,3340,1106,8,7,43,243046.61593819,431249.77329254,85.4353795,dji_pose_mesh_ray_centroid,True,True,1220304,2.95926,warp,,3335.5116,1102.1628,1,1,1.0,1,2.95926,2.95926,5,5,1.0,"[[3332.0,1100.5],[3332.5,1100.0],[3333.0,1099.5],[3334.0,1099.5],[3334.5,1099.0]]","[[243046.61645412,431249.77603149,85.436975],[243046.61696815,431249.77573395,85.43744612],[243046.61748314,431249.7754364,85.43791771],[243046.61771393,431249.77471924,85.43791246],[243046.61822796,431249.77442169,85.43838406]]",dji_pose_mesh_ray_contour_nodes,
78,58,3,SPL,3082.6667,1109.9722,3075,1105,3091,1115,16,10,108,243046.55828857,431249.95611572,85.43099594,dji_pose_mesh_ray_centroid,True,True,1220289,2.936542,warp,,3082.6667,1109.9722,1,1,1.0,1,2.936542,2.936542,17,17,1.0,"[[3075.0,1106.5],[3075.5,1106.0],[3076.0,1105.5],[3076.5,1106.0],[3077.0,1106.5],[3078.0,1106.5],[3078.5,1107.0],[3079.0,1107.5],[3079.5,1108.0],[3080.0,1108.5],[3081.0,1108.5],[3082.0,1108.5],[3082.5,1108.0],[3083.0,1107.5],[3083.5,1107.0],[3083.5,1106.0],[3083.5,1105.0]]","[[243046.5601244,431249.9624939,85.43454647],[243046.56062889,431249.96221924,85.43501806],[243046.56113338,431249.96194458,85.43549013],[243046.56077862,431249.96147919,85.43499279],[243046.5604229,431249.96100616,85.43449593],[243046.56057262,431249.96026611,85.43447113],[243046.56021786,431249.95979309,85.43397427],[243046.55986309,431249.9593277,85.43347788],[243046.55950832,431249.95885468,85.43298149],[243046.55915356,431249.95838928,85.43248558],[243046.55930328,431249.9576416,85.43246031],[243046.55945206,431249.95690155,85.43243504],[243046.55995655,431249.95662689,85.43290615],[243046.56046009,431249.95635223,85.43337774],[243046.56096363,431249.95607758,85.43384886],[243046.56182384,431249.95626831,85.43481684],[243046.56268311,431249.95646667,85.43578529]]",dji_pose_mesh_ray_contour_nodes,
79,59,3,SPL,3334.1053,1111.7368,3333,1109,3336,1116,3,7,19,243046.60800266,431249.77310944,85.42634153,dji_pose_mesh_ray_centroid,True,True,1220304,2.949567,warp,,3334.1053,1111.7368,1,1,1.0,1,2.949567,2.949567,3,3,1.0,"[[3333.5,1115.0],[3333.5,1114.0],[3333.0,1113.5]]","[[243046.60527802,431249.77313995,85.42327261],[243046.60606956,431249.77326202,85.42421341],[243046.6063509,431249.77368164,85.42468643]]",dji_pose_mesh_ray_contour_nodes,
80,60,3,SPL,3357.1429,1123.4286,3356,1122,3359,1126,3,4,7,243046.60405064,431249.75514984,85.41523981,dji_pose_mesh_ray_centroid,True,True,1220304,2.94063,warp,,3357.1429,1123.4286,1,1,1.0,1,2.94063,2.94063,4,4,1.0,"[[3356.0,1124.5],[3356.5,1124.0],[3356.5,1123.0],[3356.5,1122.0]]","[[243046.60294342,431249.75584412,85.41424322],[243046.60345268,431249.75553894,85.41470814],[243046.60424137,431249.75566101,85.41564417],[243046.60503101,431249.75578308,85.41658068]]",dji_pose_mesh_ray_contour_nodes,
81,61,3,SPL,4133.6983,1168.7977,4106,1159,4161,1180,55,21,865,243046.74876118,431249.2036972,85.3705759,dji_pose_mesh_ray_centroid,True,True,1212276,3.043724,warp,,4133.6983,1168.7977,1,1,1.0,1,3.043724,3.043724,43,43,1.0,"[[4106.0,1165.5],[4106.5,1165.0],[4107.0,1164.5],[4107.5,1164.0],[4108.0,1163.5],[4109.0,1163.5],[4109.5,1163.0],[4110.0,1162.5],[4110.5,1162.0],[4111.0,1161.5],[4112.0,1161.5],[4112.5,1161.0],[4113.0,1160.5],[4114.0,1160.5],[4115.0,1160.5],[4116.0,1160.5],[4116.5,1160.0],[4117.0,1159.5],[4118.0,1159.5],[4119.0,1159.5],[4120.0,1159.5],[4121.0,1159.5],[4122.0,1159.5],[4123.0,1159.5],[4124.0,1159.5],[4125.0,1159.5],[4126.0,1159.5],[4127.0,1159.5],[4128.0,1159.5],[4129.0,1159.5],[4130.0,1159.5],[4131.0,1159.5],[4132.0,1159.5],[4133.0,1159.5],[4134.0,1159.5],[4135.0,1159.5],[4136.0,1159.5],[4137.0,1159.5],[4138.0,1159.5],[4139.0,1159.5],[4140.0,1159.5],[4141.0,1159.5],[4141.5,1159.0]]","[[243046.74571037,431249.22297668,85.37380362],[243046.74615097,431249.22261047,85.37423992],[243046.74659061,431249.22225189,85.3746767],[243046.74703026,431249.22188568,85.37511301],[243046.7474699,431249.2215271,85.37554932],[243046.74766254,431249.2208252,85.37553787],[243046.74810219,431249.22046661,85.37597465],[243046.74854279,431249.2201004,85.37641144],[243046.74898338,431249.21974182,85.37684822],[243046.74942303,431249.21937561,85.377285],[243046.74961567,431249.21868134,85.37727356],[243046.75005627,431249.21831512,85.37771082],[243046.75049686,431249.21794891,85.3781476],[243046.75068855,431249.21725464,85.37813616],[243046.7508812,431249.21655273,85.37812471],[243046.75107288,431249.21585083,85.37811327],[243046.75151348,431249.21549225,85.37855053],[243046.75195503,431249.21512604,85.37898779],[243046.75214672,431249.21442413,85.37897587],[243046.75233936,431249.21372223,85.37896442],[243046.75253105,431249.21302795,85.37895298],[243046.75272369,431249.21232605,85.37894154],[243046.75291634,431249.21162415,85.37892961],[243046.75310707,431249.21092224,85.37891817],[243046.75329971,431249.21022034,85.37890673],[243046.7534914,431249.20952606,85.37889528],[243046.75368404,431249.20882416,85.37888384],[243046.75387669,431249.20812225,85.37887192],[243046.75406837,431249.20742035,85.37886047],[243046.75426006,431249.20672607,85.37884903],[243046.75445271,431249.20602417,85.37883711],[243046.75464439,431249.20532227,85.37882566],[243046.75483704,431249.20462036,85.37881422],[243046.75502872,431249.20392609,85.37880278],[243046.75522137,431249.20322418,85.37879133],[243046.75541306,431249.20252228,85.37877941],[243046.75560474,431249.20182037,85.37876797],[243046.75579739,431249.2011261,85.37875652],[243046.75598907,431249.20042419,85.37874508],[243046.75618172,431249.19972229,85.37873316],[243046.75637436,431249.19902039,85.37872171],[243046.75656509,431249.19832611,85.37871027],[243046.75700665,431249.1979599,85.37914753]]",dji_pose_mesh_ray_contour_nodes,
82,62,3,SPL,2756.381,1187.7143,2754,1186,2760,1191,6,5,21,243046.43553162,431250.17800903,85.36287117,dji_pose_mesh_ray_centroid,True,True,1220292,2.862953,warp,,2756.381,1187.7143,1,1,1.0,1,2.862953,2.862953,6,6,1.0,"[[2757.5,1190.0],[2757.0,1189.5],[2756.0,1189.5],[2755.0,1189.5],[2754.5,1189.0],[2754.0,1188.5]]","[[243046.43386459,431250.1765976,85.36072111],[243046.43418121,431250.17709351,85.36119461],[243046.43399048,431250.1778183,85.36120796],[243046.43379974,431250.17854309,85.36122131],[243046.43411636,431250.179039,85.36169481],[243046.43443298,431250.17953491,85.36216879]]",dji_pose_mesh_ray_contour_nodes,
83,63,3,SPL,2696.3967,1225.3913,2691,1217,2704,1236,13,19,184,243046.39850044,431250.21308899,85.32987118,dji_pose_mesh_ray_centroid,True,True,1220262,2.83252,warp,,2696.3967,1225.3913,1,1,1.0,1,2.83252,2.83252,18,18,1.0,"[[2703.0,1225.5],[2702.5,1226.0],[2702.0,1226.5],[2701.5,1227.0],[2701.5,1228.0],[2701.0,1228.5],[2700.5,1229.0],[2700.5,1230.0],[2700.0,1230.5],[2699.5,1231.0],[2699.0,1231.5],[2698.5,1232.0],[2698.0,1232.5],[2697.5,1233.0],[2697.5,1234.0],[2697.0,1234.5],[2696.0,1234.5],[2695.5,1235.0]]","[[243046.39960098,431250.20826721,85.32967424],[243046.39921761,431250.20853424,85.329247],[243046.39883423,431250.20879364,85.32881927],[243046.39845085,431250.20906067,85.32839155],[243046.39786148,431250.2088623,85.3275218],[243046.3974781,431250.20912933,85.32709455],[243046.39709473,431250.20938873,85.32666731],[243046.39650536,431250.20919037,85.32579803],[243046.39612389,431250.2094574,85.32537127],[243046.39574051,431250.20972443,85.3249445],[243046.39535904,431250.20998383,85.32451773],[243046.39497566,431250.21025085,85.32409096],[243046.39459419,431250.21051025,85.32366466],[243046.39421272,431250.21077728,85.3232379],[243046.39362335,431250.21057892,85.32237005],[243046.39324188,431250.21083832,85.32194376],[243046.39306641,431250.21157074,85.32195902],[243046.39268303,431250.21183014,85.3215332]]",dji_pose_mesh_ray_contour_nodes,
84,64,3,SPL,2705.2857,1248.8571,2704,1248,2707,1251,3,3,7,243046.38628578,431250.20201874,85.30940676,dji_pose_mesh_ray_centroid,True,True,1220262,2.813716,warp,,2705.2857,1248.8571,1,1,1.0,1,2.813716,2.813716,3,3,1.0,"[[2704.5,1250.0],[2704.5,1249.0],[2704.0,1248.5]]","[[243046.38548088,431250.20236206,85.30843353],[243046.38606453,431250.20256042,85.30929518],[243046.38626862,431250.20301819,85.30973339]]",dji_pose_mesh_ray_contour_nodes,
85,65,3,SPL,2725.3125,1253.9375,2724,1252,2728,1257,4,5,16,243046.3868351,431250.18657684,85.30474043,dji_pose_mesh_ray_centroid,True,True,1220262,2.808565,warp,,2725.3125,1253.9375,1,1,1.0,1,2.808565,2.808565,3,3,1.0,"[[2726.5,1252.0],[2726.5,1253.0],[2727.0,1253.5]]","[[243046.38817406,431250.18609619,85.30638838],[243046.38759041,431250.18590546,85.30552864],[243046.38738632,431250.18544769,85.30509138]]",dji_pose_mesh_ray_contour_nodes,
86,66,3,SPL,3090.0417,1265.5833,3087,1264,3095,1268,8,4,24,243046.44558334,431249.92517853,85.29002714,dji_pose_mesh_ray_centroid,True,True,1220288,2.793229,warp,,3090.0417,1265.5833,1,1,1.0,1,2.793229,2.793229,4,4,1.0,"[[3092.5,1264.0],[3093.0,1264.5],[3093.5,1265.0],[3094.0,1265.5]]","[[243046.44705009,431249.92368317,85.2913537],[243046.44684792,431249.92326355,85.29092503],[243046.44664574,431249.92284393,85.29049587],[243046.44644356,431249.92243195,85.2900672]]",dji_pose_mesh_ray_contour_nodes,
87,67,3,SPL,3083.7333,1278.0,3080,1276,3088,1281,8,5,30,243046.43675613,431249.92788696,85.27955198,dji_pose_mesh_ray_centroid,True,True,1220288,2.78341,warp,,3083.7333,1278.0,1,1,1.0,1,2.78341,2.78341,5,5,1.0,"[[3080.0,1277.5],[3080.5,1277.0],[3081.0,1276.5],[3082.0,1276.5],[3082.5,1276.0]]","[[243046.43629837,431249.93055725,85.28000307],[243046.43670273,431249.93027496,85.28042221],[243046.43710709,431249.92999268,85.28084135],[243046.43731117,431249.9292984,85.28083372],[243046.43771553,431249.92901611,85.28125238]]",dji_pose_mesh_ray_contour_nodes,
88,68,3,SPL,3079.6774,1289.0645,3076,1287,3084,1292,8,5,31,243046.42925072,431249.92919922,85.27025461,dji_pose_mesh_ray_centroid,True,True,1220288,2.774802,warp,,3079.6774,1289.0645,1,1,1.0,1,2.774802,2.774802,6,6,1.0,"[[3076.0,1288.5],[3076.5,1288.0],[3077.0,1287.5],[3078.0,1287.5],[3079.0,1287.5],[3079.5,1287.0]]","[[243046.42884064,431249.93183136,85.27075624],[243046.42924309,431249.93154907,85.27117348],[243046.42964745,431249.93127441,85.27159071],[243046.42985153,431249.93058014,85.27158308],[243046.43005371,431249.92988586,85.27157545],[243046.43045807,431249.92960358,85.27199268]]",dji_pose_mesh_ray_contour_nodes,
89,69,3,SPL,3073.0,1306.0,3072,1304,3076,1309,4,5,12,243046.41761398,431249.93148804,85.25609207,dji_pose_mesh_ray_centroid,True,True,1220294,2.761611,warp,,3073.0,1306.0,1,1,1.0,1,2.761611,2.761611,5,5,1.0,"[[3072.5,1304.0],[3073.0,1304.5],[3074.0,1304.5],[3074.5,1305.0],[3075.0,1305.5]]","[[243046.41872597,431249.93211365,85.25776911],[243046.41852951,431249.93170166,85.25734758],[243046.41874313,431249.93100739,85.25734234],[243046.41854477,431249.9305954,85.25692129],[243046.41834831,431249.93018341,85.25650024]]",dji_pose_mesh_ray_contour_nodes,
90,70,3,SPL,3075.0,1313.2381,3073,1311,3078,1317,5,6,21,243046.41363907,431249.92910767,85.25003481,dji_pose_mesh_ray_centroid,True,True,1220294,2.756211,warp,,3075.0,1313.2381,1,1,1.0,1,2.756211,2.756211,5,5,1.0,"[[3077.0,1314.5],[3076.5,1315.0],[3076.0,1315.5],[3075.0,1315.5],[3074.5,1316.0]]","[[243046.41330147,431249.9275589,85.24897289],[243046.41289139,431249.92783356,85.24855852],[243046.4124794,431249.92810822,85.24814415],[243046.41226578,431249.92879486,85.24814939],[243046.4118557,431249.92906952,85.2477355]]",dji_pose_mesh_ray_contour_nodes,
91,71,3,SPL,3074.525,1327.95,3072,1325,3079,1332,7,7,40,243046.40463257,431249.92740631,85.23780823,dji_pose_mesh_ray_centroid,True,True,1220294,2.745078,warp,,3074.525,1327.95,1,1,1.0,1,2.745078,2.745078,6,6,1.0,"[[3076.5,1325.0],[3077.0,1325.5],[3077.5,1326.0],[3077.5,1327.0],[3077.5,1328.0],[3078.0,1328.5]]","[[243046.40683556,431249.92645264,85.24024439],[243046.4066391,431249.92604065,85.23982716],[243046.40644455,431249.92562866,85.23940992],[243046.40583992,431249.92549133,85.2385807],[243046.4052372,431249.925354,85.23775244],[243046.40504265,431249.92494202,85.23733568]]",dji_pose_mesh_ray_contour_nodes,
92,72,3,SPL,3517.1491,1414.4435,3456,1348,3571,1484,115,136,11685,243046.45985222,431249.6208725,85.16782522,dji_pose_mesh_ray_centroid,True,True,1220300,2.73757,warp,,3517.1491,1414.4435,1,1,1.0,1,2.73757,2.73757,194,194,1.0,"[[3527.5,1483.0],[3527.0,1482.5],[3526.5,1482.0],[3526.0,1481.5],[3525.5,1481.0],[3525.0,1480.5],[3524.0,1480.5],[3523.5,1480.0],[3523.0,1479.5],[3522.5,1479.0],[3522.0,1478.5],[3521.0,1478.5],[3520.0,1478.5],[3519.5,1478.0],[3519.0,1477.5],[3518.0,1477.5],[3517.0,1477.5],[3516.0,1477.5],[3515.0,1477.5],[3514.0,1477.5],[3513.5,1477.0],[3513.0,1476.5],[3512.0,1476.5],[3511.0,1476.5],[3510.0,1476.5],[3509.0,1476.5],[3508.0,1476.5],[3507.0,1476.5],[3506.0,1476.5],[3505.0,1476.5],[3504.0,1476.5],[3503.0,1476.5],[3502.5,1477.0],[3502.0,1477.5],[3501.0,1477.5],[3500.0,1477.5],[3499.0,1477.5],[3498.0,1477.5],[3497.0,1477.5],[3496.5,1478.0],[3496.0,1478.5],[3495.0,1478.5],[3494.5,1479.0],[3494.0,1479.5],[3493.0,1479.5],[3492.5,1480.0],[3492.0,1480.5],[3491.0,1480.5],[3490.0,1480.5],[3489.5,1481.0],[3489.0,1481.5],[3488.0,1481.5],[3487.0,1481.5],[3486.5,1482.0],[3486.0,1482.5],[3485.0,1482.5],[3484.0,1482.5],[3483.0,1482.5],[3482.0,1482.5],[3481.0,1482.5],[3480.0,1482.5],[3479.5,1482.0],[3479.0,1481.5],[3478.5,1481.0],[3478.0,1480.5],[3477.0,1480.5],[3476.5,1480.0],[3476.0,1479.5],[3475.5,1479.0],[3475.0,1478.5],[3474.5,1478.0],[3474.0,1477.5],[3473.5,1477.0],[3473.5,1476.0],[3473.5,1475.0],[3473.0,1474.5],[3472.5,1474.0],[3472.5,1473.0],[3472.5,1472.0],[3472.5,1471.0],[3472.0,1470.5],[3471.5,1470.0],[3471.5,1469.0],[3472.0,1468.5],[3472.5,1468.0],[3472.5,1467.0],[3472.5,1466.0],[3472.5,1465.0],[3473.0,1464.5],[3473.5,1464.0],[3473.5,1463.0],[3473.5,1462.0],[3473.5,1461.0],[3474.0,1460.5],[3474.5,1460.0],[3475.0,1459.5],[3475.5,1459.0],[3476.0,1458.5],[3476.5,1458.0],[3476.5,1457.0],[3476.0,1456.5],[3475.5,1456.0],[3475.5,1455.0],[3475.5,1454.0],[3475.0,1453.5],[3474.5,1453.0],[3474.5,1452.0],[3474.5,1451.0],[3474.5,1450.0],[3474.5,1449.0],[3474.5,1448.0],[3474.5,1447.0],[3474.5,1446.0],[3474.5,1445.0],[3474.5,1444.0],[3475.0,1443.5],[3476.0,1443.5],[3476.5,1443.0],[3476.5,1442.0],[3476.5,1441.0],[3476.5,1440.0],[3476.0,1439.5],[3475.5,1439.0],[3475.0,1438.5],[3474.5,1438.0],[3475.0,1437.5],[3475.5,1437.0],[3476.0,1436.5],[3476.5,1436.0],[3477.0,1435.5],[3477.5,1435.0],[3478.0,1434.5],[3478.5,1434.0],[3478.5,1433.0],[3478.0,1432.5],[3477.5,1432.0],[3477.5,1431.0],[3477.0,1430.5],[3476.5,1430.0],[3476.5,1429.0],[3476.5,1428.0],[3476.0,1427.5],[3475.5,1427.0],[3475.0,1426.5],[3474.5,1426.0],[3474.0,1425.5],[3473.5,1425.0],[3473.5,1424.0],[3474.0,1423.5],[3474.5,1423.0],[3474.0,1422.5],[3473.5,1422.0],[3473.5,1421.0],[3473.5,1420.0],[3473.0,1419.5],[3472.5,1419.0],[3472.5,1418.0],[3472.5,1417.0],[3472.5,1416.0],[3472.5,1415.0],[3472.5,1414.0],[3472.0,1413.5],[3471.5,1413.0],[3471.0,1412.5],[3470.0,1412.5],[3469.0,1412.5],[3468.5,1412.0],[3468.0,1411.5],[3467.0,1411.5],[3466.5,1411.0],[3466.0,1410.5],[3465.0,1410.5],[3464.0,1410.5],[3463.0,1410.5],[3462.0,1410.5],[3461.0,1410.5],[3460.5,1410.0],[3460.0,1409.5],[3459.5,1409.0],[3459.0,1408.5],[3458.5,1408.0],[3458.5,1407.0],[3458.0,1406.5],[3457.5,1406.0],[3457.5,1405.0],[3457.5,1404.0],[3457.5,1403.0],[3457.5,1402.0],[3457.0,1401.5],[3456.5,1401.0],[3456.5,1400.0],[3456.5,1399.0],[3456.5,1398.0],[3456.0,1397.5]]","[[243046.41832542,431249.60926819,85.11359215],[243046.41851997,431249.6096344,85.11398029],[243046.41871071,431249.60999298,85.11436892],[243046.41890526,431249.61035919,85.11475706],[243046.4190979,431249.61071777,85.11514568],[243046.41929054,431249.61107635,85.11553431],[243046.41904259,431249.61173248,85.1155324],[243046.41923523,431249.61209869,85.11592102],[243046.41942978,431249.61245728,85.11631012],[243046.41962242,431249.61281586,85.11669874],[243046.41981506,431249.61318207,85.11708784],[243046.41956711,431249.6138382,85.11708593],[243046.41931915,431249.61449432,85.11708403],[243046.4195137,431249.61485291,85.11747313],[243046.41970634,431249.61521912,85.11786222],[243046.41945839,431249.61586761,85.11786032],[243046.41921043,431249.61652374,85.11785841],[243046.41896248,431249.61717987,85.11785603],[243046.41871452,431249.617836,85.11785412],[243046.41846657,431249.61849213,85.11785221],[243046.41865921,431249.61885834,85.11824131],[243046.41885185,431249.61921692,85.11863089],[243046.4186039,431249.61987305,85.11862898],[243046.41835594,431249.62052917,85.11862659],[243046.41810799,431249.6211853,85.11862469],[243046.41786003,431249.62184143,85.11862278],[243046.41761398,431249.62249756,85.11862087],[243046.41736412,431249.62315369,85.11861896],[243046.41711617,431249.62380981,85.11861658],[243046.41687012,431249.62445831,85.11861467],[243046.41662025,431249.62511444,85.11861277],[243046.4163723,431249.62577057,85.11861086],[243046.41593361,431249.62606049,85.11821938],[243046.4154911,431249.62635803,85.11782837],[243046.41524315,431249.62701416,85.11782598],[243046.41499519,431249.62766266,85.11782408],[243046.41474724,431249.62831879,85.11782217],[243046.41450119,431249.62897491,85.11782026],[243046.41425323,431249.62963104,85.11781788],[243046.41381264,431249.62992096,85.11742687],[243046.41337204,431249.63021088,85.11703587],[243046.41312408,431249.630867,85.11703396],[243046.41268349,431249.63115692,85.11664295],[243046.4122448,431249.63145447,85.11625195],[243046.41199684,431249.63210297,85.11625004],[243046.41155624,431249.63240051,85.11585951],[243046.41111755,431249.63269043,85.11546898],[243046.4108696,431249.63334656,85.11546659],[243046.41062164,431249.63399506,85.11546469],[243046.41018105,431249.63428497,85.11507416],[243046.40974236,431249.63457489,85.11468363],[243046.4094944,431249.63523102,85.11468172],[243046.40924835,431249.63588715,85.11467981],[243046.40880775,431249.63617706,85.11428928],[243046.40836906,431249.63646698,85.11389923],[243046.40812111,431249.63712311,85.11389732],[243046.40787315,431249.63777924,85.11389542],[243046.4076252,431249.63842773,85.11389303],[243046.40737915,431249.63908386,85.11389112],[243046.4071312,431249.63973999,85.11388922],[243046.40688324,431249.64039612,85.11388731],[243046.40707588,431249.64076233,85.11427546],[243046.40726662,431249.64112091,85.11466408],[243046.40745926,431249.64148712,85.11505222],[243046.40764999,431249.64185333,85.11544085],[243046.40740204,431249.64250946,85.11543894],[243046.40759468,431249.64287567,85.11582756],[243046.40778542,431249.64324188,85.11621618],[243046.40797806,431249.64360046,85.11660528],[243046.40816879,431249.64396667,85.1169939],[243046.40836143,431249.64433289,85.117383],[243046.40855217,431249.6446991,85.1177721],[243046.40874481,431249.64506531,85.1181612],[243046.40937614,431249.6451416,85.11894178],[243046.41000938,431249.6452179,85.11972284],[243046.41020012,431249.64558411,85.12011242],[243046.41039276,431249.64595032,85.12050199],[243046.411026,431249.64602661,85.12128401],[243046.41165924,431249.64610291,85.12206602],[243046.41229248,431249.6461792,85.12284851],[243046.41248322,431249.64654541,85.12323904],[243046.41267586,431249.64691162,85.12362909],[243046.413311,431249.64698792,85.12441254],[243046.4137516,431249.646698,85.12480545],[243046.4141922,431249.64640808,85.12519836],[243046.41482735,431249.64648438,85.12598228],[243046.41546249,431249.64656067,85.1267662],[243046.41609764,431249.64664459,85.12755108],[243046.41654015,431249.64635468,85.12794495],[243046.41698074,431249.64605713,85.12833834],[243046.4176178,431249.64614105,85.12912416],[243046.41825294,431249.64621735,85.12990999],[243046.41889,431249.64629364,85.13069582],[243046.4193325,431249.64600372,85.13109016],[243046.41977501,431249.64571381,85.13148498],[243046.42021751,431249.64541626,85.13187933],[243046.42066002,431249.64512634,85.13227367],[243046.42110443,431249.64483643,85.13266849],[243046.42154694,431249.64454651,85.13306332],[243046.4221859,431249.6446228,85.13385105],[243046.42238045,431249.64498901,85.13424396],[243046.422575,431249.64536285,85.13463736],[243046.42321205,431249.64543915,85.13542557],[243046.42385101,431249.64551544,85.13621473],[243046.42404556,431249.64588165,85.13660812],[243046.42424011,431249.64624786,85.13700151],[243046.42487907,431249.64632416,85.13779116],[243046.42551994,431249.64640045,85.13858175],[243046.42615891,431249.64647675,85.13937187],[243046.42679977,431249.64656067,85.14016247],[243046.42744064,431249.64663696,85.14095402],[243046.42807961,431249.64671326,85.14174557],[243046.42872047,431249.64678955,85.14253759],[243046.42936325,431249.64686584,85.14332962],[243046.43000412,431249.64694214,85.1441226],[243046.43045044,431249.64665222,85.14451981],[243046.4307003,431249.64598846,85.14452219],[243046.43114662,431249.64569855,85.14491987],[243046.43178749,431249.64577484,85.14571333],[243046.43243027,431249.64585114,85.14650726],[243046.43307304,431249.64592743,85.1473012],[243046.43327141,431249.64630127,85.14769745],[243046.43346786,431249.64666748,85.1480937],[243046.43366432,431249.64704132,85.14849043],[243046.43386078,431249.64740753,85.14888668],[243046.4343071,431249.64711761,85.14928532],[243046.43475533,431249.6468277,85.14968443],[243046.43520164,431249.64653015,85.15008306],[243046.43564987,431249.64624023,85.15048218],[243046.43609619,431249.64595032,85.15088129],[243046.43654442,431249.64565277,85.15128088],[243046.43699265,431249.64536285,85.15167999],[243046.43743896,431249.64507294,85.15207958],[243046.43808556,431249.64514923,85.15287638],[243046.43828201,431249.64551544,85.15327406],[243046.43848038,431249.64588928,85.15367126],[243046.43912697,431249.64596558,85.15446949],[243046.43932343,431249.64633179,85.15486717],[243046.43952179,431249.64670563,85.15526485],[243046.44016838,431249.64678192,85.15606356],[243046.44081497,431249.64685822,85.15686226],[243046.44101334,431249.64723206,85.15726089],[243046.44120979,431249.64759827,85.15765953],[243046.44140816,431249.64797211,85.15805817],[243046.44160652,431249.64833832,85.1584568],[243046.44180489,431249.64871216,85.15885544],[243046.44200325,431249.649086,85.15925455],[243046.44264984,431249.64916229,85.16005516],[243046.44309998,431249.64887238,85.16045666],[243046.44355011,431249.64857483,85.16085815],[243046.44374847,431249.64894867,85.16125727],[243046.44394684,431249.64931488,85.16165686],[243046.44459534,431249.6493988,85.16245842],[243046.44524574,431249.6494751,85.16326046],[243046.44544411,431249.64984894,85.16366053],[243046.44564247,431249.65021515,85.16406059],[243046.44629288,431249.65029907,85.16486311],[243046.44694328,431249.65037537,85.16566658],[243046.44759369,431249.65045166,85.16647005],[243046.44824409,431249.65053558,85.167274],[243046.4488945,431249.65061188,85.16807795],[243046.44909477,431249.65098572,85.16847897],[243046.44929314,431249.65135193,85.16888046],[243046.44949341,431249.65172577,85.16928148],[243046.44924164,431249.65238953,85.16927957],[243046.44898987,431249.65306091,85.16927719],[243046.44918823,431249.65342712,85.16967821],[243046.4493885,431249.65380096,85.17007971],[243046.44913673,431249.65447235,85.1700778],[243046.44933701,431249.65483856,85.1704793],[243046.44953537,431249.6552124,85.17088079],[243046.4492836,431249.65587616,85.17087841],[243046.44903183,431249.65654755,85.17087603],[243046.44878006,431249.6572113,85.17087412],[243046.44852829,431249.65787506,85.17087173],[243046.44827652,431249.65853882,85.17086935],[243046.44847679,431249.65891266,85.17127085],[243046.44867516,431249.6592865,85.17167282],[243046.44887543,431249.65966034,85.17207479],[243046.4490757,431249.66003418,85.17247677],[243046.44927597,431249.66040802,85.17287922],[243046.44992828,431249.66049194,85.17368603],[243046.45012665,431249.66086578,85.17408848],[243046.45032883,431249.66123962,85.17449093],[243046.45098114,431249.66131592,85.17529869],[243046.45163345,431249.66139984,85.17610693],[243046.45228767,431249.66148376,85.17691517],[243046.45293999,431249.66156769,85.17772436],[243046.45314217,431249.66194153,85.17812777],[243046.45334244,431249.66231537,85.17853117],[243046.45399666,431249.66239166,85.17934084],[243046.45465088,431249.66247559,85.18015099],[243046.45530701,431249.66255951,85.18096161],[243046.45550728,431249.66293335,85.18136549]]",dji_pose_mesh_ray_contour_nodes,
93,73,3,SPL,2705.0,1381.7143,2704,1381,2707,1384,3,3,7,243046.30014992,431250.17342377,85.19641399,dji_pose_mesh_ray_centroid,True,True,1220218,2.70456,warp,,2705.0,1381.7143,1,1,1.0,1,2.70456,2.70456,2,2,1.0,"[[2704.5,1383.0],[2704.0,1382.5]]","[[243046.29918861,431250.17347717,85.19535065],[243046.29936409,431250.17391205,85.19575882]]",dji_pose_mesh_ray_contour_nodes,
94,74,3,SPL,3460.0,1421.0,3460,1421,3461,1422,1,1,1,243046.44120216,431249.65836334,85.16242742,dji_pose_mesh_ray_centroid,True,True,1220300,2.722766,warp,,3460.0,1421.0,1,1,1.0,1,2.722766,2.722766,1,1,1.0,"[[3460.0,1421.0]]","[[243046.44120216,431249.65836334,85.16242742]]",dji_pose_mesh_ray_contour_nodes,
95,75,3,SPL,3464.8957,1436.2522,3459,1430,3472,1443,13,13,115,243046.43258095,431249.65390015,85.15025616,dji_pose_mesh_ray_centroid,True,True,1220300,2.71202,warp,,3464.8957,1436.2522,1,1,1.0,1,2.71202,2.71202,13,13,1.0,"[[3465.5,1430.0],[3466.0,1430.5],[3466.5,1431.0],[3467.0,1431.5],[3468.0,1431.5],[3468.5,1432.0],[3468.5,1433.0],[3469.0,1433.5],[3469.5,1434.0],[3470.0,1434.5],[3470.5,1435.0],[3470.5,1436.0],[3471.0,1436.5]]","[[243046.43676186,431249.6539917,85.15524054],[243046.4365654,431249.65362549,85.15484238],[243046.43636703,431249.65325165,85.15444469],[243046.43617058,431249.65287781,85.15404701],[243046.43642044,431249.65222168,85.15404892],[243046.43622398,431249.65184784,85.15365124],[243046.4355793,431249.65177155,85.15285397],[243046.43538284,431249.65139771,85.15245676],[243046.43518448,431249.65103149,85.15205955],[243046.43498802,431249.65065765,85.15166235],[243046.43478966,431249.65029144,85.15126514],[243046.43414688,431249.65020752,85.15046883],[243046.43395042,431249.64984131,85.1500721]]",dji_pose_mesh_ray_contour_nodes,
96,76,3,SPL,2692.1667,1449.1667,2691,1448,2694,1451,3,3,6,243046.25788498,431250.16882324,85.14219093,dji_pose_mesh_ray_centroid,True,True,19880,2.655406,warp,,2692.1667,1449.1667,1,1,1.0,1,2.655406,2.655406,2,2,1.0,"[[2691.0,1448.5],[2691.5,1448.0]]","[[243046.25797081,431250.16972351,85.14271593],[243046.25838089,431250.16949463,85.14311266]]",dji_pose_mesh_ray_contour_nodes,
97,77,3,SPL,2694.9667,1461.3,2691,1458,2700,1464,9,6,30,243046.25171661,431250.16465759,85.13262939,dji_pose_mesh_ray_centroid,True,True,19880,2.646967,warp,,2694.9667,1461.3,1,1,1.0,1,2.646967,2.646967,10,10,1.0,"[[2692.5,1458.0],[2693.0,1458.5],[2693.5,1459.0],[2694.0,1459.5],[2695.0,1459.5],[2695.5,1460.0],[2696.0,1460.5],[2697.0,1460.5],[2698.0,1460.5],[2699.0,1460.5]]","[[243046.25296402,431250.16691589,85.135221],[243046.25280571,431250.16648865,85.13482809],[243046.25264931,431250.1660614,85.13443565],[243046.252491,431250.16564178,85.13404322],[243046.25274086,431250.16497803,85.13404512],[243046.25258446,431250.16455841,85.13365316],[243046.25242615,431250.16413116,85.13326073],[243046.25267601,431250.16347504,85.13326311],[243046.25292587,431250.16281128,85.13326502],[243046.25317764,431250.16215515,85.1332674]]",dji_pose_mesh_ray_contour_nodes,
98,78,3,SPL,2738.1111,1474.8889,2737,1474,2741,1477,4,3,9,243046.25482559,431250.13375854,85.12206888,dji_pose_mesh_ray_centroid,True,True,19880,2.638835,warp,,2738.1111,1474.8889,1,1,1.0,1,2.638835,2.638835,3,3,1.0,"[[2740.0,1475.5],[2739.0,1475.5],[2738.5,1476.0]]","[[243046.25495338,431250.13240051,85.12159491],[243046.25470352,431250.13305664,85.121593],[243046.25429726,431250.13329315,85.12120104]]",dji_pose_mesh_ray_contour_nodes,
99,79,3,SPL,2779.6296,1502.9074,2775,1499,2785,1507,10,8,54,243046.24941635,431250.1015625,85.10038519,dji_pose_mesh_ray_centroid,True,True,19880,2.621213,warp,,2779.6296,1502.9074,1,1,1.0,1,2.621213,2.621213,10,10,1.0,"[[2778.5,1499.0],[2779.0,1499.5],[2780.0,1499.5],[2780.5,1500.0],[2781.0,1500.5],[2782.0,1500.5],[2782.5,1501.0],[2783.0,1501.5],[2783.5,1502.0],[2784.0,1502.5]]","[[243046.2513237,431250.10298157,85.10340261],[243046.2511673,431250.10256958,85.10301733],[243046.25141716,431250.10191345,85.10301924],[243046.25126076,431250.10150146,85.10263348],[243046.25110435,431250.10108948,85.10224771],[243046.25135231,431250.10043335,85.1022501],[243046.25119591,431250.10002136,85.10186434],[243046.25103951,431250.09960938,85.10147905],[243046.25088501,431250.09918976,85.10109377],[243046.25072861,431250.09877777,85.10070848]]",dji_pose_mesh_ray_contour_nodes,
100,80,3,SPL,3053.7538,1575.9538,3048,1572,3062,1580,14,8,65,243046.26233292,431249.9094162,85.04382563,dji_pose_mesh_ray_centroid,True,True,1220293,2.576749,warp,,3053.7538,1575.9538,1,1,1.0,1,2.576749,2.576749,11,11,1.0,"[[3048.0,1576.5],[3048.5,1576.0],[3049.0,1575.5],[3049.5,1575.0],[3050.0,1574.5],[3050.5,1574.0],[3051.0,1573.5],[3052.0,1573.5],[3052.5,1573.0],[3053.0,1572.5],[3053.5,1572.0]]","[[243046.26121521,431249.91316986,85.04347372],[243046.26154709,431249.91290283,85.04383993],[243046.26188087,431249.91262817,85.04420567],[243046.26221275,431249.91236115,85.04457188],[243046.26254654,431249.91208649,85.04493809],[243046.26288033,431249.91181946,85.04530382],[243046.2632122,431249.9115448,85.04567051],[243046.26335716,431249.91088104,85.04566097],[243046.26369095,431249.91060638,85.04602718],[243046.26402473,431249.91033936,85.04639387],[243046.26435852,431249.9100647,85.04676008]]",dji_pose_mesh_ray_contour_nodes,
101,81,3,SPL,2810.4286,1594.2857,2810,1593,2812,1597,2,4,7,243046.20579338,431250.06589508,85.03118515,dji_pose_mesh_ray_centroid,True,True,314765,2.561446,warp,,2810.4286,1594.2857,1,1,1.0,1,2.561446,2.561446,2,2,1.0,"[[2811.0,1595.5],[2810.5,1596.0]]","[[243046.20525742,431250.06532288,85.03028393],[243046.20486259,431250.06556702,85.02991247]]",dji_pose_mesh_ray_contour_nodes,
102,82,3,SPL,2832.5946,1598.5405,2830,1595,2837,1603,7,8,37,243046.2087059,431250.05097961,85.02805042,dji_pose_mesh_ray_centroid,True,True,314765,2.559637,warp,,2832.5946,1598.5405,1,1,1.0,1,2.559637,2.559637,8,8,1.0,"[[2833.5,1595.0],[2834.0,1595.5],[2834.5,1596.0],[2834.5,1597.0],[2835.0,1597.5],[2835.5,1598.0],[2835.5,1599.0],[2836.0,1599.5]]","[[243046.21088028,431250.05098724,85.03067827],[243046.21072197,431250.05058289,85.03030777],[243046.21056366,431250.05017853,85.02993679],[243046.21001053,431250.05001831,85.02919483],[243046.20985222,431250.04961395,85.02882481],[243046.20969582,431250.04920959,85.0284543],[243046.20914268,431250.04904938,85.02771282],[243046.20898438,431250.04864502,85.0273428]]",dji_pose_mesh_ray_contour_nodes,
103,83,3,SPL,2817.8514,1607.0135,2812,1603,2826,1611,14,8,74,243046.20054054,431250.059021,85.02176666,dji_pose_mesh_ray_centroid,True,True,314765,2.553515,warp,,2817.8514,1607.0135,1,1,1.0,1,2.553515,2.553515,17,17,1.0,"[[2814.5,1603.0],[2815.0,1603.5],[2816.0,1603.5],[2816.5,1604.0],[2817.0,1604.5],[2817.5,1605.0],[2818.0,1605.5],[2818.5,1605.0],[2819.0,1604.5],[2820.0,1604.5],[2821.0,1604.5],[2822.0,1604.5],[2823.0,1604.5],[2823.5,1605.0],[2824.0,1605.5],[2824.5,1606.0],[2825.0,1606.5]]","[[243046.20195389,431250.06183624,85.02472973],[243046.20179558,431250.06143188,85.02436066],[243046.202034,431250.06079102,85.02436161],[243046.20187759,431250.06038666,85.02399254],[243046.20172119,431250.0599823,85.02362299],[243046.20156479,431250.05957794,85.02325392],[243046.20140648,431250.05918121,85.02288485],[243046.2018013,431250.0589447,85.02325487],[243046.20219421,431250.05870056,85.0236249],[243046.20243263,431250.05806732,85.02362633],[243046.20266914,431250.05742645,85.02362728],[243046.20290565,431250.05678558,85.02362823],[243046.20314217,431250.05614471,85.02362919],[243046.20298576,431250.05574036,85.02326012],[243046.20282936,431250.05534363,85.02289104],[243046.20267296,431250.05493927,85.02252197],[243046.20251656,431250.05453491,85.02215338]]",dji_pose_mesh_ray_contour_nodes,
104,84,3,SPL,2861.2,1613.0,2860,1612,2864,1615,4,3,10,243046.20750999,431250.03034973,85.01739407,dji_pose_mesh_ray_centroid,True,True,314765,2.551667,warp,,2861.2,1613.0,1,1,1.0,1,2.551667,2.551667,2,2,1.0,"[[2862.5,1612.0],[2863.0,1612.5]]","[[243046.2083683,431250.02967834,85.01813221],[243046.2082119,431250.02927399,85.01776409]]",dji_pose_mesh_ray_contour_nodes,
105,85,3,SPL,2848.5,1613.5,2848,1613,2850,1615,2,2,4,243046.20422935,431250.03837585,85.01701355,dji_pose_mesh_ray_centroid,True,True,314765,2.550724,warp,,2848.5,1613.5,1,1,1.0,1,2.550724,2.550724,4,4,1.0,"[[2848.0,1613.0],[2849.0,1613.0],[2848.0,1614.0],[2849.0,1614.0]]","[[243046.20438766,431250.03878021,85.01738119],[243046.20462227,431250.03813934,85.01738214],[243046.20383644,431250.03862,85.01664495],[243046.20407295,431250.03797913,85.01664591]]",dji_pose_mesh_ray_contour_nodes,
106,86,3,SPL,2844.9231,1617.3846,2844,1615,2847,1621,3,6,13,243046.20125008,431250.04003906,85.01415205,dji_pose_mesh_ray_centroid,True,True,314765,2.548066,warp,,2844.9231,1617.3846,1,1,1.0,1,2.548066,2.548066,4,4,1.0,"[[2846.0,1618.5],[2845.5,1619.0],[2845.0,1619.5],[2844.5,1620.0]]","[[243046.2008934,431250.03916931,85.01333332],[243046.20050049,431250.03941345,85.01296568],[243046.20010948,431250.03964996,85.01259804],[243046.19971657,431250.03988647,85.0122304]]",dji_pose_mesh_ray_contour_nodes,
107,87,3,SPL,3860.0,1625.5,3859,1624,3862,1628,3,4,8,243046.40921974,431249.38902283,85.00662184,dji_pose_mesh_ray_centroid,True,True,1220331,2.653046,warp,,3860.0,1625.5,1,1,1.0,1,2.653046,2.653046,2,2,1.0,"[[3859.0,1624.5],[3859.5,1624.0]]","[[243046.40963745,431249.38967133,85.00735426],[243046.40999985,431249.38935852,85.00771379]]",dji_pose_mesh_ray_contour_nodes,
108,88,3,SPL,2657.7411,1775.2841,2622,1646,2688,1876,66,230,9260,243046.07708549,431250.13150024,84.90210152,dji_pose_mesh_ray_centroid,True,True,314762,2.449549,warp,,2657.7411,1775.2841,1,1,1.0,1,2.449549,2.449549,256,256,1.0,"[[2622.0,1827.5],[2622.5,1827.0],[2623.0,1826.5],[2623.5,1826.0],[2624.0,1825.5],[2624.5,1825.0],[2624.5,1824.0],[2625.0,1823.5],[2625.5,1823.0],[2625.5,1822.0],[2625.5,1821.0],[2625.5,1820.0],[2625.5,1819.0],[2625.5,1818.0],[2625.5,1817.0],[2625.0,1816.5],[2624.5,1816.0],[2624.5,1815.0],[2624.5,1814.0],[2624.5,1813.0],[2624.5,1812.0],[2624.5,1811.0],[2624.5,1810.0],[2624.5,1809.0],[2624.5,1808.0],[2624.5,1807.0],[2624.5,1806.0],[2624.5,1805.0],[2624.5,1804.0],[2624.5,1803.0],[2624.5,1802.0],[2625.0,1801.5],[2625.5,1801.0],[2625.5,1800.0],[2625.5,1799.0],[2626.0,1798.5],[2626.5,1798.0],[2626.5,1797.0],[2627.0,1796.5],[2628.0,1796.5],[2628.5,1796.0],[2629.0,1795.5],[2629.5,1795.0],[2630.0,1794.5],[2630.5,1794.0],[2631.0,1793.5],[2631.5,1793.0],[2631.5,1792.0],[2631.5,1791.0],[2632.0,1790.5],[2632.5,1790.0],[2632.5,1789.0],[2632.5,1788.0],[2632.0,1787.5],[2631.5,1787.0],[2631.5,1786.0],[2631.5,1785.0],[2631.5,1784.0],[2631.5,1783.0],[2631.5,1782.0],[2631.0,1781.5],[2630.5,1781.0],[2630.5,1780.0],[2630.5,1779.0],[2630.5,1778.0],[2630.5,1777.0],[2630.5,1776.0],[2630.5,1775.0],[2630.5,1774.0],[2630.5,1773.0],[2630.5,1772.0],[2630.5,1771.0],[2630.5,1770.0],[2630.5,1769.0],[2630.5,1768.0],[2631.0,1767.5],[2631.5,1767.0],[2632.0,1766.5],[2632.5,1766.0],[2633.0,1765.5],[2633.5,1765.0],[2634.0,1764.5],[2634.5,1764.0],[2635.0,1763.5],[2635.5,1763.0],[2635.5,1762.0],[2636.0,1761.5],[2636.5,1761.0],[2636.5,1760.0],[2636.5,1759.0],[2636.5,1758.0],[2637.0,1757.5],[2637.5,1757.0],[2637.5,1756.0],[2637.5,1755.0],[2637.5,1754.0],[2638.0,1753.5],[2638.5,1753.0],[2638.5,1752.0],[2639.0,1751.5],[2639.5,1751.0],[2639.5,1750.0],[2639.5,1749.0],[2639.5,1748.0],[2639.5,1747.0],[2639.5,1746.0],[2639.5,1745.0],[2639.5,1744.0],[2639.0,1743.5],[2638.5,1743.0],[2638.5,1742.0],[2638.0,1741.5],[2637.5,1741.0],[2637.5,1740.0],[2637.0,1739.5],[2636.5,1739.0],[2636.5,1738.0],[2636.5,1737.0],[2637.0,1736.5],[2637.5,1736.0],[2638.0,1735.5],[2638.5,1735.0],[2639.0,1734.5],[2639.5,1734.0],[2639.5,1733.0],[2639.5,1732.0],[2639.0,1731.5],[2638.5,1731.0],[2637.5,1730.0],[2637.5,1729.0],[2637.0,1728.5],[2636.5,1728.0],[2636.5,1727.0],[2636.5,1726.0],[2636.0,1725.5],[2635.5,1725.0],[2635.5,1724.0],[2635.5,1723.0],[2636.0,1722.5],[2636.5,1722.0],[2636.5,1721.0],[2636.5,1720.0],[2637.0,1719.5],[2637.5,1719.0],[2638.0,1718.5],[2638.5,1718.0],[2638.5,1717.0],[2638.5,1716.0],[2638.5,1715.0],[2639.0,1714.5],[2639.5,1714.0],[2639.5,1713.0],[2639.5,1712.0],[2640.0,1711.5],[2640.5,1711.0],[2641.0,1710.5],[2641.5,1710.0],[2642.0,1709.5],[2642.5,1709.0],[2643.0,1708.5],[2643.5,1708.0],[2644.0,1707.5],[2644.5,1707.0],[2645.0,1706.5],[2645.5,1706.0],[2646.0,1705.5],[2646.5,1705.0],[2647.0,1704.5],[2647.5,1704.0],[2648.0,1703.5],[2648.5,1703.0],[2649.0,1702.5],[2649.5,1702.0],[2650.0,1701.5],[2650.5,1701.0],[2651.0,1700.5],[2651.5,1700.0],[2651.5,1699.0],[2652.0,1698.5],[2652.5,1698.0],[2653.0,1697.5],[2653.5,1697.0],[2654.0,1696.5],[2654.5,1696.0],[2655.0,1695.5],[2655.5,1695.0],[2655.5,1694.0],[2656.0,1693.5],[2656.5,1693.0],[2656.5,1692.0],[2656.5,1691.0],[2657.0,1690.5],[2657.5,1690.0],[2657.5,1689.0],[2658.0,1688.5],[2658.5,1688.0],[2659.0,1687.5],[2659.5,1687.0],[2659.5,1686.0],[2660.0,1685.5],[2660.5,1685.0],[2660.5,1684.0],[2660.5,1683.0],[2660.5,1682.0],[2660.0,1681.5],[2659.5,1681.0],[2659.5,1680.0],[2659.0,1679.5],[2658.5,1679.0],[2658.0,1678.5],[2657.0,1678.5],[2656.5,1678.0],[2656.0,1677.5],[2655.5,1677.0],[2655.5,1676.0],[2655.0,1675.5],[2654.5,1675.0],[2654.5,1674.0],[2654.5,1673.0],[2654.5,1672.0],[2654.5,1671.0],[2654.5,1670.0],[2655.0,1669.5],[2655.5,1669.0],[2656.0,1668.5],[2656.5,1668.0],[2657.0,1667.5],[2657.5,1667.0],[2658.0,1666.5],[2658.5,1666.0],[2659.0,1665.5],[2659.5,1665.0],[2659.5,1664.0],[2659.5,1663.0],[2660.0,1662.5],[2660.5,1662.0],[2660.5,1661.0],[2660.5,1660.0],[2660.5,1659.0],[2660.5,1658.0],[2660.5,1657.0],[2660.5,1656.0],[2660.5,1655.0],[2660.5,1654.0],[2660.5,1653.0],[2661.0,1652.5],[2661.5,1652.0],[2661.5,1651.0],[2662.0,1650.5],[2662.5,1650.0],[2662.5,1649.0],[2663.0,1648.5],[2663.5,1648.0],[2664.0,1647.5],[2664.5,1647.0],[2665.5,1646.0]]","[[243046.04439354,431250.14468384,84.86674976],[243046.04474449,431250.14446259,84.86708498],[243046.04509735,431250.14424133,84.8674202],[243046.04545021,431250.14402771,84.86775589],[243046.04580116,431250.14380646,84.86809111],[243046.04615402,431250.14358521,84.8684268],[243046.04664803,431250.14376831,84.86909819],[243046.04700089,431250.14354706,84.86943388],[243046.04735374,431250.14332581,84.86977005],[243046.04784775,431250.14350128,84.87044191],[243046.04834175,431250.14368439,84.87111425],[243046.04883766,431250.14385986,84.87178707],[243046.04933167,431250.14403534,84.87245989],[243046.04982758,431250.14421082,84.87313318],[243046.05032349,431250.14439392,84.87380695],[243046.05046654,431250.14479065,84.87414408],[243046.05060768,431250.14518738,84.8744812],[243046.05110359,431250.14536285,84.87515545],[243046.0515995,431250.14553833,84.8758297],[243046.05209732,431250.14572144,84.87650442],[243046.05257034,431250.14588928,84.87717867],[243046.05304146,431250.14605713,84.87785292],[243046.05351448,431250.14622498,84.87852716],[243046.0539875,431250.14640045,84.87920189],[243046.05446243,431250.1465683,84.87987709],[243046.05493546,431250.14673615,84.88055229],[243046.05540848,431250.14691162,84.88122797],[243046.05588341,431250.14707947,84.88190365],[243046.05635643,431250.14724731,84.8825798],[243046.05683136,431250.14741516,84.88325643],[243046.05730629,431250.14759064,84.88393307],[243046.05764771,431250.14736176,84.88427114],[243046.05799103,431250.1471405,84.8846097],[243046.05846596,431250.14730835,84.88528681],[243046.05894089,431250.14748383,84.88596439],[243046.05928421,431250.14725494,84.88630295],[243046.05962753,431250.14703369,84.88664198],[243046.06010246,431250.14720154,84.88732004],[243046.06044579,431250.14698029,84.88765907],[243046.06065559,431250.1463623,84.8876586],[243046.06099892,431250.14613342,84.88799763],[243046.06134224,431250.14591217,84.88833666],[243046.06168556,431250.14568329,84.88867569],[243046.06202888,431250.14546204,84.8890152],[243046.06237221,431250.14524078,84.88935423],[243046.06271553,431250.1450119,84.88969374],[243046.06306076,431250.14479065,84.89003324],[243046.0635376,431250.1449585,84.89071274],[243046.06401443,431250.14512634,84.89139271],[243046.06435776,431250.14490509,84.89173222],[243046.06470108,431250.14467621,84.8920722],[243046.06517982,431250.14485168,84.89275265],[243046.06565666,431250.14501953,84.89343309],[243046.06579018,431250.14541626,84.89377356],[243046.06592369,431250.14581299,84.89411449],[243046.06640053,431250.14598083,84.89479589],[243046.06687927,431250.14614868,84.89547729],[243046.06735802,431250.14632416,84.89615917],[243046.06783676,431250.146492,84.89684105],[243046.06831551,431250.14665985,84.8975234],[243046.06844902,431250.14705658,84.89786482],[243046.06858253,431250.14745331,84.89820623],[243046.06906128,431250.14762878,84.89888906],[243046.06954002,431250.14779663,84.89957237],[243046.07002068,431250.14796448,84.90025616],[243046.07049942,431250.14813995,84.90093994],[243046.07098007,431250.1483078,84.90162373],[243046.07146072,431250.14848328,84.90230799],[243046.07194138,431250.14865112,84.90299272],[243046.07242012,431250.1488266,84.90367746],[243046.07290077,431250.14899445,84.90436268],[243046.07338333,431250.14916992,84.90504837],[243046.07386398,431250.14933777,84.90573406],[243046.07434464,431250.14951324,84.90642023],[243046.07482719,431250.14968109,84.9071064],[243046.07517242,431250.14945984,84.90744925],[243046.07551956,431250.14923096,84.90779257],[243046.0758667,431250.1490097,84.90813589],[243046.07621384,431250.14878082,84.90847921],[243046.07656097,431250.14855194,84.90882254],[243046.07690811,431250.14833069,84.90916586],[243046.07725525,431250.14810181,84.90950918],[243046.07760239,431250.14788055,84.90985298],[243046.07794952,431250.14765167,84.9101963],[243046.07829666,431250.14743042,84.9105401],[243046.07877922,431250.14759827,84.91122818],[243046.07912827,431250.14736938,84.91157198],[243046.0794754,431250.14714813,84.91191578],[243046.07995796,431250.14731598,84.91260433],[243046.08044243,431250.14749146,84.91329336],[243046.08092499,431250.1476593,84.91398239],[243046.08127403,431250.14743805,84.91432714],[243046.08162117,431250.14720917,84.91467142],[243046.08210564,431250.14738464,84.9153614],[243046.0825901,431250.14755249,84.91605139],[243046.08307457,431250.14772797,84.91674185],[243046.08342361,431250.14749908,84.9170866],[243046.08377266,431250.1472702,84.91743183],[243046.08425713,431250.14744568,84.91812277],[243046.08460617,431250.1472168,84.918468],[243046.08495522,431250.14699554,84.91881371],[243046.08544159,431250.14716339,84.91950512],[243046.08592606,431250.14733887,84.92019701],[243046.08641243,431250.14750671,84.9208889],[243046.0868988,431250.14768219,84.92158127],[243046.08738518,431250.14785004,84.92227411],[243046.08787155,431250.14802551,84.92296696],[243046.08835793,431250.14820099,84.92366028],[243046.08849525,431250.14859772,84.92400694],[243046.08863258,431250.14899445,84.92435408],[243046.08911896,431250.14916992,84.92504787],[243046.08925629,431250.14956665,84.92539549],[243046.08939362,431250.14997101,84.92574263],[243046.0898819,431250.15013885,84.9264369],[243046.09001923,431250.15054321,84.92678451],[243046.09015656,431250.15093994,84.92713213],[243046.09064293,431250.15111542,84.92782736],[243046.09113121,431250.15128326,84.92852259],[243046.09148216,431250.15106201,84.9288702],[243046.09183311,431250.15083313,84.92921781],[243046.09218407,431250.15060425,84.92956543],[243046.09253502,431250.150383,84.92991304],[243046.09288597,431250.15015411,84.93026066],[243046.09323692,431250.14992523,84.93060875],[243046.0937252,431250.15010071,84.93130493],[243046.09421539,431250.15027618,84.93200159],[243046.09435272,431250.15067291,84.93235064],[243046.09449196,431250.15107727,84.9326992],[243046.09476662,431250.15187836,84.93339729],[243046.09525681,431250.1520462,84.93409491],[243046.09539413,431250.15245056,84.93444395],[243046.09553337,431250.15284729,84.93479347],[243046.09602356,431250.15302277,84.93549156],[243046.09651375,431250.15319824,84.93619013],[243046.09665108,431250.1536026,84.93653965],[243046.09679031,431250.15399933,84.93688917],[243046.0972805,431250.1541748,84.93758869],[243046.0977726,431250.15435028,84.93828773],[243046.09812355,431250.1541214,84.93863726],[243046.09847641,431250.15389252,84.93898678],[243046.09896851,431250.15406799,84.93968677],[243046.0994606,431250.15424347,84.94038725],[243046.09981346,431250.15401459,84.94073725],[243046.10016632,431250.15379333,84.94108725],[243046.10051727,431250.15356445,84.94143724],[243046.10087013,431250.15333557,84.94178772],[243046.10136414,431250.15351105,84.94248867],[243046.10185623,431250.15368652,84.9431901],[243046.10234833,431250.153862,84.943892],[243046.10270119,431250.15363312,84.94424248],[243046.10305595,431250.15340424,84.94459343],[243046.10354805,431250.15357971,84.94529581],[243046.10404205,431250.15375519,84.94599819],[243046.10439682,431250.15352631,84.94634962],[243046.10474968,431250.15329742,84.94670057],[243046.10510445,431250.15306854,84.947052],[243046.10545731,431250.15283966,84.94740343],[243046.10581207,431250.15261841,84.94775486],[243046.10616684,431250.15238953,84.94810629],[243046.10652161,431250.15216064,84.94845772],[243046.10687447,431250.15193176,84.94880962],[243046.10722923,431250.15170288,84.94916105],[243046.107584,431250.151474,84.94951296],[243046.10793877,431250.15124512,84.94986486],[243046.10829353,431250.15101624,84.95021677],[243046.1086483,431250.15078735,84.95056868],[243046.10900307,431250.1505661,84.95092106],[243046.10935783,431250.15033722,84.95127296],[243046.1097126,431250.15010834,84.95162535],[243046.11006737,431250.14987946,84.95197773],[243046.11042213,431250.14965057,84.95233011],[243046.11077881,431250.14942169,84.95268249],[243046.11113358,431250.14919281,84.95303488],[243046.11148834,431250.14896393,84.95338726],[243046.11184311,431250.14873505,84.95374012],[243046.11219978,431250.14850616,84.95409298],[243046.11255646,431250.14827728,84.95444584],[243046.11305237,431250.14845276,84.95515203],[243046.11340714,431250.14822388,84.95550537],[243046.11376381,431250.147995,84.95585823],[243046.11411858,431250.14776611,84.95621157],[243046.11447525,431250.14753723,84.9565649],[243046.11483192,431250.14730835,84.95691824],[243046.11518669,431250.14707947,84.95727158],[243046.11554337,431250.14685059,84.95762491],[243046.11590004,431250.1466217,84.95797873],[243046.11639786,431250.14679718,84.95868635],[243046.11675453,431250.1465683,84.95904016],[243046.11711121,431250.14633179,84.95939398],[243046.11760902,431250.14650726,84.96010256],[243046.11810684,431250.14668274,84.96081161],[243046.11846542,431250.14645386,84.9611659],[243046.1188221,431250.14622498,84.96152019],[243046.11931992,431250.14640045,84.96222973],[243046.11967659,431250.14617157,84.96258402],[243046.12003517,431250.14594269,84.96293879],[243046.12039185,431250.14571381,84.96329308],[243046.12075043,431250.14547729,84.96364832],[243046.12125015,431250.14565277,84.96435833],[243046.12160683,431250.14542389,84.96471357],[243046.12196541,431250.14519501,84.96506834],[243046.12246513,431250.14537048,84.9657793],[243046.12296486,431250.14554596,84.96649075],[243046.12346458,431250.14571381,84.96720219],[243046.12360764,431250.14611816,84.96755838],[243046.12375069,431250.14652252,84.96791458],[243046.12425232,431250.146698,84.96862698],[243046.12439346,431250.14710236,84.96898365],[243046.12453651,431250.14750671,84.96934032],[243046.12467957,431250.14791107,84.969697],[243046.12446404,431250.14854431,84.96969748],[243046.12460709,431250.1489563,84.97005415],[243046.12475014,431250.14936066,84.9704113],[243046.12489319,431250.14976501,84.97076797],[243046.12539482,431250.14994049,84.97148132],[243046.12553787,431250.15034485,84.97183847],[243046.12568092,431250.15074921,84.9721961],[243046.12618637,431250.15092468,84.9729104],[243046.1267128,431250.15110779,84.97362661],[243046.12723732,431250.15129089,84.9743433],[243046.12776184,431250.151474,84.97505999],[243046.12828827,431250.1516571,84.97577715],[243046.12866592,431250.15143585,84.97613621],[243046.12904739,431250.1512146,84.97649574],[243046.12942696,431250.15099335,84.9768548],[243046.12980461,431250.15076447,84.97721434],[243046.13018608,431250.15054321,84.97757387],[243046.13056564,431250.15032196,84.97793341],[243046.13094521,431250.15010071,84.97829294],[243046.13132477,431250.14987183,84.97865248],[243046.13170433,431250.14965057,84.97901249],[243046.1320858,431250.14942932,84.9793725],[243046.13261223,431250.14961243,84.98009157],[243046.13314056,431250.14979553,84.98081112],[243046.13352013,431250.14957428,84.98117113],[243046.1339016,431250.1493454,84.98153162],[243046.13442993,431250.1495285,84.98225164],[243046.13495827,431250.14971924,84.98297214],[243046.1354866,431250.14990234,84.98369312],[243046.13601494,431250.15008545,84.9844141],[243046.13654327,431250.15026855,84.98513555],[243046.13707161,431250.15045166,84.98585701],[243046.13760185,431250.15063477,84.98657942],[243046.1381321,431250.15081787,84.98730183],[243046.13866043,431250.15100098,84.98802423],[243046.13904381,431250.15077972,84.98838615],[243046.13942528,431250.15055847,84.98874807],[243046.13995552,431250.15074158,84.98947144],[243046.14033699,431250.15052032,84.98983383],[243046.14072037,431250.15029144,84.99019623],[243046.14125252,431250.15047455,84.99092007],[243046.14163399,431250.1502533,84.99128294],[243046.14201736,431250.15003204,84.99164534],[243046.14240074,431250.14980316,84.99200821],[243046.14278221,431250.14958191,84.99237108],[243046.14354897,431250.14913177,84.99309683]]",dji_pose_mesh_ray_contour_nodes,
109,89,3,SPL,1008.5836,1725.4308,967,1657,1053,1814,86,157,6534,243045.7422924,431251.17720795,84.9371047,dji_pose_mesh_ray_centroid,True,True,1219981,2.711938,warp,,1008.5836,1725.4308,1,1,1.0,1,2.711938,2.711938,256,256,1.0,"[[967.0,1800.5],[967.5,1800.0],[967.5,1799.0],[968.0,1798.5],[968.5,1798.0],[969.5,1797.0],[970.0,1796.5],[970.5,1796.0],[970.5,1795.0],[971.5,1794.0],[971.5,1793.0],[972.0,1792.5],[972.5,1792.0],[973.0,1790.5],[973.5,1790.0],[974.0,1789.5],[974.5,1790.0],[976.0,1790.5],[977.0,1790.5],[978.0,1790.5],[979.0,1790.5],[981.0,1790.5],[981.5,1790.0],[982.0,1789.5],[982.5,1789.0],[982.5,1788.0],[983.5,1787.0],[983.5,1786.0],[983.5,1785.0],[983.0,1784.5],[982.0,1783.5],[981.0,1783.5],[980.5,1783.0],[980.0,1782.5],[978.5,1782.0],[978.0,1781.5],[977.5,1781.0],[977.0,1780.5],[976.0,1781.5],[975.5,1782.0],[975.5,1783.0],[975.0,1783.5],[974.0,1784.5],[973.0,1784.5],[972.5,1784.0],[972.0,1783.5],[971.5,1782.0],[971.5,1781.0],[971.5,1780.0],[972.0,1779.5],[972.5,1779.0],[973.5,1778.0],[974.0,1777.5],[974.5,1777.0],[975.0,1776.5],[976.0,1775.5],[977.0,1775.5],[978.0,1775.5],[978.5,1776.0],[980.0,1776.5],[980.5,1777.0],[981.0,1777.5],[982.0,1777.5],[983.5,1777.0],[984.0,1776.5],[984.5,1776.0],[984.5,1775.0],[985.5,1774.0],[985.5,1773.0],[985.5,1772.0],[985.5,1771.0],[985.5,1770.0],[985.5,1768.0],[985.5,1767.0],[986.0,1766.5],[986.5,1766.0],[987.0,1764.5],[987.5,1764.0],[988.0,1763.5],[988.5,1763.0],[989.5,1762.0],[989.5,1761.0],[989.0,1760.5],[988.5,1760.0],[987.5,1759.0],[987.0,1758.5],[986.5,1758.0],[986.0,1757.5],[985.5,1756.0],[985.0,1755.5],[984.5,1755.0],[984.0,1754.5],[983.5,1753.0],[984.0,1752.5],[984.5,1752.0],[984.5,1751.0],[984.5,1750.0],[985.0,1748.5],[986.0,1748.5],[986.5,1748.0],[986.5,1747.0],[986.5,1745.0],[986.0,1744.5],[985.0,1744.5],[984.5,1744.0],[983.0,1743.5],[982.0,1743.5],[981.5,1743.0],[981.0,1742.5],[980.0,1741.5],[979.5,1741.0],[979.0,1740.5],[978.5,1740.0],[977.0,1739.5],[976.5,1739.0],[976.0,1738.5],[975.0,1738.5],[974.5,1738.0],[973.5,1737.0],[974.0,1736.5],[974.5,1736.0],[974.5,1735.0],[975.5,1734.0],[975.5,1733.0],[976.0,1732.5],[976.5,1732.0],[977.0,1730.5],[977.5,1730.0],[978.0,1729.5],[978.5,1729.0],[978.5,1727.0],[978.0,1726.5],[977.5,1726.0],[977.5,1725.0],[977.0,1723.5],[976.5,1723.0],[976.0,1722.5],[975.5,1722.0],[975.5,1720.0],[975.5,1719.0],[975.5,1718.0],[976.0,1717.5],[976.5,1717.0],[977.0,1715.5],[977.5,1715.0],[978.0,1714.5],[978.5,1714.0],[978.5,1712.0],[978.5,1711.0],[978.5,1710.0],[978.5,1709.0],[977.5,1708.0],[977.5,1707.0],[977.5,1706.0],[977.5,1705.0],[977.5,1703.0],[977.5,1702.0],[977.5,1701.0],[978.0,1700.5],[978.5,1699.0],[978.5,1698.0],[979.0,1697.5],[979.5,1697.0],[980.0,1696.5],[981.5,1696.0],[982.0,1695.5],[983.0,1695.5],[983.5,1695.0],[984.0,1693.5],[984.5,1693.0],[984.5,1692.0],[985.0,1691.5],[985.5,1690.0],[986.0,1689.5],[986.5,1689.0],[986.5,1688.0],[987.5,1687.0],[987.5,1686.0],[988.0,1685.5],[988.5,1685.0],[989.5,1684.0],[990.0,1683.5],[991.0,1683.5],[992.0,1683.5],[993.0,1682.5],[994.0,1682.5],[994.5,1682.0],[995.0,1681.5],[995.5,1681.0],[996.5,1680.0],[996.5,1679.0],[996.5,1678.0],[997.0,1677.5],[997.5,1676.0],[998.0,1675.5],[998.5,1675.0],[999.0,1674.5],[1001.0,1674.5],[1001.5,1674.0],[1002.0,1673.5],[1002.5,1673.0],[1003.5,1672.0],[1004.0,1671.5],[1004.5,1671.0],[1005.0,1670.5],[1006.0,1669.5],[1007.0,1669.5],[1007.5,1670.0],[1008.0,1670.5],[1009.0,1670.5],[1011.0,1670.5],[1012.0,1670.5],[1013.0,1670.5],[1014.0,1670.5],[1015.0,1669.5],[1016.0,1669.5],[1016.5,1669.0],[1017.0,1668.5],[1019.0,1668.5],[1020.0,1668.5],[1021.0,1668.5],[1022.0,1668.5],[1024.0,1668.5],[1024.5,1668.0],[1025.0,1667.5],[1026.0,1667.5],[1027.5,1668.0],[1028.0,1668.5],[1028.5,1669.0],[1028.5,1670.0],[1030.0,1670.5],[1030.5,1670.0],[1030.5,1669.0],[1030.5,1668.0],[1030.5,1667.0],[1029.5,1666.0],[1029.5,1665.0],[1030.0,1664.5],[1030.5,1664.0],[1031.5,1663.0],[1031.5,1662.0],[1032.0,1661.5],[1032.5,1661.0],[1034.0,1660.5],[1035.0,1660.5],[1036.0,1660.5],[1037.0,1660.5],[1039.0,1660.5],[1040.0,1660.5],[1041.0,1660.5],[1042.0,1660.5],[1043.0,1659.5],[1043.5,1659.0],[1043.5,1658.0],[1044.0,1657.5],[1045.5,1657.0]]","[[243045.70561218,431251.17708588,84.88549042],[243045.70588493,431251.17693329,84.88582849],[243045.70628548,431251.17731476,84.88650942],[243045.70656013,431251.17716217,84.8868475],[243045.70683479,431251.17700958,84.88718557],[243045.7073822,431251.17670441,84.88786268],[243045.70765686,431251.17655182,84.88820076],[243045.70793152,431251.17639923,84.88853931],[243045.70833206,431251.1767807,84.88922119],[243045.70887947,431251.17647552,84.88989878],[243045.70928192,431251.17685699,84.89058065],[243045.70955658,431251.17670441,84.89091968],[243045.70983124,431251.17655182,84.89125872],[243045.71050644,431251.1767807,84.89228058],[243045.710783,431251.17662811,84.89262009],[243045.71105766,431251.17647552,84.89295912],[243045.71092987,431251.17594147,84.89261532],[243045.71095085,431251.17472076,84.89226723],[243045.71109962,431251.17403412,84.89226246],[243045.7112484,431251.17334747,84.89225817],[243045.71139526,431251.17266083,84.8922534],[243045.71169281,431251.17127991,84.89224434],[243045.71196747,431251.17112732,84.89258337],[243045.71224213,431251.17097473,84.89292288],[243045.71251678,431251.17082214,84.89326191],[243045.71291924,431251.17120361,84.89394522],[243045.71346855,431251.17089844,84.89462423],[243045.713871,431251.17127991,84.89530802],[243045.71427345,431251.17166138,84.89599228],[243045.71440125,431251.17219543,84.89633656],[243045.71465492,431251.17326355,84.89702606],[243045.71450806,431251.17395782,84.89703083],[243045.71463585,431251.17449188,84.89737558],[243045.71476173,431251.17502594,84.89772034],[243045.71474266,431251.17625427,84.89806986],[243045.71486855,431251.17678833,84.89841509],[243045.71499634,431251.17732239,84.89876032],[243045.71512413,431251.17785645,84.89910555],[243045.71457291,431251.17816162,84.89842462],[243045.71429634,431251.17831421,84.89808416],[243045.71389389,431251.17793274,84.89739895],[243045.71361923,431251.17808533,84.89705896],[243045.71306801,431251.1783905,84.89637899],[243045.71291924,431251.17907715,84.89638376],[243045.71304703,431251.17961884,84.89672852],[243045.71317291,431251.18015289,84.89707327],[243045.71370316,431251.18107605,84.89810324],[243045.71410751,431251.18145752,84.89878893],[243045.71450996,431251.18183899,84.89947462],[243045.71478653,431251.1816864,84.89981508],[243045.71506119,431251.18153381,84.90015602],[243045.71561432,431251.18122864,84.90083742],[243045.71588898,431251.18107605,84.90117836],[243045.71616554,431251.18092346,84.9015193],[243045.71644211,431251.18077087,84.90186024],[243045.71699333,431251.1804657,84.90254259],[243045.71714211,431251.17977905,84.90253735],[243045.71729088,431251.17908478,84.90253258],[243045.71716309,431251.17855072,84.90218639],[243045.71718407,431251.17732239,84.90183592],[243045.71705627,431251.17678833,84.90149021],[243045.71692848,431251.17625427,84.9011445],[243045.71707535,431251.17556,84.90113926],[243045.71750069,431251.17472076,84.90147543],[243045.71777725,431251.17456818,84.90181637],[243045.71805191,431251.17441559,84.90215731],[243045.71845627,431251.17479706,84.90284395],[243045.7190094,431251.17449188,84.90352631],[243045.71941376,431251.17487335,84.9042139],[243045.71981812,431251.17525482,84.9049015],[243045.72022438,431251.17564392,84.90558958],[243045.72062874,431251.17602539,84.90627813],[243045.72143936,431251.17679596,84.90765524],[243045.72184563,431251.17717743,84.90834475],[243045.72212219,431251.17702484,84.90868664],[243045.72239876,431251.17687225,84.90902901],[243045.7230835,431251.17710114,84.91006088],[243045.72336006,431251.17694855,84.91040325],[243045.72363663,431251.17679596,84.9107461],[243045.7239151,431251.17664337,84.91108847],[243045.72447014,431251.1763382,84.91177368],[243045.7248764,431251.17671967,84.91246462],[243045.7250061,431251.17725372,84.91281271],[243045.7251339,431251.17779541,84.9131608],[243045.7253933,431251.17887115,84.91385794],[243045.72552299,431251.17941284,84.91420603],[243045.72565079,431251.1799469,84.9145546],[243045.72578049,431251.18048859,84.91490364],[243045.72631836,431251.18141174,84.91594458],[243045.72644806,431251.18195343,84.91629362],[243045.72657776,431251.18249512,84.91664267],[243045.72670555,431251.18302917,84.91699171],[243045.72724342,431251.18395996,84.91803455],[243045.7275219,431251.18380737,84.91837835],[243045.72780037,431251.18365479,84.91872215],[243045.72820854,431251.18403625,84.91941595],[243045.72861671,431251.18442535,84.92011023],[243045.72930527,431251.18466187,84.92114925],[243045.72945404,431251.18396759,84.92114353],[243045.72973251,431251.183815,84.92148828],[243045.73014069,431251.1842041,84.92218304],[243045.73096085,431251.18497467,84.92357349],[243045.73109055,431251.18551636,84.92392445],[243045.73094177,431251.18621063,84.92393017],[243045.73107147,431251.18675232,84.92428112],[243045.73105431,431251.18798828,84.92463779],[243045.73090363,431251.18868256,84.92464352],[243045.73103523,431251.18922424,84.92499447],[243045.73116493,431251.18976593,84.92534542],[243045.73142624,431251.1908493,84.92604828],[243045.73155785,431251.19139099,84.92639923],[243045.73168755,431251.19193268,84.92675066],[243045.73181915,431251.19247437,84.92710257],[243045.73180008,431251.19371796,84.92745972],[243045.73193169,431251.19425964,84.92781162],[243045.73206139,431251.19480133,84.92816353],[243045.73191261,431251.19549561,84.92816925],[243045.73204422,431251.19603729,84.92852116],[243045.73230553,431251.1971283,84.92922544],[243045.732584,431251.19697571,84.92957163],[243045.73286438,431251.19682312,84.92991781],[243045.73327637,431251.19721222,84.93061638],[243045.73383522,431251.19690704,84.9313097],[243045.73424721,431251.19729614,84.93200874],[243045.73452759,431251.19714355,84.9323554],[243045.73480797,431251.19699097,84.93270254],[243045.73549843,431251.19723511,84.9337492],[243045.73577881,431251.19708252,84.93409634],[243045.73605919,431251.19692993,84.93444347],[243045.73634148,431251.19677734,84.93479061],[243045.73716545,431251.19755554,84.93619204],[243045.73729706,431251.19810486,84.93654585],[243045.73742867,431251.19864655,84.93689966],[243045.73784065,431251.19904327,84.93760109],[243045.73838615,431251.19997406,84.93865728],[243045.73851776,431251.20052338,84.93901157],[243045.73864937,431251.20106506,84.93936586],[243045.73878098,431251.20161438,84.93972063],[243045.73960876,431251.20240021,84.94112635],[243045.74002266,431251.20279694,84.94182968],[243045.74043655,431251.20318604,84.94253349],[243045.74071693,431251.20303345,84.94288206],[243045.74099922,431251.20288086,84.94323111],[243045.7416954,431251.203125,84.94428396],[243045.74197769,431251.20297241,84.94463301],[243045.74225807,431251.20281982,84.94498205],[243045.74254036,431251.20266724,84.94533157],[243045.74337006,431251.20345306,84.94674206],[243045.74378586,431251.20384979,84.94744778],[243045.74419975,431251.20424652,84.9481535],[243045.74461555,431251.20463562,84.94885969],[243045.74488258,431251.20573425,84.94957304],[243045.74529839,431251.20613098,84.95028019],[243045.74571419,431251.20652771,84.95098734],[243045.74612999,431251.20691681,84.95169496],[243045.7469635,431251.20771027,84.95311069],[243045.7473793,431251.20810699,84.9538188],[243045.74779701,431251.20850372,84.95452785],[243045.7480793,431251.20835114,84.95487881],[243045.7487793,431251.20859528,84.95593882],[243045.74919701,431251.208992,84.95664835],[243045.7494812,431251.20883942,84.95699978],[243045.7497654,431251.20868683,84.95735121],[243045.75004768,431251.20853424,84.95770264],[243045.75048065,431251.20767975,84.95804739],[243045.75076485,431251.20752716,84.95839882],[243045.75091362,431251.20682526,84.95839167],[243045.75119781,431251.20667267,84.95874357],[243045.75189972,431251.20690918,84.95980597],[243045.75218391,431251.20675659,84.96015787],[243045.75260353,431251.20715332,84.96086884],[243045.75288773,431251.20700073,84.96122122],[243045.75358963,431251.20724487,84.96228504],[243045.75387383,431251.20709229,84.96263742],[243045.75415802,431251.2069397,84.96298981],[243045.75457764,431251.20733643,84.9637022],[243045.75514793,431251.20703125,84.96440744],[243045.75556755,431251.20742798,84.96512032],[243045.75585175,431251.20727539,84.96547317],[243045.75613594,431251.2071228,84.96582603],[243045.75670624,431251.20681763,84.96653223],[243045.75699043,431251.20666504,84.96688509],[243045.75714111,431251.20595551,84.96687794],[243045.75728989,431251.2052536,84.96687031],[243045.75786018,431251.20494843,84.96757698],[243045.75800896,431251.20424652,84.96756935],[243045.75829506,431251.2040863,84.96792269],[243045.75857925,431251.20393372,84.96827602],[243045.75886536,431251.20378113,84.96862936],[243045.75943565,431251.20347595,84.96933651],[243045.75985718,431251.20387268,84.97005129],[243045.76027679,431251.20426941,84.97076607],[243045.7605629,431251.20411682,84.97111988],[243045.76127052,431251.20436096,84.97218943],[243045.76155663,431251.20420074,84.97254372],[243045.76184082,431251.20404816,84.97289801],[243045.76212692,431251.20389557,84.97325182],[243045.76242638,431251.20248413,84.97323656],[243045.76271248,431251.20233154,84.97359085],[243045.76299858,431251.20217896,84.97394514],[243045.76328468,431251.20202637,84.97429943],[243045.76385689,431251.20171356,84.97500849],[243045.76414299,431251.20156097,84.97536325],[243045.76442909,431251.20140839,84.97571802],[243045.76471519,431251.2012558,84.97607279],[243045.7652874,431251.20094299,84.97678232],[243045.76543617,431251.20024109,84.97677422],[243045.76530075,431251.19969177,84.97641182],[243045.76516342,431251.19913483,84.97604895],[243045.7653141,431251.19843292,84.97604132],[243045.76561165,431251.19702148,84.97602558],[243045.76576233,431251.19631958,84.97601795],[243045.7659111,431251.19561005,84.97601032],[243045.76606178,431251.19490814,84.97600269],[243045.76663399,431251.19459534,84.97671175],[243045.76678276,431251.19389343,84.97670412],[243045.76706886,431251.19374084,84.97705889],[243045.76735687,431251.19358826,84.97741365],[243045.76765633,431251.19217682,84.97739792],[243045.7678051,431251.19146729,84.97738981],[243045.76795387,431251.19076538,84.97738218],[243045.76810455,431251.19006348,84.97737455],[243045.7684021,431251.18865204,84.97735882],[243045.76869011,431251.18849182,84.97771358],[243045.76897621,431251.18833923,84.97806835],[243045.76912498,431251.18763733,84.97806025],[243045.76913834,431251.18637848,84.97768974],[243045.76900101,431251.18582916,84.97732735],[243045.76886368,431251.18528748,84.97696495],[243045.76844025,431251.18489075,84.97624779],[243045.7684536,431251.18363953,84.97587824],[243045.7687397,431251.18347931,84.97623253],[243045.76916313,431251.18387604,84.97694921],[243045.76958656,431251.18426514,84.97766638],[243045.77000999,431251.18466187,84.97838354],[243045.77028465,431251.1857605,84.97910929],[243045.77070808,431251.18615723,84.9798274],[243045.77099419,431251.18599701,84.98018265],[243045.7712822,431251.18584442,84.98053789],[243045.77185631,431251.18553162,84.98124838],[243045.77227974,431251.18592834,84.98196745],[243045.77256775,431251.18576813,84.98232317],[243045.77285576,431251.18561554,84.98267841],[243045.77329063,431251.18475342,84.98302603],[243045.77344131,431251.18404388,84.98301792],[243045.77359009,431251.18334198,84.98301029],[243045.77374077,431251.18264008,84.98300219],[243045.77403831,431251.18122864,84.98298597],[243045.774189,431251.1805191,84.98297787],[243045.77433777,431251.1798172,84.98296976],[243045.77448654,431251.17910767,84.98296165],[243045.77506256,431251.17879486,84.9836731],[243045.77534866,431251.17864227,84.98402882],[243045.775774,431251.17903137,84.98474836],[243045.77606201,431251.17887878,84.98510456],[243045.77649879,431251.17801666,84.98545217]]",dji_pose_mesh_ray_contour_nodes,
110,90,3,SPL,3864.0833,1705.75,3862,1705,3867,1708,5,3,12,243046.36482048,431249.38539124,84.94937754,dji_pose_mesh_ray_centroid,True,True,1220331,2.604166,warp,,3864.0833,1705.75,1,1,1.0,1,2.604166,2.604166,3,3,1.0,"[[3863.5,1707.0],[3863.0,1706.5],[3862.0,1706.5]]","[[243046.36404228,431249.38574219,84.94850445],[243046.36424255,431249.38605499,84.94885731],[243046.36409187,431249.3866806,84.94886208]]",dji_pose_mesh_ray_contour_nodes,
111,91,3,SPL,3879.0035,1765.4063,3842,1717,3919,1814,77,97,4571,243046.33401871,431249.37541199,84.90800571,dji_pose_mesh_ray_centroid,True,True,1220295,2.570668,warp,,3879.0035,1765.4063,1,1,1.0,1,2.570668,2.570668,162,162,1.0,"[[3889.5,1813.0],[3889.0,1812.5],[3888.0,1812.5],[3887.5,1812.0],[3887.0,1811.5],[3886.5,1811.0],[3886.0,1810.5],[3885.5,1810.0],[3885.5,1809.0],[3885.0,1808.5],[3884.5,1808.0],[3884.5,1807.0],[3884.0,1806.5],[3883.5,1806.0],[3883.5,1805.0],[3883.5,1804.0],[3883.0,1803.5],[3882.5,1803.0],[3882.5,1802.0],[3882.5,1801.0],[3882.5,1800.0],[3882.5,1799.0],[3882.5,1798.0],[3882.0,1797.5],[3881.5,1797.0],[3881.0,1796.5],[3880.5,1796.0],[3880.0,1795.5],[3879.0,1795.5],[3878.0,1795.5],[3877.0,1795.5],[3876.5,1795.0],[3876.0,1794.5],[3875.5,1794.0],[3875.0,1793.5],[3874.5,1793.0],[3874.0,1792.5],[3873.0,1792.5],[3872.5,1792.0],[3872.0,1791.5],[3871.0,1791.5],[3870.5,1791.0],[3870.0,1790.5],[3869.0,1790.5],[3868.5,1790.0],[3868.0,1789.5],[3867.0,1789.5],[3866.5,1789.0],[3866.0,1788.5],[3865.0,1788.5],[3864.0,1788.5],[3863.0,1788.5],[3862.5,1789.0],[3862.0,1789.5],[3861.0,1789.5],[3860.0,1789.5],[3859.5,1790.0],[3859.0,1790.5],[3858.0,1790.5],[3857.0,1790.5],[3856.0,1790.5],[3855.5,1790.0],[3855.0,1789.5],[3854.0,1789.5],[3853.5,1789.0],[3853.5,1788.0],[3853.0,1787.5],[3852.5,1787.0],[3852.5,1786.0],[3853.0,1785.5],[3853.5,1785.0],[3853.5,1784.0],[3854.0,1783.5],[3854.5,1783.0],[3854.5,1782.0],[3854.5,1781.0],[3854.0,1780.5],[3853.5,1780.0],[3853.0,1779.5],[3852.5,1779.0],[3852.0,1778.5],[3851.5,1778.0],[3851.0,1777.5],[3850.0,1777.5],[3849.5,1777.0],[3849.0,1776.5],[3848.0,1776.5],[3847.0,1776.5],[3846.0,1776.5],[3845.0,1776.5],[3844.0,1776.5],[3843.5,1776.0],[3843.5,1775.0],[3843.0,1774.5],[3842.5,1774.0],[3842.5,1773.0],[3842.5,1772.0],[3842.5,1771.0],[3843.0,1770.5],[3843.5,1770.0],[3843.5,1769.0],[3843.5,1768.0],[3844.0,1767.5],[3844.5,1767.0],[3844.5,1766.0],[3845.0,1765.5],[3845.5,1765.0],[3845.5,1764.0],[3846.0,1763.5],[3846.5,1763.0],[3847.0,1762.5],[3847.5,1762.0],[3848.0,1761.5],[3848.5,1761.0],[3849.0,1760.5],[3850.0,1760.5],[3850.5,1760.0],[3850.5,1759.0],[3851.0,1758.5],[3851.5,1758.0],[3851.0,1757.5],[3850.5,1757.0],[3850.0,1756.5],[3849.5,1756.0],[3849.0,1755.5],[3848.5,1755.0],[3848.5,1754.0],[3848.0,1753.5],[3847.5,1753.0],[3848.0,1752.5],[3848.5,1752.0],[3848.5,1751.0],[3848.5,1750.0],[3848.5,1749.0],[3848.0,1748.5],[3847.5,1748.0],[3847.0,1747.5],[3846.5,1747.0],[3846.0,1746.5],[3845.0,1746.5],[3844.0,1746.5],[3843.5,1746.0],[3843.0,1745.5],[3842.5,1745.0],[3842.5,1744.0],[3842.5,1743.0],[3842.5,1742.0],[3842.5,1741.0],[3842.5,1740.0],[3842.5,1739.0],[3842.5,1738.0],[3842.5,1737.0],[3842.5,1736.0],[3843.0,1735.5],[3843.5,1735.0],[3843.5,1734.0],[3843.5,1733.0],[3843.0,1732.5],[3842.5,1732.0],[3842.5,1731.0],[3842.5,1730.0],[3842.0,1729.5]]","[[243046.30976486,431249.36849976,84.87577152],[243046.30995941,431249.36881256,84.87610769],[243046.30981064,431249.36942291,84.87611055],[243046.3100071,431249.36973572,84.8764472],[243046.31020164,431249.37004089,84.87678337],[243046.31039429,431249.3703537,84.87712002],[243046.31059074,431249.3706665,84.87745666],[243046.31078529,431249.37097168,84.87779331],[243046.31132317,431249.37098694,84.87846422],[243046.31151772,431249.37129211,84.87880087],[243046.31171227,431249.37160492,84.87913799],[243046.31225204,431249.37161255,84.87980938],[243046.31244659,431249.37192535,84.8801465],[243046.31264114,431249.37223816,84.8804841],[243046.31318092,431249.37224579,84.88115597],[243046.3137188,431249.37225342,84.88182783],[243046.31391525,431249.37256622,84.88216591],[243046.3141098,431249.37287903,84.88250351],[243046.31464958,431249.37288666,84.88317633],[243046.31518936,431249.37290192,84.88384914],[243046.31572723,431249.37290955,84.88452244],[243046.31626892,431249.37291718,84.88519621],[243046.3168087,431249.37293243,84.88586998],[243046.31700325,431249.37323761,84.88620853],[243046.31719971,431249.37355042,84.88654757],[243046.31739616,431249.37386322,84.88688612],[243046.31759262,431249.37417603,84.88722515],[243046.31778908,431249.37448883,84.88756418],[243046.31764221,431249.37509918,84.88756752],[243046.31749344,431249.37571716,84.88757038],[243046.31734467,431249.37632751,84.88757372],[243046.31754112,431249.37664032,84.88791275],[243046.31773758,431249.37695312,84.88825178],[243046.31793404,431249.37726593,84.88859129],[243046.31813049,431249.37757874,84.88893032],[243046.31832695,431249.37789154,84.88926983],[243046.31852341,431249.37820435,84.88960934],[243046.31837654,431249.3788147,84.88961267],[243046.318573,431249.3791275,84.88995218],[243046.31876945,431249.37944794,84.89029169],[243046.31862068,431249.38005829,84.89029503],[243046.31881714,431249.38037109,84.89063501],[243046.3190136,431249.3806839,84.89097452],[243046.31886673,431249.38130188,84.89097786],[243046.31906319,431249.38161469,84.89131784],[243046.31925964,431249.38192749,84.89165783],[243046.31911087,431249.38253784,84.89166117],[243046.31930733,431249.38285828,84.89200115],[243046.31950569,431249.38317108,84.89234161],[243046.31935692,431249.38378143,84.89234495],[243046.31920815,431249.38439941,84.89234829],[243046.31906128,431249.38500977,84.89235163],[243046.31871414,431249.38531494,84.8920145],[243046.31837082,431249.38561249,84.89167786],[243046.31822205,431249.38623047,84.89168119],[243046.31807327,431249.38684845,84.89168453],[243046.31772804,431249.387146,84.89134788],[243046.31738281,431249.38745117,84.89101076],[243046.31723595,431249.38806152,84.8910141],[243046.31708717,431249.3886795,84.89101744],[243046.3169384,431249.38929749,84.89102077],[243046.31713486,431249.38961029,84.89136076],[243046.31733131,431249.3899231,84.89170122],[243046.31718254,431249.39054108,84.89170456],[243046.31738091,431249.39085388,84.89204454],[243046.31792259,431249.39086914,84.89272165],[243046.31811905,431249.39118195,84.89306211],[243046.31831551,431249.39149475,84.89340305],[243046.31885719,431249.39151001,84.89408064],[243046.31920433,431249.39121246,84.89441824],[243046.31954956,431249.39090729,84.89475536],[243046.32009125,431249.39092255,84.8954339],[243046.32043839,431249.39061737,84.8957715],[243046.32078362,431249.39031982,84.8961091],[243046.32132721,431249.39033508,84.89678812],[243046.3218708,431249.39034271,84.89746761],[243046.32206726,431249.39066315,84.89780903],[243046.32226562,431249.39097595,84.89815092],[243046.32246399,431249.39128876,84.89849234],[243046.32266045,431249.39160919,84.89883423],[243046.32285881,431249.391922,84.89917612],[243046.32305717,431249.3922348,84.89951801],[243046.32325554,431249.39255524,84.8998599],[243046.32310486,431249.39317322,84.89986372],[243046.32330322,431249.39348602,84.90020561],[243046.32350159,431249.39379883,84.90054798],[243046.32335281,431249.39441681,84.90055132],[243046.32320404,431249.39503479,84.90055513],[243046.32305527,431249.39565277,84.90055847],[243046.32290649,431249.39627075,84.90056229],[243046.32275772,431249.39688873,84.90056562],[243046.32295609,431249.39720154,84.90090799],[243046.32350159,431249.3972168,84.90158939],[243046.32369995,431249.39753723,84.90193176],[243046.32389832,431249.39785004,84.90227461],[243046.32444382,431249.3978653,84.90295649],[243046.32498741,431249.39788055,84.90363836],[243046.32553482,431249.39789581,84.90432072],[243046.32588196,431249.39759827,84.90466022],[243046.3262291,431249.39729309,84.90499973],[243046.3267746,431249.39730835,84.90568304],[243046.32732201,431249.39732361,84.90636635],[243046.32766914,431249.39702606,84.90670633],[243046.32801628,431249.39672089,84.90704632],[243046.32856369,431249.39673615,84.9077301],[243046.32891083,431249.3964386,84.90807009],[243046.32925987,431249.39613342,84.90841055],[243046.32980728,431249.39614868,84.90909481],[243046.33015442,431249.39585114,84.90943527],[243046.33050346,431249.39554596,84.90977573],[243046.3308506,431249.39524078,84.9101162],[243046.33119965,431249.39494324,84.91045666],[243046.33154869,431249.39463806,84.9107976],[243046.33189774,431249.39433289,84.91113806],[243046.33224487,431249.39403534,84.911479],[243046.33239365,431249.39341736,84.91147518],[243046.33274269,431249.39311218,84.91181612],[243046.33329201,431249.39312744,84.91250181],[243046.33364105,431249.39282227,84.91284275],[243046.3339901,431249.39252472,84.91318417],[243046.33418846,431249.39283752,84.91352892],[243046.33438873,431249.39315796,84.91387415],[243046.334589,431249.39347076,84.91421938],[243046.33478928,431249.3937912,84.91456509],[243046.33498955,431249.394104,84.91491032],[243046.33518982,431249.39442444,84.91525602],[243046.33574104,431249.3944397,84.91594315],[243046.33594131,431249.39476013,84.91628885],[243046.33614159,431249.39507294,84.91663504],[243046.33649063,431249.39476776,84.91697693],[243046.33683968,431249.39447021,84.91731882],[243046.3373909,431249.39448547,84.9180069],[243046.33794212,431249.39450073,84.91869545],[243046.33849335,431249.39451599,84.919384],[243046.33869362,431249.3948288,84.91973066],[243046.33889389,431249.39514923,84.92007732],[243046.33909416,431249.39546967,84.92042398],[243046.33929634,431249.39578247,84.92077112],[243046.33949852,431249.39610291,84.92111778],[243046.33934975,431249.39672089,84.92112207],[243046.33919907,431249.3973465,84.92112637],[243046.33940125,431249.39766693,84.92147303],[243046.33960152,431249.39797974,84.92182016],[243046.3398037,431249.39830017,84.9221673],[243046.34035492,431249.39831543,84.92285776],[243046.34090805,431249.39833069,84.92354822],[243046.34146118,431249.39834595,84.92423964],[243046.34201241,431249.39836121,84.92493057],[243046.34256554,431249.39837646,84.92562246],[243046.34311867,431249.39839172,84.92631435],[243046.34367371,431249.39840698,84.92700624],[243046.34422684,431249.39842224,84.92769861],[243046.34477997,431249.3984375,84.92839146],[243046.34513283,431249.39813995,84.92873573],[243046.34548378,431249.39783478,84.92908001],[243046.34603882,431249.39785004,84.92977333],[243046.34659386,431249.3978653,84.93046713],[243046.34679604,431249.39818573,84.93081617],[243046.34699821,431249.39850616,84.93116569],[243046.34755325,431249.39852142,84.93185997],[243046.34810829,431249.39853668,84.93255424],[243046.34831238,431249.39885712,84.93290377]]",dji_pose_mesh_ray_contour_nodes,
112,92,3,SPL,5040.1701,1750.6639,5022,1746,5065,1757,43,11,241,243046.54490185,431248.66978455,84.91540194,dji_pose_mesh_ray_centroid,True,True,1220393,2.857544,warp,,5040.1701,1750.6639,1,1,1.0,1,2.857544,2.857544,44,44,1.0,"[[5064.0,1749.5],[5063.5,1750.0],[5063.0,1750.5],[5062.0,1750.5],[5061.5,1751.0],[5061.0,1751.5],[5060.0,1751.5],[5059.0,1751.5],[5058.0,1751.5],[5057.0,1751.5],[5056.0,1751.5],[5055.5,1752.0],[5055.0,1752.5],[5054.0,1752.5],[5053.0,1752.5],[5052.0,1752.5],[5051.0,1752.5],[5050.0,1752.5],[5049.5,1752.0],[5049.0,1751.5],[5048.0,1751.5],[5047.5,1751.0],[5047.0,1750.5],[5046.0,1750.5],[5045.5,1750.0],[5045.0,1749.5],[5044.0,1749.5],[5043.0,1749.5],[5042.0,1749.5],[5041.5,1750.0],[5041.5,1751.0],[5041.0,1751.5],[5040.5,1752.0],[5040.0,1752.5],[5039.5,1753.0],[5039.5,1754.0],[5039.0,1754.5],[5038.5,1755.0],[5038.0,1755.5],[5037.0,1755.5],[5036.0,1755.5],[5035.0,1755.5],[5034.0,1755.5],[5033.5,1756.0]]","[[243046.55023479,431248.65526581,84.91616249],[243046.54985428,431248.65563202,84.91582632],[243046.54947376,431248.65600586,84.91548967],[243046.54927826,431248.65660858,84.91549063],[243046.54889679,431248.65697479,84.91515446],[243046.54851723,431248.65734863,84.91481829],[243046.54832172,431248.65795135,84.91481924],[243046.54812527,431248.65854645,84.91482019],[243046.54792881,431248.65914917,84.91482115],[243046.54773331,431248.65975189,84.9148221],[243046.54753685,431248.66035461,84.91482305],[243046.54715729,431248.66072845,84.91448688],[243046.54677677,431248.66109467,84.91415071],[243046.54658031,431248.66169739,84.91415167],[243046.54638481,431248.66230011,84.9141531],[243046.54618835,431248.66290283,84.91415405],[243046.54599285,431248.66350555,84.91415501],[243046.54579544,431248.66410828,84.91415596],[243046.5459795,431248.66433716,84.91449308],[243046.54616261,431248.66457367,84.91483021],[243046.5459671,431248.66517639,84.91483116],[243046.54615116,431248.6654129,84.91516828],[243046.54633427,431248.66564178,84.91550541],[243046.54613876,431248.66624451,84.91550636],[243046.54632187,431248.66648102,84.91584396],[243046.54650593,431248.66671753,84.91618156],[243046.54630947,431248.66732025,84.91618252],[243046.54611301,431248.66792297,84.91618347],[243046.54591751,431248.6685257,84.91618442],[243046.54553699,431248.66889191,84.91584778],[243046.54497337,431248.66902924,84.91517401],[243046.54459381,431248.66939545,84.91483784],[243046.54421329,431248.66976166,84.91450167],[243046.54383469,431248.67012787,84.9141655],[243046.54345417,431248.67049408,84.91382933],[243046.54289246,431248.67063141,84.91315651],[243046.54251289,431248.67099762,84.91282082],[243046.54213333,431248.67136383,84.91248512],[243046.54175377,431248.67173004,84.91214895],[243046.54155827,431248.67233276,84.91214991],[243046.54136181,431248.67293549,84.91215086],[243046.54116631,431248.67353821,84.91215229],[243046.54096985,431248.67414093,84.91215324],[243046.54059029,431248.67450714,84.91181755]]",dji_pose_mesh_ray_contour_nodes,
113,93,3,SPL,5217.8649,1772.2931,5199,1760,5243,1786,44,26,696,243046.56309319,431248.56734467,84.90053177,dji_pose_mesh_ray_centroid,True,True,1220324,2.899611,warp,,5217.8649,1772.2931,1,1,1.0,1,2.899611,2.899611,47,47,1.0,"[[5242.0,1769.5],[5241.5,1770.0],[5241.0,1770.5],[5240.5,1771.0],[5240.0,1771.5],[5239.0,1771.5],[5238.5,1772.0],[5238.0,1772.5],[5237.0,1772.5],[5236.5,1773.0],[5236.0,1773.5],[5235.0,1773.5],[5234.5,1774.0],[5234.0,1774.5],[5233.5,1775.0],[5233.0,1775.5],[5232.5,1776.0],[5232.0,1776.5],[5231.5,1777.0],[5231.0,1777.5],[5230.0,1777.5],[5229.5,1778.0],[5229.0,1778.5],[5228.0,1778.5],[5227.5,1779.0],[5227.0,1779.5],[5226.5,1780.0],[5226.0,1780.5],[5225.5,1781.0],[5225.0,1781.5],[5224.0,1781.5],[5223.5,1782.0],[5223.0,1782.5],[5222.0,1782.5],[5221.0,1782.5],[5220.0,1782.5],[5219.5,1783.0],[5219.0,1783.5],[5218.5,1784.0],[5218.0,1784.5],[5217.0,1784.5],[5216.0,1784.5],[5215.0,1784.5],[5214.0,1784.5],[5213.0,1784.5],[5212.0,1784.5],[5211.5,1785.0]]","[[243046.56869602,431248.55267334,84.90233898],[243046.56831741,431248.55304718,84.90200615],[243046.5679388,431248.55342102,84.90167379],[243046.56756115,431248.55380249,84.90134144],[243046.56718349,431248.55417633,84.90100861],[243046.56701946,431248.55476379,84.90101099],[243046.56664181,431248.55513763,84.90067863],[243046.56626415,431248.5555191,84.90034628],[243046.56610012,431248.55610657,84.90034866],[243046.56572247,431248.55648041,84.90001631],[243046.56534481,431248.55685425,84.89968443],[243046.56518078,431248.55744934,84.89968634],[243046.56480312,431248.55782318,84.89935446],[243046.56442547,431248.55819702,84.8990221],[243046.56404781,431248.55857086,84.89869022],[243046.56367016,431248.5589447,84.89835834],[243046.5632925,431248.55932617,84.89802647],[243046.5629158,431248.55970001,84.89769459],[243046.56253815,431248.56007385,84.89736271],[243046.56216145,431248.56044769,84.89703131],[243046.56199741,431248.56103516,84.89703321],[243046.56162071,431248.561409,84.89670181],[243046.56124401,431248.56179047,84.89636993],[243046.56107998,431248.56237793,84.89637232],[243046.56070328,431248.56275177,84.89604092],[243046.56032658,431248.56312561,84.89570951],[243046.55994892,431248.56349945,84.89537811],[243046.55957222,431248.56387329,84.89504671],[243046.55919552,431248.56424713,84.89471531],[243046.55881977,431248.56462097,84.89438438],[243046.55865574,431248.56520844,84.89438629],[243046.55827904,431248.56558228,84.89405537],[243046.55790234,431248.56596375,84.89372396],[243046.55773926,431248.56655121,84.89372635],[243046.55757618,431248.56713867,84.89372873],[243046.5574131,431248.56772614,84.89373064],[243046.5570364,431248.56809998,84.89339972],[243046.55666065,431248.56847382,84.89306879],[243046.55628395,431248.56884766,84.89273787],[243046.55590725,431248.5692215,84.89240694],[243046.55574417,431248.56980896,84.89240932],[243046.55558109,431248.57039642,84.89241123],[243046.55541801,431248.57098389,84.89241362],[243046.55525494,431248.57157135,84.892416],[243046.55509186,431248.57215881,84.89241791],[243046.55492783,431248.57274628,84.89242029],[243046.55455208,431248.57312012,84.89208937]]",dji_pose_mesh_ray_contour_nodes,
114,94,3,SPL,950.3333,1821.3333,950,1821,952,1823,2,2,3,243045.69485474,431251.18055725,84.87144041,dji_pose_mesh_ray_centroid,True,True,1219981,2.676595,warp,,950.3333,1821.3333,1,1,1.0,1,2.676595,2.676595,2,2,1.0,"[[951.0,1821.5],[950.5,1822.0]]","[[243045.69488716,431251.18003845,84.87132549],[243045.69461632,431251.18019104,84.8709898]]",dji_pose_mesh_ray_contour_nodes,
115,95,3,SPL,966.7692,1824.6923,962,1822,972,1829,10,7,39,243045.69595337,431251.16805267,84.86911488,dji_pose_mesh_ray_centroid,True,True,1219981,2.66865,warp,,966.7692,1824.6923,1,1,1.0,1,2.66865,2.66865,12,12,1.0,"[[968.5,1828.0],[968.0,1827.5],[967.0,1827.5],[966.5,1827.0],[966.0,1826.5],[965.5,1826.0],[965.0,1825.5],[964.0,1825.5],[963.5,1825.0],[963.0,1824.5],[962.5,1824.0],[962.0,1823.5]]","[[243045.69490051,431251.1656189,84.86688185],[243045.69502449,431251.16614532,84.8672204],[243045.69487762,431251.16683197,84.86722374],[243045.6950016,431251.1673584,84.86756182],[243045.69512558,431251.16789246,84.86790037],[243045.69524956,431251.16841888,84.86823893],[243045.69537354,431251.16895294,84.868577],[243045.69522476,431251.16963196,84.86858082],[243045.69534874,431251.17016602,84.86891937],[243045.69547272,431251.17069244,84.86925793],[243045.69559669,431251.1712265,84.86959696],[243045.69572067,431251.17176056,84.86993551]]",dji_pose_mesh_ray_contour_nodes,
116,96,3,SPL,936.5874,1830.6643,925,1826,947,1843,22,17,143,243045.6891346,431251.18639374,84.8652029,dji_pose_mesh_ray_centroid,True,True,1219981,2.676302,warp,,936.5874,1830.6643,1,1,1.0,1,2.676302,2.676302,39,39,1.0,"[[943.5,1842.0],[943.0,1841.5],[942.0,1841.5],[941.5,1841.0],[941.5,1840.0],[941.5,1839.0],[941.5,1838.0],[941.5,1837.0],[941.0,1836.5],[940.5,1836.0],[940.5,1835.0],[940.5,1834.0],[940.5,1833.0],[940.0,1832.5],[939.5,1832.0],[939.5,1831.0],[939.0,1830.5],[938.5,1830.0],[938.0,1829.5],[937.0,1829.5],[936.0,1829.5],[935.5,1830.0],[935.0,1830.5],[934.0,1830.5],[933.5,1831.0],[933.0,1831.5],[932.0,1831.5],[931.5,1832.0],[931.0,1832.5],[930.0,1832.5],[929.0,1832.5],[928.0,1832.5],[927.0,1832.5],[926.5,1832.0],[926.0,1831.5],[925.5,1831.0],[925.5,1830.0],[925.5,1829.0],[925.0,1828.5]]","[[243045.68569374,431251.17736816,84.85757256],[243045.68581772,431251.17789459,84.8579092],[243045.68566895,431251.17858124,84.85791254],[243045.68579102,431251.17910767,84.85824871],[243045.68618393,431251.17948914,84.85891867],[243045.68657684,431251.17987061,84.85958862],[243045.68696976,431251.18024445,84.86025906],[243045.68736458,431251.18062592,84.86092997],[243045.68748665,431251.18115997,84.86126709],[243045.68761063,431251.1816864,84.86160421],[243045.68800354,431251.18206787,84.8622756],[243045.68839836,431251.18244934,84.86294699],[243045.68879128,431251.18283081,84.86361885],[243045.68891525,431251.18336487,84.86395645],[243045.68903732,431251.18389893,84.86429453],[243045.68943214,431251.1842804,84.86496687],[243045.68955612,431251.18480682,84.86530495],[243045.68967819,431251.18534088,84.86564302],[243045.68980217,431251.18587494,84.8659811],[243045.6896534,431251.18656158,84.86598492],[243045.68950653,431251.1872406,84.86598825],[243045.68923569,431251.18739319,84.86565351],[243045.68896484,431251.18754578,84.86531877],[243045.68881607,431251.18822479,84.86532259],[243045.68854523,431251.18837738,84.86498785],[243045.68827438,431251.18852997,84.86465311],[243045.68812561,431251.18920898,84.86465692],[243045.68785477,431251.18936157,84.86432219],[243045.68758392,431251.18951416,84.86398792],[243045.68743515,431251.19019318,84.86399126],[243045.68728828,431251.19087982,84.8639946],[243045.68713951,431251.19155884,84.86399794],[243045.68699265,431251.19224548,84.86400175],[243045.68711472,431251.19277954,84.86433935],[243045.68723869,431251.1933136,84.86467791],[243045.68736076,431251.19384766,84.86501598],[243045.68775558,431251.19422913,84.8656888],[243045.68815041,431251.1946106,84.86636209],[243045.68827248,431251.19514465,84.86670065]]",dji_pose_mesh_ray_contour_nodes,
117,97,3,SPL,913.2885,1877.4088,877,1835,950,1919,73,84,2894,243045.66361427,431251.18074036,84.83398056,dji_pose_mesh_ray_centroid,True,True,1219967,2.653134,warp,,913.2885,1877.4088,1,1,1.0,1,2.653134,2.653134,131,131,1.0,"[[877.0,1906.5],[877.5,1906.0],[877.5,1905.0],[878.0,1904.5],[878.5,1904.0],[879.0,1903.5],[880.0,1903.5],[880.5,1903.0],[881.0,1902.5],[881.5,1902.0],[881.5,1901.0],[881.5,1900.0],[881.5,1899.0],[881.5,1898.0],[881.5,1897.0],[881.5,1896.0],[881.5,1895.0],[881.5,1894.0],[882.0,1893.5],[883.0,1893.5],[884.0,1893.5],[885.0,1893.5],[886.0,1893.5],[887.0,1893.5],[887.5,1893.0],[888.0,1892.5],[888.5,1892.0],[888.5,1891.0],[888.5,1890.0],[888.5,1889.0],[889.0,1888.5],[889.5,1888.0],[890.0,1887.5],[891.0,1887.5],[892.0,1887.5],[892.5,1887.0],[893.0,1886.5],[894.0,1886.5],[894.5,1886.0],[894.5,1885.0],[894.5,1884.0],[894.5,1883.0],[894.5,1882.0],[894.5,1881.0],[894.5,1880.0],[894.0,1879.5],[893.5,1879.0],[893.5,1878.0],[893.0,1877.5],[892.5,1877.0],[892.0,1876.5],[891.0,1876.5],[890.5,1876.0],[890.0,1875.5],[889.0,1875.5],[888.5,1875.0],[888.5,1874.0],[889.0,1873.5],[889.5,1873.0],[890.0,1872.5],[890.5,1872.0],[890.5,1871.0],[891.0,1870.5],[891.5,1870.0],[892.0,1869.5],[892.5,1869.0],[893.0,1868.5],[893.5,1868.0],[894.0,1867.5],[895.0,1867.5],[895.5,1867.0],[895.5,1866.0],[896.0,1865.5],[896.5,1865.0],[897.0,1864.5],[897.5,1864.0],[898.0,1863.5],[898.5,1863.0],[899.0,1862.5],[900.0,1862.5],[901.0,1862.5],[902.0,1862.5],[902.5,1862.0],[903.0,1861.5],[903.5,1861.0],[903.5,1860.0],[903.5,1859.0],[904.0,1858.5],[904.5,1858.0],[904.5,1857.0],[904.5,1856.0],[904.5,1855.0],[905.0,1854.5],[905.5,1854.0],[905.5,1853.0],[906.0,1852.5],[906.5,1852.0],[907.0,1851.5],[908.0,1851.5],[908.5,1851.0],[909.0,1850.5],[910.0,1850.5],[910.5,1850.0],[911.0,1849.5],[912.0,1849.5],[912.5,1849.0],[913.0,1848.5],[913.5,1848.0],[914.0,1847.5],[914.5,1847.0],[915.0,1846.5],[915.5,1846.0],[916.0,1845.5],[916.5,1845.0],[916.5,1844.0],[917.0,1843.5],[917.5,1843.0],[917.0,1842.5],[916.5,1842.0],[916.5,1841.0],[916.5,1840.0],[916.5,1839.0],[917.0,1838.5],[917.5,1838.0],[918.0,1837.5],[918.5,1837.0],[919.0,1836.5],[919.5,1836.0],[920.0,1835.5],[921.0,1835.5],[921.5,1835.0]]","[[243045.64616013,431251.19326782,84.81495237],[243045.64643478,431251.19313049,84.81527805],[243045.64679527,431251.19348907,84.81592941],[243045.64706993,431251.19335175,84.81625509],[243045.64734459,431251.19321442,84.81658125],[243045.64762115,431251.19307709,84.81690693],[243045.64780998,431251.19245148,84.81690597],[243045.64808655,431251.19231415,84.81723213],[243045.64836121,431251.19217682,84.81755781],[243045.64863586,431251.19203949,84.81788397],[243045.64899635,431251.19239807,84.81853628],[243045.64935684,431251.19275665,84.81918955],[243045.64971733,431251.1931076,84.81984281],[243045.65007782,431251.19346619,84.82049608],[243045.65043831,431251.19382477,84.82114983],[243045.6507988,431251.19418335,84.82180357],[243045.65115929,431251.19454193,84.82245779],[243045.65152168,431251.19490051,84.82311249],[243045.65179634,431251.19476318,84.82343912],[243045.65198708,431251.19412994,84.82343864],[243045.65217781,431251.1934967,84.82343769],[243045.65237045,431251.19287109,84.82343721],[243045.65256119,431251.19223785,84.82343626],[243045.65275192,431251.19160461,84.82343578],[243045.65302658,431251.19146729,84.82376289],[243045.65330315,431251.19132996,84.82409],[243045.65357971,431251.19120026,84.82441711],[243045.65394211,431251.19155121,84.82507229],[243045.6543026,431251.19190979,84.82572746],[243045.65466499,431251.19226837,84.82638311],[243045.65494156,431251.19213104,84.8267107],[243045.65521812,431251.19199371,84.82703829],[243045.65549469,431251.19185638,84.82736587],[243045.65568542,431251.19123077,84.8273654],[243045.65587616,431251.19059753,84.82736444],[243045.65615463,431251.19046021,84.82769203],[243045.6564312,431251.19032288,84.8280201],[243045.65662193,431251.18968964,84.82801914],[243045.6568985,431251.18955231,84.82834721],[243045.65726089,431251.18991089,84.82900381],[243045.65762329,431251.19026947,84.82966042],[243045.65798759,431251.19062805,84.8303175],[243045.65834999,431251.19098663,84.83097506],[243045.65871239,431251.19134521,84.83163261],[243045.65907669,431251.1917038,84.83229017],[243045.65916252,431251.19219971,84.83261967],[243045.65924835,431251.19269562,84.83294916],[243045.65961266,431251.1930542,84.83360767],[243045.65969849,431251.19355011,84.83393717],[243045.65978432,431251.19404602,84.83426714],[243045.65987015,431251.19454193,84.83459711],[243045.65967941,431251.19517517,84.83459759],[243045.65976524,431251.19567108,84.83492756],[243045.65985107,431251.19616699,84.83525753],[243045.65966034,431251.19680023,84.83525848],[243045.65974617,431251.19729614,84.83558845],[243045.66011047,431251.19765472,84.83624792],[243045.66038895,431251.1975174,84.83657742],[243045.66066742,431251.19738007,84.83690691],[243045.66094398,431251.19724274,84.8372364],[243045.66122246,431251.19710541,84.8375659],[243045.66160011,431251.19747925,84.83822632],[243045.66193581,431251.19740295,84.8385582],[243045.66226959,431251.19731903,84.83889008],[243045.66260529,431251.19723511,84.83922195],[243045.66293907,431251.19715881,84.83955431],[243045.66327286,431251.19707489,84.83988619],[243045.66360855,431251.19699097,84.84021854],[243045.66394424,431251.19691467,84.8405509],[243045.66415596,431251.19629669,84.84055042],[243045.66449165,431251.1962204,84.84088278],[243045.66494751,431251.19667053,84.84154797],[243045.6652832,431251.19658661,84.8418808],[243045.6656189,431251.19650269,84.84221315],[243045.66595459,431251.19642639,84.84254599],[243045.66629028,431251.19634247,84.84287882],[243045.66662598,431251.19625854,84.84321165],[243045.66696167,431251.19618225,84.84354496],[243045.66729546,431251.19609833,84.84387779],[243045.66751099,431251.19548798,84.84387779],[243045.66772461,431251.19487,84.84387779],[243045.66793823,431251.19425964,84.84387779],[243045.66827393,431251.19417572,84.84421062],[243045.66860962,431251.1940918,84.84454393],[243045.66894531,431251.1940155,84.84487724],[243045.66940498,431251.19446564,84.84554434],[243045.66986275,431251.19491577,84.84621143],[243045.67019844,431251.19483185,84.84654522],[243045.67053604,431251.19474792,84.84687901],[243045.6709938,431251.19519806,84.84754705],[243045.67145348,431251.19564819,84.8482151],[243045.67191315,431251.19609833,84.84888363],[243045.67224884,431251.19602203,84.84921837],[243045.67258644,431251.19593811,84.84955263],[243045.67304611,431251.19638824,84.85022163],[243045.67338371,431251.19630432,84.85055637],[243045.67372131,431251.19622803,84.85089111],[243045.67405891,431251.1961441,84.85122585],[243045.67427254,431251.19552612,84.85122585],[243045.67461014,431251.19544983,84.85156107],[243045.67494774,431251.19536591,84.85189581],[243045.67516327,431251.19474792,84.85189581],[243045.67550087,431251.194664,84.85223103],[243045.67583847,431251.19458771,84.85256624],[243045.67605209,431251.19396973,84.85256576],[243045.67638969,431251.1938858,84.85290098],[243045.6767292,431251.19380951,84.85323667],[243045.6770668,431251.19372559,84.85357189],[243045.6774044,431251.19364166,84.85390758],[243045.677742,431251.19355774,84.8542428],[243045.67808151,431251.19347382,84.85457849],[243045.67841911,431251.19339752,84.85491419],[243045.67875862,431251.1933136,84.85524988],[243045.67909622,431251.19322968,84.85558605],[243045.67955971,431251.19367981,84.85625792],[243045.67989731,431251.19360352,84.85659409],[243045.68023682,431251.19351959,84.85693026],[243045.68035889,431251.19405365,84.8572669],[243045.68048477,431251.19458771,84.85760355],[243045.68094635,431251.19503784,84.85827637],[243045.68140984,431251.19548798,84.85894966],[243045.68187332,431251.19594574,84.85962343],[243045.68221283,431251.19586182,84.85996056],[243045.68255234,431251.19577789,84.86029768],[243045.68289185,431251.19569397,84.8606348],[243045.68323135,431251.19561768,84.86097193],[243045.68357086,431251.19553375,84.86130905],[243045.68391037,431251.19544983,84.86164665],[243045.68425179,431251.19536591,84.86198378],[243045.68446732,431251.19474792,84.86198378],[243045.68480682,431251.19467163,84.86232138]]",dji_pose_mesh_ray_contour_nodes,
118,98,3,SPL,956.8906,1841.25,951,1837,964,1846,13,9,64,243045.68796539,431251.16853333,84.85803175,dji_pose_mesh_ray_centroid,True,True,1219981,2.662823,warp,,956.8906,1841.25,1,1,1.0,1,2.662823,2.662823,15,15,1.0,"[[954.5,1837.0],[955.0,1837.5],[955.5,1838.0],[956.0,1838.5],[957.0,1838.5],[957.5,1839.0],[958.0,1839.5],[959.0,1839.5],[960.0,1839.5],[960.5,1840.0],[961.0,1840.5],[962.0,1840.5],[962.5,1841.0],[962.5,1842.0],[963.0,1842.5]]","[[243045.68928337,431251.17176819,84.86088657],[243045.6891613,431251.17123413,84.86054945],[243045.68903732,431251.1707077,84.8602128],[243045.68891525,431251.17017365,84.85987616],[243045.68906212,431251.16949463,84.85987282],[243045.68894005,431251.1689682,84.85953617],[243045.68881607,431251.16843414,84.85919952],[243045.68896484,431251.16775513,84.85919619],[243045.68911171,431251.16707611,84.85919285],[243045.68898964,431251.16654205,84.85885668],[243045.68886566,431251.16601562,84.85852003],[243045.68901443,431251.16533661,84.85851717],[243045.68889046,431251.16481018,84.85818052],[243045.68849754,431251.16442871,84.85751152],[243045.68837357,431251.16390228,84.85717535]]",dji_pose_mesh_ray_contour_nodes,
119,99,3,SPL,2638.6667,1873.6667,2638,1873,2640,1875,2,2,3,243046.02532768,431250.12643433,84.83609056,dji_pose_mesh_ray_centroid,True,True,314843,2.396363,warp,,2638.6667,1873.6667,1,1,1.0,1,2.396363,2.396363,2,2,1.0,"[[2638.0,1873.5],[2638.5,1873.0]]","[[243046.02526855,431250.1268692,84.83620024],[243046.02561569,431250.12665558,84.83652878]]",dji_pose_mesh_ray_contour_nodes,
120,100,3,SPL,2669.0,1873.0,2669,1873,2670,1874,1,1,1,243046.03198433,431250.10810089,84.83652353,dji_pose_mesh_ray_centroid,True,True,314843,2.396602,warp,,2669.0,1873.0,1,1,1.0,1,2.396602,2.396602,1,1,1.0,"[[2669.0,1873.0]]","[[243046.03198433,431250.10810089,84.83652353]]",dji_pose_mesh_ray_contour_nodes,
121,101,3,SPL,4065.1403,2149.3311,3935,1905,4224,2348,289,443,44967,243046.16956139,431249.26583099,84.66578674,dji_pose_mesh_ray_centroid,True,True,1220312,2.404944,warp,,4065.1403,2149.3311,1,1,1.0,1,2.404944,2.404944,256,256,1.0,"[[4023.5,1905.0],[4024.5,1906.0],[4025.5,1908.0],[4024.5,1910.0],[4024.5,1912.0],[4025.5,1914.0],[4024.5,1916.0],[4024.0,1917.5],[4024.0,1919.5],[4027.0,1919.5],[4029.0,1919.5],[4032.0,1919.5],[4035.0,1919.5],[4037.0,1919.5],[4039.0,1920.5],[4040.0,1922.5],[4041.0,1924.5],[4041.5,1926.0],[4040.5,1928.0],[4040.0,1930.5],[4039.5,1932.0],[4038.5,1934.0],[4037.5,1936.0],[4036.5,1937.0],[4035.5,1939.0],[4034.5,1941.0],[4034.5,1943.0],[4033.5,1945.0],[4033.0,1947.5],[4032.0,1949.5],[4031.5,1951.0],[4030.5,1953.0],[4029.0,1954.5],[4027.5,1955.0],[4026.0,1956.5],[4024.5,1958.0],[4023.5,1959.0],[4022.5,1961.0],[4021.0,1962.5],[4019.5,1963.0],[4018.0,1964.5],[4016.0,1965.5],[4015.0,1966.5],[4013.5,1968.0],[4014.5,1970.0],[4014.5,1973.0],[4014.0,1974.5],[4012.5,1976.0],[4011.5,1978.0],[4011.0,1979.5],[4010.5,1982.0],[4009.0,1983.5],[4008.5,1985.0],[4009.5,1987.0],[4010.5,1989.0],[4010.0,1990.5],[4009.5,1993.0],[4010.5,1995.0],[4011.5,1997.0],[4012.5,1998.0],[4014.0,1999.5],[4015.0,2001.5],[4015.5,2003.0],[4016.5,2005.0],[4018.0,2006.5],[4019.0,2007.5],[4020.5,2009.0],[4019.5,2011.0],[4019.5,2013.0],[4021.0,2014.5],[4022.5,2016.0],[4023.5,2018.0],[4024.5,2019.0],[4025.5,2021.0],[4026.5,2023.0],[4026.5,2025.0],[4028.0,2026.5],[4030.0,2027.5],[4031.0,2028.5],[4033.0,2029.5],[4034.0,2031.5],[4034.5,2033.0],[4035.5,2035.0],[4036.5,2037.0],[4037.5,2038.0],[4038.5,2040.0],[4040.0,2041.5],[4041.5,2043.0],[4043.0,2043.5],[4045.0,2044.5],[4047.5,2045.0],[4049.0,2045.5],[4050.5,2047.0],[4051.0,2049.5],[4052.0,2050.5],[4053.5,2052.0],[4056.0,2052.5],[4057.5,2052.0],[4060.0,2051.5],[4061.5,2051.0],[4063.5,2052.0],[4064.5,2053.0],[4063.5,2055.0],[4063.5,2058.0],[4063.5,2060.0],[4065.0,2061.5],[4067.0,2062.5],[4068.0,2063.5],[4069.5,2065.0],[4069.5,2068.0],[4069.5,2070.0],[4069.5,2073.0],[4070.5,2075.0],[4070.5,2077.0],[4070.5,2080.0],[4071.5,2082.0],[4072.0,2084.5],[4072.5,2086.0],[4073.5,2088.0],[4075.0,2089.5],[4075.5,2091.0],[4077.5,2092.0],[4080.0,2092.5],[4082.0,2092.5],[4083.5,2094.0],[4085.0,2095.5],[4086.5,2096.0],[4089.0,2096.5],[4091.0,2097.5],[4093.0,2098.5],[4094.5,2098.0],[4096.5,2097.0],[4098.0,2097.5],[4098.5,2099.0],[4100.0,2100.5],[4103.0,2100.5],[4105.0,2100.5],[4107.0,2101.5],[4108.5,2103.0],[4109.5,2104.0],[4111.0,2105.5],[4112.0,2107.5],[4114.0,2108.5],[4115.0,2109.5],[4116.0,2111.5],[4118.0,2112.5],[4119.0,2113.5],[4121.0,2114.5],[4123.0,2115.5],[4125.0,2115.5],[4128.0,2115.5],[4130.5,2116.0],[4132.0,2116.5],[4134.0,2117.5],[4136.0,2118.5],[4138.0,2118.5],[4141.0,2118.5],[4143.0,2119.5],[4144.0,2121.5],[4144.5,2123.0],[4145.5,2125.0],[4146.5,2127.0],[4147.5,2128.0],[4147.5,2131.0],[4148.5,2133.0],[4149.0,2134.5],[4150.0,2136.5],[4150.0,2138.5],[4149.5,2140.0],[4148.5,2142.0],[4148.5,2145.0],[4150.0,2146.5],[4151.0,2147.5],[4151.5,2150.0],[4150.5,2152.0],[4149.5,2153.0],[4149.5,2156.0],[4150.0,2158.5],[4150.5,2160.0],[4151.5,2162.0],[4152.5,2164.0],[4153.5,2165.0],[4152.5,2167.0],[4151.5,2169.0],[4151.5,2171.0],[4150.5,2173.0],[4150.5,2176.0],[4150.5,2179.0],[4151.0,2180.5],[4152.0,2182.5],[4152.5,2185.0],[4151.5,2186.0],[4151.5,2189.0],[4151.5,2192.0],[4151.5,2194.0],[4151.5,2197.0],[4152.0,2199.5],[4152.5,2201.0],[4153.5,2203.0],[4154.5,2205.0],[4153.5,2207.0],[4152.5,2208.0],[4153.0,2210.5],[4154.5,2212.0],[4155.5,2213.0],[4156.5,2215.0],[4157.5,2217.0],[4158.5,2218.0],[4160.0,2219.5],[4161.5,2221.0],[4163.0,2221.5],[4164.5,2223.0],[4165.5,2225.0],[4166.5,2227.0],[4167.5,2228.0],[4168.5,2230.0],[4168.5,2233.0],[4168.5,2235.0],[4169.5,2237.0],[4171.0,2238.5],[4172.0,2239.5],[4173.5,2241.0],[4175.5,2242.0],[4176.5,2243.0],[4179.0,2243.5],[4181.0,2244.5],[4183.0,2244.5],[4186.0,2244.5],[4189.0,2244.5],[4192.0,2244.5],[4193.0,2243.5],[4196.0,2243.5],[4199.0,2243.5],[4201.0,2243.5],[4204.0,2243.5],[4206.5,2244.0],[4208.0,2244.5],[4211.0,2244.5],[4213.5,2245.0],[4214.5,2246.0],[4217.0,2246.5],[4219.5,2247.0],[4220.5,2249.0],[4220.5,2251.0],[4220.5,2254.0],[4221.0,2256.5],[4221.5,2258.0],[4221.5,2261.0],[4221.5,2264.0],[4221.0,2265.5],[4220.5,2268.0],[4220.5,2271.0],[4220.5,2273.0],[4221.0,2275.5],[4221.5,2278.0],[4223.0,2279.5]]","[[243046.28398895,431249.28759766,84.81523275],[243046.2836895,431249.28701019,84.81459045],[243046.28287125,431249.28643036,84.81330585],[243046.28161049,431249.28704071,84.81202221],[243046.28057098,431249.28705597,84.81073952],[243046.27975464,431249.28647614,84.80945778],[243046.2784977,431249.28709412,84.80817747],[243046.27761078,431249.28739929,84.8072176],[243046.27657509,431249.28741455,84.8059392],[243046.27723694,431249.28562927,84.8059392],[243046.27767754,431249.28443909,84.80593967],[243046.27833939,431249.28265381,84.80594015],[243046.27900124,431249.28086853,84.80594063],[243046.27944183,431249.27967834,84.80594063],[243046.27936554,431249.27849579,84.80530214],[243046.27854919,431249.27792358,84.80402517],[243046.27773476,431249.27734375,84.80274916],[243046.27706909,431249.27706146,84.8017931],[243046.27581596,431249.27767944,84.80051851],[243046.27441597,431249.27799988,84.79892731],[243046.27353287,431249.27831268,84.79797316],[243046.27228165,431249.27892303,84.79670191],[243046.27103233,431249.27953339,84.79543161],[243046.270298,431249.28013611,84.79479694],[243046.2690506,431249.28075409,84.79352856],[243046.26780319,431249.28136444,84.79226112],[243046.26677704,431249.2813797,84.79099464],[243046.26553345,431249.28199005,84.78972912],[243046.26414299,431249.28231049,84.78814888],[243046.2628994,431249.28292084,84.78688574],[243046.26202393,431249.28322601,84.78593922],[243046.26078224,431249.28383636,84.78467798],[243046.25968933,431249.28473663,84.78373289],[243046.25910568,431249.28562927,84.7834177],[243046.25801277,431249.28652954,84.78247309],[243046.25691986,431249.28742218,84.78152943],[243046.25619125,431249.2880249,84.78090048],[243046.25495529,431249.28862762,84.77964306],[243046.25386429,431249.28952789,84.7787013],[243046.25328255,431249.2904129,84.77838707],[243046.25219345,431249.29131317,84.77744579],[243046.25124931,431249.29249573,84.77681875],[243046.25052452,431249.29309082,84.77619171],[243046.24943542,431249.29399109,84.77525139],[243046.24864197,431249.29341125,84.77399921],[243046.24712372,431249.29343414,84.77212286],[243046.24625587,431249.29373932,84.7711854],[243046.24517059,431249.29463196,84.77024841],[243046.24394417,431249.29522705,84.76900005],[243046.24307823,431249.29553223,84.7680645],[243046.24170876,431249.29584503,84.76650667],[243046.24062729,431249.29673004,84.76557255],[243046.23976326,431249.29703522,84.76463938],[243046.23897552,431249.29646301,84.76339531],[243046.23818779,431249.29588318,84.76215267],[243046.23732567,431249.29618835,84.76122141],[243046.23596382,431249.29649353,84.75967026],[243046.23517799,431249.29592133,84.75843096],[243046.23439217,431249.29534912,84.75719213],[243046.23410988,431249.29476929,84.7565732],[243046.23368454,431249.29389954,84.75564527],[243046.23290062,431249.29332733,84.75440884],[243046.23225975,431249.29304504,84.75348186],[243046.23147583,431249.29247284,84.75224733],[243046.2310524,431249.29160309,84.75132179],[243046.23077011,431249.29103088,84.75070524],[243046.23034668,431249.29016113,84.74978065],[243046.2291317,431249.29076385,84.74854898],[243046.22813606,431249.29077911,84.74731827],[243046.22771454,431249.28990936,84.74639559],[243046.22729301,431249.28904724,84.74547386],[243046.22651482,431249.28847504,84.74424553],[243046.22623253,431249.28790283,84.74363184],[243046.22545624,431249.28733063,84.74240494],[243046.22467804,431249.28676605,84.74117899],[243046.22368622,431249.28678131,84.73995447],[243046.2232666,431249.28591919,84.73903608],[243046.22320175,431249.28476715,84.7384243],[243046.22292328,431249.28418732,84.737813],[243046.22285843,431249.28303528,84.73720121],[243046.22208405,431249.2824707,84.73597956],[243046.2214489,431249.28218842,84.73506403],[243046.22067642,431249.28162384,84.73384428],[243046.21990395,431249.28106689,84.73262501],[243046.21962357,431249.28049469,84.73201609],[243046.218853,431249.27993011,84.73079824],[243046.21843529,431249.27906799,84.72988558],[243046.21801758,431249.2782135,84.72897339],[243046.21809387,431249.27735138,84.72866964],[243046.21803093,431249.27619934,84.72806168],[243046.21832085,431249.27474976,84.72775745],[243046.21839714,431249.27388763,84.72745371],[243046.21798134,431249.27303314,84.72654295],[243046.21685791,431249.27276611,84.72502661],[243046.21657944,431249.27220154,84.72442055],[243046.2161541,431249.27134705,84.7235117],[243046.21639824,431249.26990509,84.72320938],[243046.21696281,431249.26902771,84.72351217],[243046.21772957,431249.2675705,84.72381496],[243046.21829605,431249.26670074,84.72411728],[243046.21817589,431249.26554871,84.72351265],[243046.21785545,431249.26498413,84.72290754],[243046.21660805,431249.26559448,84.72169876],[243046.21504211,431249.26563263,84.71988726],[243046.21399879,431249.26565552,84.71868086],[243046.21352005,431249.26480865,84.71777677],[243046.21340179,431249.26366425,84.71717453],[243046.21308327,431249.26309967,84.71657228],[243046.21260452,431249.26225281,84.71566963],[243046.21104431,431249.26229095,84.71386576],[243046.21000481,431249.26232147,84.7126646],[243046.20844841,431249.26235962,84.71086502],[243046.20761299,431249.2618103,84.70966625],[243046.20657539,431249.26184082,84.70846844],[243046.20502281,431249.26187897,84.7066741],[243046.20419121,431249.26132965,84.70547867],[243046.20299911,431249.26107788,84.70398664],[243046.20232582,431249.26081085,84.70309162],[243046.20149422,431249.26026154,84.70189953],[243046.2010231,431249.2594223,84.70100641],[243046.20034981,431249.25915527,84.70011377],[243046.20023727,431249.25801849,84.69951916],[243046.20047951,431249.2565918,84.69922161],[243046.20088005,431249.25544739,84.69922209],[243046.20040894,431249.25460815,84.6983304],[243046.19993782,431249.25376892,84.69743967],[243046.19998169,431249.25291443,84.6971426],[243046.20022583,431249.25148773,84.69684601],[243046.20011139,431249.25035858,84.69625282],[243046.19999695,431249.2492218,84.69565964],[243046.2005558,431249.24835205,84.69595623],[243046.20146942,431249.24719238,84.69654989],[243046.20151329,431249.24633789,84.6962533],[243046.2008419,431249.24607849,84.69536352],[243046.20037079,431249.24523926,84.6944747],[243046.2009697,431249.24352264,84.6944747],[243046.20137215,431249.24237823,84.6944747],[243046.20125771,431249.24124908,84.69388246],[243046.20078659,431249.24041748,84.69299459],[243046.20047188,431249.23986053,84.69240284],[243046.20000267,431249.23902893,84.69151545],[243046.19917679,431249.23849487,84.69033337],[243046.19906235,431249.23736572,84.68974304],[243046.19874954,431249.23680878,84.68915224],[243046.19792366,431249.23627472,84.68797207],[243046.19781113,431249.2351532,84.6873827],[243046.19750023,431249.23459625,84.68679333],[243046.19738579,431249.23347473,84.68620443],[243046.19727325,431249.23235321,84.68561554],[243046.1976738,431249.2312088,84.68561554],[243046.1982708,431249.22949219,84.68561602],[243046.19851303,431249.22807312,84.68532181],[243046.1985569,431249.22722626,84.6850276],[243046.19844437,431249.22610474,84.68443918],[243046.19833183,431249.22498322,84.68385124],[243046.19873047,431249.22384644,84.68385172],[243046.19932747,431249.22212982,84.68385172],[243046.19921494,431249.2210083,84.68326426],[243046.19839096,431249.22048187,84.68208885],[243046.19772339,431249.2202301,84.68120813],[243046.19690132,431249.21970367,84.68003464],[243046.19607925,431249.21917725,84.67886257],[243046.19576836,431249.21863556,84.67827654],[243046.19424057,431249.21869659,84.67652035],[243046.19345665,431249.2181778,84.67534971],[243046.1928215,431249.2179184,84.67447185],[243046.19203949,431249.2173996,84.67330265],[243046.19106674,431249.21743774,84.67213392],[243046.19024086,431249.21775818,84.67125797],[243046.18907738,431249.21836853,84.67009067],[243046.18762207,431249.21843719,84.66834164],[243046.18718147,431249.21761322,84.66746902],[243046.18688774,431249.21707153,84.66688728],[243046.18577385,431249.21684265,84.66543293],[243046.18461418,431249.217453,84.6642704],[243046.18393898,431249.21804047,84.66368914],[243046.1824894,431249.2181015,84.6619482],[243046.18137932,431249.21787262,84.6604991],[243046.18074989,431249.21762085,84.6596303],[243046.17997742,431249.21710205,84.65847301],[243046.17920494,431249.21657562,84.65731668],[243046.17891502,431249.21603394,84.65673923],[243046.17776108,431249.21664429,84.65558338],[243046.17660904,431249.21725464,84.65442848],[243046.17564964,431249.21730042,84.65327501],[243046.1744976,431249.21790314,84.65212202],[243046.17306137,431249.2179718,84.65039444],[243046.17162323,431249.21803284,84.64866924],[243046.17100143,431249.21778107,84.64780807],[243046.17023659,431249.21726227,84.64666033],[243046.16913605,431249.21703339,84.64522648],[243046.16846848,431249.21762085,84.64465237],[243046.16703796,431249.21768188,84.64293432],[243046.16560936,431249.21775055,84.64121819],[243046.16465759,431249.21779633,84.64007521],[243046.1632309,431249.21785736,84.63836241],[243046.16213799,431249.21762848,84.63693666],[243046.16152191,431249.21738434,84.63608217],[243046.16076279,431249.21686554,84.63494348],[243046.16000366,431249.21634674,84.63380623],[243046.15886688,431249.21694946,84.63266849],[243046.15820503,431249.2175293,84.63209963],[243046.15711784,431249.21730804,84.63068056],[243046.1566925,431249.21649933,84.62982988],[243046.15640831,431249.21595764,84.6292634],[243046.155653,431249.21544647,84.62813044],[243046.1548996,431249.21492767,84.62699842],[243046.15461731,431249.21438599,84.6264329],[243046.15419388,431249.2135849,84.62558508],[243046.15377045,431249.21277618,84.62473822],[243046.15381622,431249.21195221,84.62445641],[243046.1533947,431249.21114349,84.62361002],[243046.1526413,431249.21063232,84.62248135],[243046.1518898,431249.21012115,84.62135363],[243046.15160751,431249.2095871,84.62079048],[243046.15085793,431249.2090683,84.61966467],[243046.1494503,431249.20913696,84.61797571],[243046.14851189,431249.20919037,84.61685133],[243046.1477623,431249.20867157,84.61572838],[243046.14734268,431249.20787048,84.61488676],[243046.1470623,431249.20733643,84.61432648],[243046.14664459,431249.20654297,84.61348581],[243046.14655304,431249.20545197,84.61292648],[243046.14627266,431249.20491791,84.61236668],[243046.14650917,431249.20353699,84.6120882],[243046.14641762,431249.20244598,84.61152935],[243046.14679337,431249.20133209,84.6115303],[243046.14735794,431249.19966888,84.61153221],[243046.14792061,431249.19799805,84.61153412],[243046.14848518,431249.19632721,84.61153603],[243046.14914131,431249.19574738,84.61209679],[243046.14970398,431249.19407654,84.61209869],[243046.15026855,431249.1924057,84.6121006],[243046.1506443,431249.19129181,84.61210155],[243046.15120888,431249.18962097,84.61210346],[243046.15144348,431249.18824768,84.61182499],[243046.15149117,431249.18742371,84.61154604],[243046.15205574,431249.18575287,84.61154795],[243046.15229034,431249.18437958,84.61126947],[243046.15200996,431249.18384552,84.61071014],[243046.15224648,431249.18247223,84.61043215],[243046.15248108,431249.18109894,84.61015415],[243046.1517334,431249.1805954,84.60903645],[243046.1507988,431249.18065643,84.60791922],[243046.1493969,431249.18074036,84.60624456],[243046.14832306,431249.18053436,84.60485125],[243046.14771652,431249.18029785,84.60401583],[243046.14631844,431249.18038177,84.60234642],[243046.14492226,431249.18047333,84.60067844],[243046.14413071,431249.18079376,84.59984493],[243046.14287567,431249.18113708,84.59845734],[243046.14148331,431249.18122101,84.59679413],[243046.14055634,431249.18128204,84.59568644],[243046.13949013,431249.18107605,84.59430313],[243046.13842773,431249.18087006,84.59292126],[243046.13801384,431249.18008423,84.59209394]]",dji_pose_mesh_ray_contour_nodes,
122,102,3,SPL,3973.5,1915.0,3973,1915,3975,1916,2,1,2,243046.26838875,431249.31746674,84.80881977,dji_pose_mesh_ray_centroid,True,True,1220295,2.501132,warp,,3973.5,1915.0,1,1,1.0,1,2.501132,2.501132,2,2,1.0,"[[3973.0,1915.0],[3974.0,1915.0]]","[[243046.26831627,431249.31776428,84.80882025],[243046.26846123,431249.31716919,84.80881882]]",dji_pose_mesh_ray_contour_nodes,
123,103,3,SPL,1628.5023,1951.602,1615,1923,1645,1984,30,61,1103,243045.79031181,431250.72616577,84.78582382,dji_pose_mesh_ray_centroid,True,True,1220246,2.460104,warp,,1628.5023,1951.602,1,1,1.0,1,2.460104,2.460104,60,60,1.0,"[[1634.5,1923.0],[1635.0,1923.5],[1635.5,1924.0],[1635.5,1925.0],[1636.0,1925.5],[1636.5,1926.0],[1637.0,1926.5],[1638.0,1926.5],[1638.5,1927.0],[1638.0,1927.5],[1637.5,1928.0],[1637.0,1928.5],[1636.0,1928.5],[1635.0,1928.5],[1634.5,1928.0],[1634.0,1927.5],[1633.5,1928.0],[1633.5,1929.0],[1634.0,1929.5],[1635.0,1929.5],[1635.5,1930.0],[1635.5,1931.0],[1635.5,1932.0],[1636.0,1932.5],[1636.5,1933.0],[1636.5,1934.0],[1636.5,1935.0],[1636.0,1935.5],[1635.5,1936.0],[1636.0,1936.5],[1636.5,1937.0],[1637.0,1937.5],[1637.5,1938.0],[1637.5,1939.0],[1637.0,1939.5],[1636.5,1940.0],[1636.5,1941.0],[1636.5,1942.0],[1636.0,1942.5],[1635.5,1943.0],[1635.5,1944.0],[1636.0,1944.5],[1636.5,1945.0],[1637.0,1945.5],[1638.0,1945.5],[1639.0,1945.5],[1640.0,1945.5],[1640.5,1946.0],[1641.0,1946.5],[1641.5,1947.0],[1642.0,1947.5],[1642.5,1948.0],[1642.5,1949.0],[1642.5,1950.0],[1642.5,1951.0],[1642.5,1952.0],[1643.0,1952.5],[1643.5,1953.0],[1643.5,1954.0],[1644.0,1954.5]]","[[243045.80255127,431250.73013306,84.80424213],[243045.80243301,431250.72967529,84.80391788],[243045.80231476,431250.72921753,84.80359364],[243045.80191803,431250.72894287,84.80294657],[243045.80180168,431250.72848511,84.80262232],[243045.80168343,431250.72802734,84.80229855],[243045.80156517,431250.72756958,84.80197477],[243045.80172539,431250.72692871,84.80197382],[243045.80160713,431250.72647095,84.80165005],[243045.80132866,431250.72666168,84.80132723],[243045.80105019,431250.72684479,84.80100441],[243045.80077171,431250.72702789,84.80068159],[243045.8006134,431250.72766876,84.80068254],[243045.80045319,431250.72830963,84.8006835],[243045.80056953,431250.72875977,84.80100727],[243045.80068779,431250.72921753,84.80133057],[243045.80040932,431250.72940063,84.80100775],[243045.8000145,431250.72913361,84.80036163],[243045.79989624,431250.72867584,84.80003834],[243045.80005646,431250.72803497,84.80003738],[243045.7999382,431250.72757721,84.79971409],[243045.79954338,431250.72730255,84.79906845],[243045.79914856,431250.72702789,84.79842281],[243045.7990303,431250.72657776,84.79809999],[243045.79891205,431250.72612,84.7977767],[243045.79851723,431250.72584534,84.79713201],[243045.79812241,431250.72557831,84.79648733],[243045.79784584,431250.72576141,84.79616547],[243045.79756737,431250.72594452,84.7958436],[243045.79745102,431250.72548676,84.79552078],[243045.79733276,431250.72502899,84.79519844],[243045.79721642,431250.72457886,84.7948761],[243045.79709816,431250.72412109,84.79455376],[243045.79670525,431250.72384644,84.79391003],[243045.79642677,431250.72402954,84.79358864],[243045.79615021,431250.72421265,84.79326725],[243045.79575729,431250.72394562,84.792624],[243045.79536247,431250.72367096,84.79198122],[243045.79508591,431250.72385406,84.79166031],[243045.79480934,431250.72403717,84.79133892],[243045.79441643,431250.72377014,84.79069662],[243045.79429817,431250.72331238,84.79037523],[243045.79418182,431250.72286224,84.79005384],[243045.79406548,431250.72240448,84.78973246],[243045.79422569,431250.72176361,84.78973198],[243045.794384,431250.72113037,84.7897315],[243045.79454422,431250.7204895,84.78973103],[243045.79442787,431250.72003937,84.78940964],[243045.79431152,431250.7195816,84.78908873],[243045.79419518,431250.71913147,84.78876781],[243045.79407883,431250.71867371,84.78844643],[243045.79396057,431250.71822357,84.78812551],[243045.79356766,431250.71794891,84.78748465],[243045.79317474,431250.71768188,84.78684378],[243045.79278183,431250.71740723,84.78620338],[243045.79239082,431250.7171402,84.78556299],[243045.79227448,431250.71669006,84.78524256],[243045.79215813,431250.7162323,84.78492212],[243045.79176521,431250.71596527,84.78428221],[243045.79164886,431250.71551514,84.78396225]]",dji_pose_mesh_ray_contour_nodes,
124,104,3,SPL,1138.3323,1956.4544,1119,1932,1152,1975,33,43,933,243045.67217255,431251.00839996,84.78263235,dji_pose_mesh_ray_centroid,True,True,78881,2.541265,warp,,1138.3323,1956.4544,1,1,1.0,1,2.541265,2.541265,59,59,1.0,"[[1119.0,1958.5],[1119.5,1958.0],[1120.0,1957.5],[1120.5,1957.0],[1120.5,1956.0],[1121.0,1955.5],[1121.5,1955.0],[1122.0,1954.5],[1122.5,1954.0],[1123.0,1953.5],[1123.5,1953.0],[1124.0,1952.5],[1124.5,1952.0],[1125.0,1951.5],[1125.5,1951.0],[1126.0,1950.5],[1126.5,1950.0],[1127.0,1949.5],[1127.5,1949.0],[1128.0,1948.5],[1128.5,1948.0],[1129.0,1947.5],[1129.5,1947.0],[1130.0,1946.5],[1131.0,1946.5],[1131.5,1946.0],[1132.0,1945.5],[1132.5,1945.0],[1133.0,1944.5],[1133.5,1944.0],[1134.0,1943.5],[1134.5,1943.0],[1134.5,1942.0],[1135.0,1941.5],[1135.5,1941.0],[1136.0,1940.5],[1136.5,1940.0],[1137.0,1939.5],[1138.0,1939.5],[1138.5,1939.0],[1139.0,1938.5],[1139.5,1938.0],[1140.0,1937.5],[1140.5,1937.0],[1141.0,1936.5],[1142.0,1936.5],[1142.5,1936.0],[1143.0,1935.5],[1143.5,1935.0],[1144.0,1934.5],[1145.0,1934.5],[1145.5,1934.0],[1146.0,1933.5],[1147.0,1933.5],[1147.5,1933.0],[1148.0,1932.5],[1149.0,1932.5],[1150.0,1932.5],[1150.5,1932.0]]","[[243045.66698074,431251.01893616,84.78133059],[243045.66727829,431251.01881409,84.78164816],[243045.66757774,431251.01868439,84.78196573],[243045.6678772,431251.01856232,84.78228331],[243045.66824341,431251.01889038,84.78291845],[243045.66854286,431251.01876068,84.78323603],[243045.66884232,431251.01863861,84.78355408],[243045.66914177,431251.01850891,84.78387213],[243045.66944122,431251.01838684,84.7841897],[243045.66973877,431251.01825714,84.78450775],[243045.67003822,431251.01813507,84.78482628],[243045.67033768,431251.01800537,84.78514433],[243045.67063713,431251.0178833,84.78546238],[243045.67093658,431251.0177536,84.78578091],[243045.67123604,431251.0176239,84.78609896],[243045.67153549,431251.01750183,84.78641748],[243045.67183495,431251.01737213,84.78673601],[243045.6721344,431251.01725006,84.78705454],[243045.67243576,431251.01712036,84.78737307],[243045.67273521,431251.01699829,84.78769207],[243045.67303467,431251.01686859,84.7880106],[243045.67333412,431251.01673889,84.7883296],[243045.67363358,431251.01661682,84.78864813],[243045.67393494,431251.01648712,84.78896713],[243045.67416382,431251.01590729,84.78896761],[243045.67446327,431251.01578522,84.78928661],[243045.67476463,431251.01565552,84.78960562],[243045.67506409,431251.01552582,84.78992462],[243045.67536545,431251.01540375,84.79024363],[243045.6756649,431251.01527405,84.79056311],[243045.67596626,431251.01515198,84.79088259],[243045.67626572,431251.01502228,84.79120207],[243045.67663765,431251.01535034,84.79184055],[243045.6769371,431251.01522064,84.79216003],[243045.67723846,431251.01509857,84.79247999],[243045.67753983,431251.01496887,84.79279947],[243045.67783928,431251.01483917,84.79311943],[243045.67814064,431251.0147171,84.79343939],[243045.67837143,431251.01413727,84.79343939],[243045.67867279,431251.01400757,84.79375935],[243045.67897224,431251.01387787,84.7940793],[243045.67927361,431251.0137558,84.79439926],[243045.67957497,431251.0136261,84.7947197],[243045.67987633,431251.0134964,84.79503965],[243045.68017769,431251.01337433,84.79536009],[243045.68040848,431251.01278687,84.79536009],[243045.68070984,431251.01266479,84.79568052],[243045.6810112,431251.0125351,84.79600096],[243045.68131256,431251.0124054,84.79632139],[243045.68161392,431251.01228333,84.79664183],[243045.68184471,431251.01169586,84.7966423],[243045.68214798,431251.01157379,84.79696274],[243045.68244934,431251.01144409,84.79728317],[243045.68268013,431251.01086426,84.79728365],[243045.68298149,431251.01073456,84.79760456],[243045.68328285,431251.01060486,84.797925],[243045.68351364,431251.01002502,84.79792547],[243045.68374443,431251.00943756,84.79792595],[243045.6840477,431251.00931549,84.79824638]]",dji_pose_mesh_ray_contour_nodes,
125,105,3,SPL,1531.3519,1937.5185,1526,1934,1536,1942,10,8,54,243045.77355576,431250.78738403,84.79484987,dji_pose_mesh_ray_centroid,True,True,1220245,2.481966,warp,,1531.3519,1937.5185,1,1,1.0,1,2.481966,2.481966,10,10,1.0,"[[1526.0,1936.5],[1526.5,1936.0],[1527.0,1935.5],[1528.0,1935.5],[1529.0,1935.5],[1530.0,1935.5],[1530.5,1935.0],[1531.0,1934.5],[1532.0,1934.5],[1532.5,1934.0]]","[[243045.77261162,431250.7907486,84.79550266],[243045.77292824,431250.79059601,84.795825],[243045.77324677,431250.79045105,84.79614687],[243045.77349663,431250.78987885,84.79614735],[243045.77374458,431250.78929901,84.7961483],[243045.77399445,431250.78872681,84.79614878],[243045.77431297,431250.78858185,84.79647064],[243045.77462959,431250.78842926,84.79679298],[243045.77487946,431250.78785706,84.79679346],[243045.77519608,431250.78770447,84.79711628]]",dji_pose_mesh_ray_contour_nodes,
126,106,3,SPL,1516.7382,1987.9186,1482,1947,1536,2022,54,75,2200,243045.75073814,431250.78171539,84.76272869,dji_pose_mesh_ray_centroid,True,True,1220245,2.460076,warp,,1516.7382,1987.9186,1,1,1.0,1,2.460076,2.460076,140,140,1.0,"[[1482.0,2003.5],[1482.5,2003.0],[1482.5,2002.0],[1483.0,2001.5],[1484.0,2001.5],[1484.5,2001.0],[1485.0,2000.5],[1486.0,2000.5],[1487.0,2000.5],[1487.5,2000.0],[1488.0,1999.5],[1489.0,1999.5],[1489.5,1999.0],[1490.0,1998.5],[1491.0,1998.5],[1491.5,1998.0],[1492.0,1997.5],[1492.5,1997.0],[1492.5,1996.0],[1492.5,1995.0],[1492.5,1994.0],[1492.0,1993.5],[1491.5,1993.0],[1491.5,1992.0],[1491.0,1991.5],[1490.5,1991.0],[1490.0,1990.5],[1489.0,1990.5],[1488.5,1990.0],[1488.0,1989.5],[1487.0,1989.5],[1486.5,1989.0],[1486.0,1988.5],[1485.5,1988.0],[1486.0,1987.5],[1487.0,1987.5],[1487.5,1987.0],[1488.0,1986.5],[1489.0,1986.5],[1489.5,1986.0],[1490.0,1985.5],[1491.0,1985.5],[1492.0,1985.5],[1493.0,1985.5],[1494.0,1985.5],[1494.5,1985.0],[1495.0,1984.5],[1496.0,1984.5],[1497.0,1984.5],[1497.5,1984.0],[1498.0,1983.5],[1499.0,1983.5],[1499.5,1983.0],[1500.0,1982.5],[1500.5,1982.0],[1500.5,1981.0],[1500.0,1980.5],[1499.5,1980.0],[1499.0,1979.5],[1498.5,1979.0],[1498.5,1978.0],[1498.0,1977.5],[1497.5,1977.0],[1497.5,1976.0],[1498.0,1975.5],[1499.0,1975.5],[1499.5,1975.0],[1500.0,1974.5],[1500.5,1974.0],[1501.0,1973.5],[1502.0,1973.5],[1502.5,1973.0],[1503.0,1972.5],[1503.5,1972.0],[1504.0,1971.5],[1505.0,1971.5],[1505.5,1971.0],[1506.0,1970.5],[1507.0,1970.5],[1507.5,1971.0],[1507.5,1972.0],[1508.0,1972.5],[1508.5,1973.0],[1509.0,1973.5],[1510.0,1973.5],[1511.0,1973.5],[1512.0,1973.5],[1513.0,1973.5],[1514.0,1973.5],[1515.0,1973.5],[1516.0,1973.5],[1516.5,1973.0],[1517.0,1972.5],[1517.5,1972.0],[1517.5,1971.0],[1517.5,1970.0],[1517.5,1969.0],[1517.5,1968.0],[1517.5,1967.0],[1518.0,1966.5],[1518.5,1966.0],[1518.5,1965.0],[1518.5,1964.0],[1518.5,1963.0],[1518.5,1962.0],[1518.5,1961.0],[1519.0,1960.5],[1519.5,1960.0],[1519.5,1959.0],[1520.0,1958.5],[1520.5,1958.0],[1520.5,1957.0],[1520.5,1956.0],[1520.0,1955.5],[1519.0,1955.5],[1518.5,1955.0],[1518.0,1954.5],[1517.0,1954.5],[1516.0,1954.5],[1515.5,1954.0],[1515.0,1953.5],[1514.5,1953.0],[1514.0,1952.5],[1513.5,1952.0],[1513.5,1951.0],[1513.5,1950.0],[1514.0,1949.5],[1514.5,1949.0],[1515.0,1948.5],[1516.0,1948.5],[1517.0,1948.5],[1518.0,1948.5],[1519.0,1948.5],[1520.0,1948.5],[1521.0,1948.5],[1521.5,1948.0],[1522.0,1947.5],[1523.0,1947.5],[1524.0,1947.5],[1524.5,1947.0]]","[[243045.73629761,431250.79711151,84.75293493],[243045.73660851,431250.79696655,84.75324821],[243045.73698235,431250.79724121,84.75387573],[243045.73729324,431250.79710388,84.75418901],[243045.73753929,431250.79653168,84.75418901],[243045.73785019,431250.79638672,84.7545023],[243045.73816109,431250.79624939,84.75481605],[243045.73840714,431250.79567719,84.75481605],[243045.73865509,431250.79511261,84.75481558],[243045.73896599,431250.79496765,84.75512934],[243045.73927689,431250.79482269,84.7554431],[243045.73952293,431250.79425812,84.7554431],[243045.73983383,431250.79411316,84.75575685],[243045.74014473,431250.7939682,84.75607109],[243045.74039078,431250.79340363,84.75607061],[243045.74070168,431250.79325867,84.75638485],[243045.74101257,431250.79311371,84.75669861],[243045.74132538,431250.79296875,84.75701284],[243045.74170113,431250.79324341,84.75764179],[243045.74207687,431250.7935257,84.75827074],[243045.74245262,431250.79380798,84.75889969],[243045.74251747,431250.7942276,84.75921488],[243045.74258041,431250.79465485,84.75952959],[243045.74295616,431250.7949295,84.76015902],[243045.74302101,431250.79535675,84.7604742],[243045.74308586,431250.795784,84.76078939],[243045.74315071,431250.79620361,84.76110458],[243045.74290276,431250.79677582,84.76110458],[243045.74296761,431250.79719543,84.76141977],[243045.74303246,431250.79762268,84.76173496],[243045.74278641,431250.79818726,84.76173496],[243045.74284935,431250.7986145,84.76205015],[243045.7429142,431250.79904175,84.76236582],[243045.74297905,431250.79946136,84.76268101],[243045.74328995,431250.79932404,84.7629962],[243045.7435379,431250.79875183,84.7629962],[243045.74385071,431250.79860687,84.76331186],[243045.74416161,431250.79846191,84.76362705],[243045.74440956,431250.79789734,84.76362705],[243045.74472237,431250.79775238,84.76394272],[243045.74503517,431250.79760742,84.76425791],[243045.74528122,431250.79703522,84.76425791],[243045.74552917,431250.79647064,84.76425791],[243045.74577713,431250.79589844,84.76425791],[243045.74602509,431250.79533386,84.76425791],[243045.74633598,431250.7951889,84.76457357],[243045.74664879,431250.79504395,84.76488924],[243045.74689674,431250.79447174,84.76488924],[243045.7471447,431250.79390717,84.76488924],[243045.7474575,431250.79376221,84.76520491],[243045.74777031,431250.79361725,84.76552057],[243045.74801826,431250.79304504,84.76552057],[243045.74833107,431250.79290009,84.76583672],[243045.74864388,431250.79275513,84.76615286],[243045.74895668,431250.79261017,84.766469],[243045.74933434,431250.79289246,84.76710129],[243045.74939919,431250.7933197,84.76741743],[243045.74946404,431250.79373932,84.76773405],[243045.74953079,431250.79416656,84.76805019],[243045.74959564,431250.79459381,84.76836681],[243045.7499733,431250.79486847,84.76900005],[243045.75004005,431250.79529572,84.76931667],[243045.750103,431250.79572296,84.76963329],[243045.75048065,431250.79600525,84.77026701],[243045.75079346,431250.79585266,84.77058411],[243045.75104141,431250.79528809,84.77058411],[243045.75135422,431250.79514313,84.77090073],[243045.75166512,431250.79499054,84.77121782],[243045.75197792,431250.79484558,84.77153492],[243045.75229073,431250.79470062,84.77185249],[243045.75253868,431250.79412842,84.77185249],[243045.75285149,431250.79398346,84.77216959],[243045.75316429,431250.7938385,84.77248669],[243045.7534771,431250.79369354,84.77280426],[243045.7537899,431250.79354858,84.77312183],[243045.75403786,431250.79297638,84.77312183],[243045.75435066,431250.79283142,84.77343941],[243045.75466347,431250.79268646,84.77375698],[243045.75491142,431250.79211426,84.77375698],[243045.75484467,431250.79168701,84.77343941],[243045.75446701,431250.79141235,84.77280474],[243045.75440025,431250.79098511,84.77248716],[243045.7543354,431250.79055786,84.77217007],[243045.75427055,431250.79013062,84.77185249],[243045.7545166,431250.78956604,84.77185297],[243045.75476456,431250.78899384,84.77185297],[243045.75501251,431250.78842163,84.77185297],[243045.75526047,431250.78784943,84.77185297],[243045.75550652,431250.78727722,84.77185297],[243045.75575447,431250.78670502,84.77185297],[243045.75600243,431250.78613281,84.77185297],[243045.75631523,431250.78598785,84.77217054],[243045.75662804,431250.7858429,84.77248764],[243045.75694084,431250.78569794,84.77280521],[243045.7573204,431250.7859726,84.77344036],[243045.75769997,431250.78625488,84.77407551],[243045.75807953,431250.78652954,84.77471113],[243045.75845909,431250.78681183,84.77534676],[243045.75883865,431250.78708649,84.77598286],[243045.75915337,431250.78694153,84.77630091],[243045.75946617,431250.78679657,84.77661943],[243045.75984573,431250.78707123,84.77725601],[243045.7602272,431250.78735352,84.77789259],[243045.76060677,431250.78762817,84.77852964],[243045.76098824,431250.78791046,84.7791667],[243045.7613678,431250.78818512,84.77980423],[243045.76168251,431250.78804016,84.78012323],[243045.76199722,431250.7878952,84.78044224],[243045.76237869,431250.78817749,84.78108025],[243045.76269341,431250.7880249,84.78139925],[243045.76300812,431250.78787994,84.78171873],[243045.76338959,431250.78816223,84.78235722],[243045.76377106,431250.78843689,84.7829957],[243045.76383781,431250.78886414,84.78331518],[243045.76358795,431250.78943634,84.78331518],[243045.76365471,431250.78986359,84.78363419],[243045.76372147,431250.79029083,84.78395367],[243045.76347351,431250.79086304,84.78395367],[243045.76322365,431250.79144287,84.78395319],[243045.76329231,431250.79187012,84.78427267],[243045.76335716,431250.79228973,84.78459215],[243045.76342392,431250.79271698,84.78491163],[243045.76349068,431250.79314423,84.78523159],[243045.76355743,431250.79357147,84.78555107],[243045.7639389,431250.79385376,84.78619099],[243045.76432228,431250.79413605,84.78683138],[243045.76463699,431250.79399109,84.78715134],[243045.76495171,431250.79384613,84.78747177],[243045.76526833,431250.79369354,84.78779221],[243045.76551628,431250.79312134,84.78779268],[243045.76576614,431250.79254913,84.78779316],[243045.7660141,431250.79197693,84.78779316],[243045.76626396,431250.79139709,84.78779364],[243045.76651192,431250.79082489,84.78779411],[243045.76676178,431250.79025269,84.78779411],[243045.76707649,431250.79010773,84.78811502],[243045.76739311,431250.78995514,84.78843546],[243045.76764107,431250.78938293,84.78843594],[243045.76789093,431250.78881073,84.78843641],[243045.76820564,431250.78866577,84.78875685]]",dji_pose_mesh_ray_contour_nodes,
127,107,3,SPL,3563.7559,1992.8081,3535,1968,3593,2023,58,55,1282,243046.16287613,431249.55973053,84.7597146,dji_pose_mesh_ray_centroid,True,True,314845,2.406681,warp,,3563.7559,1992.8081,1,1,1.0,1,2.406681,2.406681,102,102,1.0,"[[3571.5,2022.0],[3571.0,2021.5],[3570.0,2021.5],[3569.5,2021.0],[3569.0,2020.5],[3568.0,2020.5],[3567.5,2020.0],[3567.0,2019.5],[3566.5,2019.0],[3566.0,2018.5],[3565.5,2018.0],[3565.5,2017.0],[3565.5,2016.0],[3565.5,2015.0],[3565.0,2014.5],[3564.5,2014.0],[3564.5,2013.0],[3564.5,2012.0],[3565.0,2011.5],[3565.5,2011.0],[3565.5,2010.0],[3566.0,2009.5],[3566.5,2009.0],[3566.0,2008.5],[3565.5,2008.0],[3565.0,2007.5],[3564.0,2007.5],[3563.5,2007.0],[3563.0,2006.5],[3562.0,2006.5],[3561.0,2006.5],[3560.0,2006.5],[3559.0,2006.5],[3558.0,2006.5],[3557.0,2006.5],[3556.5,2006.0],[3556.0,2005.5],[3555.0,2005.5],[3554.0,2005.5],[3553.5,2005.0],[3553.0,2004.5],[3552.5,2004.0],[3552.0,2003.5],[3551.5,2003.0],[3551.0,2002.5],[3550.5,2002.0],[3550.0,2001.5],[3549.5,2001.0],[3549.5,2000.0],[3549.5,1999.0],[3549.0,1998.5],[3548.5,1998.0],[3548.0,1997.5],[3547.5,1997.0],[3547.0,1996.5],[3546.5,1996.0],[3546.0,1995.5],[3545.5,1995.0],[3545.5,1994.0],[3545.0,1993.5],[3544.5,1993.0],[3544.5,1992.0],[3544.5,1991.0],[3544.5,1990.0],[3545.0,1989.5],[3545.5,1989.0],[3545.5,1988.0],[3545.5,1987.0],[3545.5,1986.0],[3546.0,1985.5],[3546.5,1985.0],[3546.5,1984.0],[3547.0,1983.5],[3547.5,1983.0],[3548.0,1982.5],[3548.5,1982.0],[3549.0,1981.5],[3549.5,1981.0],[3549.0,1980.5],[3548.5,1980.0],[3548.0,1979.5],[3547.0,1979.5],[3546.0,1979.5],[3545.0,1979.5],[3544.0,1979.5],[3543.0,1979.5],[3542.5,1979.0],[3542.0,1978.5],[3541.0,1978.5],[3540.0,1978.5],[3539.0,1978.5],[3538.0,1978.5],[3537.5,1978.0],[3537.0,1977.5],[3536.5,1977.0],[3536.0,1976.5],[3535.5,1976.0],[3535.5,1975.0],[3535.5,1974.0],[3535.5,1973.0],[3535.5,1972.0],[3535.0,1971.5]]","[[243046.15062332,431249.55383301,84.74156904],[243046.15074539,431249.55414581,84.74187803],[243046.15050888,431249.55473328,84.74187851],[243046.15063095,431249.55504608,84.7421875],[243046.15075111,431249.55535889,84.74249697],[243046.1505146,431249.55594635,84.74249697],[243046.15063667,431249.55625916,84.74280643],[243046.15075874,431249.55657959,84.7431159],[243046.15088081,431249.5568924,84.74342537],[243046.15100288,431249.55721283,84.74373484],[243046.15112495,431249.55752563,84.7440443],[243046.15160561,431249.55757141,84.74466324],[243046.15208626,431249.55761719,84.74528265],[243046.15256691,431249.55766296,84.74590206],[243046.15268898,431249.5579834,84.74621201],[243046.15281105,431249.5582962,84.74652195],[243046.1532917,431249.55834198,84.74714184],[243046.15377426,431249.55839539,84.7477622],[243046.15413284,431249.55812073,84.74807215],[243046.15449142,431249.5578537,84.74838257],[243046.15497398,431249.55789948,84.74900341],[243046.15533447,431249.55763245,84.74931335],[243046.15569305,431249.55735779,84.74962378],[243046.15581703,431249.55767822,84.74993467],[243046.1559391,431249.55799103,84.75024557],[243046.15606117,431249.55831146,84.75055647],[243046.15582466,431249.55889893,84.75055647],[243046.15594673,431249.55921173,84.75086737],[243046.1560688,431249.55953217,84.75117826],[243046.15583229,431249.56011963,84.75117874],[243046.15559387,431249.56069946,84.75117874],[243046.15535736,431249.56128693,84.75117874],[243046.15511894,431249.56187439,84.75117922],[243046.15488243,431249.56246185,84.75117922],[243046.15464592,431249.56304932,84.75117969],[243046.15476799,431249.56336975,84.75149059],[243046.15489006,431249.56368256,84.75180149],[243046.15465355,431249.56427002,84.75180197],[243046.15441513,431249.56485748,84.75180197],[243046.15453911,431249.56517792,84.75211287],[243046.15466118,431249.56549072,84.75242424],[243046.15478325,431249.56581116,84.75273561],[243046.15490532,431249.56613159,84.75304651],[243046.1550293,431249.5664444,84.75335789],[243046.15515137,431249.56676483,84.75366926],[243046.15527344,431249.56707764,84.75398064],[243046.15539551,431249.56739807,84.75429249],[243046.15551949,431249.56771851,84.75460386],[243046.15600204,431249.56776428,84.75522709],[243046.1564846,431249.56781769,84.75585031],[243046.15660858,431249.56813049,84.75616217],[243046.15673065,431249.56845093,84.75647402],[243046.15685463,431249.56877136,84.75678635],[243046.1569767,431249.56908417,84.7570982],[243046.15709877,431249.5694046,84.75741053],[243046.15722275,431249.56972504,84.75772238],[243046.15734482,431249.57004547,84.75803471],[243046.1574688,431249.57035828,84.75834703],[243046.15795326,431249.57041168,84.75897169],[243046.15807533,431249.57073212,84.75928402],[243046.15819931,431249.57105255,84.75959682],[243046.15868378,431249.57109833,84.76022196],[243046.15916824,431249.57115173,84.76084709],[243046.15965271,431249.57119751,84.7614727],[243046.1600132,431249.57093048,84.76178551],[243046.1603756,431249.57065582,84.76209831],[243046.16086006,431249.57070923,84.76272488],[243046.16134644,431249.570755,84.76335096],[243046.1618309,431249.57080841,84.76397753],[243046.1621933,431249.57054138,84.76429129],[243046.16255569,431249.57026672,84.76460457],[243046.16304207,431249.57032013,84.76523161],[243046.16340446,431249.57004547,84.76554537],[243046.16376686,431249.56977844,84.76585913],[243046.16412926,431249.56951141,84.76617289],[243046.16449165,431249.56923676,84.76648664],[243046.16485405,431249.56896973,84.76680088],[243046.16521645,431249.56869507,84.76711464],[243046.16534042,431249.5690155,84.76742887],[243046.1654644,431249.56933594,84.76774311],[243046.16559029,431249.56965637,84.76805687],[243046.16534996,431249.57024384,84.76805687],[243046.16511154,431249.57083893,84.76805735],[243046.16487312,431249.57142639,84.76805735],[243046.1646347,431249.57201385,84.76805735],[243046.16439629,431249.57260895,84.76805735],[243046.16452026,431249.57292175,84.76837158],[243046.16464424,431249.57324219,84.76868582],[243046.16440582,431249.57383728,84.76868582],[243046.1641655,431249.57442474,84.76868582],[243046.16392708,431249.57501221,84.76868582],[243046.16368866,431249.5756073,84.76868582],[243046.16381264,431249.5759201,84.76900005],[243046.16393661,431249.57624054,84.76931429],[243046.16406059,431249.57656097,84.769629],[243046.16418457,431249.57688141,84.76994324],[243046.16430855,431249.57720184,84.77025795],[243046.16479683,431249.57725525,84.77088737],[243046.1652832,431249.57730865,84.77151728],[243046.16577148,431249.57736206,84.77214718],[243046.16625977,431249.57740784,84.77277708],[243046.16638374,431249.57772827,84.77309227]]",dji_pose_mesh_ray_contour_nodes,
128,108,3,SPL,1822.2755,1987.4082,1812,1980,1832,1996,20,16,196,243045.80728722,431250.59467316,84.7630744,dji_pose_mesh_ray_centroid,True,True,1220239,2.402062,warp,,1822.2755,1987.4082,1,1,1.0,1,2.402062,2.402062,22,22,1.0,"[[1827.5,1980.0],[1828.0,1980.5],[1828.5,1981.0],[1829.0,1981.5],[1829.5,1982.0],[1829.0,1982.5],[1828.5,1983.0],[1828.5,1984.0],[1828.0,1984.5],[1827.5,1985.0],[1827.5,1986.0],[1827.5,1987.0],[1827.0,1987.5],[1826.5,1988.0],[1826.5,1989.0],[1827.0,1989.5],[1828.0,1989.5],[1828.5,1990.0],[1829.0,1990.5],[1830.0,1990.5],[1830.5,1991.0],[1831.0,1991.5]]","[[243045.81098557,431250.59318542,84.76773882],[243045.81087303,431250.59275055,84.76742363],[243045.81075859,431250.5923233,84.76710844],[243045.81064606,431250.59188843,84.76679373],[243045.81053162,431250.59145355,84.76647854],[243045.81025887,431250.59165192,84.76616383],[243045.80998421,431250.59184265,84.76584864],[243045.80959892,431250.59159851,84.76521921],[243045.80932617,431250.59179688,84.7649045],[243045.80905151,431250.59198761,84.76458979],[243045.80866623,431250.5917511,84.76396084],[243045.80828094,431250.59150696,84.76333189],[243045.80800819,431250.59170532,84.76301765],[243045.80773354,431250.59189606,84.76270294],[243045.80734825,431250.59165192,84.76207495],[243045.80723572,431250.59122467,84.76176071],[243045.80739594,431250.59059906,84.76176119],[243045.8072834,431250.59016418,84.76144695],[243045.80716896,431250.58973694,84.76113319],[243045.80732918,431250.58911133,84.76113319],[243045.80721664,431250.58867645,84.76081943],[243045.80710411,431250.58824921,84.76050568]]",dji_pose_mesh_ray_contour_nodes,
129,109,3,SPL,1817.6696,2004.3652,1811,1999,1824,2012,13,13,115,243045.80002975,431250.5934906,84.7524457,dji_pose_mesh_ray_centroid,True,True,1220239,2.395324,warp,,1817.6696,2004.3652,1,1,1.0,1,2.395324,2.395324,16,16,1.0,"[[1821.5,2011.0],[1821.0,2010.5],[1820.5,2010.0],[1820.0,2009.5],[1819.0,2009.5],[1818.5,2009.0],[1818.0,2008.5],[1817.0,2008.5],[1816.0,2008.5],[1815.0,2008.5],[1814.0,2008.5],[1813.5,2008.0],[1813.0,2007.5],[1812.0,2007.5],[1811.5,2007.0],[1811.0,2006.5]]","[[243045.79810143,431250.58952332,84.7483077],[243045.79821205,431250.58995056,84.74861908],[243045.79832458,431250.59038544,84.74893045],[243045.79843521,431250.59081268,84.74924183],[243045.7982769,431250.59143829,84.74924135],[243045.79838753,431250.59186554,84.7495532],[243045.79850006,431250.59229279,84.74986458],[243045.79833984,431250.5929184,84.7498641],[243045.79817963,431250.59354401,84.74986362],[243045.79802132,431250.59416199,84.74986315],[243045.7978611,431250.5947876,84.74986267],[243045.79797363,431250.59521484,84.75017452],[243045.79808426,431250.59564972,84.75048637],[243045.79792595,431250.5962677,84.7504859],[243045.79803658,431250.59670258,84.75079775],[243045.79814911,431250.59712982,84.7511096]]",dji_pose_mesh_ray_contour_nodes,
130,110,3,SPL,2657.879,2107.0565,2617,2002,2688,2193,71,191,6956,243045.92270088,431250.07756042,84.68992805,dji_pose_mesh_ray_centroid,True,True,314733,2.283765,warp,,2657.879,2107.0565,1,1,1.0,1,2.283765,2.283765,241,241,1.0,"[[2617.0,2128.5],[2617.5,2128.0],[2618.0,2127.5],[2619.0,2127.5],[2619.5,2127.0],[2620.0,2126.5],[2620.5,2126.0],[2621.0,2125.5],[2621.5,2125.0],[2621.5,2124.0],[2621.5,2123.0],[2622.0,2122.5],[2622.5,2122.0],[2622.5,2121.0],[2623.0,2120.5],[2623.5,2120.0],[2624.0,2119.5],[2624.5,2119.0],[2625.0,2118.5],[2625.5,2118.0],[2626.0,2117.5],[2626.5,2117.0],[2626.0,2116.5],[2625.5,2116.0],[2625.5,2115.0],[2625.0,2114.5],[2624.5,2114.0],[2624.5,2113.0],[2624.5,2112.0],[2625.0,2111.5],[2625.5,2111.0],[2625.5,2110.0],[2625.5,2109.0],[2626.0,2108.5],[2627.0,2108.5],[2627.5,2108.0],[2628.0,2107.5],[2629.0,2107.5],[2629.5,2107.0],[2630.0,2106.5],[2630.5,2106.0],[2630.5,2105.0],[2630.5,2104.0],[2630.5,2103.0],[2630.5,2102.0],[2630.5,2101.0],[2631.0,2100.5],[2631.5,2100.0],[2632.0,2099.5],[2633.0,2099.5],[2633.5,2099.0],[2634.0,2098.5],[2634.5,2098.0],[2634.5,2097.0],[2635.0,2096.5],[2635.5,2096.0],[2635.5,2095.0],[2635.5,2094.0],[2636.0,2093.5],[2636.5,2093.0],[2636.5,2092.0],[2636.5,2091.0],[2636.5,2090.0],[2637.0,2089.5],[2637.5,2089.0],[2638.0,2088.5],[2638.5,2088.0],[2639.0,2087.5],[2639.5,2087.0],[2640.0,2086.5],[2641.0,2086.5],[2642.0,2086.5],[2643.0,2086.5],[2644.0,2086.5],[2645.0,2086.5],[2645.5,2087.0],[2646.0,2087.5],[2647.0,2087.5],[2647.5,2088.0],[2648.0,2088.5],[2648.5,2089.0],[2648.5,2090.0],[2648.5,2091.0],[2648.0,2091.5],[2647.5,2092.0],[2647.5,2093.0],[2647.5,2094.0],[2647.5,2095.0],[2648.0,2095.5],[2648.5,2096.0],[2648.5,2097.0],[2649.0,2097.5],[2650.0,2097.5],[2650.5,2097.0],[2650.5,2096.0],[2651.0,2095.5],[2651.5,2095.0],[2651.5,2094.0],[2651.5,2093.0],[2651.5,2092.0],[2651.0,2091.5],[2650.5,2091.0],[2650.5,2090.0],[2650.5,2089.0],[2650.5,2088.0],[2651.0,2087.5],[2651.5,2087.0],[2651.5,2086.0],[2651.5,2085.0],[2652.0,2084.5],[2652.5,2084.0],[2652.5,2083.0],[2652.5,2082.0],[2653.0,2081.5],[2653.5,2081.0],[2653.5,2080.0],[2653.5,2079.0],[2653.5,2078.0],[2653.5,2077.0],[2653.5,2076.0],[2653.5,2075.0],[2653.5,2074.0],[2653.5,2073.0],[2653.5,2072.0],[2653.5,2071.0],[2653.5,2070.0],[2653.5,2069.0],[2654.0,2068.5],[2654.5,2068.0],[2655.0,2067.5],[2655.5,2067.0],[2656.0,2066.5],[2657.0,2066.5],[2657.5,2066.0],[2658.0,2065.5],[2658.5,2065.0],[2658.5,2064.0],[2658.5,2063.0],[2658.0,2062.5],[2657.5,2062.0],[2657.5,2061.0],[2657.5,2060.0],[2657.0,2059.5],[2656.5,2059.0],[2656.5,2058.0],[2656.0,2057.5],[2655.5,2057.0],[2655.0,2056.5],[2654.5,2056.0],[2654.5,2055.0],[2654.0,2054.5],[2653.5,2054.0],[2654.0,2053.5],[2654.5,2053.0],[2655.0,2052.5],[2655.5,2052.0],[2656.0,2051.5],[2656.5,2051.0],[2657.0,2050.5],[2658.0,2050.5],[2658.5,2050.0],[2658.5,2049.0],[2658.5,2048.0],[2658.0,2047.5],[2657.5,2047.0],[2657.5,2046.0],[2657.5,2045.0],[2657.5,2044.0],[2657.5,2043.0],[2657.5,2042.0],[2657.5,2041.0],[2658.0,2040.5],[2658.5,2040.0],[2659.0,2039.5],[2659.5,2039.0],[2659.5,2038.0],[2660.0,2037.5],[2660.5,2037.0],[2660.5,2036.0],[2660.5,2035.0],[2660.0,2034.5],[2659.5,2034.0],[2659.5,2033.0],[2659.5,2032.0],[2659.0,2031.5],[2658.5,2031.0],[2658.5,2030.0],[2658.5,2029.0],[2659.0,2028.5],[2659.5,2028.0],[2659.5,2027.0],[2660.0,2026.5],[2660.5,2026.0],[2660.0,2025.5],[2659.5,2025.0],[2659.5,2024.0],[2659.5,2023.0],[2659.5,2022.0],[2659.5,2021.0],[2659.5,2020.0],[2659.5,2019.0],[2660.0,2018.5],[2660.5,2018.0],[2661.0,2017.5],[2662.0,2017.5],[2662.5,2017.0],[2663.0,2016.5],[2663.5,2016.0],[2664.0,2015.5],[2664.5,2015.0],[2665.0,2014.5],[2666.0,2014.5],[2667.0,2014.5],[2668.0,2014.5],[2668.5,2014.0],[2669.0,2013.5],[2670.0,2013.5],[2671.0,2013.5],[2671.5,2013.0],[2672.0,2012.5],[2673.0,2012.5],[2674.0,2012.5],[2674.5,2012.0],[2675.0,2011.5],[2676.0,2011.5],[2677.0,2011.5],[2678.0,2011.5],[2679.0,2011.5],[2679.5,2011.0],[2680.0,2010.5],[2680.5,2010.0],[2681.0,2009.5],[2681.5,2009.0],[2681.5,2008.0],[2681.5,2007.0],[2681.5,2006.0],[2681.5,2005.0],[2681.5,2004.0],[2681.5,2003.0],[2682.0,2002.5],[2682.5,2002.0]]","[[243045.90507126,431250.0978241,84.67718792],[243045.90538597,431250.0976181,84.67748404],[243045.90570259,431250.09740448,84.67777967],[243045.90590858,431250.09683228,84.67777967],[243045.9062252,431250.09661865,84.67807579],[243045.90654182,431250.09641266,84.67837191],[243045.90685654,431250.09619904,84.67866802],[243045.90717316,431250.09599304,84.67896414],[243045.90748978,431250.09577942,84.67926025],[243045.90791512,431250.09593201,84.67985296],[243045.90834045,431250.09608459,84.68044615],[243045.90865707,431250.0958786,84.68074226],[243045.90897369,431250.09566498,84.68103886],[243045.90940094,431250.09581757,84.68163252],[243045.90971756,431250.09560394,84.68192911],[243045.91003418,431250.09539795,84.68222618],[243045.9103508,431250.09518433,84.68252277],[243045.91066742,431250.0949707,84.68281984],[243045.91098404,431250.09476471,84.68311691],[243045.91130066,431250.09455109,84.68341398],[243045.91161919,431250.09433746,84.68371105],[243045.91193581,431250.09413147,84.68400812],[243045.91204643,431250.09449005,84.68430567],[243045.91215515,431250.09485626,84.68460274],[243045.9125843,431250.09500885,84.68519783],[243045.91269302,431250.09537506,84.68549538],[243045.91280365,431250.09574127,84.68579292],[243045.9132309,431250.09589386,84.68638849],[243045.91366005,431250.09604645,84.68698406],[243045.91397667,431250.09583282,84.68728161],[243045.9142952,431250.09562683,84.68757963],[243045.91472435,431250.09577942,84.68817568],[243045.9151516,431250.09593201,84.6887722],[243045.91547012,431250.09571838,84.68907022],[243045.91567802,431250.09514618,84.68907022],[243045.91599655,431250.09493256,84.68936825],[243045.91631508,431250.09471893,84.68966675],[243045.91652107,431250.09414673,84.68966675],[243045.9168396,431250.09393311,84.68996477],[243045.91715813,431250.09371948,84.69026327],[243045.91747665,431250.09351349,84.69056177],[243045.91790581,431250.09366608,84.69115925],[243045.91833496,431250.09381866,84.69175672],[243045.91876411,431250.09397125,84.6923542],[243045.91919518,431250.09412384,84.69295216],[243045.91962433,431250.09427643,84.69355059],[243045.91994476,431250.09406281,84.69384956],[243045.92026329,431250.09385681,84.69414902],[243045.92058182,431250.09364319,84.69444799],[243045.92078972,431250.09306335,84.69444799],[243045.92110825,431250.09284973,84.69474745],[243045.92142868,431250.09264374,84.6950469],[243045.92174721,431250.09243011,84.69534636],[243045.92217827,431250.0925827,84.69594526],[243045.9224987,431250.09236908,84.69624472],[243045.92281723,431250.09215546,84.69654465],[243045.92324829,431250.09230804,84.69714451],[243045.92368126,431250.09246063,84.69774437],[243045.92399979,431250.09225464,84.6980443],[243045.92432022,431250.09204102,84.69834423],[243045.92475128,431250.0921936,84.69894457],[243045.92518425,431250.09234619,84.69954538],[243045.92561722,431250.09249878,84.7001462],[243045.92593765,431250.09228516,84.70044661],[243045.92625809,431250.09207153,84.70074701],[243045.92657661,431250.09186554,84.70104742],[243045.92689896,431250.09165192,84.7013483],[243045.92721939,431250.09143829,84.70164919],[243045.92753983,431250.09122467,84.7019496],[243045.92786026,431250.09101105,84.70225048],[243045.92806816,431250.09043121,84.70225048],[243045.92827606,431250.08985138,84.70225048],[243045.92848396,431250.08927155,84.70225048],[243045.92869377,431250.08869934,84.70225048],[243045.92890167,431250.08811951,84.70225],[243045.92878914,431250.0877533,84.70194912],[243045.92867661,431250.08738708,84.70164823],[243045.92888451,431250.08680725,84.70164823],[243045.92877197,431250.08644104,84.70134735],[243045.92865944,431250.08607483,84.70104694],[243045.92854691,431250.08570862,84.70074606],[243045.92811394,431250.08555603,84.70014477],[243045.92768097,431250.08540344,84.69954395],[243045.92736053,431250.08561707,84.69924355],[243045.9270401,431250.08583069,84.69894361],[243045.92660713,431250.0856781,84.69834328],[243045.92617607,431250.08552551,84.69774294],[243045.9257431,431250.08537292,84.69714308],[243045.92563057,431250.08501434,84.69684315],[243045.92551994,431250.08464813,84.69654322],[243045.92508698,431250.08449554,84.69594383],[243045.92497635,431250.08412933,84.69564438],[243045.92518234,431250.0835495,84.69564438],[243045.92550278,431250.08333588,84.69594383],[243045.92593575,431250.08348846,84.69654322],[243045.92625427,431250.08327484,84.69684315],[243045.92657471,431250.08306122,84.6971426],[243045.92700768,431250.08321381,84.69774246],[243045.92743874,431250.08336639,84.6983428],[243045.9278717,431250.08351898,84.69894314],[243045.92798424,431250.08388519,84.69924355],[243045.92809677,431250.0842514,84.69954395],[243045.92852974,431250.08440399,84.70014477],[243045.92896271,431250.08455658,84.70074606],[243045.92939568,431250.08470154,84.70134735],[243045.92971611,431250.08449554,84.70164776],[243045.93003845,431250.08428192,84.70194864],[243045.93047142,431250.08442688,84.70255041],[243045.93090439,431250.08457947,84.70315266],[243045.93122673,431250.08436584,84.70345354],[243045.93154716,431250.08415222,84.7037549],[243045.93198204,431250.08430481,84.70435715],[243045.93241501,431250.0844574,84.70496035],[243045.93273735,431250.08424377,84.70526171],[243045.93305969,431250.08403015,84.70556307],[243045.93349457,431250.08418274,84.70616627],[243045.93392944,431250.08433533,84.70676994],[243045.93436432,431250.08448792,84.70737362],[243045.93479919,431250.0846405,84.70797777],[243045.93523407,431250.08479309,84.70858192],[243045.93567085,431250.08494568,84.70918655],[243045.93610573,431250.08509827,84.70979118],[243045.93654251,431250.08525085,84.71039629],[243045.93697739,431250.08540344,84.7110014],[243045.93741417,431250.08555603,84.71160698],[243045.93785095,431250.08570862,84.71221256],[243045.93828773,431250.08586121,84.71281862],[243045.93861008,431250.08564758,84.71312141],[243045.93893433,431250.08543396,84.71342468],[243045.93925667,431250.08522034,84.71372795],[243045.93958092,431250.08500671,84.71403122],[243045.93990326,431250.08479309,84.71433449],[243045.94011116,431250.08421326,84.71433401],[243045.94043541,431250.08399963,84.71463776],[243045.94075966,431250.08377838,84.71494102],[243045.941082,431250.08356476,84.71524429],[243045.94151878,431250.08371735,84.71585178],[243045.94195747,431250.08386993,84.7164588],[243045.94207191,431250.08424377,84.71676302],[243045.94218636,431250.08460999,84.71706676],[243045.94262505,431250.08476257,84.71767473],[243045.94306374,431250.08491516,84.7182827],[243045.94317818,431250.08528137,84.71858692],[243045.94329262,431250.08564758,84.71889114],[243045.94373131,431250.08580017,84.71950006],[243045.94384575,431250.08616638,84.71980429],[243045.94396019,431250.08654022,84.72010899],[243045.94407463,431250.08690643,84.72041368],[243045.94419098,431250.08727264,84.72071791],[243045.94462967,431250.08742523,84.7213273],[243045.94474411,431250.08779144,84.72163248],[243045.94485855,431250.08816528,84.72193718],[243045.94518471,431250.08795166,84.72224188],[243045.94550896,431250.08773041,84.72254705],[243045.94583321,431250.08751678,84.72285175],[243045.94615746,431250.08730316,84.72315693],[243045.94648361,431250.08708954,84.7234621],[243045.94680786,431250.08687592,84.72376728],[243045.94713211,431250.08666229,84.72407246],[243045.94734192,431250.08607483,84.72407246],[243045.94766808,431250.08586121,84.72437763],[243045.94810867,431250.08601379,84.72498846],[243045.94854927,431250.08616638,84.72559977],[243045.94866371,431250.08654022,84.72590542],[243045.94878006,431250.08690643,84.72621107],[243045.94922066,431250.08705902,84.72682285],[243045.94966125,431250.08721161,84.72743463],[243045.95010185,431250.08737183,84.72804689],[243045.95054436,431250.08752441,84.72865915],[243045.95098495,431250.087677,84.72927189],[243045.95142746,431250.08782959,84.72988462],[243045.95175362,431250.08761597,84.73019123],[243045.95207977,431250.08740234,84.73049736],[243045.95240593,431250.08718872,84.73080397],[243045.95273209,431250.08696747,84.73111105],[243045.95317459,431250.08712769,84.73172426],[243045.95350075,431250.08690643,84.73203134],[243045.9538269,431250.08669281,84.73233843],[243045.95427132,431250.0868454,84.73295212],[243045.95471382,431250.08700562,84.73356676],[243045.95483017,431250.08737183,84.73387384],[243045.95494652,431250.08773804,84.7341814],[243045.95538902,431250.08789825,84.73479605],[243045.95583344,431250.08805084,84.73541117],[243045.95594978,431250.08841705,84.73571873],[243045.95606613,431250.08879089,84.73602676],[243045.95651054,431250.08894348,84.73664236],[243045.95695496,431250.08909607,84.73725796],[243045.95728111,431250.08888245,84.73756599],[243045.95760918,431250.08866882,84.73787403],[243045.95805359,431250.08882141,84.73849058],[243045.95838165,431250.08860779,84.73879862],[243045.95870972,431250.08839417,84.73910713],[243045.95882607,431250.08876038,84.73941517],[243045.95894241,431250.08913422,84.73972368],[243045.95938873,431250.0892868,84.74034071],[243045.95983315,431250.08944702,84.74095821],[243045.96027756,431250.08959961,84.74157572],[243045.96072388,431250.0897522,84.7421937],[243045.9611702,431250.08990479,84.74281168],[243045.96161461,431250.090065,84.74343014],[243045.96194458,431250.08985138,84.74373913],[243045.96227264,431250.08963013,84.7440486],[243045.96260071,431250.0894165,84.74435806],[243045.96281242,431250.08882904,84.74435806],[243045.96314049,431250.08861542,84.74466753],[243045.96347046,431250.08839417,84.744977],[243045.96379852,431250.08818054,84.74528646],[243045.96412849,431250.08796692,84.74559593],[243045.96445656,431250.08774567,84.74590588],[243045.96478653,431250.08753204,84.74621534],[243045.96499825,431250.08694458,84.74621534],[243045.96520996,431250.08635712,84.74621534],[243045.96541977,431250.08576965,84.74621534],[243045.96574974,431250.08555603,84.74652529],[243045.96607971,431250.08533478,84.74683523],[243045.96628952,431250.08474731,84.74683523],[243045.96650124,431250.08415985,84.74683523],[243045.96683121,431250.08394623,84.74714518],[243045.96716118,431250.0837326,84.74745512],[243045.96737289,431250.08314514,84.74745512],[243045.9675827,431250.08255005,84.74745512],[243045.96791267,431250.08233643,84.74776506],[243045.96824265,431250.0821228,84.74807501],[243045.96845436,431250.08153534,84.74807501],[243045.96866608,431250.08094788,84.74807501],[243045.96887779,431250.08036041,84.74807501],[243045.96908951,431250.07976532,84.74807501],[243045.96941948,431250.0795517,84.74838543],[243045.96974945,431250.07933807,84.74869537],[243045.97007942,431250.07911682,84.74900579],[243045.97040939,431250.0789032,84.74931622],[243045.97073936,431250.07868195,84.74962664],[243045.97118759,431250.07883453,84.75024795],[243045.97163582,431250.07898712,84.75086927],[243045.97208595,431250.07913971,84.75149059],[243045.97253609,431250.07929993,84.75211287],[243045.97298431,431250.07945251,84.75273466],[243045.97343445,431250.0796051,84.75335741],[243045.97376633,431250.07938385,84.75366831],[243045.9740963,431250.07917023,84.75397968]]",dji_pose_mesh_ray_contour_nodes,
131,111,3,SPL,3581.5,2025.0,3581,2025,3583,2026,2,1,2,243046.15154839,431249.54784393,84.73971271,dji_pose_mesh_ray_centroid,True,True,314845,2.394438,warp,,3581.5,2025.0,1,1,1.0,1,2.394438,2.394438,2,2,1.0,"[[3581.0,2025.0],[3582.0,2025.0]]","[[243046.15143013,431249.54813385,84.73971271],[243046.15166664,431249.54755402,84.73971271]]",dji_pose_mesh_ray_contour_nodes,
132,112,3,SPL,2706.5385,2049.0385,2704,2043,2711,2056,7,13,52,243045.95817184,431250.05799103,84.72496223,dji_pose_mesh_ray_centroid,True,True,314733,2.31006,warp,,2706.5385,2049.0385,1,1,1.0,1,2.31006,2.31006,16,16,1.0,"[[2710.0,2045.5],[2709.5,2046.0],[2709.0,2046.5],[2708.5,2047.0],[2708.5,2048.0],[2708.0,2048.5],[2707.5,2049.0],[2707.5,2050.0],[2708.0,2050.5],[2708.5,2051.0],[2708.5,2052.0],[2708.5,2053.0],[2708.0,2053.5],[2707.5,2054.0],[2707.0,2054.5],[2706.5,2055.0]]","[[243045.96046638,431250.05648804,84.72712564],[243045.96013832,431250.05670929,84.72681999],[243045.95981216,431250.05692291,84.72651386],[243045.95948601,431250.05714417,84.72620821],[243045.9590435,431250.05699921,84.7255969],[243045.95871735,431250.05721283,84.72529125],[243045.95839119,431250.05743408,84.7249856],[243045.95794678,431250.05728149,84.72437477],[243045.95783043,431250.05692291,84.72406959],[243045.95771599,431250.0565567,84.72376394],[243045.95727348,431250.05640411,84.72315359],[243045.95683098,431250.05625916,84.72254372],[243045.95650482,431250.05648041,84.72223854],[243045.95617867,431250.05669403,84.72193384],[243045.95585442,431250.05691528,84.72162914],[243045.95552826,431250.05712891,84.72132397]]",dji_pose_mesh_ray_contour_nodes,
133,113,3,SPL,5082.2411,2079.0437,5061,2061,5105,2099,44,38,983,243046.37606049,431248.68776703,84.70808315,dji_pose_mesh_ray_centroid,True,True,1220392,2.686113,warp,,5082.2411,2079.0437,1,1,1.0,1,2.686113,2.686113,54,54,1.0,"[[5093.5,2098.0],[5093.0,2097.5],[5092.0,2097.5],[5091.0,2097.5],[5090.0,2097.5],[5089.0,2097.5],[5088.5,2097.0],[5088.0,2096.5],[5087.0,2096.5],[5086.5,2096.0],[5086.0,2095.5],[5085.0,2095.5],[5084.0,2095.5],[5083.5,2095.0],[5083.0,2094.5],[5082.0,2094.5],[5081.0,2094.5],[5080.0,2094.5],[5079.0,2094.5],[5078.5,2094.0],[5078.0,2093.5],[5077.0,2093.5],[5076.5,2093.0],[5076.0,2092.5],[5075.0,2092.5],[5074.0,2092.5],[5073.5,2092.0],[5073.0,2091.5],[5072.5,2091.0],[5072.0,2090.5],[5071.5,2090.0],[5071.0,2089.5],[5070.5,2089.0],[5070.5,2088.0],[5070.0,2087.5],[5069.5,2087.0],[5069.5,2086.0],[5069.0,2085.5],[5068.5,2085.0],[5068.0,2084.5],[5067.5,2084.0],[5067.0,2083.5],[5066.0,2083.5],[5065.5,2083.0],[5065.0,2082.5],[5064.5,2082.0],[5064.0,2081.5],[5063.5,2081.0],[5063.0,2080.5],[5062.5,2080.0],[5062.0,2079.5],[5061.5,2079.0],[5061.5,2078.0],[5061.0,2077.5]]","[[243046.36952591,431248.68354034,84.69689894],[243046.36966705,431248.68376923,84.69719267],[243046.36951256,431248.68432617,84.69719124],[243046.36935806,431248.68487549,84.69719028],[243046.36920547,431248.68543243,84.69718885],[243046.36905098,431248.68598938,84.69718742],[243046.36919212,431248.68621063,84.69748115],[243046.36933327,431248.68643188,84.69777536],[243046.36917877,431248.68698883,84.69777393],[243046.36931992,431248.68721771,84.69806766],[243046.36946106,431248.68743896,84.69836187],[243046.36930656,431248.68799591,84.69836044],[243046.36915207,431248.68854523,84.69835949],[243046.36929321,431248.68877411,84.69865322],[243046.36943436,431248.68899536,84.69894743],[243046.36927986,431248.68955231,84.69894648],[243046.36912727,431248.69010925,84.69894505],[243046.36897278,431248.6906662,84.69894361],[243046.36882019,431248.69121552,84.69894266],[243046.36895943,431248.6914444,84.69923687],[243046.36910057,431248.69166565,84.69953108],[243046.36894608,431248.6922226,84.69952965],[243046.36908722,431248.69245148,84.69982386],[243046.36922836,431248.69267273,84.70011854],[243046.36907387,431248.69322968,84.70011711],[243046.36891937,431248.69378662,84.70011616],[243046.36906052,431248.69400787,84.70041037],[243046.36920166,431248.69423676,84.70070505],[243046.3693428,431248.69445801,84.70099926],[243046.36948395,431248.69468689,84.70129394],[243046.36962509,431248.69490814,84.70158863],[243046.36976433,431248.69513702,84.70188332],[243046.36990547,431248.69535828,84.70217848],[243046.37034225,431248.69525146,84.70276928],[243046.3704834,431248.69548035,84.70306396],[243046.37062454,431248.69570923,84.70335913],[243046.37105942,431248.69560242,84.7039504],[243046.37120056,431248.69582367,84.70424557],[243046.37134171,431248.69605255,84.70454073],[243046.37148285,431248.6962738,84.70483589],[243046.37162399,431248.69650269,84.70513153],[243046.37176514,431248.69672394,84.70542669],[243046.37161064,431248.69728088,84.70542574],[243046.37175369,431248.69750977,84.7057209],[243046.37189484,431248.69773865,84.70601654],[243046.37203598,431248.6979599,84.70631218],[243046.37217712,431248.69818878,84.70660734],[243046.37231827,431248.69841003,84.70690298],[243046.37245941,431248.69863892,84.7071991],[243046.37260056,431248.6988678,84.70749474],[243046.3727417,431248.69908905,84.70779037],[243046.37288284,431248.69931793,84.70808649],[243046.37332153,431248.69921112,84.7086792],[243046.37346268,431248.69944,84.70897531]]",dji_pose_mesh_ray_contour_nodes,
134,114,3,SPL,2699.5,2074.0,2699,2074,2701,2075,2,1,2,243045.94570923,431250.05840302,84.70978737,dji_pose_mesh_ray_centroid,True,True,314733,2.298718,warp,,2699.5,2074.0,1,1,1.0,1,2.298718,2.298718,2,2,1.0,"[[2699.0,2074.0],[2700.0,2074.0]]","[[243045.94560432,431250.05869293,84.70978737],[243045.94581413,431250.0581131,84.70978737]]",dji_pose_mesh_ray_contour_nodes,
135,115,3,SPL,5110.1071,2091.8036,5106,2089,5116,2096,10,7,56,243046.37477493,431248.67366028,84.70057154,dji_pose_mesh_ray_centroid,True,True,1220392,2.688436,warp,,5110.1071,2091.8036,1,1,1.0,1,2.688436,2.688436,9,9,1.0,"[[5115.0,2090.5],[5114.5,2091.0],[5114.5,2092.0],[5114.0,2092.5],[5113.5,2093.0],[5113.5,2094.0],[5113.0,2094.5],[5112.0,2094.5],[5111.5,2095.0]]","[[243046.37609673,431248.67079926,84.7013464],[243046.37580109,431248.67113495,84.70105123],[243046.3753643,431248.67124176,84.70046139],[243046.37507057,431248.67156982,84.70016575],[243046.37477493,431248.67190552,84.69987011],[243046.37433815,431248.67201233,84.69928074],[243046.37404442,431248.67234802,84.69898558],[243046.37389183,431248.67290497,84.69898415],[243046.37359619,431248.67323303,84.69868898]]",dji_pose_mesh_ray_contour_nodes,
136,116,3,SPL,5128.7,2101.25,5126,2100,5133,2104,7,4,20,243046.37351608,431248.66438293,84.69503307,dji_pose_mesh_ray_centroid,True,True,1220392,2.689627,warp,,5128.7,2101.25,1,1,1.0,1,2.689627,2.689627,6,6,1.0,"[[5132.0,2101.5],[5131.5,2102.0],[5131.0,2102.5],[5130.0,2102.5],[5129.0,2102.5],[5128.5,2103.0]]","[[243046.37391281,431248.66259003,84.6948905],[243046.37361908,431248.66291809,84.69459629],[243046.37332535,431248.66325378,84.6943016],[243046.37317276,431248.6638031,84.69430065],[243046.37301826,431248.66436005,84.69429922],[243046.37272453,431248.66468811,84.69400454]]",dji_pose_mesh_ray_contour_nodes,
137,117,3,SPL,2621.6667,2208.3333,2621,2207,2624,2210,3,3,6,243045.87262154,431250.08312988,84.63068056,dji_pose_mesh_ray_centroid,True,True,314733,2.24132,warp,,2621.6667,2208.3333,1,1,1.0,1,2.24132,2.24132,4,4,1.0,"[[2621.5,2207.0],[2622.0,2207.5],[2622.5,2208.0],[2623.0,2208.5]]","[[243045.87313652,431250.0834198,84.63144541],[243045.87303162,431250.08306885,84.63115883],[243045.87292862,431250.08271027,84.63087177],[243045.87282372,431250.08235168,84.63058472]]",dji_pose_mesh_ray_contour_nodes,
138,118,3,SPL,2750.4701,2368.8465,2584,2227,2963,2469,379,242,34086,243045.8335495,431249.98937988,84.54143763,dji_pose_mesh_ray_centroid,True,True,1220228,2.18175,warp,,2750.4701,2368.8465,1,1,1.0,1,2.18175,2.18175,256,256,1.0,"[[2635.5,2227.0],[2636.5,2230.0],[2638.0,2232.5],[2641.0,2234.5],[2644.0,2233.5],[2647.0,2232.5],[2651.5,2233.0],[2652.5,2236.0],[2654.0,2239.5],[2657.0,2240.5],[2661.0,2240.5],[2662.5,2244.0],[2662.0,2247.5],[2660.0,2249.5],[2657.0,2251.5],[2654.5,2253.0],[2652.0,2255.5],[2651.5,2259.0],[2649.5,2261.0],[2646.5,2263.0],[2644.0,2264.5],[2641.5,2266.0],[2640.5,2270.0],[2639.5,2273.0],[2639.5,2278.0],[2638.0,2280.5],[2636.5,2283.0],[2635.5,2287.0],[2637.5,2289.0],[2640.0,2290.5],[2644.0,2291.5],[2647.0,2292.5],[2650.0,2294.5],[2651.5,2297.0],[2649.5,2299.0],[2645.5,2299.0],[2643.0,2297.5],[2640.5,2299.0],[2639.5,2303.0],[2640.5,2306.0],[2643.0,2308.5],[2645.5,2310.0],[2649.0,2310.5],[2653.0,2311.5],[2653.5,2313.0],[2651.5,2315.0],[2649.5,2318.0],[2649.5,2322.0],[2651.5,2325.0],[2652.5,2328.0],[2652.5,2332.0],[2654.0,2335.5],[2658.0,2335.5],[2662.0,2335.5],[2666.0,2336.5],[2666.5,2340.0],[2665.5,2344.0],[2662.5,2345.0],[2660.0,2346.5],[2658.5,2350.0],[2658.5,2354.0],[2659.5,2357.0],[2662.0,2359.5],[2664.5,2361.0],[2668.0,2362.5],[2670.5,2364.0],[2673.0,2365.5],[2676.0,2365.5],[2679.0,2364.5],[2682.0,2363.5],[2686.5,2364.0],[2687.5,2367.0],[2690.0,2369.5],[2692.5,2371.0],[2694.5,2373.0],[2697.0,2375.5],[2697.5,2379.0],[2698.0,2382.5],[2699.5,2386.0],[2701.5,2388.0],[2703.5,2391.0],[2705.5,2393.0],[2706.5,2396.0],[2708.5,2399.0],[2709.5,2402.0],[2712.0,2404.5],[2715.0,2403.5],[2718.5,2403.0],[2722.0,2403.5],[2725.0,2404.5],[2727.5,2403.0],[2730.5,2401.0],[2733.0,2399.5],[2734.5,2396.0],[2733.5,2393.0],[2733.5,2389.0],[2733.5,2384.0],[2732.5,2381.0],[2730.5,2379.0],[2730.5,2374.0],[2730.5,2370.0],[2732.0,2366.5],[2735.0,2365.5],[2737.5,2365.0],[2739.5,2368.0],[2742.0,2369.5],[2742.5,2366.0],[2740.0,2363.5],[2737.5,2362.0],[2738.0,2357.5],[2739.5,2355.0],[2741.0,2352.5],[2744.5,2351.0],[2747.0,2349.5],[2749.5,2348.0],[2751.0,2344.5],[2752.5,2342.0],[2756.0,2340.5],[2759.0,2341.5],[2761.5,2342.0],[2763.5,2339.0],[2764.5,2336.0],[2765.5,2333.0],[2769.0,2331.5],[2772.0,2330.5],[2777.0,2330.5],[2780.0,2331.5],[2782.5,2333.0],[2785.5,2335.0],[2788.0,2334.5],[2791.0,2333.5],[2794.0,2333.5],[2796.5,2335.0],[2800.5,2335.0],[2802.5,2333.0],[2805.0,2331.5],[2808.5,2330.0],[2811.0,2328.5],[2813.5,2327.0],[2816.0,2324.5],[2818.0,2322.5],[2821.0,2320.5],[2822.5,2318.0],[2823.5,2315.0],[2824.0,2311.5],[2823.0,2308.5],[2825.0,2307.5],[2829.0,2306.5],[2832.5,2306.0],[2837.0,2305.5],[2840.5,2305.0],[2843.5,2304.0],[2847.5,2304.0],[2850.0,2305.5],[2852.5,2307.0],[2853.5,2309.0],[2852.0,2311.5],[2850.0,2314.5],[2848.0,2316.5],[2845.5,2318.0],[2841.0,2318.5],[2838.0,2317.5],[2835.5,2319.0],[2836.5,2323.0],[2838.5,2325.0],[2839.5,2329.0],[2840.5,2332.0],[2842.5,2334.0],[2845.5,2336.0],[2849.0,2336.5],[2853.0,2335.5],[2853.5,2332.0],[2856.0,2330.5],[2859.0,2328.5],[2862.0,2327.5],[2865.0,2326.5],[2867.5,2324.0],[2868.5,2321.0],[2867.5,2317.0],[2866.5,2314.0],[2865.5,2311.0],[2864.5,2307.0],[2867.0,2305.5],[2871.0,2305.5],[2876.0,2305.5],[2879.0,2306.5],[2883.0,2307.5],[2886.5,2308.0],[2884.5,2310.0],[2885.5,2314.0],[2888.0,2313.5],[2891.0,2314.5],[2894.0,2316.5],[2898.0,2316.5],[2902.0,2315.5],[2903.5,2318.0],[2905.5,2320.0],[2902.0,2321.5],[2899.0,2322.5],[2895.5,2323.0],[2893.5,2326.0],[2891.0,2325.5],[2888.0,2325.5],[2886.5,2328.0],[2886.5,2332.0],[2889.0,2334.5],[2892.0,2335.5],[2895.0,2336.5],[2898.0,2338.5],[2901.0,2339.5],[2905.0,2338.5],[2908.0,2337.5],[2911.0,2338.5],[2913.0,2341.5],[2913.0,2344.5],[2911.5,2347.0],[2911.0,2350.5],[2914.0,2351.5],[2916.5,2349.0],[2918.5,2347.0],[2919.5,2344.0],[2919.5,2339.0],[2921.0,2336.5],[2923.0,2334.5],[2927.5,2335.0],[2931.0,2335.5],[2932.5,2332.0],[2931.5,2329.0],[2933.0,2326.5],[2934.5,2323.0],[2936.5,2321.0],[2940.0,2320.5],[2943.5,2322.0],[2945.5,2324.0],[2945.0,2328.5],[2943.0,2330.5],[2941.0,2332.5],[2938.5,2335.0],[2937.5,2338.0],[2935.5,2340.0],[2937.5,2343.0],[2939.0,2345.5],[2943.0,2346.5],[2944.5,2349.0],[2943.0,2351.5],[2942.5,2356.0],[2944.5,2358.0],[2948.0,2358.5],[2952.0,2359.5],[2954.5,2361.0],[2958.0,2362.5],[2959.5,2365.0],[2960.5,2368.0],[2959.5,2372.0],[2960.5,2375.0],[2962.0,2378.5]]","[[243045.8677597,431250.07258606,84.62001276],[243045.86673355,431250.07158661,84.61830568],[243045.86601448,431250.07038116,84.61688423],[243045.86580276,431250.06840515,84.61574841],[243045.86681938,431250.06686401,84.61631536],[243045.86783409,431250.06531525,84.6168828],[243045.86853981,431250.06271362,84.61659765],[243045.86751556,431250.0617218,84.61489487],[243045.86638832,431250.06037903,84.61291027],[243045.86658478,431250.05854797,84.61234331],[243045.86739349,431250.05630493,84.61234236],[243045.86626816,431250.05496216,84.6103611],[243045.86474037,431250.05474854,84.60838318],[243045.86352158,431250.05558777,84.6072545],[243045.86210442,431250.05698395,84.60612678],[243045.86099052,431250.05817413,84.60528183],[243045.85947227,431250.05921936,84.60387421],[243045.85793495,431250.05899811,84.6019063],[243045.85670662,431250.05982208,84.6007843],[243045.85527802,431250.06121063,84.59966278],[243045.85415459,431250.06239319,84.59882307],[243045.85303116,431250.06356812,84.59798336],[243045.85119438,431250.06354523,84.59574413],[243045.84976959,431250.06367493,84.59406757],[243045.84773254,431250.06295013,84.59127665],[243045.84641266,431250.06342316,84.5898838],[243045.84509277,431250.06389618,84.58849239],[243045.84326744,431250.06388092,84.58626842],[243045.84286308,431250.06247711,84.58515644],[243045.84276199,431250.06087494,84.58432245],[243045.84316635,431250.05850983,84.58376598],[243045.84336853,431250.05670166,84.58320999],[243045.84316635,431250.05475616,84.58209991],[243045.84245872,431250.05356598,84.5807147],[243045.84124565,431250.05439758,84.57960892],[243045.84043694,431250.05661011,84.57961082],[243045.84053802,431250.05821228,84.58044195],[243045.83942604,431250.05937958,84.57961321],[243045.83761215,431250.05936432,84.57740307],[243045.83660698,431250.05838776,84.57574654],[243045.83610535,431250.05664825,84.57436705],[243045.83600616,431250.05504608,84.57353973],[243045.83651161,431250.05303955,84.57326269],[243045.83691597,431250.0506897,84.57271004],[243045.83641434,431250.05020142,84.57188415],[243045.83520699,431250.05102539,84.57078552],[243045.833601,431250.05171204,84.56913853],[243045.83199883,431250.05114746,84.56694412],[243045.83120155,431250.04962158,84.56529903],[243045.8302021,431250.04865265,84.56365681],[243045.82860565,431250.04808807,84.56147099],[243045.82751274,431250.04677582,84.5595603],[243045.82831573,431250.04457092,84.55955839],[243045.82911682,431250.04237366,84.55955601],[243045.82952118,431250.04003143,84.5590086],[243045.828228,431250.03927612,84.55710173],[243045.82643509,431250.03927612,84.5549264],[243045.82543755,431250.04078674,84.55438423],[243045.82434082,431250.04194641,84.55357122],[243045.82265282,431250.04228973,84.55167246],[243045.82106781,431250.04174042,84.54950476],[243045.82008171,431250.04077911,84.54788113],[243045.81959343,431250.0390625,84.54652786],[243045.81949997,431250.03749084,84.54571629],[243045.81960678,431250.03536224,84.54490471],[243045.81951332,431250.03379059,84.54409409],[243045.81941986,431250.03221893,84.54328394],[243045.82001877,431250.03057861,84.54328203],[243045.8210125,431250.02906799,84.54381943],[243045.82200623,431250.027565,84.5443573],[243045.82270622,431250.02503204,84.54408503],[243045.82172012,431250.02407837,84.54246712],[243045.82123184,431250.02237701,84.54111958],[243045.82113838,431250.02081299,84.54031086],[243045.82074928,431250.01944733,84.53923416],[243045.820261,431250.0177536,84.53788948],[243045.81898308,431250.01701355,84.53601074],[243045.81770706,431250.01628113,84.53413439],[243045.81662941,431250.01499939,84.53226042],[243045.81624222,431250.01364136,84.53118992],[243045.81546402,431250.01216125,84.52958584],[243045.81507683,431250.01081085,84.52851772],[243045.81410217,431250.00987244,84.52691746],[243045.81332588,431250.00839233,84.52531862],[243045.81235123,431250.00745392,84.52372217],[243045.81187057,431250.00577545,84.52239227],[243045.81285477,431250.00427246,84.52292156],[243045.81374359,431250.00243378,84.52318525],[243045.81424141,431250.00046539,84.52291727],[243045.81444359,431249.99871063,84.52238417],[243045.81552505,431249.99754333,84.52317953],[243045.81690216,431249.99617004,84.52424145],[243045.81798553,431249.99500275,84.52503777],[243045.81965637,431249.99462891,84.52690077],[243045.82063484,431249.99555969,84.52850103],[243045.8222065,431249.99607086,84.53063679],[243045.82417488,431249.99671173,84.53331089],[243045.82515907,431249.99764252,84.53491831],[243045.82555008,431249.99899292,84.53599167],[243045.82752609,431249.99964142,84.53867626],[243045.82910919,431250.00016022,84.54082775],[243045.83079529,431249.99979401,84.54271173],[243045.83179092,431249.99827576,84.54324913],[243045.83248901,431249.99697113,84.54351759],[243045.83169746,431249.99549103,84.54189968],[243045.83160019,431249.99393463,84.54109049],[243045.83308983,431249.99411011,84.54297543],[243045.83358383,431249.9957962,84.54432535],[243045.83368111,431249.99736023,84.54513645],[243045.83557129,431249.99767303,84.54756784],[243045.83686829,431249.99716949,84.54891968],[243045.83816528,431249.99667358,84.55027294],[243045.83946419,431249.99494171,84.55108404],[243045.84056473,431249.99376678,84.55189609],[243045.84166527,431249.99258423,84.55270863],[243045.84336853,431249.99221039,84.5546093],[243045.84467125,431249.99170685,84.55596781],[243045.84597588,431249.98997498,84.55678272],[243045.84617615,431249.98819733,84.55623674],[243045.8464756,431249.98675537,84.55596304],[243045.84808159,431249.98603821,84.55759573],[243045.84949112,431249.98587036,84.55923033],[243045.85090065,431249.98570251,84.56086683],[243045.85220909,431249.98396301,84.56168413],[243045.85321426,431249.98243713,84.56222916],[243045.85421944,431249.97968292,84.5622263],[243045.8544178,431249.97789764,84.56167841],[243045.8543148,431249.97633362,84.56085777],[243045.85411072,431249.97442627,84.55976486],[243045.85481453,431249.97311401,84.56003618],[243045.8558197,431249.97158813,84.56058073],[243045.85642242,431249.96993256,84.56057882],[243045.85644722,431249.96840668,84.55974627],[243045.85741043,431249.96625519,84.55972815],[243045.85856438,431249.96538544,84.56082487],[243045.85963821,431249.96417999,84.56164646],[243045.86092377,431249.96242523,84.5624671],[243045.8620224,431249.96122742,84.56328726],[243045.86312294,431249.9600296,84.56410789],[243045.86460686,431249.95894623,84.56547928],[243045.86579514,431249.95807648,84.56657696],[243045.86719513,431249.95666504,84.56767416],[243045.86847115,431249.95612335,84.56905031],[243045.86983299,431249.95591736,84.57070494],[243045.87128258,431249.95604706,84.57263803],[243045.87222099,431249.9569397,84.57429934],[243045.87303162,431249.95595551,84.57485008],[243045.87426567,431249.95386505,84.57539797],[243045.87520409,431249.95199585,84.57567024],[243045.87635231,431249.94957733,84.57594061],[243045.87729073,431249.9477005,84.57621241],[243045.87831306,431249.94616699,84.57676268],[243045.87916565,431249.9439621,84.57675695],[243045.87911797,431249.94241333,84.57592154],[243045.87907219,431249.94086456,84.57508659],[243045.87851334,431249.94009399,84.57397795],[243045.87722969,431249.94063568,84.57259655],[243045.87565041,431249.94139862,84.57094145],[243045.87445831,431249.942276,84.56983995],[243045.87335014,431249.94348145,84.56901598],[243045.87220383,431249.94589996,84.56874657],[243045.87195206,431249.94766235,84.56930304],[243045.87084579,431249.9488678,84.56847954],[243045.869524,431249.94786072,84.56627369],[243045.86918259,431249.94654083,84.56516933],[243045.86786461,431249.94553375,84.56296825],[243045.86693001,431249.94464874,84.56131935],[243045.8665905,431249.94332886,84.56021881],[243045.86646271,431249.94145966,84.55911732],[243045.86701202,431249.93949127,84.55883789],[243045.86823845,431249.93740845,84.55937958],[243045.86968231,431249.93752289,84.56129885],[243045.87078476,431249.93631744,84.56211853],[243045.87218666,431249.93489075,84.56321287],[243045.87320518,431249.93335724,84.5637579],[243045.87422371,431249.9318161,84.5643034],[243045.87571335,431249.9307251,84.56567526],[243045.8770771,431249.93050385,84.56732655],[243045.87840462,431249.93149567,84.56953478],[243045.87934875,431249.93237305,84.57119322],[243045.88029289,431249.93325806,84.57285309],[243045.88162422,431249.93424988,84.57506943],[243045.8827343,431249.93304443,84.57589674],[243045.88358688,431249.93083954,84.57589102],[243045.88464928,431249.9280777,84.57588386],[243045.88490105,431249.92631531,84.57532501],[243045.88536644,431249.9240036,84.5747652],[243045.88591766,431249.92201996,84.57448292],[243045.88471794,431249.92290497,84.57337856],[243045.8833847,431249.92192078,84.57116461],[243045.8841095,431249.92059326,84.57143736],[243045.88435936,431249.9188385,84.57088041],[243045.88422394,431249.9169693,84.56977081],[243045.88507462,431249.9147644,84.56976509],[243045.88631058,431249.91267395,84.57031107],[243045.88566399,431249.91157532,84.56892872],[243045.88531494,431249.91026306,84.56782198],[243045.88399315,431249.91203308,84.56700039],[243045.88297081,431249.91357422,84.56645346],[243045.88203621,431249.91544342,84.56618357],[243045.88045692,431249.91622162,84.56453466],[243045.88011932,431249.91764832,84.56481361],[243045.87948227,431249.91929626,84.56481838],[243045.87820435,431249.91985321,84.56344509],[243045.87666702,431249.91941833,84.56124735],[243045.87623787,431249.91777802,84.5598712],[243045.87648964,431249.91602325,84.55931807],[243045.87674141,431249.91426849,84.55876493],[243045.8766098,431249.91241455,84.55766439],[243045.87685966,431249.91065979,84.55711174],[243045.8780899,431249.90857697,84.55765343],[243045.87910843,431249.90703583,84.55819654],[243045.87935829,431249.9052887,84.55764389],[243045.87863159,431249.90387726,84.55599785],[243045.87748146,431249.90355682,84.55435705],[243045.87620735,431249.9041214,84.5529933],[243045.87478828,431249.90402985,84.55108118],[243045.87504387,431249.90229034,84.55052996],[243045.87649727,431249.90116882,84.55189323],[243045.87768555,431249.90028381,84.55298185],[243045.87904739,431249.9000473,84.55461979],[243045.88096428,431249.90057373,84.55735636],[243045.88224411,431249.90000916,84.55872393],[243045.8834362,431249.89912415,84.55981779],[243045.88419724,431249.89659882,84.55953646],[243045.88474464,431249.89463043,84.55925655],[243045.88641167,431249.89416504,84.56117535],[243045.88735771,431249.89502716,84.56282568],[243045.88864136,431249.89446259,84.56419849],[243045.89031219,431249.89399719,84.56612396],[243045.89151192,431249.89310455,84.56722355],[243045.89244843,431249.89122772,84.56749392],[243045.89261055,431249.88915253,84.56666136],[243045.8922596,431249.8878479,84.56555605],[243045.89041328,431249.88765717,84.56307983],[243045.88921547,431249.8885498,84.56198358],[243045.88801956,431249.88945007,84.56088781],[243045.88652611,431249.89056396,84.55951929],[243045.88515854,431249.89080048,84.55787563],[243045.88396645,431249.89169312,84.5567832],[243045.88323593,431249.89028931,84.55513763],[243045.88259315,431249.88921356,84.55376816],[243045.88305473,431249.88691711,84.5532155],[243045.88241196,431249.88584137,84.55184746],[243045.88113594,431249.88641357,84.55048561],[243045.87932777,431249.88623047,84.54803181],[243045.87900543,431249.8849411,84.54693794],[243045.87955093,431249.88298035,84.54666042],[243045.88001442,431249.88069153,84.5461092],[243045.87998009,431249.87918091,84.54528809],[243045.88015556,431249.87712097,84.54446602],[243045.8795433,431249.87606049,84.54310274],[243045.87864304,431249.87522125,84.54146957],[243045.87695885,431249.87538147,84.53929806],[243045.87606049,431249.87454987,84.53766918],[243045.87508392,431249.87339783,84.53576994]]",dji_pose_mesh_ray_contour_nodes,
139,119,3,SPL,2247.5729,2313.9271,2233,2307,2263,2328,30,21,288,243045.76674461,431250.28015137,84.5703392,dji_pose_mesh_ray_centroid,True,True,1220258,2.224066,warp,,2247.5729,2313.9271,1,1,1.0,1,2.224066,2.224066,54,54,1.0,"[[2248.5,2327.0],[2248.5,2326.0],[2248.5,2325.0],[2248.5,2324.0],[2248.5,2323.0],[2248.5,2322.0],[2248.5,2321.0],[2248.5,2320.0],[2248.0,2319.5],[2247.5,2319.0],[2247.0,2318.5],[2246.5,2318.0],[2246.0,2317.5],[2245.5,2317.0],[2245.0,2316.5],[2244.0,2316.5],[2243.5,2316.0],[2244.0,2315.5],[2244.5,2315.0],[2244.5,2314.0],[2244.5,2313.0],[2244.5,2312.0],[2244.0,2311.5],[2243.5,2311.0],[2243.0,2310.5],[2242.5,2310.0],[2242.0,2309.5],[2241.0,2309.5],[2240.5,2310.0],[2240.5,2311.0],[2240.5,2312.0],[2240.5,2313.0],[2240.5,2314.0],[2240.5,2315.0],[2241.0,2315.5],[2241.5,2316.0],[2241.5,2317.0],[2241.0,2317.5],[2240.0,2317.5],[2239.0,2317.5],[2238.0,2317.5],[2237.5,2317.0],[2237.0,2316.5],[2236.5,2316.0],[2236.0,2315.5],[2235.5,2315.0],[2235.0,2314.5],[2234.5,2314.0],[2234.5,2313.0],[2234.0,2312.5],[2233.5,2312.0],[2233.5,2311.0],[2233.5,2310.0],[2233.0,2309.5]]","[[243045.76227951,431250.27742004,84.56308794],[243045.76263237,431250.27758789,84.56364155],[243045.76298523,431250.27775574,84.56419516],[243045.76333809,431250.27792358,84.56474924],[243045.76369095,431250.27809143,84.5653038],[243045.76404572,431250.27825928,84.56585836],[243045.76439857,431250.27842712,84.56641293],[243045.76475143,431250.27859497,84.56696796],[243045.76484489,431250.27896881,84.56724358],[243045.76493645,431250.27933502,84.56752014],[243045.76502991,431250.27970886,84.56779623],[243045.76512146,431250.28007507,84.56807232],[243045.76521492,431250.28044891,84.56834888],[243045.76530647,431250.28081512,84.56862497],[243045.76539993,431250.28118896,84.56890154],[243045.76523018,431250.28176117,84.56889868],[243045.76532364,431250.28212738,84.56917477],[243045.76558495,431250.28192902,84.56945419],[243045.76584625,431250.28172302,84.56973362],[243045.76619911,431250.2818985,84.57028961],[243045.76655388,431250.28206635,84.57084608],[243045.76690865,431250.28223419,84.57140255],[243045.76700211,431250.28260803,84.57167959],[243045.76709366,431250.28297424,84.57195663],[243045.76718712,431250.28334808,84.5722332],[243045.76728058,431250.28371429,84.57251024],[243045.76737213,431250.28408813,84.57278776],[243045.76720428,431250.28466034,84.5727849],[243045.76694107,431250.2848587,84.572505],[243045.7665863,431250.28469086,84.57194805],[243045.76623154,431250.28452301,84.57139111],[243045.76587868,431250.28434753,84.57083464],[243045.76552391,431250.28417969,84.57027864],[243045.76516914,431250.28401184,84.56972218],[243045.76507759,431250.283638,84.56944561],[243045.76498413,431250.28327179,84.56916952],[243045.76463127,431250.28310394,84.56861353],[243045.76436996,431250.28330231,84.56833458],[243045.76420021,431250.28387451,84.56833172],[243045.76403236,431250.28443909,84.56832886],[243045.76386261,431250.28501129,84.568326],[243045.76395607,431250.28538513,84.56860208],[243045.76404762,431250.28575134,84.56887865],[243045.76414108,431250.28612518,84.56915522],[243045.76423264,431250.28649902,84.56943178],[243045.76432419,431250.28686523,84.56970835],[243045.76441765,431250.28723907,84.56998491],[243045.7645092,431250.28760529,84.57026148],[243045.76486397,431250.28778076,84.57081795],[243045.76495743,431250.28814697,84.57109451],[243045.76504898,431250.28852081,84.57137155],[243045.76540375,431250.28868866,84.5719285],[243045.76575851,431250.28886414,84.57248545],[243045.76585007,431250.28923035,84.57276249]]",dji_pose_mesh_ray_contour_nodes,
140,120,3,SPL,2924.2917,2309.3333,2921,2308,2928,2313,7,5,24,243045.89344215,431249.90104675,84.57368898,dji_pose_mesh_ray_centroid,True,True,1220225,2.210895,warp,,2924.2917,2309.3333,1,1,1.0,1,2.210895,2.210895,7,7,1.0,"[[2924.5,2312.0],[2924.0,2311.5],[2923.5,2311.0],[2923.0,2310.5],[2922.0,2310.5],[2921.5,2310.0],[2921.0,2309.5]]","[[243045.89245033,431249.90065002,84.5722127],[243045.89253807,431249.90097809,84.57249021],[243045.89262581,431249.90130615,84.57276726],[243045.89271355,431249.90163422,84.57304478],[243045.89249992,431249.90218353,84.57304621],[243045.89258766,431249.9025116,84.57332373],[243045.8926754,431249.90283966,84.57360172]]",dji_pose_mesh_ray_contour_nodes,
141,121,3,SPL,2918.8649,2323.8108,2916,2320,2923,2328,7,8,37,243045.8866806,431249.9025116,84.56570101,dji_pose_mesh_ray_centroid,True,True,1220225,2.2055,warp,,2918.8649,2323.8108,1,1,1.0,1,2.2055,2.2055,9,9,1.0,"[[2917.5,2320.0],[2918.0,2320.5],[2919.0,2320.5],[2919.5,2321.0],[2920.0,2321.5],[2920.5,2322.0],[2921.0,2322.5],[2921.5,2323.0],[2922.0,2323.5]]","[[243045.88786316,431249.90366364,84.56780386],[243045.88777733,431249.90333557,84.56752729],[243045.88798904,431249.90278625,84.56752586],[243045.88790131,431249.90245819,84.5672493],[243045.88781357,431249.90213013,84.56697273],[243045.88772774,431249.90180206,84.56669617],[243045.88764,431249.901474,84.56642008],[243045.88755226,431249.90114594,84.56614351],[243045.88746643,431249.90081787,84.56586742]]",dji_pose_mesh_ray_contour_nodes,
142,122,3,SPL,3076.875,2325.125,3076,2324,3079,2327,3,3,8,243045.91973305,431249.81541443,84.56473446,dji_pose_mesh_ray_centroid,True,True,1220225,2.216519,warp,,3076.875,2325.125,1,1,1.0,1,2.216519,2.216519,2,2,1.0,"[[3077.5,2324.0],[3078.0,2324.5]]","[[243045.92030716,431249.81517029,84.56535387],[243045.92021751,431249.81484985,84.5650773]]",dji_pose_mesh_ray_contour_nodes,
143,123,3,SPL,2242.5455,2329.0,2241,2328,2245,2332,4,4,11,243045.76057053,431250.2804718,84.56196356,dji_pose_mesh_ray_centroid,True,True,1220258,2.219421,warp,,2242.5455,2329.0,1,1,1.0,1,2.219421,2.219421,4,4,1.0,"[[2242.5,2331.0],[2242.0,2330.5],[2241.5,2330.0],[2241.0,2329.5]]","[[243045.75985909,431250.28016663,84.5608573],[243045.75995064,431250.28053284,84.56113243],[243045.76004219,431250.28089905,84.56140709],[243045.76013374,431250.28127289,84.56168222]]",dji_pose_mesh_ray_contour_nodes,
144,124,3,SPL,2788.5,2329.2,2787,2328,2791,2331,4,3,10,243045.85705757,431249.97350311,84.56293154,dji_pose_mesh_ray_centroid,True,True,1220228,2.197176,warp,,2788.5,2329.2,1,1,1.0,1,2.197176,2.197176,2,2,1.0,"[[2787.0,2328.5],[2787.5,2328.0]]","[[243045.8570385,431249.97441864,84.56331491],[243045.85734177,431249.97420502,84.56358814]]",dji_pose_mesh_ray_contour_nodes,
145,125,3,SPL,2252.1691,2336.2609,2244,2329,2265,2345,21,16,207,243045.75963593,431250.27378082,84.55798054,dji_pose_mesh_ray_centroid,True,True,1220258,2.216085,warp,,2252.1691,2336.2609,1,1,1.0,1,2.216085,2.216085,25,25,1.0,"[[2264.0,2334.5],[2263.5,2335.0],[2263.5,2336.0],[2263.0,2336.5],[2262.5,2337.0],[2262.0,2337.5],[2261.0,2337.5],[2260.5,2338.0],[2260.0,2338.5],[2259.0,2338.5],[2258.5,2339.0],[2258.0,2339.5],[2257.0,2339.5],[2256.0,2339.5],[2255.5,2340.0],[2255.0,2340.5],[2254.0,2340.5],[2253.5,2341.0],[2253.0,2341.5],[2252.5,2342.0],[2252.0,2342.5],[2251.5,2343.0],[2251.0,2343.5],[2250.0,2343.5],[2249.5,2344.0]]","[[243045.76224709,431250.26734161,84.55898762],[243045.76198769,431250.26754761,84.5587101],[243045.76163673,431250.26737976,84.5581584],[243045.76137543,431250.26757812,84.55788088],[243045.76111603,431250.26778412,84.55760336],[243045.76085663,431250.26798248,84.55732632],[243045.76068687,431250.26854706,84.55732346],[243045.76042747,431250.26875305,84.55704594],[243045.76016808,431250.26895142,84.55676889],[243045.76000023,431250.26952362,84.55676603],[243045.75973892,431250.26972198,84.55648899],[243045.75947952,431250.26992035,84.55621195],[243045.75931168,431250.27049255,84.55620861],[243045.75914192,431250.27105713,84.55620575],[243045.75888252,431250.27126312,84.55592871],[243045.75862312,431250.27146149,84.55565166],[243045.75845528,431250.27202606,84.5556488],[243045.75819588,431250.27223206,84.55537176],[243045.75793648,431250.27243042,84.55509472],[243045.75767708,431250.27262878,84.55481815],[243045.75741768,431250.27283478,84.55454111],[243045.75715637,431250.27303314,84.55426455],[243045.75689697,431250.27323151,84.5539875],[243045.75672913,431250.27380371,84.55398464],[243045.75646973,431250.27400208,84.55370808]]",dji_pose_mesh_ray_contour_nodes,
146,126,3,SPL,2952.2745,2346.0196,2948,2343,2958,2350,10,7,51,243045.88519859,431249.88188934,84.55346298,dji_pose_mesh_ray_centroid,True,True,1220225,2.199937,warp,,2952.2745,2346.0196,1,1,1.0,1,2.199937,2.199937,9,9,1.0,"[[2948.0,2345.5],[2948.5,2345.0],[2948.5,2344.0],[2949.0,2343.5],[2950.0,2343.5],[2951.0,2343.5],[2952.0,2343.5],[2953.0,2343.5],[2953.5,2343.0]]","[[243045.88449478,431249.88428497,84.55375385],[243045.88479233,431249.88405609,84.55402613],[243045.88517761,431249.8841629,84.55457306],[243045.88547516,431249.88393402,84.55484581],[243045.88568687,431249.8833847,84.55484438],[243045.88589859,431249.88284302,84.55484247],[243045.88611031,431249.8822937,84.55484104],[243045.88632202,431249.88174438,84.55483961],[243045.88661957,431249.88152313,84.55511236]]",dji_pose_mesh_ray_contour_nodes,
147,127,3,SPL,3075.5714,2345.2857,3075,2344,3077,2348,2,4,7,243045.9115715,431249.81433105,84.55366516,dji_pose_mesh_ray_centroid,True,True,1220225,2.209408,warp,,3075.5714,2345.2857,1,1,1.0,1,2.209408,2.209408,2,2,1.0,"[[3075.5,2347.0],[3075.0,2346.5]]","[[243045.91088867,431249.81422424,84.55272722],[243045.91097641,431249.81453705,84.5530014]]",dji_pose_mesh_ray_contour_nodes,
148,128,3,SPL,2396.5,2348.0,2396,2348,2398,2349,2,1,2,243045.77972794,431250.19008636,84.55195951,dji_pose_mesh_ray_centroid,True,True,1220258,2.20055,warp,,2396.5,2348.0,1,1,1.0,1,2.20055,2.20055,2,2,1.0,"[[2396.0,2348.0],[2397.0,2348.0]]","[[243045.77964401,431250.19036865,84.55195808],[243045.77981186,431250.18979645,84.55196142]]",dji_pose_mesh_ray_contour_nodes,
149,129,3,SPL,2303.0,2361.5,2303,2361,2304,2363,1,2,2,243045.75932121,431250.24082184,84.54427719,dji_pose_mesh_ray_centroid,True,True,1220258,2.203262,warp,,2303.0,2361.5,1,1,1.0,1,2.203262,2.203262,2,2,1.0,"[[2303.0,2361.0],[2303.0,2362.0]]","[[243045.75949669,431250.24089813,84.5445509],[243045.75914764,431250.24073792,84.54400396]]",dji_pose_mesh_ray_contour_nodes,
150,130,3,SPL,2256.9496,2369.3613,2252,2363,2265,2377,13,14,119,243045.74886513,431250.26557159,84.53983831,dji_pose_mesh_ray_centroid,True,True,1220258,2.204707,warp,,2256.9496,2369.3613,1,1,1.0,1,2.204707,2.204707,16,16,1.0,"[[2264.0,2369.5],[2263.5,2370.0],[2263.0,2370.5],[2262.5,2371.0],[2262.0,2371.5],[2261.0,2371.5],[2260.5,2372.0],[2260.0,2372.5],[2259.5,2373.0],[2259.0,2373.5],[2258.5,2374.0],[2258.0,2374.5],[2257.0,2374.5],[2256.5,2375.0],[2256.0,2375.5],[2255.5,2376.0]]","[[243045.74999809,431250.26156616,84.53978538],[243045.7497406,431250.26176453,84.5395112],[243045.74948311,431250.26196289,84.53923702],[243045.74922562,431250.26216125,84.53896284],[243045.74896812,431250.26236725,84.53868866],[243045.74880028,431250.26293182,84.5386858],[243045.74854279,431250.26313019,84.53841162],[243045.74828529,431250.26332855,84.53813744],[243045.7480278,431250.26352692,84.53786373],[243045.74777031,431250.26373291,84.53758955],[243045.74751472,431250.26393127,84.53731585],[243045.74725533,431250.26412964,84.53704214],[243045.74708939,431250.26469421,84.5370388],[243045.74683189,431250.26489258,84.5367651],[243045.7465744,431250.26509857,84.53649139],[243045.74631691,431250.26529694,84.53621769]]",dji_pose_mesh_ray_contour_nodes,
151,131,3,SPL,2466.2,2365.0,2465,2364,2469,2367,4,3,10,243045.78494453,431250.14810944,84.54293251,dji_pose_mesh_ray_centroid,True,True,314849,2.190128,warp,,2466.2,2365.0,1,1,1.0,1,2.190128,2.190128,2,2,1.0,"[[2467.5,2364.0],[2468.0,2364.5]]","[[243045.78547859,431250.14750671,84.54348516],[243045.78537178,431250.14714813,84.54321575]]",dji_pose_mesh_ray_contour_nodes,
152,132,3,SPL,2710.1429,2364.9286,2708,2364,2713,2367,5,3,14,243045.82705688,431250.01196289,84.54357099,dji_pose_mesh_ray_centroid,True,True,1220228,2.182374,warp,,2710.1429,2364.9286,1,1,1.0,1,2.182374,2.182374,2,2,1.0,"[[2708.5,2366.0],[2708.0,2365.5]]","[[243045.82630539,431250.0127182,84.5429945],[243045.82640266,431250.01306152,84.54326439]]",dji_pose_mesh_ray_contour_nodes,
153,133,3,SPL,1313.3941,2383.9628,1306,2370,1323,2400,17,30,269,243045.56334305,431250.78549194,84.53143311,dji_pose_mesh_ray_centroid,True,True,1220233,2.326204,warp,,1313.3941,2383.9628,1,1,1.0,1,2.326204,2.326204,34,34,1.0,"[[1314.5,2370.0],[1315.0,2370.5],[1315.5,2371.0],[1316.0,2371.5],[1317.0,2371.5],[1317.5,2372.0],[1318.0,2372.5],[1318.5,2373.0],[1318.5,2374.0],[1318.5,2375.0],[1318.5,2376.0],[1318.5,2377.0],[1318.5,2378.0],[1318.0,2378.5],[1317.5,2379.0],[1317.5,2380.0],[1317.0,2380.5],[1316.5,2381.0],[1316.5,2382.0],[1316.0,2382.5],[1315.5,2383.0],[1315.5,2384.0],[1315.5,2385.0],[1315.5,2386.0],[1315.5,2387.0],[1315.5,2388.0],[1316.0,2388.5],[1317.0,2388.5],[1318.0,2388.5],[1319.0,2388.5],[1319.5,2388.0],[1320.0,2387.5],[1321.0,2387.5],[1322.0,2387.5]]","[[243045.56793785,431250.78843689,84.53904486],[243045.56786919,431250.7880249,84.53877306],[243045.56779861,431250.78761292,84.53850126],[243045.56772995,431250.78720093,84.53822947],[243045.56790924,431250.78662872,84.53823137],[243045.56784058,431250.78622437,84.53795958],[243045.56777,431250.78581238,84.53768778],[243045.56770134,431250.78540039,84.53741598],[243045.56738663,431250.78514099,84.53687048],[243045.56707191,431250.78488922,84.53632498],[243045.56675529,431250.78462982,84.53577995],[243045.56644058,431250.78437805,84.53523493],[243045.56612587,431250.78411865,84.5346899],[243045.56587982,431250.78427887,84.53441668],[243045.56563377,431250.78443146,84.53414297],[243045.56531906,431250.78417206,84.53359842],[243045.56507301,431250.78433228,84.53332519],[243045.56482506,431250.78448486,84.53305197],[243045.56451225,431250.78423309,84.5325079],[243045.5642662,431250.78438568,84.53223467],[243045.56402016,431250.7845459,84.53196192],[243045.56370544,431250.7842865,84.53141785],[243045.56339073,431250.78403473,84.53087473],[243045.56307602,431250.78377533,84.53033113],[243045.56276321,431250.78352356,84.52978802],[243045.5624485,431250.78326416,84.5292449],[243045.56238174,431250.7828598,84.52897501],[243045.56255913,431250.78229523,84.52897739],[243045.56273651,431250.78172302,84.52897978],[243045.56291389,431250.78115845,84.52898216],[243045.56315804,431250.78100586,84.52925444],[243045.56340408,431250.78084564,84.52952719],[243045.56358147,431250.78028107,84.52952957],[243045.56375885,431250.77971649,84.52953196]]",dji_pose_mesh_ray_contour_nodes,
154,134,3,SPL,2416.5909,2375.2727,2414,2373,2420,2378,6,5,22,243045.77347565,431250.17466736,84.53713894,dji_pose_mesh_ray_centroid,True,True,1220258,2.190329,warp,,2416.5909,2375.2727,1,1,1.0,1,2.190329,2.190329,6,6,1.0,"[[2414.0,2375.5],[2414.5,2375.0],[2414.5,2374.0],[2415.0,2373.5],[2416.0,2373.5],[2416.5,2373.0]]","[[243045.77296257,431250.17608643,84.53700733],[243045.77322197,431250.17588043,84.53728056],[243045.77357292,431250.17602539,84.53782368],[243045.77383232,431250.1758194,84.5380969],[243045.77399826,431250.17526245,84.53810024],[243045.77425766,431250.17504883,84.53837347]]",dji_pose_mesh_ray_contour_nodes,
155,135,3,SPL,3085.0,2374.0,3085,2374,3086,2375,1,1,1,243045.90242577,431249.80664825,84.53801918,dji_pose_mesh_ray_centroid,True,True,1220225,2.20043,warp,,3085.0,2374.0,1,1,1.0,1,2.20043,2.20043,1,1,1.0,"[[3085.0,2374.0]]","[[243045.90242577,431249.80664825,84.53801918]]",dji_pose_mesh_ray_contour_nodes,
156,136,3,SPL,3089.5314,2425.8115,3072,2378,3115,2461,43,83,1910,243045.8841114,431249.79985809,84.51014614,dji_pose_mesh_ray_centroid,True,True,314847,2.184308,warp,,3089.5314,2425.8115,1,1,1.0,1,2.184308,2.184308,124,124,1.0,"[[3088.5,2378.0],[3089.0,2378.5],[3089.5,2379.0],[3090.0,2379.5],[3090.5,2380.0],[3090.5,2381.0],[3091.0,2381.5],[3091.5,2382.0],[3092.0,2382.5],[3092.5,2383.0],[3092.5,2384.0],[3092.5,2385.0],[3092.0,2385.5],[3091.0,2385.5],[3090.5,2386.0],[3090.0,2386.5],[3089.0,2386.5],[3088.0,2386.5],[3087.0,2386.5],[3086.5,2387.0],[3086.0,2387.5],[3085.5,2388.0],[3085.0,2388.5],[3084.5,2389.0],[3084.5,2390.0],[3084.0,2390.5],[3083.5,2391.0],[3083.5,2392.0],[3083.5,2393.0],[3083.5,2394.0],[3084.0,2394.5],[3084.5,2395.0],[3084.5,2396.0],[3084.5,2397.0],[3084.5,2398.0],[3084.5,2399.0],[3084.5,2400.0],[3084.0,2400.5],[3083.5,2401.0],[3083.0,2401.5],[3082.5,2402.0],[3082.0,2402.5],[3081.5,2403.0],[3081.0,2403.5],[3080.5,2404.0],[3080.5,2405.0],[3081.0,2405.5],[3081.5,2406.0],[3082.0,2406.5],[3082.5,2407.0],[3083.0,2407.5],[3083.5,2408.0],[3084.0,2408.5],[3084.5,2409.0],[3085.0,2409.5],[3085.5,2410.0],[3086.0,2410.5],[3086.5,2411.0],[3087.0,2411.5],[3088.0,2411.5],[3089.0,2411.5],[3090.0,2411.5],[3091.0,2411.5],[3092.0,2411.5],[3093.0,2411.5],[3093.5,2411.0],[3094.0,2410.5],[3095.0,2410.5],[3096.0,2410.5],[3097.0,2410.5],[3098.0,2410.5],[3099.0,2410.5],[3100.0,2410.5],[3100.5,2411.0],[3101.0,2411.5],[3102.0,2411.5],[3103.0,2411.5],[3104.0,2411.5],[3104.5,2412.0],[3105.0,2412.5],[3105.5,2413.0],[3106.0,2413.5],[3106.5,2414.0],[3106.5,2415.0],[3107.0,2415.5],[3107.5,2416.0],[3108.0,2416.5],[3108.5,2417.0],[3109.0,2417.5],[3109.5,2418.0],[3109.5,2419.0],[3110.0,2419.5],[3110.5,2420.0],[3110.5,2421.0],[3110.5,2422.0],[3110.5,2423.0],[3110.5,2424.0],[3110.5,2425.0],[3110.0,2425.5],[3109.5,2426.0],[3109.0,2426.5],[3108.5,2427.0],[3108.0,2427.5],[3107.5,2428.0],[3107.0,2428.5],[3106.5,2429.0],[3106.5,2430.0],[3107.0,2430.5],[3107.5,2431.0],[3108.0,2431.5],[3108.5,2432.0],[3109.0,2432.5],[3109.5,2433.0],[3110.0,2433.5],[3110.5,2434.0],[3111.0,2434.5],[3111.5,2435.0],[3112.0,2435.5],[3112.5,2436.0],[3112.5,2437.0],[3113.0,2437.5],[3113.5,2438.0],[3113.5,2439.0],[3114.0,2439.5]]","[[243045.90162086,431249.80438995,84.53584862],[243045.90153313,431249.80407715,84.5355773],[243045.90144539,431249.80375671,84.53530598],[243045.90135765,431249.80344391,84.53503513],[243045.90126991,431249.8031311,84.53476381],[243045.90088463,431249.80303955,84.53422356],[243045.9008007,431249.80272675,84.53395224],[243045.90071869,431249.80241394,84.53368092],[243045.90063477,431249.80209351,84.5334096],[243045.90055275,431249.8017807,84.53313827],[243045.90018082,431249.80169678,84.53259706],[243045.89980888,431249.80161285,84.53205633],[243045.89951706,431249.80184937,84.53178692],[243045.89931107,431249.80239105,84.53178835],[243045.89901924,431249.80262756,84.53151846],[243045.89873123,431249.80285645,84.53124905],[243045.89852333,431249.80339813,84.53125048],[243045.89831543,431249.80394745,84.53125191],[243045.89810753,431249.80448914,84.53125381],[243045.89781761,431249.80472565,84.53098392],[243045.89752769,431249.80495453,84.53071451],[243045.89723778,431249.80518341,84.53044558],[243045.89694786,431249.80541229,84.53017616],[243045.89665794,431249.8056488,84.52990675],[243045.89628601,431249.80556488,84.52936697],[243045.895998,431249.80579376,84.52909756],[243045.89570808,431249.80602264,84.52882862],[243045.89533615,431249.80593872,84.52828884],[243045.89496613,431249.8058548,84.52774954],[243045.89459419,431249.80577087,84.52721071],[243045.89451408,431249.80545807,84.52694035],[243045.89443207,431249.80514526,84.52666998],[243045.89406204,431249.80506134,84.52613115],[243045.89369011,431249.80497742,84.5255928],[243045.89332008,431249.80489349,84.52505398],[243045.89295006,431249.80480957,84.52451611],[243045.89258003,431249.80472565,84.52397776],[243045.89229202,431249.80496216,84.52370977],[243045.89200211,431249.80519104,84.52344131],[243045.8917141,431249.80541992,84.52317333],[243045.89142609,431249.8056488,84.52290535],[243045.89113808,431249.80587769,84.52263737],[243045.89085007,431249.80610657,84.52236938],[243045.89056015,431249.80634308,84.52210188],[243045.89027214,431249.80657196,84.5218339],[243045.88990402,431249.80648804,84.5212965],[243045.88982201,431249.80617523,84.52102756],[243045.8897419,431249.80586243,84.52075815],[243045.88965988,431249.80554962,84.52048922],[243045.88957977,431249.80522919,84.5202198],[243045.88949776,431249.80491638,84.51995087],[243045.88941765,431249.80460358,84.51968193],[243045.88933563,431249.80429077,84.51941299],[243045.88925552,431249.80397797,84.51914406],[243045.88917351,431249.80366516,84.51887512],[243045.8890934,431249.80335236,84.51860619],[243045.88901329,431249.80303955,84.51833725],[243045.88893127,431249.80272675,84.51806831],[243045.88885117,431249.80241394,84.51779985],[243045.88905716,431249.80187225,84.51779795],[243045.88926506,431249.80133057,84.51779652],[243045.88947105,431249.80078125,84.51779509],[243045.88967896,431249.80023956,84.51779318],[243045.88988495,431249.79969788,84.51779175],[243045.89009285,431249.79915619,84.51779032],[243045.89038086,431249.79892731,84.51805735],[243045.89066887,431249.7986908,84.51832437],[243045.89087486,431249.79814911,84.51832294],[243045.89108276,431249.79760742,84.51832104],[243045.89128876,431249.79706573,84.51831961],[243045.89149666,431249.79651642,84.51831818],[243045.89170265,431249.79597473,84.51831675],[243045.89191055,431249.79543304,84.51831484],[243045.89182854,431249.79512024,84.5180459],[243045.89174843,431249.79480743,84.51777744],[243045.89195442,431249.79426575,84.51777554],[243045.89216232,431249.79372406,84.5177741],[243045.89236832,431249.79317474,84.51777267],[243045.89228821,431249.79286957,84.51750374],[243045.89220619,431249.79255676,84.51723528],[243045.89212608,431249.79224396,84.51696634],[243045.89204407,431249.79193115,84.51669788],[243045.89196205,431249.79161835,84.51642942],[243045.89159393,431249.79153442,84.51589394],[243045.89151382,431249.79122162,84.51562595],[243045.89143181,431249.79091644,84.51535749],[243045.8913517,431249.79060364,84.51508903],[243045.89126968,431249.79029083,84.51482105],[243045.89118958,431249.78997803,84.51455259],[243045.89110756,431249.78966522,84.51428461],[243045.89073944,431249.78958893,84.51375008],[243045.89065742,431249.78927612,84.51348209],[243045.89057732,431249.78896332,84.51321411],[243045.8902092,431249.78887939,84.51267958],[243045.88984108,431249.7888031,84.51214552],[243045.88947296,431249.78871918,84.51161194],[243045.88910484,431249.78864288,84.51107788],[243045.88873672,431249.78855896,84.51054478],[243045.88845062,431249.78879547,84.5102787],[243045.88816261,431249.78902435,84.5100131],[243045.88787651,431249.78925323,84.50974703],[243045.8875885,431249.78948212,84.50948143],[243045.8873024,431249.78971863,84.50921583],[243045.8870163,431249.78994751,84.50895023],[243045.88672829,431249.79017639,84.50868463],[243045.88644218,431249.79040527,84.50841904],[243045.88607407,431249.79032898,84.50788641],[243045.88599396,431249.79001617,84.50761938],[243045.88591385,431249.78970337,84.50735235],[243045.88583374,431249.78939056,84.5070858],[243045.88575363,431249.78908539,84.50681877],[243045.88567352,431249.78877258,84.50655174],[243045.88559341,431249.78845978,84.50628519],[243045.8855114,431249.7881546,84.50601816],[243045.88542557,431249.7878418,84.50575256],[243045.88533783,431249.78752899,84.50548649],[243045.885252,431249.78721619,84.50522089],[243045.88516426,431249.78690338,84.50495481],[243045.88507843,431249.78659058,84.50468922],[243045.8847084,431249.78651428,84.5041585],[243045.88462067,431249.78620148,84.5038929],[243045.88453484,431249.78588867,84.5036273],[243045.88416481,431249.78580475,84.50309706],[243045.88407898,431249.78549194,84.50283146]]",dji_pose_mesh_ray_contour_nodes,
157,137,3,SPL,2469.0,2380.5,2469,2380,2470,2382,1,2,2,243045.77987099,431250.14427948,84.53453255,dji_pose_mesh_ray_centroid,True,True,314849,2.184906,warp,,2469.0,2380.5,1,1,1.0,1,2.184906,2.184906,2,2,1.0,"[[2469.0,2380.0],[2469.0,2381.0]]","[[243045.78004837,431250.14434814,84.53480339],[243045.77969551,431250.14421082,84.5342617]]",dji_pose_mesh_ray_contour_nodes,
158,138,3,SPL,2302.75,2384.0,2302,2383,2304,2386,2,3,4,243045.75144005,431250.23735809,84.5320282,dji_pose_mesh_ray_centroid,True,True,1220258,2.19599,warp,,2302.75,2384.0,1,1,1.0,1,2.19599,2.19599,2,2,1.0,"[[2302.0,2383.5],[2302.5,2383.0]]","[[243045.75148964,431250.23786163,84.53229713],[243045.75174713,431250.23766327,84.53256988]]",dji_pose_mesh_ray_contour_nodes,
159,139,3,SPL,2253.4286,2388.1429,2251,2387,2257,2390,6,3,14,243045.74176788,431250.26446533,84.52961779,dji_pose_mesh_ray_centroid,True,True,1220258,2.198949,warp,,2253.4286,2388.1429,1,1,1.0,1,2.198949,2.198949,3,3,1.0,"[[2251.0,2387.5],[2252.0,2387.5],[2252.5,2387.0]]","[[243045.74158478,431250.26593781,84.52995825],[243045.74175262,431250.26538086,84.52996159],[243045.74200821,431250.26517487,84.53023434]]",dji_pose_mesh_ray_contour_nodes,
160,140,3,SPL,2863.5185,2411.0741,2857,2407,2871,2416,14,9,81,243045.84282875,431249.92368317,84.51838398,dji_pose_mesh_ray_centroid,True,True,314847,2.174083,warp,,2863.5185,2411.0741,1,1,1.0,1,2.174083,2.174083,10,10,1.0,"[[2857.0,2411.5],[2858.0,2411.5],[2858.5,2411.0],[2859.0,2410.5],[2859.5,2410.0],[2860.0,2409.5],[2860.5,2409.0],[2860.5,2408.0],[2861.0,2407.5],[2861.5,2407.0]]","[[243045.84133148,431249.9271698,84.51816606],[243045.84153748,431249.92662811,84.51816463],[243045.84181976,431249.92640686,84.51843166],[243045.84210396,431249.92618561,84.51869822],[243045.84238625,431249.92597198,84.51896524],[243045.84267044,431249.92575073,84.51923227],[243045.84295273,431249.92552948,84.5194993],[243045.84331322,431249.92563629,84.52003479],[243045.84359741,431249.92541504,84.52030182],[243045.8438797,431249.92520142,84.52056885]]",dji_pose_mesh_ray_contour_nodes,
161,141,3,SPL,2875.8605,2414.5814,2871,2411,2880,2420,9,9,43,243045.8441124,431249.91663361,84.51648807,dji_pose_mesh_ray_centroid,True,True,314847,2.173602,warp,,2875.8605,2414.5814,1,1,1.0,1,2.173602,2.173602,13,13,1.0,"[[2876.5,2419.0],[2876.0,2418.5],[2875.5,2418.0],[2875.5,2417.0],[2875.0,2416.5],[2874.5,2416.0],[2874.5,2415.0],[2874.0,2414.5],[2873.0,2414.5],[2872.5,2414.0],[2872.0,2413.5],[2871.5,2413.0],[2871.0,2412.5]]","[[243045.84265327,431249.91584015,84.51412678],[243045.84272957,431249.91616058,84.51439428],[243045.84280777,431249.91648102,84.51466227],[243045.84316635,431249.9165802,84.51519632],[243045.84324455,431249.91690826,84.51546431],[243045.84332085,431249.9172287,84.51573229],[243045.84368134,431249.91732788,84.51626635],[243045.84375763,431249.91764832,84.5165348],[243045.84355164,431249.91819,84.51653624],[243045.84362793,431249.91851807,84.51680422],[243045.84370613,431249.9188385,84.51707268],[243045.84378242,431249.91915894,84.51734066],[243045.84385872,431249.91947937,84.51760912]]",dji_pose_mesh_ray_contour_nodes,
162,142,3,SPL,2475.2679,2438.3554,2457,2414,2500,2456,43,42,892,243045.76060677,431250.13254547,84.50355864,dji_pose_mesh_ray_centroid,True,True,314849,2.166351,warp,,2475.2679,2438.3554,1,1,1.0,1,2.166351,2.166351,54,54,1.0,"[[2471.5,2414.0],[2472.0,2414.5],[2473.0,2414.5],[2473.5,2415.0],[2474.0,2415.5],[2474.5,2416.0],[2475.0,2416.5],[2475.5,2417.0],[2475.5,2418.0],[2475.5,2419.0],[2476.0,2419.5],[2476.5,2420.0],[2477.0,2420.5],[2478.0,2420.5],[2479.0,2420.5],[2480.0,2420.5],[2481.0,2420.5],[2482.0,2420.5],[2482.5,2421.0],[2483.0,2421.5],[2483.5,2422.0],[2484.0,2422.5],[2484.5,2423.0],[2484.5,2424.0],[2484.5,2425.0],[2484.5,2426.0],[2484.5,2427.0],[2484.5,2428.0],[2485.0,2428.5],[2485.5,2429.0],[2485.5,2430.0],[2486.0,2430.5],[2487.0,2430.5],[2487.5,2431.0],[2488.0,2431.5],[2489.0,2431.5],[2489.5,2432.0],[2490.0,2432.5],[2491.0,2432.5],[2491.5,2433.0],[2492.0,2433.5],[2493.0,2433.5],[2493.5,2434.0],[2494.0,2434.5],[2494.5,2435.0],[2495.0,2435.5],[2495.5,2436.0],[2496.0,2436.5],[2496.5,2437.0],[2496.5,2438.0],[2497.0,2438.5],[2498.0,2438.5],[2498.5,2439.0],[2499.0,2439.5]]","[[243045.76851273,431250.13809967,84.51651287],[243045.76840782,431250.13774872,84.5162487],[243045.76854706,431250.13717651,84.51625538],[243045.76844215,431250.13682556,84.51599121],[243045.76833725,431250.13646698,84.51572752],[243045.76823425,431250.13611603,84.51546335],[243045.76812935,431250.13575745,84.51519918],[243045.76802444,431250.13540649,84.51493549],[243045.76767921,431250.13526917,84.51440096],[243045.76733208,431250.13512421,84.51386642],[243045.76722717,431250.13477325,84.51360321],[243045.76712227,431250.13441467,84.51333952],[243045.76701927,431250.13406372,84.51307583],[243045.7671566,431250.13349915,84.51308298],[243045.76729584,431250.13292694,84.51308966],[243045.76743507,431250.13236237,84.51309681],[243045.7675724,431250.13179779,84.51310396],[243045.76771164,431250.13122559,84.51311064],[243045.76760674,431250.13087463,84.51284742],[243045.76750374,431250.13052368,84.51258373],[243045.76739883,431250.1301651,84.51232052],[243045.76729584,431250.12981415,84.5120573],[243045.76719093,431250.1294632,84.51179409],[243045.7668438,431250.12932587,84.51126099],[243045.76649857,431250.12918091,84.51072741],[243045.76615143,431250.12904358,84.51019478],[243045.7658062,431250.12890625,84.50966167],[243045.76545906,431250.12876892,84.50912905],[243045.76535606,431250.12841797,84.50886679],[243045.76525307,431250.12805939,84.50860405],[243045.76490593,431250.12792206,84.5080719],[243045.76480293,431250.12757111,84.50780916],[243045.76494217,431250.12700653,84.50781631],[243045.76483727,431250.12665558,84.50755405],[243045.76473427,431250.126297,84.50729179],[243045.7648735,431250.12573242,84.50729847],[243045.7647686,431250.12538147,84.50703621],[243045.7646656,431250.12503052,84.50677395],[243045.76480293,431250.12446594,84.5067811],[243045.76469994,431250.12411499,84.50651884],[243045.76459694,431250.12376404,84.50625706],[243045.76473427,431250.12319946,84.50626421],[243045.76463127,431250.12284851,84.50600195],[243045.76452827,431250.12248993,84.50573969],[243045.76442337,431250.12213898,84.5054779],[243045.76432037,431250.12178802,84.50521612],[243045.76421738,431250.12143707,84.50495434],[243045.76411438,431250.12108612,84.50469208],[243045.76400948,431250.12073517,84.50443077],[243045.76366425,431250.12059784,84.50390005],[243045.76356316,431250.12024689,84.50363827],[243045.76370049,431250.11968231,84.50364542],[243045.76359749,431250.11933136,84.50338411],[243045.76349449,431250.11898041,84.50312233]]",dji_pose_mesh_ray_contour_nodes,
163,143,3,SPL,2489.4118,2419.8824,2488,2418,2492,2423,4,5,17,243045.76895332,431250.12711334,84.51349211,dji_pose_mesh_ray_centroid,True,True,314849,2.170829,warp,,2489.4118,2419.8824,1,1,1.0,1,2.170829,2.170829,2,2,1.0,"[[2490.5,2418.0],[2491.0,2418.5]]","[[243045.76975632,431250.12675476,84.51450491],[243045.76965332,431250.12640381,84.51424122]]",dji_pose_mesh_ray_contour_nodes,
164,144,3,SPL,2879.5938,2428.9062,2877,2425,2882,2434,5,9,32,243045.83973312,431249.9131546,84.50884294,dji_pose_mesh_ray_centroid,True,True,314847,2.169377,warp,,2879.5938,2428.9062,1,1,1.0,1,2.169377,2.169377,7,7,1.0,"[[2877.0,2428.5],[2877.5,2428.0],[2877.5,2427.0],[2877.5,2426.0],[2878.0,2425.5],[2879.0,2425.5],[2879.5,2425.0]]","[[243045.83934593,431249.91459656,84.50906324],[243045.83962822,431249.91437531,84.50932884],[243045.8399868,431249.91448212,84.50986099],[243045.84034538,431249.9145813,84.51039314],[243045.84062767,431249.91436005,84.51065874],[243045.84083366,431249.91382599,84.51065731],[243045.84111595,431249.91360474,84.51092243]]",dji_pose_mesh_ray_contour_nodes,
165,145,3,SPL,2908.8276,2438.4138,2905,2436,2913,2442,8,6,29,243045.84233475,431249.89642334,84.50374508,dji_pose_mesh_ray_centroid,True,True,314847,2.168016,warp,,2908.8276,2438.4138,1,1,1.0,1,2.168016,2.168016,8,8,1.0,"[[2905.0,2437.5],[2906.0,2437.5],[2906.5,2437.0],[2907.0,2436.5],[2908.0,2436.5],[2909.0,2436.5],[2910.0,2436.5],[2910.5,2436.0]]","[[243045.84187508,431249.89858246,84.50423574],[243045.84208107,431249.89804077,84.50423431],[243045.84236336,431249.89781952,84.50449848],[243045.84264565,431249.89759827,84.50476313],[243045.84284973,431249.89705658,84.50476122],[243045.84305573,431249.89652252,84.50475979],[243045.84326172,431249.89598083,84.50475836],[243045.84354401,431249.89575958,84.50502253]]",dji_pose_mesh_ray_contour_nodes,
166,146,3,SPL,2773.6667,2437.6667,2773,2437,2775,2439,2,2,3,243045.81258583,431249.96864319,84.50466061,dji_pose_mesh_ray_centroid,True,True,1220227,2.159828,warp,,2773.6667,2437.6667,1,1,1.0,1,2.159828,2.159828,2,2,1.0,"[[2773.0,2437.5],[2773.5,2437.0]]","[[243045.81248283,431249.96901703,84.50475359],[243045.81278801,431249.96881104,84.50501394]]",dji_pose_mesh_ray_contour_nodes,
167,147,3,SPL,2926.2639,2459.4274,2918,2444,2934,2479,16,35,379,243045.83839798,431249.88498688,84.49261141,dji_pose_mesh_ray_centroid,True,True,314847,2.162657,warp,,2926.2639,2459.4274,1,1,1.0,1,2.162657,2.162657,33,33,1.0,"[[2921.5,2478.0],[2921.5,2477.0],[2921.5,2476.0],[2921.0,2475.5],[2920.5,2475.0],[2920.5,2474.0],[2920.5,2473.0],[2921.0,2472.5],[2921.5,2472.0],[2921.5,2471.0],[2922.0,2470.5],[2922.5,2470.0],[2922.5,2469.0],[2922.5,2468.0],[2922.5,2467.0],[2922.5,2466.0],[2922.0,2465.5],[2921.5,2465.0],[2921.5,2464.0],[2921.5,2463.0],[2921.5,2462.0],[2921.0,2461.5],[2920.5,2461.0],[2920.5,2460.0],[2920.5,2459.0],[2920.5,2458.0],[2920.0,2457.5],[2919.5,2457.0],[2919.5,2456.0],[2919.0,2455.5],[2918.5,2455.0],[2918.5,2454.0],[2918.0,2453.5]]","[[243045.83082581,431249.88575745,84.48287249],[243045.83117867,431249.88585663,84.48339558],[243045.83153343,431249.88594818,84.48391914],[243045.83160973,431249.88626862,84.48418188],[243045.83168411,431249.88658142,84.48444462],[243045.83203888,431249.8866806,84.48496819],[243045.83239365,431249.88677216,84.48549223],[243045.83267212,431249.88655853,84.48575354],[243045.8329525,431249.88633728,84.48601437],[243045.83330727,431249.88642883,84.48653889],[243045.83358574,431249.88620758,84.48680019],[243045.83386612,431249.88599396,84.4870615],[243045.83422089,431249.88608551,84.4875865],[243045.83457565,431249.88618469,84.48811102],[243045.83493233,431249.88627625,84.48863602],[243045.83528709,431249.88637543,84.48916149],[243045.83536339,431249.88669586,84.48942518],[243045.83543777,431249.88700867,84.4896884],[243045.83579445,431249.88710785,84.49021435],[243045.83614922,431249.8871994,84.49073982],[243045.83650589,431249.88729858,84.49126577],[243045.83658218,431249.88761902,84.49152994],[243045.83665657,431249.88793182,84.49179363],[243045.83701324,431249.88803101,84.49232006],[243045.83736992,431249.88813019,84.49284649],[243045.83772659,431249.88822174,84.49337339],[243045.83780289,431249.88854218,84.49363756],[243045.83787727,431249.88885498,84.49390173],[243045.83823395,431249.88895416,84.49442863],[243045.83831024,431249.8892746,84.49469328],[243045.83838654,431249.8895874,84.49495792],[243045.83874321,431249.88968658,84.49548531],[243045.8388195,431249.89000702,84.49574995]]",dji_pose_mesh_ray_contour_nodes,
168,148,3,SPL,2902.8822,2461.3342,2891,2447,2917,2474,26,27,365,243045.83293343,431249.89736938,84.49164867,dji_pose_mesh_ray_centroid,True,True,314847,2.160792,warp,,2902.8822,2461.3342,1,1,1.0,1,2.160792,2.160792,40,40,1.0,"[[2891.0,2468.5],[2891.5,2468.0],[2891.5,2467.0],[2891.5,2466.0],[2891.5,2465.0],[2891.5,2464.0],[2891.5,2463.0],[2891.5,2462.0],[2891.5,2461.0],[2892.0,2460.5],[2892.5,2460.0],[2893.0,2459.5],[2893.5,2459.0],[2894.0,2458.5],[2895.0,2458.5],[2896.0,2458.5],[2897.0,2458.5],[2897.5,2458.0],[2898.0,2457.5],[2898.5,2457.0],[2899.0,2456.5],[2899.5,2456.0],[2900.0,2455.5],[2900.5,2455.0],[2901.0,2454.5],[2902.0,2454.5],[2902.5,2454.0],[2903.0,2453.5],[2903.5,2453.0],[2904.0,2452.5],[2904.5,2452.0],[2904.5,2451.0],[2905.0,2450.5],[2905.5,2450.0],[2906.0,2449.5],[2906.5,2449.0],[2907.0,2448.5],[2907.5,2448.0],[2908.0,2447.5],[2908.5,2447.0]]","[[243045.82796288,431249.90303802,84.48790455],[243045.82824326,431249.9028244,84.48816586],[243045.82859612,431249.90292358,84.48869085],[243045.82895088,431249.90302277,84.48921585],[243045.82930565,431249.90312195,84.48974132],[243045.82966042,431249.90322113,84.4902668],[243045.83001518,431249.90332031,84.49079227],[243045.83036995,431249.90341949,84.49131823],[243045.83072472,431249.90351868,84.49184418],[243045.8310051,431249.90329742,84.49210644],[243045.83128548,431249.90307617,84.4923687],[243045.83156395,431249.90286255,84.49263096],[243045.83184433,431249.9026413,84.4928937],[243045.83212471,431249.90242004,84.49315596],[243045.8323288,431249.90188599,84.49315405],[243045.83253288,431249.9013443,84.49315262],[243045.83273888,431249.90081024,84.49315071],[243045.83301926,431249.90058899,84.49341297],[243045.83329964,431249.90036774,84.49367571],[243045.83357811,431249.90015411,84.49393797],[243045.83385849,431249.89993286,84.49420071],[243045.83413887,431249.89971161,84.49446344],[243045.83441925,431249.89949036,84.49472618],[243045.83469963,431249.89927673,84.49498892],[243045.83498192,431249.89905548,84.49525166],[243045.835186,431249.89851379,84.49524975],[243045.83546638,431249.89829254,84.49551249],[243045.83574677,431249.89807892,84.4957757],[243045.83602715,431249.89785767,84.49603844],[243045.83630753,431249.89763641,84.49630165],[243045.83658981,431249.89741516,84.49656439],[243045.83694458,431249.89751434,84.49709225],[243045.83722687,431249.89729309,84.49735546],[243045.83750725,431249.89707184,84.49761867],[243045.83778763,431249.89685822,84.49788189],[243045.83806801,431249.89663696,84.4981451],[243045.8383503,431249.89641571,84.49840879],[243045.83863068,431249.89619446,84.49867201],[243045.83891296,431249.89597321,84.4989357],[243045.83919334,431249.89575195,84.49919891]]",dji_pose_mesh_ray_contour_nodes,
169,149,3,SPL,2857.0,2450.5,2857,2450,2858,2452,1,2,2,243045.82739067,431249.92312622,84.49743795,dji_pose_mesh_ray_centroid,True,True,314847,2.16173,warp,,2857.0,2450.5,1,1,1.0,1,2.16173,2.16173,2,2,1.0,"[[2857.0,2450.0],[2857.0,2451.0]]","[[243045.82756996,431249.92317963,84.49770164],[243045.82721329,431249.92307281,84.49717379]]",dji_pose_mesh_ray_contour_nodes,
170,150,3,SPL,2847.4529,2491.7349,2796,2454,2900,2532,104,78,4153,243045.81091499,431249.92401123,84.47583961,dji_pose_mesh_ray_centroid,True,True,314847,2.149122,warp,,2847.4529,2491.7349,1,1,1.0,1,2.149122,2.149122,227,227,1.0,"[[2796.0,2500.5],[2796.5,2500.0],[2796.5,2499.0],[2797.0,2498.5],[2797.5,2498.0],[2798.0,2497.5],[2799.0,2497.5],[2800.0,2497.5],[2800.5,2497.0],[2801.0,2496.5],[2802.0,2496.5],[2802.5,2496.0],[2803.0,2495.5],[2804.0,2495.5],[2804.5,2495.0],[2805.0,2494.5],[2805.5,2494.0],[2806.0,2493.5],[2806.5,2493.0],[2806.5,2492.0],[2807.0,2491.5],[2807.5,2491.0],[2807.5,2490.0],[2808.0,2489.5],[2808.5,2489.0],[2808.0,2488.5],[2807.5,2488.0],[2807.5,2487.0],[2807.5,2486.0],[2807.5,2485.0],[2808.0,2484.5],[2809.0,2484.5],[2809.5,2484.0],[2810.0,2483.5],[2811.0,2483.5],[2812.0,2483.5],[2813.0,2483.5],[2813.5,2484.0],[2813.5,2485.0],[2813.5,2486.0],[2813.5,2487.0],[2813.0,2487.5],[2812.5,2488.0],[2812.5,2489.0],[2812.5,2490.0],[2812.5,2491.0],[2812.0,2491.5],[2811.5,2492.0],[2811.5,2493.0],[2812.0,2493.5],[2813.0,2493.5],[2813.5,2493.0],[2814.0,2492.5],[2814.5,2492.0],[2814.5,2491.0],[2814.5,2490.0],[2815.0,2489.5],[2815.5,2489.0],[2816.0,2488.5],[2817.0,2488.5],[2817.5,2488.0],[2818.0,2487.5],[2818.5,2487.0],[2818.5,2486.0],[2818.5,2485.0],[2818.0,2484.5],[2817.5,2484.0],[2817.0,2483.5],[2816.5,2483.0],[2816.0,2482.5],[2815.0,2482.5],[2814.5,2482.0],[2815.0,2481.5],[2815.5,2481.0],[2815.5,2480.0],[2815.5,2479.0],[2816.0,2478.5],[2816.5,2478.0],[2816.5,2477.0],[2817.0,2476.5],[2817.5,2476.0],[2817.5,2475.0],[2818.0,2474.5],[2818.5,2474.0],[2818.5,2473.0],[2818.5,2472.0],[2818.5,2471.0],[2818.5,2470.0],[2818.0,2469.5],[2817.5,2469.0],[2817.5,2468.0],[2817.5,2467.0],[2817.5,2466.0],[2817.5,2465.0],[2817.5,2464.0],[2817.5,2463.0],[2817.5,2462.0],[2817.5,2461.0],[2818.0,2460.5],[2818.5,2460.0],[2819.0,2459.5],[2820.0,2459.5],[2821.0,2459.5],[2822.0,2459.5],[2822.5,2459.0],[2823.0,2458.5],[2824.0,2458.5],[2825.0,2458.5],[2826.0,2458.5],[2826.5,2459.0],[2827.0,2459.5],[2827.5,2460.0],[2828.0,2460.5],[2828.5,2461.0],[2828.5,2462.0],[2828.0,2462.5],[2827.5,2463.0],[2827.5,2464.0],[2827.0,2464.5],[2826.5,2465.0],[2826.5,2466.0],[2826.0,2466.5],[2825.5,2467.0],[2825.5,2468.0],[2825.0,2468.5],[2824.5,2469.0],[2824.5,2470.0],[2824.0,2470.5],[2823.5,2471.0],[2823.5,2472.0],[2823.5,2473.0],[2824.0,2473.5],[2825.0,2473.5],[2826.0,2473.5],[2827.0,2473.5],[2828.0,2473.5],[2829.0,2473.5],[2829.5,2473.0],[2830.0,2472.5],[2830.5,2472.0],[2831.0,2471.5],[2832.0,2471.5],[2832.5,2471.0],[2833.0,2470.5],[2834.0,2470.5],[2835.0,2470.5],[2835.5,2470.0],[2836.0,2469.5],[2837.0,2469.5],[2837.5,2469.0],[2838.0,2468.5],[2838.5,2468.0],[2839.0,2467.5],[2840.0,2467.5],[2841.0,2467.5],[2841.5,2468.0],[2842.0,2468.5],[2843.0,2468.5],[2843.5,2469.0],[2844.0,2469.5],[2845.0,2469.5],[2845.5,2470.0],[2846.0,2470.5],[2846.5,2470.0],[2847.0,2469.5],[2848.0,2469.5],[2848.5,2469.0],[2848.5,2468.0],[2849.0,2467.5],[2849.5,2467.0],[2849.5,2466.0],[2850.0,2465.5],[2850.5,2465.0],[2851.0,2464.5],[2851.5,2464.0],[2852.0,2463.5],[2853.0,2463.5],[2853.5,2463.0],[2854.0,2462.5],[2854.5,2462.0],[2855.0,2461.5],[2855.5,2461.0],[2856.0,2460.5],[2856.5,2460.0],[2857.0,2459.5],[2857.5,2460.0],[2858.0,2460.5],[2858.5,2461.0],[2859.0,2461.5],[2859.5,2462.0],[2860.0,2462.5],[2861.0,2462.5],[2861.5,2463.0],[2862.0,2463.5],[2863.0,2463.5],[2864.0,2463.5],[2865.0,2463.5],[2866.0,2463.5],[2867.0,2463.5],[2868.0,2463.5],[2869.0,2463.5],[2869.5,2464.0],[2870.0,2464.5],[2870.5,2465.0],[2871.0,2465.5],[2871.5,2466.0],[2872.0,2466.5],[2873.0,2466.5],[2874.0,2466.5],[2874.5,2466.0],[2875.0,2465.5],[2875.5,2465.0],[2876.0,2464.5],[2876.5,2464.0],[2876.0,2463.5],[2875.5,2463.0],[2875.5,2462.0],[2875.5,2461.0],[2875.0,2460.5],[2874.5,2460.0],[2874.5,2459.0],[2874.5,2458.0],[2874.5,2457.0],[2874.5,2456.0],[2875.0,2455.5],[2875.5,2455.0],[2875.5,2454.0]]","[[243045.79534721,431249.94992065,84.4716835],[243045.79564857,431249.94971466,84.47193766],[243045.79600525,431249.94982147,84.47245455],[243045.79630661,431249.94961548,84.47270918],[243045.79660606,431249.94940948,84.47296381],[243045.79690742,431249.94920349,84.47321844],[243045.79714966,431249.94868469,84.47321081],[243045.79739189,431249.94816589,84.47320318],[243045.79769325,431249.9479599,84.47345781],[243045.79799271,431249.94775391,84.47371292],[243045.79823685,431249.94723511,84.47370529],[243045.7985363,431249.94702911,84.47395992],[243045.79883766,431249.94682312,84.47421503],[243045.7990799,431249.94630432,84.4742074],[243045.79938126,431249.94609833,84.47446251],[243045.79968262,431249.94589233,84.47471714],[243045.79998398,431249.94568634,84.47497225],[243045.80028343,431249.94548035,84.47522783],[243045.80058479,431249.94527435,84.47548294],[243045.80094528,431249.94538116,84.47600126],[243045.80124664,431249.94517517,84.47625637],[243045.801548,431249.94496918,84.47651195],[243045.80190659,431249.94508362,84.47703028],[243045.80220795,431249.94487762,84.47728586],[243045.80250931,431249.944664,84.47754145],[243045.80256844,431249.94498444,84.47780466],[243045.80262566,431249.94529724,84.47806787],[243045.80298615,431249.94541168,84.47858715],[243045.80334663,431249.94551849,84.47910643],[243045.80370712,431249.94562531,84.4796257],[243045.80400848,431249.94541931,84.47988176],[243045.80425262,431249.94490051,84.47987413],[243045.80455399,431249.94469452,84.4801302],[243045.80485535,431249.94448853,84.48038673],[243045.80509949,431249.9439621,84.4803791],[243045.80534363,431249.9434433,84.48037147],[243045.80558586,431249.94291687,84.48036385],[243045.80552864,431249.94260406,84.48010015],[243045.80516815,431249.94249725,84.4795804],[243045.80480766,431249.94238281,84.47906113],[243045.80444717,431249.942276,84.47854185],[243045.80414581,431249.94248199,84.47828579],[243045.80384254,431249.94268799,84.4780302],[243045.80348396,431249.94258118,84.47751093],[243045.80312347,431249.94247437,84.47699213],[243045.80276299,431249.94235992,84.47647381],[243045.80246162,431249.94256592,84.47621822],[243045.80216026,431249.94277954,84.47596312],[243045.80180168,431249.9426651,84.47544479],[243045.80174255,431249.94235229,84.47518206],[243045.80198669,431249.9418335,84.47517395],[243045.80228806,431249.9416275,84.47542953],[243045.80258942,431249.94142151,84.47568464],[243045.80289078,431249.94120789,84.47594023],[243045.80324936,431249.94132233,84.47645855],[243045.80360985,431249.94142914,84.47697735],[243045.80391121,431249.94122314,84.47723293],[243045.80421257,431249.94101715,84.47748852],[243045.80451584,431249.94081116,84.4777441],[243045.80475807,431249.94028473,84.47773647],[243045.80506134,431249.94007874,84.47799206],[243045.8053627,431249.93987274,84.47824812],[243045.80566406,431249.93966675,84.47850418],[243045.80602455,431249.93977356,84.47902346],[243045.80638504,431249.939888,84.47954273],[243045.80644417,431249.94020081,84.47980642],[243045.8065033,431249.94051361,84.48007011],[243045.80656242,431249.94083405,84.4803338],[243045.80661964,431249.94114685,84.48059797],[243045.80667877,431249.94145966,84.48086166],[243045.80643463,431249.94198608,84.48086882],[243045.80649376,431249.94229889,84.48113298],[243045.80679703,431249.9420929,84.48138905],[243045.80709839,431249.9418869,84.48164558],[243045.80745888,431249.94199371,84.48216629],[243045.80782127,431249.94210815,84.482687],[243045.80812454,431249.94190216,84.48294353],[243045.8084259,431249.94168854,84.48320007],[243045.8087883,431249.94180298,84.48372126],[243045.80909157,431249.94159698,84.48397827],[243045.80939484,431249.94139099,84.48423529],[243045.80975533,431249.9414978,84.48475647],[243045.81005859,431249.94129181,84.48501348],[243045.81036186,431249.94108582,84.4852705],[243045.81072426,431249.94119263,84.48579264],[243045.81108665,431249.94129944,84.48631477],[243045.81144905,431249.94140625,84.48683691],[243045.81181335,431249.94152069,84.48735905],[243045.81187248,431249.9418335,84.48762417],[243045.81193161,431249.94215393,84.48788881],[243045.81229401,431249.94226074,84.4884119],[243045.8126564,431249.94236755,84.48893452],[243045.8130188,431249.94248199,84.48945761],[243045.8133831,431249.94258881,84.48998117],[243045.8137455,431249.94269562,84.49050474],[243045.8141098,431249.94281006,84.49102831],[243045.81447411,431249.94291687,84.49155188],[243045.8148365,431249.94303131,84.49207592],[243045.81514168,431249.94281769,84.49233437],[243045.81544685,431249.94261169,84.49259329],[243045.81575012,431249.9424057,84.49285173],[243045.81599617,431249.94187927,84.49284458],[243045.81624031,431249.94135284,84.49283743],[243045.81648636,431249.94083405,84.4928298],[243045.81679153,431249.94062805,84.49308872],[243045.8170948,431249.94041443,84.49334717],[243045.81734085,431249.93989563,84.49334002],[243045.81758499,431249.9393692,84.49333286],[243045.81783104,431249.93884277,84.49332571],[243045.81777,431249.93852234,84.49305963],[243045.81771088,431249.93820953,84.49279404],[243045.81765175,431249.9378891,84.49252796],[243045.81759262,431249.93757629,84.49226236],[243045.81753159,431249.93725586,84.49199629],[243045.81716728,431249.93714905,84.49147224],[243045.81686401,431249.93735504,84.4912138],[243045.81655884,431249.93756866,84.49095535],[243045.81619453,431249.93745422,84.49043179],[243045.81588936,431249.93766785,84.49017334],[243045.81558609,431249.93787384,84.48991537],[243045.81522179,431249.93776703,84.48939228],[243045.81491852,431249.93797302,84.48913431],[243045.81461334,431249.93817902,84.48887634],[243045.81425095,431249.9380722,84.48835325],[243045.81394577,431249.9382782,84.48809528],[243045.8136425,431249.93848419,84.48783779],[243045.81328011,431249.93837738,84.48731518],[243045.81297493,431249.93858337,84.48705721],[243045.81267166,431249.93878937,84.48679972],[243045.81230927,431249.93868256,84.48627758],[243045.81194687,431249.93857574,84.48575544],[243045.81188774,431249.93825531,84.4854908],[243045.81213188,431249.93773651,84.48548365],[243045.81237602,431249.93721008,84.48547602],[243045.81262016,431249.93669128,84.48546886],[243045.8128643,431249.93616486,84.48546123],[243045.81310844,431249.93563843,84.48545408],[243045.81341171,431249.93543243,84.4857111],[243045.81371689,431249.93522644,84.48596859],[243045.81402016,431249.93502045,84.48622608],[243045.81432343,431249.93480682,84.48648357],[243045.81456947,431249.93428802,84.48647594],[243045.81487274,431249.93408203,84.48673344],[243045.81517601,431249.93386841,84.48699141],[243045.81542206,431249.93334961,84.48698378],[243045.8156662,431249.93282318,84.48697662],[243045.81596947,431249.93261719,84.48723412],[243045.81627464,431249.93240356,84.48749161],[243045.81651878,431249.93188477,84.48748445],[243045.81682396,431249.93167114,84.48774195],[243045.81712723,431249.93146515,84.48799992],[243045.81742096,431249.93125153,84.48825932],[243045.81769943,431249.9310379,84.48852062],[243045.81790352,431249.93050385,84.48851919],[243045.8181076,431249.92996216,84.48851728],[243045.81803322,431249.92964172,84.48825407],[243045.81795883,431249.92932892,84.48799086],[243045.81816292,431249.92878723,84.48798895],[243045.81808853,431249.9284668,84.48772573],[243045.81801414,431249.92814636,84.48746252],[243045.81821823,431249.9276123,84.48746109],[243045.81814384,431249.92729187,84.48719788],[243045.81806946,431249.92697144,84.48693514],[243045.81834793,431249.92675781,84.48719597],[243045.8186264,431249.92654419,84.48745727],[243045.81883049,431249.9260025,84.48745584],[243045.81910896,431249.92578888,84.48771715],[243045.81946182,431249.92588806,84.48824167],[243045.8197403,431249.92567444,84.48850346],[243045.82001877,431249.92546082,84.48876476],[243045.82037163,431249.92556,84.48928976],[243045.8206501,431249.92534637,84.48955154],[243045.82092857,431249.92512512,84.48981333],[243045.82120705,431249.9249115,84.49007511],[243045.82148552,431249.92469025,84.49033689],[243045.82176399,431249.92447662,84.49059868],[243045.82196999,431249.92394257,84.49059677],[243045.82224846,431249.92372131,84.49085903],[243045.82252693,431249.92350769,84.49112081],[243045.8228054,431249.92328644,84.49138308],[243045.82308388,431249.92307281,84.49164486],[243045.82336426,431249.92285156,84.49190712],[243045.82364273,431249.92263794,84.49216938],[243045.8239212,431249.92241669,84.49243164],[243045.82420158,431249.92220306,84.4926939],[243045.8241272,431249.92188263,84.49242973],[243045.8240509,431249.92156219,84.49216557],[243045.82397652,431249.92124176,84.49190187],[243045.82390213,431249.92092133,84.49163818],[243045.82382774,431249.92060089,84.49137402],[243045.82375336,431249.92028809,84.49111032],[243045.82395744,431249.9197464,84.49110842],[243045.82388306,431249.91942596,84.49084473],[243045.82380867,431249.91910553,84.49058151],[243045.82401276,431249.91857147,84.4905796],[243045.82421684,431249.91803741,84.4905777],[243045.82442093,431249.91749573,84.49057579],[243045.82462502,431249.91696167,84.49057436],[243045.8248291,431249.91642761,84.49057245],[243045.8250351,431249.91588593,84.49057054],[243045.82523918,431249.91535187,84.49056911],[243045.82516479,431249.91503143,84.49030542],[243045.8250885,431249.914711,84.49004173],[243045.82501411,431249.91439056,84.48977804],[243045.82493973,431249.91407776,84.48951483],[243045.82486534,431249.91375732,84.48925114],[243045.82479095,431249.91343689,84.48898745],[243045.82499504,431249.91290283,84.48898601],[243045.82519913,431249.91236115,84.48898411],[243045.8254776,431249.91214752,84.48924589],[243045.82575798,431249.91192627,84.48950767],[243045.82603645,431249.91171265,84.48976946],[243045.82631493,431249.91149139,84.49003124],[243045.82659531,431249.91127014,84.49029303],[243045.82666969,431249.91159058,84.49055672],[243045.82674408,431249.91191101,84.49082041],[243045.82709885,431249.91201019,84.49134636],[243045.82745361,431249.91210938,84.49187231],[243045.827528,431249.91242981,84.492136],[243045.82760239,431249.91275024,84.49240017],[243045.82795715,431249.91284943,84.4929266],[243045.82831192,431249.91295624,84.49345303],[243045.82866669,431249.91305542,84.49397993],[243045.82902145,431249.9131546,84.49450684],[243045.82930183,431249.91293335,84.4947691],[243045.82958221,431249.91271973,84.49503183],[243045.82993698,431249.91281891,84.49555922]]",dji_pose_mesh_ray_contour_nodes,
171,151,3,SPL,2927.1739,2487.3043,2925,2485,2930,2491,5,6,23,243045.82869148,431249.88182831,84.47800207,dji_pose_mesh_ray_centroid,True,True,314847,2.154473,warp,,2927.1739,2487.3043,1,1,1.0,1,2.154473,2.154473,6,6,1.0,"[[2927.5,2490.0],[2927.0,2489.5],[2926.0,2489.5],[2925.5,2489.0],[2925.5,2488.0],[2925.0,2487.5]]","[[243045.82780647,431249.88140106,84.47659636],[243045.82788086,431249.88171387,84.47685814],[243045.82767677,431249.88224792,84.47685957],[243045.82775116,431249.88256073,84.47712135],[243045.82810402,431249.88265991,84.47764254],[243045.82817841,431249.88297272,84.47790432]]",dji_pose_mesh_ray_contour_nodes,
172,152,3,SPL,2781.793,2539.5815,2759,2506,2799,2572,40,66,1343,243045.77804947,431249.95298767,84.45174885,dji_pose_mesh_ray_centroid,True,True,1220227,2.129715,warp,,2781.793,2539.5815,1,1,1.0,1,2.129715,2.129715,108,108,1.0,"[[2781.5,2506.0],[2782.0,2506.5],[2783.0,2506.5],[2784.0,2506.5],[2785.0,2506.5],[2785.5,2507.0],[2786.0,2507.5],[2787.0,2507.5],[2787.5,2508.0],[2788.0,2508.5],[2789.0,2508.5],[2790.0,2508.5],[2791.0,2508.5],[2792.0,2508.5],[2793.0,2508.5],[2793.5,2509.0],[2794.0,2509.5],[2795.0,2509.5],[2795.5,2510.0],[2795.5,2511.0],[2795.5,2512.0],[2795.5,2513.0],[2795.0,2513.5],[2794.5,2514.0],[2794.5,2515.0],[2794.5,2516.0],[2794.0,2516.5],[2793.5,2517.0],[2793.5,2518.0],[2793.0,2518.5],[2792.5,2519.0],[2792.5,2520.0],[2792.5,2521.0],[2792.5,2522.0],[2793.0,2522.5],[2793.5,2523.0],[2794.0,2523.5],[2794.5,2524.0],[2795.0,2524.5],[2795.5,2525.0],[2795.5,2526.0],[2796.0,2526.5],[2796.5,2527.0],[2797.0,2527.5],[2797.5,2528.0],[2797.5,2529.0],[2797.5,2530.0],[2797.5,2531.0],[2797.5,2532.0],[2797.5,2533.0],[2797.5,2534.0],[2797.5,2535.0],[2797.5,2536.0],[2797.5,2537.0],[2797.5,2538.0],[2797.5,2539.0],[2797.0,2539.5],[2796.5,2540.0],[2796.0,2540.5],[2795.5,2541.0],[2795.0,2541.5],[2794.0,2541.5],[2793.5,2542.0],[2793.0,2542.5],[2792.0,2542.5],[2791.5,2543.0],[2791.0,2543.5],[2790.0,2543.5],[2789.5,2544.0],[2789.0,2544.5],[2788.0,2544.5],[2787.5,2545.0],[2787.0,2545.5],[2786.0,2545.5],[2785.5,2546.0],[2785.0,2546.5],[2784.5,2547.0],[2784.0,2547.5],[2783.5,2548.0],[2783.5,2549.0],[2783.5,2550.0],[2783.5,2551.0],[2783.5,2552.0],[2783.5,2553.0],[2784.0,2553.5],[2784.5,2554.0],[2784.5,2555.0],[2785.0,2555.5],[2785.5,2556.0],[2785.5,2557.0],[2786.0,2557.5],[2786.5,2558.0],[2787.0,2558.5],[2788.0,2558.5],[2788.5,2559.0],[2789.0,2559.5],[2790.0,2559.5],[2790.5,2560.0],[2791.0,2560.5],[2792.0,2560.5],[2792.5,2561.0],[2793.0,2561.5],[2794.0,2561.5],[2795.0,2561.5],[2796.0,2561.5],[2796.5,2562.0],[2797.0,2562.5],[2798.0,2562.5]]","[[243045.78987122,431249.95684814,84.4689579],[243045.789814,431249.95652771,84.46869612],[243045.79005623,431249.95600891,84.46868849],[243045.79029846,431249.95549011,84.46868038],[243045.7905407,431249.95497131,84.46867275],[243045.79048347,431249.95465851,84.46841145],[243045.79042625,431249.9543457,84.46814966],[243045.79066658,431249.95381927,84.46814203],[243045.79061127,431249.95350647,84.46788025],[243045.79055405,431249.95319366,84.46761894],[243045.79079628,431249.95267487,84.46761131],[243045.79103851,431249.95215607,84.46760321],[243045.79128075,431249.95163727,84.46759558],[243045.79152107,431249.95111847,84.46758795],[243045.79176331,431249.95059967,84.46757984],[243045.79170609,431249.95027924,84.46731853],[243045.79164886,431249.94996643,84.46705723],[243045.7918911,431249.94944763,84.46704912],[243045.79183388,431249.94913483,84.46678781],[243045.7914772,431249.94902039,84.46627331],[243045.79112244,431249.94891357,84.4657588],[243045.79076576,431249.94880676,84.46524429],[243045.79046631,431249.94900513,84.46499109],[243045.79016685,431249.94921112,84.46473789],[243045.78981209,431249.94910431,84.46422386],[243045.78945732,431249.9489975,84.46370983],[243045.78915787,431249.94919586,84.46345711],[243045.78885841,431249.94940186,84.46320438],[243045.78850365,431249.94929504,84.46269083],[243045.7882061,431249.94950104,84.46243811],[243045.78790665,431249.9496994,84.46218538],[243045.78755188,431249.94959259,84.46167231],[243045.78719711,431249.94948578,84.46115923],[243045.78684235,431249.94937134,84.46064663],[243045.78678513,431249.94905853,84.46038628],[243045.78672791,431249.94874573,84.4601264],[243045.78667259,431249.94843292,84.45986605],[243045.78661537,431249.94812012,84.45960569],[243045.78655815,431249.94780731,84.45934582],[243045.78650093,431249.94749451,84.45908546],[243045.78614807,431249.94738007,84.45857334],[243045.78609085,431249.94706726,84.45831346],[243045.78603363,431249.94675446,84.45805359],[243045.78597832,431249.94644165,84.45779371],[243045.7859211,431249.94612885,84.45753384],[243045.78556633,431249.94602203,84.45702219],[243045.78521347,431249.94590759,84.45651102],[243045.7848587,431249.94580078,84.45599985],[243045.78450584,431249.94569397,84.45548868],[243045.78415108,431249.94558716,84.45497799],[243045.78379822,431249.94547272,84.4544673],[243045.78344345,431249.94536591,84.45395708],[243045.78309059,431249.94525909,84.45344639],[243045.78273773,431249.94515228,84.45293665],[243045.78238487,431249.94504547,84.45242643],[243045.78203201,431249.94493103,84.45191669],[243045.78173447,431249.94513702,84.45166588],[243045.78143692,431249.94534302,84.45141554],[243045.78114128,431249.94554901,84.45116472],[243045.78084373,431249.94574738,84.45091438],[243045.7805481,431249.94595337,84.45066357],[243045.78030777,431249.94647217,84.45067215],[243045.78001213,431249.94667816,84.45042133],[243045.77971458,431249.94687653,84.45017099],[243045.77947426,431249.94739532,84.4501791],[243045.77917862,431249.94760132,84.44992876],[243045.77888298,431249.94779968,84.44967842],[243045.77864075,431249.94831848,84.449687],[243045.77834511,431249.94852448,84.44943666],[243045.77804947,431249.94872284,84.44918632],[243045.77780914,431249.94924164,84.44919443],[243045.7775135,431249.94944763,84.44894457],[243045.77721786,431249.949646,84.44869423],[243045.77697754,431249.95016479,84.44870281],[243045.7766819,431249.95037079,84.44845247],[243045.77638626,431249.95056915,84.44820261],[243045.77609062,431249.95077515,84.44795275],[243045.77579498,431249.95098114,84.44770288],[243045.77549934,431249.9511795,84.44745302],[243045.77514839,431249.95107269,84.44694519],[243045.77479744,431249.95096588,84.44643736],[243045.77444649,431249.95085144,84.44593],[243045.77409554,431249.95074463,84.44542265],[243045.77374458,431249.95063782,84.44491577],[243045.77368927,431249.95032501,84.44465828],[243045.77363396,431249.95001221,84.44440031],[243045.773283,431249.9499054,84.44389391],[243045.77322769,431249.94959259,84.44363642],[243045.77317238,431249.94927979,84.44337892],[243045.77282333,431249.94917297,84.44287252],[243045.77276802,431249.94886017,84.44261503],[243045.77271271,431249.94854736,84.44235754],[243045.77265739,431249.94823456,84.44210052],[243045.77289772,431249.94771576,84.44209194],[243045.7728405,431249.94741058,84.44183493],[243045.77278709,431249.94709778,84.44157743],[243045.77302551,431249.94657898,84.44156933],[243045.7729702,431249.94626617,84.44131231],[243045.77291489,431249.945961,84.44105482],[243045.77315521,431249.9454422,84.44104671],[243045.7730999,431249.94512939,84.4407897],[243045.77304459,431249.94481659,84.44053268],[243045.773283,431249.94430542,84.4405241],[243045.77352333,431249.94379425,84.44051552],[243045.77376175,431249.94327545,84.44050741],[243045.77370644,431249.94296265,84.4402504],[243045.77365112,431249.94264984,84.43999338],[243045.77389145,431249.94213867,84.4399848]]",dji_pose_mesh_ray_contour_nodes,
173,153,3,SPL,2833.8125,2525.3125,2832,2523,2836,2529,4,6,16,243045.79564476,431249.92758942,84.45861816,dji_pose_mesh_ray_centroid,True,True,1220227,2.138046,warp,,2833.8125,2525.3125,1,1,1.0,1,2.138046,2.138046,5,5,1.0,"[[2833.5,2528.0],[2833.0,2527.5],[2832.5,2527.0],[2832.5,2526.0],[2832.0,2525.5]]","[[243045.79461098,431249.92746735,84.45724392],[243045.7946682,431249.92778015,84.45750427],[243045.79472542,431249.92809296,84.45776415],[243045.79508209,431249.92819977,84.45827675],[243045.79513931,431249.92851257,84.45853662]]",dji_pose_mesh_ray_contour_nodes,
174,154,3,SPL,2868.3814,2540.1753,2863,2534,2875,2548,12,14,97,243045.79833221,431249.90800476,84.45079374,dji_pose_mesh_ray_centroid,True,True,314847,2.136327,warp,,2868.3814,2540.1753,1,1,1.0,1,2.136327,2.136327,16,16,1.0,"[[2863.0,2544.5],[2863.5,2544.0],[2863.5,2543.0],[2863.5,2542.0],[2863.5,2541.0],[2864.0,2540.5],[2864.5,2540.0],[2864.5,2539.0],[2864.5,2538.0],[2864.5,2537.0],[2865.0,2536.5],[2865.5,2536.0],[2866.0,2535.5],[2866.5,2535.0],[2867.0,2534.5],[2867.5,2534.0]]","[[243045.7957592,431249.91043091,84.44859171],[243045.79603195,431249.91021729,84.44884634],[243045.79637527,431249.91031647,84.44935799],[243045.7967205,431249.91041565,84.44986916],[243045.79706573,431249.91051483,84.45038128],[243045.79733849,431249.91030121,84.45063591],[243045.79761124,431249.91007996,84.45089102],[243045.79795647,431249.91017914,84.45140314],[243045.79829979,431249.91027832,84.45191526],[243045.79864502,431249.9103775,84.45242786],[243045.79891968,431249.91016388,84.45268345],[243045.79919243,431249.90995026,84.45293856],[243045.79946518,431249.90973663,84.45319414],[243045.79973793,431249.90951538,84.45344925],[243045.80001259,431249.90930176,84.45370483],[243045.80028725,431249.90908813,84.45396042]]",dji_pose_mesh_ray_contour_nodes,
175,155,3,SPL,2884.7742,2539.1613,2882,2537,2889,2543,7,6,31,243045.80198669,431249.89942169,84.45128059,dji_pose_mesh_ray_centroid,True,True,314847,2.137408,warp,,2884.7742,2539.1613,1,1,1.0,1,2.137408,2.137408,7,7,1.0,"[[2888.0,2538.5],[2887.5,2539.0],[2887.5,2540.0],[2887.5,2541.0],[2887.0,2541.5],[2886.0,2541.5],[2885.5,2542.0]]","[[243045.80286598,431249.89777374,84.45161295],[243045.80259323,431249.89798737,84.45135784],[243045.802248,431249.89788818,84.45084572],[243045.80190277,431249.89779663,84.45033359],[243045.80162811,431249.89801025,84.45007849],[243045.80142593,431249.89854431,84.45008087],[243045.80115318,431249.89875793,84.44982576]]",dji_pose_mesh_ray_contour_nodes,
176,156,3,SPL,2892.3333,2538.4444,2890,2537,2895,2542,5,5,18,243045.80375862,431249.89547729,84.45163298,dji_pose_mesh_ray_centroid,True,True,314847,2.13799,warp,,2892.3333,2538.4444,1,1,1.0,1,2.13799,2.13799,6,6,1.0,"[[2892.5,2541.0],[2892.0,2540.5],[2891.5,2540.0],[2891.0,2539.5],[2890.5,2539.0],[2890.0,2538.5]]","[[243045.80290985,431249.8951416,84.45032358],[243045.80298233,431249.89545441,84.4505806],[243045.8030529,431249.89577484,84.45083761],[243045.80312538,431249.89608765,84.45109463],[243045.80319786,431249.89640045,84.45135212],[243045.80327034,431249.89671326,84.45160913]]",dji_pose_mesh_ray_contour_nodes,
177,157,3,SPL,2790.1898,2584.635,2784,2576,2797,2595,13,19,137,243045.76431084,431249.94377136,84.42890644,dji_pose_mesh_ray_centroid,True,True,1220227,2.11759,warp,,2790.1898,2584.635,1,1,1.0,1,2.11759,2.11759,25,25,1.0,"[[2791.5,2576.0],[2792.0,2576.5],[2793.0,2576.5],[2793.5,2577.0],[2794.0,2577.5],[2794.5,2578.0],[2794.5,2579.0],[2794.0,2579.5],[2793.5,2580.0],[2793.5,2581.0],[2793.5,2582.0],[2793.5,2583.0],[2793.0,2583.5],[2792.5,2584.0],[2792.5,2585.0],[2792.5,2586.0],[2793.0,2586.5],[2793.5,2587.0],[2793.5,2588.0],[2794.0,2588.5],[2794.5,2589.0],[2795.0,2589.5],[2795.5,2590.0],[2795.5,2591.0],[2796.0,2591.5]]","[[243045.76762581,431249.94403076,84.43323231],[243045.7675705,431249.94371796,84.43297672],[243045.76780891,431249.94320679,84.43296814],[243045.7677536,431249.94289398,84.43271255],[243045.76769829,431249.94258118,84.43245649],[243045.76764488,431249.942276,84.43220091],[243045.76729584,431249.94216919,84.43169832],[243045.76700401,431249.94236755,84.43145132],[243045.76671028,431249.94257355,84.43120432],[243045.76636314,431249.94246674,84.43070221],[243045.7660141,431249.94235992,84.4302001],[243045.76566696,431249.94225311,84.42969799],[243045.76537514,431249.94245148,84.42945147],[243045.76508141,431249.94265747,84.42920494],[243045.76473427,431249.94255066,84.42870331],[243045.76438713,431249.94244385,84.42820215],[243045.76433372,431249.94213104,84.42794704],[243045.76427841,431249.94182587,84.42769241],[243045.76393127,431249.94171906,84.42719126],[243045.76387787,431249.94140625,84.42693615],[243045.76382446,431249.94109344,84.42668152],[243045.76376915,431249.94078827,84.42642689],[243045.76371574,431249.94047546,84.42617178],[243045.76336861,431249.94036865,84.42567158],[243045.76331329,431249.94006348,84.42541695]]",dji_pose_mesh_ray_contour_nodes,
178,158,3,SPL,2767.0,2597.5,2765,2597,2770,2599,5,2,8,243045.75435257,431249.95425415,84.4226737,dji_pose_mesh_ray_centroid,True,True,1220227,2.112309,warp,,2767.0,2597.5,1,1,1.0,1,2.112309,2.112309,2,2,1.0,"[[2765.0,2597.5],[2765.5,2597.0]]","[[243045.75387764,431249.95527649,84.42269134],[243045.75416756,431249.9550705,84.42293644]]",dji_pose_mesh_ray_contour_nodes,
179,159,3,SPL,2381.0,2674.5,2380,2674,2383,2676,3,2,6,243045.66505623,431250.15016174,84.38313818,dji_pose_mesh_ray_centroid,True,True,314850,2.104398,warp,,2381.0,2674.5,1,1,1.0,1,2.104398,2.104398,6,6,1.0,"[[2380.0,2674.0],[2381.0,2674.0],[2382.0,2674.0],[2380.0,2675.0],[2381.0,2675.0],[2382.0,2675.0]]","[[243045.66501808,431250.15074921,84.38338566],[243045.66521454,431250.15023804,84.3833828],[243045.6654129,431250.14971924,84.38338041],[243045.66469765,431250.15061188,84.38289642],[243045.66489601,431250.15009308,84.38289404],[243045.66509438,431250.14958191,84.38289118]]",dji_pose_mesh_ray_contour_nodes,
180,160,3,SPL,3160.8272,2699.9081,3147,2689,3180,2711,33,22,272,243045.80073738,431249.74118042,84.37073326,dji_pose_mesh_ray_centroid,True,True,314770,2.112978,warp,,3160.8272,2699.9081,1,1,1.0,1,2.112978,2.112978,44,44,1.0,"[[3179.0,2693.5],[3178.5,2694.0],[3178.0,2694.5],[3177.5,2694.0],[3177.0,2693.5],[3176.0,2693.5],[3175.0,2693.5],[3174.5,2693.0],[3174.0,2692.5],[3173.0,2692.5],[3172.0,2692.5],[3171.0,2692.5],[3170.0,2692.5],[3169.5,2693.0],[3169.0,2693.5],[3168.0,2693.5],[3167.5,2694.0],[3167.0,2694.5],[3166.0,2694.5],[3165.5,2695.0],[3165.0,2695.5],[3164.0,2695.5],[3163.5,2696.0],[3163.5,2697.0],[3164.0,2697.5],[3164.5,2698.0],[3165.0,2698.5],[3165.5,2699.0],[3166.0,2699.5],[3166.5,2700.0],[3166.5,2701.0],[3166.5,2702.0],[3166.5,2703.0],[3167.0,2703.5],[3167.5,2704.0],[3167.5,2705.0],[3168.0,2705.5],[3168.5,2706.0],[3168.5,2707.0],[3169.0,2707.5],[3169.5,2708.0],[3169.5,2709.0],[3169.0,2709.5],[3168.5,2710.0]]","[[243045.80634117,431249.73217773,84.37383127],[243045.80607605,431249.73240662,84.37358856],[243045.80581093,431249.73262787,84.37334585],[243045.80588722,431249.73292542,84.37358952],[243045.80596352,431249.73321533,84.3738327],[243045.8057766,431249.73373413,84.37383366],[243045.80558777,431249.73425293,84.37383413],[243045.80566406,431249.73455048,84.3740778],[243045.80574036,431249.73484802,84.37432146],[243045.80555153,431249.73536682,84.37432194],[243045.80536461,431249.73588562,84.37432289],[243045.80517578,431249.73640442,84.37432337],[243045.80498695,431249.73692322,84.37432432],[243045.80472183,431249.7371521,84.37408161],[243045.80445862,431249.73737335,84.3738389],[243045.80426979,431249.73789215,84.37383985],[243045.80400467,431249.73812103,84.37359714],[243045.80374146,431249.73834991,84.37335443],[243045.80355263,431249.73886871,84.37335491],[243045.80328751,431249.73908997,84.37311268],[243045.80302238,431249.73931885,84.37286997],[243045.80283546,431249.73983765,84.37287092],[243045.80257034,431249.7400589,84.37262821],[243045.80223083,431249.73999023,84.37214279],[243045.80215454,431249.73970032,84.3718996],[243045.80207825,431249.73940277,84.37165642],[243045.80200195,431249.73911285,84.37141323],[243045.80192566,431249.73881531,84.37117004],[243045.80184937,431249.73851776,84.37092733],[243045.80177307,431249.73822784,84.37068415],[243045.80143356,431249.73815918,84.3701992],[243045.80109406,431249.73809052,84.36971426],[243045.80075455,431249.73802185,84.36922979],[243045.80067825,431249.7377243,84.36898708],[243045.80060196,431249.73743439,84.36874437],[243045.80026245,431249.73736572,84.36825991],[243045.80018616,431249.73706818,84.36801767],[243045.80011177,431249.73677826,84.36777496],[243045.79977226,431249.73670959,84.36729097],[243045.79969597,431249.73641205,84.36704874],[243045.79961967,431249.73612213,84.36680651],[243045.79928017,431249.73605347,84.36632299],[243045.79901695,431249.73627472,84.36608124],[243045.79875374,431249.7365036,84.36583996]]",dji_pose_mesh_ray_contour_nodes,
181,161,3,SPL,3190.965,2711.4099,3172,2693,3222,2732,50,39,771,243045.80249405,431249.72476196,84.36514091,dji_pose_mesh_ray_centroid,True,True,314770,2.112567,warp,,3190.965,2711.4099,1,1,1.0,1,2.112567,2.112567,102,102,1.0,"[[3221.0,2726.5],[3220.5,2727.0],[3220.0,2727.5],[3219.0,2727.5],[3218.0,2727.5],[3217.0,2727.5],[3216.5,2727.0],[3216.0,2726.5],[3215.5,2726.0],[3215.0,2725.5],[3214.5,2725.0],[3214.0,2724.5],[3213.5,2724.0],[3213.0,2723.5],[3212.5,2723.0],[3212.0,2722.5],[3211.0,2722.5],[3210.5,2722.0],[3210.0,2721.5],[3209.5,2721.0],[3209.0,2720.5],[3208.5,2720.0],[3208.0,2719.5],[3207.5,2719.0],[3207.0,2718.5],[3206.5,2718.0],[3206.0,2717.5],[3205.5,2717.0],[3205.5,2716.0],[3205.0,2715.5],[3204.5,2715.0],[3204.0,2714.5],[3203.0,2714.5],[3202.5,2714.0],[3202.0,2713.5],[3201.5,2713.0],[3201.0,2712.5],[3200.0,2712.5],[3199.5,2712.0],[3199.5,2711.0],[3199.5,2710.0],[3199.5,2709.0],[3199.5,2708.0],[3199.5,2707.0],[3199.5,2706.0],[3199.0,2705.5],[3198.5,2705.0],[3198.0,2704.5],[3197.0,2704.5],[3196.0,2704.5],[3195.0,2704.5],[3194.5,2704.0],[3194.5,2703.0],[3194.5,2702.0],[3194.0,2701.5],[3193.0,2701.5],[3192.5,2702.0],[3193.0,2702.5],[3193.5,2703.0],[3193.5,2704.0],[3193.5,2705.0],[3193.5,2706.0],[3193.5,2707.0],[3193.5,2708.0],[3193.5,2709.0],[3193.5,2710.0],[3193.5,2711.0],[3193.5,2712.0],[3193.5,2713.0],[3193.0,2713.5],[3192.5,2714.0],[3192.0,2714.5],[3191.5,2715.0],[3191.5,2716.0],[3191.0,2716.5],[3190.5,2717.0],[3190.5,2718.0],[3190.0,2718.5],[3189.0,2718.5],[3188.5,2719.0],[3188.0,2719.5],[3187.0,2719.5],[3186.0,2719.5],[3185.0,2719.5],[3184.5,2720.0],[3184.0,2720.5],[3183.5,2721.0],[3183.5,2722.0],[3183.5,2723.0],[3184.0,2723.5],[3184.5,2724.0],[3184.5,2725.0],[3184.5,2726.0],[3184.5,2727.0],[3185.0,2727.5],[3185.5,2728.0],[3185.5,2729.0],[3185.0,2729.5],[3184.5,2730.0],[3184.0,2730.5],[3183.0,2730.5],[3182.5,2731.0]]","[[243045.80300713,431249.70822906,84.35784292],[243045.80274391,431249.70845795,84.35760307],[243045.8024807,431249.70868683,84.35736322],[243045.80229378,431249.709198,84.3573637],[243045.80210495,431249.7097168,84.35736465],[243045.80191803,431249.7102356,84.35736561],[243045.80199432,431249.71052551,84.35760641],[243045.80207062,431249.71081543,84.35784721],[243045.802145,431249.71110535,84.35808802],[243045.8022213,431249.71139526,84.35832882],[243045.80229759,431249.71168518,84.35856962],[243045.80237198,431249.71198273,84.3588109],[243045.80244827,431249.71227264,84.3590517],[243045.80252457,431249.71256256,84.35929251],[243045.80260086,431249.71285248,84.35953379],[243045.80267525,431249.7131424,84.35977507],[243045.80248833,431249.71366119,84.35977554],[243045.80256462,431249.71395111,84.36001682],[243045.80264091,431249.71424103,84.3602581],[243045.8027153,431249.71453094,84.36049938],[243045.8027916,431249.71482086,84.36074066],[243045.80286789,431249.71511841,84.36098194],[243045.80294418,431249.71540833,84.36122322],[243045.80301857,431249.71569824,84.3614645],[243045.80309486,431249.71598816,84.36170626],[243045.80317116,431249.71627808,84.36194754],[243045.80324745,431249.71657562,84.36218929],[243045.80332375,431249.71686554,84.36243057],[243045.80366325,431249.71692657,84.36291313],[243045.80373955,431249.71722412,84.36315489],[243045.80381393,431249.71751404,84.36339664],[243045.80389023,431249.71780396,84.3636384],[243045.80370331,431249.71832275,84.36363888],[243045.8037796,431249.71861267,84.36388063],[243045.8038559,431249.71890259,84.36412287],[243045.80393028,431249.71920013,84.36436462],[243045.80400658,431249.71949005,84.36460638],[243045.80381966,431249.72000885,84.36460733],[243045.80389595,431249.72029877,84.36484909],[243045.80423546,431249.72036743,84.3653326],[243045.80457497,431249.72042847,84.36581564],[243045.80491638,431249.72049713,84.36629963],[243045.80525589,431249.7205658,84.36678314],[243045.8055954,431249.72062683,84.36726713],[243045.80593681,431249.7206955,84.36775112],[243045.80601311,431249.72098541,84.36799383],[243045.8060894,431249.72128296,84.36823606],[243045.8061657,431249.72157288,84.36847877],[243045.80597687,431249.72209167,84.36847925],[243045.80578995,431249.72261047,84.36848021],[243045.80560112,431249.72312927,84.36848116],[243045.80567741,431249.72341919,84.36872339],[243045.80601883,431249.72348785,84.36920786],[243045.80635834,431249.72355652,84.3696928],[243045.80643463,431249.72384644,84.36993551],[243045.80624771,431249.72436523,84.36993647],[243045.80598259,431249.72459412,84.36969423],[243045.8059063,431249.72429657,84.36945152],[243045.80583,431249.72400665,84.36920881],[243045.80549049,431249.72393799,84.36872435],[243045.80514908,431249.72387695,84.36823988],[243045.80480957,431249.72380829,84.36775589],[243045.80446815,431249.72373962,84.3672719],[243045.80412865,431249.72367096,84.36678791],[243045.80378914,431249.72360992,84.36630392],[243045.80344772,431249.72354126,84.36582041],[243045.80310822,431249.7234726,84.36533689],[243045.80276871,431249.72341156,84.36485386],[243045.8024292,431249.7233429,84.36437082],[243045.80216599,431249.72357178,84.36412954],[243045.80190277,431249.72379303,84.36388874],[243045.80163956,431249.72402191,84.36364746],[243045.80137444,431249.72424316,84.36340666],[243045.80103683,431249.72418213,84.3629241],[243045.80077362,431249.72440338,84.3626833],[243045.8005085,431249.72463226,84.36244249],[243045.8001709,431249.7245636,84.36195993],[243045.79990768,431249.72479248,84.36171961],[243045.79972076,431249.72531128,84.36172008],[243045.79945755,431249.72553253,84.36147976],[243045.79919434,431249.72576141,84.36123896],[243045.79900742,431249.72628021,84.36123991],[243045.79881859,431249.72679138,84.36124039],[243045.79863167,431249.72731018,84.36124134],[243045.79836845,431249.72753906,84.36100101],[243045.79810524,431249.72776031,84.36076021],[243045.79784203,431249.7279892,84.36051989],[243045.79750443,431249.72792053,84.36003828],[243045.79716682,431249.72785187,84.35955667],[243045.79709053,431249.72756195,84.35931587],[243045.79701614,431249.72727203,84.35907459],[243045.79667664,431249.72720337,84.35859346],[243045.79633904,431249.7271347,84.35811233],[243045.79600143,431249.72706604,84.35763168],[243045.79592705,431249.72677612,84.35739088],[243045.79585075,431249.72648621,84.35715008],[243045.79551315,431249.72641754,84.3566699],[243045.79525185,431249.72664642,84.35643005],[243045.79499054,431249.72686768,84.3561902],[243045.79472733,431249.72709656,84.35595036],[243045.79454041,431249.72760773,84.35595131],[243045.7942791,431249.72783661,84.35571146]]",dji_pose_mesh_ray_contour_nodes,
182,162,3,SPL,3247.2069,2703.7931,3245,2701,3251,2707,6,6,29,243045.81473923,431249.69591522,84.36896229,dji_pose_mesh_ray_centroid,True,True,1220204,2.118415,warp,,3247.2069,2703.7931,1,1,1.0,1,2.118415,2.118415,6,6,1.0,"[[3247.5,2701.0],[3248.0,2701.5],[3248.5,2702.0],[3249.0,2702.5],[3249.5,2703.0],[3250.0,2703.5]]","[[243045.81571198,431249.69592285,84.37032318],[243045.81562233,431249.69563293,84.37008285],[243045.81553078,431249.69534302,84.36984253],[243045.81544304,431249.69504547,84.3696022],[243045.81535339,431249.69475555,84.36936235],[243045.81526184,431249.69446564,84.36912203]]",dji_pose_mesh_ray_contour_nodes,
183,163,3,SPL,2956.807,2720.901,2933,2708,2982,2740,49,32,596,243045.75515747,431249.84518433,84.36079645,dji_pose_mesh_ray_centroid,True,True,314847,2.094421,warp,,2956.807,2720.901,1,1,1.0,1,2.094421,2.094421,115,115,1.0,"[[2981.0,2718.5],[2980.5,2719.0],[2980.5,2720.0],[2980.0,2720.5],[2979.5,2721.0],[2979.0,2721.5],[2978.0,2721.5],[2977.0,2721.5],[2976.0,2721.5],[2975.0,2721.5],[2974.0,2721.5],[2973.0,2721.5],[2972.5,2722.0],[2972.0,2722.5],[2971.5,2723.0],[2971.0,2723.5],[2970.0,2723.5],[2969.5,2724.0],[2969.5,2725.0],[2969.5,2726.0],[2969.5,2727.0],[2970.0,2727.5],[2970.5,2728.0],[2970.5,2729.0],[2971.0,2729.5],[2971.5,2730.0],[2972.0,2730.5],[2972.5,2731.0],[2973.0,2731.5],[2973.5,2732.0],[2973.0,2732.5],[2972.0,2732.5],[2971.5,2733.0],[2971.0,2733.5],[2970.0,2733.5],[2969.0,2733.5],[2968.0,2733.5],[2967.0,2733.5],[2966.0,2733.5],[2965.0,2733.5],[2964.0,2733.5],[2963.0,2733.5],[2962.0,2733.5],[2961.5,2733.0],[2961.0,2732.5],[2960.0,2732.5],[2959.5,2732.0],[2959.5,2731.0],[2959.5,2730.0],[2959.5,2729.0],[2959.5,2728.0],[2959.5,2727.0],[2960.0,2726.5],[2960.5,2726.0],[2960.5,2725.0],[2961.0,2724.5],[2961.5,2724.0],[2961.0,2723.5],[2960.5,2723.0],[2960.5,2722.0],[2960.5,2721.0],[2960.0,2720.5],[2959.5,2720.0],[2959.5,2719.0],[2959.5,2718.0],[2959.5,2717.0],[2959.5,2716.0],[2959.0,2715.5],[2958.0,2715.5],[2957.5,2715.0],[2957.0,2714.5],[2956.0,2714.5],[2955.0,2714.5],[2954.5,2714.0],[2954.0,2713.5],[2953.0,2713.5],[2952.0,2713.5],[2951.0,2713.5],[2950.0,2713.5],[2949.0,2713.5],[2948.0,2713.5],[2947.0,2713.5],[2946.0,2713.5],[2945.5,2714.0],[2945.0,2714.5],[2944.5,2715.0],[2944.5,2716.0],[2944.5,2717.0],[2944.5,2718.0],[2944.5,2719.0],[2944.5,2720.0],[2944.5,2721.0],[2944.0,2721.5],[2943.5,2722.0],[2943.5,2723.0],[2943.5,2724.0],[2943.0,2724.5],[2942.5,2725.0],[2942.0,2725.5],[2941.5,2726.0],[2941.5,2727.0],[2941.5,2728.0],[2941.0,2728.5],[2940.5,2729.0],[2940.5,2730.0],[2940.5,2731.0],[2940.5,2732.0],[2940.5,2733.0],[2940.5,2734.0],[2940.0,2734.5],[2939.5,2735.0],[2939.5,2736.0],[2939.5,2737.0],[2939.5,2738.0],[2939.5,2739.0]]","[[243045.76067352,431249.83293152,84.36189556],[243045.76041222,431249.83314514,84.36165523],[243045.76008415,431249.83306122,84.36117315],[243045.75982094,431249.83327484,84.36093283],[243045.75955963,431249.83349609,84.36069298],[243045.75929832,431249.83370972,84.36045313],[243045.75910187,431249.83422089,84.36045551],[243045.75890732,431249.83473969,84.3604579],[243045.75871277,431249.83525085,84.36046076],[243045.75851631,431249.83576965,84.36046314],[243045.75831985,431249.83628082,84.36046553],[243045.75812531,431249.83679962,84.36046791],[243045.757864,431249.83701324,84.36022806],[243045.75760269,431249.83722687,84.35998821],[243045.75734138,431249.83744049,84.35974836],[243045.75707817,431249.83766174,84.35950899],[243045.75688362,431249.83817291,84.35951138],[243045.75662231,431249.83838654,84.35927153],[243045.75629425,431249.83830261,84.35878992],[243045.75596809,431249.83821869,84.35830831],[243045.75564003,431249.83813477,84.35782719],[243045.75557327,431249.83783722,84.35758543],[243045.75550842,431249.83753967,84.35734367],[243045.75518036,431249.83745575,84.35686254],[243045.7551136,431249.83715057,84.35662079],[243045.75504875,431249.83685303,84.35637903],[243045.75498199,431249.83655548,84.35613728],[243045.75491714,431249.83625793,84.355896],[243045.75485039,431249.83596039,84.35565424],[243045.75478554,431249.83565521,84.35541296],[243045.75452423,431249.83587646,84.35517406],[243045.75432777,431249.83638763,84.35517645],[243045.75406837,431249.83660126,84.35493755],[243045.75380707,431249.83681488,84.35469866],[243045.75361252,431249.83733368,84.35470104],[243045.75341797,431249.83784485,84.35470343],[243045.75322151,431249.83835602,84.35470581],[243045.75302696,431249.83887482,84.35470867],[243045.75283241,431249.83938599,84.35471106],[243045.75263786,431249.83989716,84.35471344],[243045.75244331,431249.84041595,84.35471582],[243045.75224686,431249.84092712,84.35471821],[243045.75205231,431249.84143829,84.35472107],[243045.75211716,431249.84174347,84.35496235],[243045.75218391,431249.84204102,84.35520363],[243045.75198936,431249.84255219,84.35520601],[243045.75205421,431249.84285736,84.35544777],[243045.75238037,431249.84294128,84.35592842],[243045.75270844,431249.84302521,84.35640907],[243045.75303459,431249.84310913,84.35688972],[243045.75336075,431249.84319305,84.35737085],[243045.7536869,431249.84327698,84.35785198],[243045.75394821,431249.84306335,84.35809135],[243045.75420952,431249.84284973,84.35833073],[243045.75453758,431249.84293365,84.35881233],[243045.75479889,431249.84272003,84.3590517],[243045.7550602,431249.84250641,84.35929155],[243045.75512505,431249.84280396,84.35953379],[243045.7551918,431249.84310913,84.35977554],[243045.75551987,431249.84319305,84.36025763],[243045.75584602,431249.84327698,84.36073971],[243045.75591278,431249.84357452,84.36098194],[243045.75597954,431249.8438797,84.36122465],[243045.7563076,431249.84396362,84.36170673],[243045.75663567,431249.84404755,84.36218977],[243045.75696182,431249.84413147,84.36267233],[243045.75728989,431249.84421539,84.36315536],[243045.75735664,431249.84452057,84.36339807],[243045.75716209,431249.84503174,84.36340046],[243045.75722694,431249.84533691,84.36364317],[243045.7572937,431249.84563446,84.36388588],[243045.75709915,431249.84615326,84.36388826],[243045.75690269,431249.84666443,84.36389112],[243045.75696945,431249.8469696,84.36413383],[243045.75703621,431249.84726715,84.36437654],[243045.75683975,431249.84777832,84.36437893],[243045.7566433,431249.84829712,84.36438131],[243045.75644875,431249.84881592,84.3643837],[243045.75625229,431249.84932709,84.36438656],[243045.75605774,431249.84984589,84.36438894],[243045.75586128,431249.85035706,84.36439133],[243045.75566673,431249.85087585,84.36439371],[243045.75547028,431249.85138702,84.36439609],[243045.75520897,431249.85160065,84.36415577],[243045.75494576,431249.8518219,84.36391544],[243045.75468445,431249.85203552,84.36367512],[243045.75435829,431249.85194397,84.36319208],[243045.75403023,431249.85186005,84.36270905],[243045.75370216,431249.85177612,84.36222649],[243045.7533741,431249.85168457,84.36174393],[243045.75304794,431249.85160065,84.36126137],[243045.75272179,431249.85150909,84.36077929],[243045.75245857,431249.85173035,84.36053944],[243045.75219917,431249.85194397,84.36029959],[243045.75187111,431249.85185242,84.3598175],[243045.75154495,431249.85176849,84.3593359],[243045.75128365,431249.85198212,84.35909605],[243045.75102234,431249.85219574,84.35885668],[243045.75076103,431249.85240936,84.35861731],[243045.75050163,431249.85262299,84.35837793],[243045.75017548,431249.85253906,84.35789633],[243045.74984932,431249.85244751,84.3574152],[243045.74958801,431249.85266113,84.35717583],[243045.74932671,431249.85287476,84.35693693],[243045.74900055,431249.85279083,84.35645628],[243045.74867439,431249.85270691,84.35597563],[243045.74835014,431249.85261536,84.35549498],[243045.74802399,431249.85253143,84.35501432],[243045.74769783,431249.85244751,84.35453463],[243045.74743843,431249.85266113,84.35429573],[243045.74717712,431249.85287476,84.35405683],[243045.74685287,431249.8527832,84.35357714],[243045.74652672,431249.85269928,84.35309744],[243045.74620247,431249.85260773,84.35261774],[243045.74587631,431249.8525238,84.35213852]]",dji_pose_mesh_ray_contour_nodes,
184,164,3,SPL,2816.5603,2785.2521,2690,2712,2928,2871,238,159,15590,243045.70755959,431249.91123199,84.3303833,dji_pose_mesh_ray_centroid,True,True,1220230,2.073245,warp,,2816.5603,2785.2521,1,1,1.0,1,2.073245,2.073245,256,256,1.0,"[[2927.0,2766.5],[2926.5,2767.0],[2926.0,2767.5],[2925.5,2768.0],[2925.0,2769.5],[2924.0,2769.5],[2923.5,2770.0],[2923.0,2770.5],[2921.5,2770.0],[2921.0,2769.5],[2920.5,2769.0],[2920.0,2768.5],[2919.5,2767.0],[2919.5,2766.0],[2919.5,2765.0],[2919.5,2764.0],[2919.5,2762.0],[2919.5,2761.0],[2919.5,2760.0],[2919.0,2759.5],[2918.0,2758.5],[2917.5,2759.0],[2917.0,2759.5],[2916.5,2761.0],[2917.0,2761.5],[2917.5,2762.0],[2917.5,2763.0],[2917.5,2765.0],[2917.5,2766.0],[2917.5,2767.0],[2917.5,2768.0],[2917.5,2770.0],[2917.5,2771.0],[2917.5,2772.0],[2917.5,2773.0],[2917.5,2775.0],[2918.0,2775.5],[2918.5,2776.0],[2918.5,2777.0],[2917.5,2778.0],[2917.0,2778.5],[2916.5,2779.0],[2916.0,2780.5],[2915.5,2781.0],[2915.0,2781.5],[2914.5,2782.0],[2913.0,2782.5],[2912.0,2782.5],[2911.0,2782.5],[2910.0,2782.5],[2908.5,2783.0],[2908.0,2783.5],[2907.0,2783.5],[2906.0,2783.5],[2904.0,2783.5],[2903.5,2784.0],[2903.0,2784.5],[2902.5,2785.0],[2901.5,2786.0],[2901.0,2786.5],[2900.5,2787.0],[2900.0,2788.5],[2899.0,2788.5],[2898.5,2789.0],[2898.0,2789.5],[2896.0,2789.5],[2895.0,2789.5],[2894.0,2789.5],[2893.0,2789.5],[2892.0,2790.5],[2891.0,2790.5],[2890.0,2790.5],[2889.0,2790.5],[2887.5,2791.0],[2887.0,2791.5],[2886.5,2792.0],[2886.0,2792.5],[2885.5,2794.0],[2885.5,2795.0],[2885.0,2795.5],[2884.5,2797.0],[2884.5,2798.0],[2884.0,2798.5],[2883.5,2799.0],[2883.0,2800.5],[2882.0,2800.5],[2881.0,2800.5],[2880.0,2800.5],[2878.0,2800.5],[2877.0,2800.5],[2876.5,2800.0],[2876.0,2799.5],[2875.5,2798.0],[2875.5,2797.0],[2875.5,2796.0],[2875.5,2795.0],[2874.5,2794.0],[2874.5,2793.0],[2874.0,2792.5],[2873.0,2791.5],[2872.0,2791.5],[2871.5,2792.0],[2871.0,2792.5],[2869.0,2792.5],[2868.0,2792.5],[2867.5,2793.0],[2867.0,2793.5],[2865.5,2794.0],[2865.0,2794.5],[2864.5,2795.0],[2864.0,2795.5],[2863.0,2796.5],[2862.5,2797.0],[2862.5,2798.0],[2862.5,2799.0],[2862.0,2800.5],[2861.5,2801.0],[2861.0,2801.5],[2860.0,2802.5],[2859.0,2802.5],[2858.0,2802.5],[2857.0,2802.5],[2855.5,2802.0],[2855.0,2801.5],[2854.5,2801.0],[2854.5,2800.0],[2853.5,2799.0],[2853.0,2798.5],[2852.5,2798.0],[2852.5,2797.0],[2851.5,2796.0],[2851.0,2795.5],[2850.5,2795.0],[2850.0,2794.5],[2849.0,2793.5],[2848.5,2794.0],[2848.0,2794.5],[2847.5,2795.0],[2847.5,2797.0],[2847.5,2798.0],[2847.5,2799.0],[2847.5,2801.0],[2847.5,2802.0],[2847.5,2803.0],[2847.5,2804.0],[2846.5,2805.0],[2846.5,2806.0],[2846.0,2806.5],[2845.5,2807.0],[2844.0,2807.5],[2843.5,2808.0],[2843.0,2808.5],[2842.5,2809.0],[2841.0,2809.5],[2840.5,2810.0],[2840.0,2810.5],[2839.5,2811.0],[2838.0,2811.5],[2837.5,2812.0],[2837.5,2813.0],[2837.5,2815.0],[2837.5,2816.0],[2837.5,2817.0],[2837.5,2818.0],[2836.5,2819.0],[2836.0,2819.5],[2835.5,2820.0],[2835.0,2820.5],[2834.0,2821.5],[2833.5,2822.0],[2833.0,2822.5],[2832.5,2823.0],[2831.5,2824.0],[2831.5,2825.0],[2831.5,2826.0],[2831.5,2827.0],[2832.0,2828.5],[2832.5,2829.0],[2832.5,2830.0],[2832.5,2832.0],[2833.0,2832.5],[2833.5,2833.0],[2833.5,2834.0],[2833.5,2836.0],[2833.5,2837.0],[2833.5,2838.0],[2833.0,2838.5],[2832.5,2840.0],[2832.5,2841.0],[2832.5,2842.0],[2832.5,2843.0],[2833.0,2844.5],[2833.5,2845.0],[2833.5,2846.0],[2833.5,2847.0],[2833.5,2849.0],[2833.5,2850.0],[2833.0,2850.5],[2832.0,2851.5],[2831.5,2852.0],[2831.0,2852.5],[2830.5,2853.0],[2829.0,2853.5],[2828.5,2853.0],[2828.0,2852.5],[2827.0,2852.5],[2826.0,2851.5],[2825.0,2851.5],[2824.0,2851.5],[2823.0,2851.5],[2821.0,2851.5],[2820.0,2851.5],[2819.0,2851.5],[2818.0,2851.5],[2817.0,2852.5],[2816.5,2853.0],[2816.5,2854.0],[2816.0,2855.5],[2815.5,2856.0],[2815.5,2857.0],[2815.5,2858.0],[2815.5,2860.0],[2815.5,2861.0],[2815.5,2862.0],[2815.5,2863.0],[2816.0,2864.5],[2816.5,2865.0],[2816.0,2865.5],[2815.5,2866.0],[2815.0,2867.5],[2814.5,2868.0],[2814.0,2868.5],[2813.0,2868.5],[2811.0,2868.5],[2810.0,2868.5],[2809.5,2868.0],[2808.0,2867.5],[2807.0,2867.5],[2806.0,2867.5],[2805.0,2867.5],[2803.0,2867.5],[2802.0,2867.5],[2801.0,2867.5],[2800.0,2867.5],[2798.0,2867.5],[2797.0,2867.5],[2796.0,2867.5],[2795.0,2867.5],[2793.0,2867.5],[2792.0,2867.5],[2791.5,2868.0],[2791.0,2868.5],[2789.5,2869.0],[2789.0,2869.5],[2788.0,2869.5],[2786.5,2870.0]]","[[243045.73455811,431249.85654449,84.33904886],[243045.73430061,431249.85675812,84.33881283],[243045.73404312,431249.85696411,84.33857679],[243045.73378181,431249.85717773,84.33834124],[243045.73316765,431249.85729218,84.33763838],[243045.73293686,431249.85779572,84.33764934],[243045.73265457,431249.85800171,84.33741856],[243045.73237419,431249.8582077,84.33718777],[243045.7321949,431249.85900116,84.33744001],[243045.73224449,431249.85929871,84.33768129],[243045.73229408,431249.85958862,84.33792257],[243045.73234558,431249.85988617,84.33816433],[243045.73272896,431249.86027527,84.33887815],[243045.73306084,431249.86035919,84.33935022],[243045.73339272,431249.86045074,84.33982325],[243045.73372459,431249.8605423,84.34029627],[243045.73439026,431249.8607254,84.34124231],[243045.73472214,431249.86081696,84.34171581],[243045.73505592,431249.86090088,84.34218931],[243045.73510742,431249.86119843,84.34243107],[243045.73520851,431249.86179352,84.34291553],[243045.73492622,431249.86199951,84.34268427],[243045.73464394,431249.86220551,84.34245253],[243045.73402977,431249.86231995,84.34174776],[243045.73397827,431249.8620224,84.34150553],[243045.73392868,431249.86172485,84.34126377],[243045.73359489,431249.8616333,84.34079027],[243045.73293114,431249.8614502,84.3398447],[243045.73259926,431249.86136627,84.33937216],[243045.73226738,431249.86127472,84.33889914],[243045.7319355,431249.86118317,84.33842707],[243045.73127174,431249.86100006,84.33748293],[243045.73093987,431249.86090851,84.33701086],[243045.73060799,431249.86082458,84.33653927],[243045.73027611,431249.86073303,84.33606768],[243045.72961426,431249.86054993,84.33512497],[243045.72956467,431249.86025238,84.33488417],[243045.72951317,431249.85996246,84.33464289],[243045.7291832,431249.85987091,84.33417225],[243045.72862244,431249.8602829,84.3337121],[243045.72834206,431249.86048126,84.33348227],[243045.72806168,431249.86068726,84.33325243],[243045.72744942,431249.8608017,84.33255196],[243045.72716904,431249.86100769,84.3323226],[243045.72688866,431249.86121368,84.33209276],[243045.72660828,431249.86141968,84.3318634],[243045.72609901,431249.86212158,84.33164453],[243045.72586823,431249.86261749,84.3316555],[243045.72563934,431249.86312103,84.33166599],[243045.72540855,431249.86361694,84.33167696],[243045.72489929,431249.86431885,84.33145809],[243045.72461891,431249.86452484,84.33122873],[243045.72439003,431249.86502838,84.3312397],[243045.72415924,431249.86552429,84.33125067],[243045.72369957,431249.86652374,84.33127212],[243045.7234211,431249.86672211,84.33104277],[243045.72317886,431249.86694336,84.33080482],[243045.72294998,431249.86715698,84.3305645],[243045.72249031,431249.86759186,84.33008337],[243045.72226143,431249.86781311,84.32984304],[243045.72203255,431249.86802673,84.32960224],[243045.72152328,431249.86816406,84.32888222],[243045.72134399,431249.86868286,84.32888126],[243045.72111511,431249.86889648,84.32864094],[243045.72088623,431249.86911774,84.32840109],[243045.72052956,431249.87014008,84.32839966],[243045.72035217,431249.87065125,84.3283987],[243045.72017288,431249.87116241,84.32839823],[243045.7199955,431249.87168121,84.32839727],[243045.71953773,431249.87211609,84.3279171],[243045.71935844,431249.87262726,84.32791614],[243045.71918106,431249.87313843,84.32791567],[243045.71900368,431249.8736496,84.32791471],[243045.7185955,431249.87438202,84.32767391],[243045.71836662,431249.87459564,84.32743406],[243045.71813774,431249.87481689,84.32719374],[243045.71790886,431249.87503052,84.32695389],[243045.7174015,431249.87516785,84.32623434],[243045.71712112,431249.87509155,84.3257556],[243045.71689224,431249.87530518,84.32551575],[243045.71638489,431249.8754425,84.32479715],[243045.71610641,431249.87536621,84.32431841],[243045.71587753,431249.87557983,84.32407856],[243045.71564865,431249.87580109,84.32383919],[243045.7151413,431249.87593842,84.32312107],[243045.71496391,431249.87644958,84.32312059],[243045.71478653,431249.87696075,84.32312012],[243045.71460724,431249.87747192,84.32311916],[243045.71425247,431249.87849426,84.32311773],[243045.71407509,431249.87900543,84.32311726],[243045.71412468,431249.87930298,84.32335567],[243045.71417427,431249.87960052,84.32359457],[243045.71450424,431249.87997437,84.32431221],[243045.71478271,431249.88005829,84.32479048],[243045.7150631,431249.88013458,84.3252697],[243045.71534157,431249.88021088,84.32574844],[243045.71544266,431249.88080597,84.32622671],[243045.71572113,431249.88088226,84.32670593],[243045.71577263,431249.88117981,84.3269453],[243045.71587372,431249.8817749,84.32742405],[243045.71569633,431249.88228607,84.3274231],[243045.71546745,431249.88249969,84.32718325],[243045.71523857,431249.88272095,84.3269434],[243045.7148819,431249.88374329,84.32694197],[243045.71470451,431249.88425446,84.32694101],[243045.71447563,431249.88447571,84.32670116],[243045.71424675,431249.88468933,84.32646131],[243045.71384048,431249.88541412,84.32622051],[243045.7136116,431249.88563538,84.32598066],[243045.71338272,431249.885849,84.32574081],[243045.71315575,431249.88606262,84.32550096],[243045.71269798,431249.8864975,84.32502127],[243045.7124691,431249.88671112,84.32478142],[243045.71219063,431249.88663483,84.32430267],[243045.71191216,431249.8865509,84.32382441],[243045.71140671,431249.88668823,84.32310629],[243045.71117783,431249.88690186,84.32286692],[243045.71095085,431249.88712311,84.32262754],[243045.710495,431249.88755035,84.3221488],[243045.7103157,431249.88806152,84.32214785],[243045.71013832,431249.88857269,84.32214737],[243045.70996094,431249.88908386,84.32214642],[243045.70983315,431249.88989258,84.32238436],[243045.70988274,431249.89019012,84.32262325],[243045.70993233,431249.89048767,84.32286215],[243045.7102108,431249.89056396,84.32334042],[243045.71031189,431249.89115906,84.32381773],[243045.71036148,431249.8914566,84.3240571],[243045.71041298,431249.89175415,84.32429552],[243045.71068954,431249.89183807,84.32477426],[243045.71079063,431249.89242554,84.32525253],[243045.71084023,431249.89272308,84.3254919],[243045.71089172,431249.89302063,84.3257308],[243045.71094131,431249.89331818,84.32597017],[243045.7110424,431249.89391327,84.32644844],[243045.71081352,431249.89412689,84.32620859],[243045.71058464,431249.89434052,84.32596874],[243045.71035767,431249.89456177,84.32572889],[243045.70980072,431249.89439392,84.32477093],[243045.70952225,431249.89431763,84.32429218],[243045.70924377,431249.8942337,84.32381391],[243045.70868874,431249.89407349,84.3228569],[243045.70841026,431249.89398956,84.32237864],[243045.70813179,431249.89390564,84.32190084],[243045.70785522,431249.89382935,84.32142305],[243045.70739937,431249.89425659,84.32094479],[243045.7071209,431249.89417267,84.32046699],[243045.70689392,431249.89439392,84.3202281],[243045.70666695,431249.89460754,84.31998873],[243045.70626068,431249.89533234,84.31974888],[243045.70603371,431249.89554596,84.31950998],[243045.70580673,431249.89575958,84.31927109],[243045.70557785,431249.89597321,84.31903219],[243045.70517349,431249.89670563,84.31879234],[243045.70494652,431249.89691925,84.31855345],[243045.70471764,431249.89713287,84.31831503],[243045.70449066,431249.8973465,84.31807613],[243045.7040863,431249.89807129,84.31783676],[243045.70385933,431249.89828491,84.31759787],[243045.70358276,431249.89820862,84.31712103],[243045.70302963,431249.89804077,84.31616831],[243045.70275307,431249.89795685,84.31569195],[243045.7024765,431249.89788055,84.31521606],[243045.70219994,431249.89779663,84.31474018],[243045.70174599,431249.89822388,84.31426334],[243045.70151901,431249.8984375,84.3140254],[243045.70129204,431249.89865875,84.31378698],[243045.70106506,431249.89887238,84.31354904],[243045.70061302,431249.89929962,84.31307268],[243045.70038605,431249.89951324,84.31283474],[243045.70015907,431249.89972687,84.3125968],[243045.6999321,431249.89994049,84.31235886],[243045.69947815,431249.90036774,84.31188297],[243045.69920349,431249.90028381,84.31140757],[243045.69892693,431249.90020752,84.31093264],[243045.69865227,431249.9001236,84.31045818],[243045.69832802,431249.89974213,84.30974674],[243045.69827843,431249.89945221,84.30950975],[243045.69800377,431249.89936829,84.3090353],[243045.69745255,431249.89920044,84.30808735],[243045.69740295,431249.89891052,84.30785036],[243045.69735527,431249.89861298,84.30761385],[243045.6970787,431249.89852905,84.30714035],[243045.69652939,431249.89836884,84.30619287],[243045.69625473,431249.89828491,84.30571938],[243045.69598007,431249.89820862,84.30524635],[243045.695755,431249.89842224,84.30500936],[243045.69525337,431249.89855194,84.30429935],[243045.69497871,431249.89846802,84.30382681],[243045.69470596,431249.89839172,84.30335379],[243045.6944313,431249.8983078,84.30288124],[243045.69410896,431249.89793396,84.30217314],[243045.69405937,431249.89763641,84.3019371],[243045.69378471,431249.89755249,84.30146503],[243045.69351196,431249.8974762,84.30099297],[243045.69296265,431249.89730835,84.3000493],[243045.6926899,431249.89723206,84.29957771],[243045.69246483,431249.89744568,84.29934168],[243045.69201469,431249.89787292,84.29886961],[243045.69178963,431249.89808655,84.2986331],[243045.69156456,431249.89829254,84.29839754],[243045.69133949,431249.89850616,84.29816151],[243045.69093704,431249.89923096,84.29792452],[243045.69098473,431249.8995285,84.29816008],[243045.69103432,431249.89981842,84.29839516],[243045.69085693,431249.90032959,84.2983942],[243045.69095421,431249.90091705,84.29886484],[243045.69077873,431249.90142822,84.29886436],[243045.69060135,431249.90193176,84.29886341],[243045.69042397,431249.90244293,84.29886293],[243045.69007111,431249.90345764,84.2988615],[243045.68989372,431249.90396881,84.29886055],[243045.68971825,431249.90447998,84.2988596],[243045.68954086,431249.90498352,84.29885912],[243045.68909264,431249.90541077,84.29838705],[243045.68886757,431249.90562439,84.29815102],[243045.68859291,431249.90554047,84.2976799],[243045.68809509,431249.90567017,84.29697323],[243045.68787193,431249.90588379,84.29673719],[243045.68759918,431249.90579987,84.29626656],[243045.68732643,431249.90572357,84.29579592],[243045.68678093,431249.90555573,84.29485512],[243045.68650818,431249.9054718,84.29438496],[243045.68623543,431249.90538788,84.29391479],[243045.68596268,431249.90531158,84.29344511],[243045.68564224,431249.90493011,84.29274082],[243045.68559456,431249.9046402,84.29250622],[243045.6853714,431249.90484619,84.29227114],[243045.68514633,431249.90505981,84.29203606],[243045.68465042,431249.90518951,84.29133177],[243045.68442726,431249.90540314,84.29109669],[243045.68420219,431249.90561676,84.29086161],[243045.68402672,431249.9061203,84.29086113],[243045.68367386,431249.90713501,84.2908597],[243045.68349838,431249.90764618,84.29085875],[243045.68354607,431249.90794373,84.29109287],[243045.68341637,431249.90874481,84.29132652],[243045.68324089,431249.90924835,84.29132557],[243045.68306351,431249.90975952,84.29132509],[243045.68288803,431249.91026306,84.29132414],[243045.68253517,431249.91127777,84.29132271],[243045.6823597,431249.91178131,84.29132223],[243045.68218231,431249.91229248,84.29132128],[243045.68200684,431249.91279602,84.29132032],[243045.68165398,431249.91381073,84.29131889],[243045.6814785,431249.9143219,84.29131842],[243045.68130112,431249.91482544,84.29131746],[243045.68112564,431249.91533661,84.29131651],[243045.68077278,431249.91635132,84.29131508],[243045.68059731,431249.91685486,84.2913146],[243045.68037415,431249.91706848,84.29107952],[243045.68014908,431249.9172821,84.29084444],[243045.67974854,431249.91799927,84.29060888],[243045.67952538,431249.91821289,84.2903738],[243045.6793499,431249.91871643,84.29037332],[243045.67894936,431249.91943359,84.29013777]]",dji_pose_mesh_ray_contour_nodes,
185,165,3,SPL,1084.5913,2736.6911,1067,2727,1112,2748,45,21,531,243045.4196434,431250.82204437,84.35012197,dji_pose_mesh_ray_centroid,True,True,1219980,2.267784,warp,,1084.5913,2736.6911,1,1,1.0,1,2.267784,2.267784,46,46,1.0,"[[1111.0,2739.5],[1110.5,2740.0],[1110.0,2740.5],[1109.5,2741.0],[1109.0,2741.5],[1108.0,2741.5],[1107.5,2742.0],[1107.0,2742.5],[1106.0,2742.5],[1105.0,2742.5],[1104.0,2742.5],[1103.5,2742.0],[1103.0,2741.5],[1102.0,2741.5],[1101.0,2741.5],[1100.5,2741.0],[1100.0,2740.5],[1099.5,2740.0],[1099.0,2739.5],[1098.5,2739.0],[1098.0,2738.5],[1097.0,2738.5],[1096.5,2739.0],[1096.0,2739.5],[1095.0,2739.5],[1094.5,2740.0],[1094.0,2740.5],[1093.0,2740.5],[1092.0,2740.5],[1091.5,2741.0],[1091.0,2741.5],[1090.0,2741.5],[1089.5,2742.0],[1089.0,2742.5],[1088.5,2743.0],[1088.0,2743.5],[1087.5,2744.0],[1087.5,2745.0],[1087.0,2745.5],[1086.0,2745.5],[1085.5,2746.0],[1085.0,2746.5],[1084.0,2746.5],[1083.0,2746.5],[1082.0,2746.5],[1081.5,2747.0]]","[[243045.42352295,431250.80741882,84.34882116],[243045.42329979,431250.80756378,84.34857893],[243045.42307663,431250.80770874,84.34833622],[243045.42285347,431250.80784607,84.34809351],[243045.42263031,431250.80799103,84.34785128],[243045.42245865,431250.80852509,84.34784794],[243045.42223549,431250.80866241,84.3476057],[243045.42201233,431250.80880737,84.34736299],[243045.42184067,431250.80934143,84.34736013],[243045.42166901,431250.80986786,84.3473568],[243045.42149734,431250.81040192,84.34735393],[243045.42154884,431250.81079102,84.34759331],[243045.42160034,431250.81118011,84.3478322],[243045.42142677,431250.81170654,84.34782934],[243045.42125511,431250.8122406,84.347826],[243045.42130661,431250.8126297,84.34806538],[243045.42135811,431250.8130188,84.34830475],[243045.42140388,431250.81340027,84.34854555],[243045.42144775,431250.81378174,84.34878683],[243045.42149162,431250.81416321,84.34902811],[243045.42153549,431250.81455231,84.34926987],[243045.42136002,431250.81507874,84.34926796],[243045.42113876,431250.81522369,84.3490243],[243045.42091751,431250.81536102,84.34878111],[243045.42074203,431250.81589508,84.3487792],[243045.42052078,431250.81603241,84.34853601],[243045.42029953,431250.81617737,84.34829283],[243045.42012405,431250.8167038,84.34829092],[243045.41994667,431250.81723785,84.34828901],[243045.41972542,431250.81737518,84.34804583],[243045.41950607,431250.81752014,84.34780264],[243045.41932869,431250.81804657,84.34780121],[243045.41910934,431250.81819153,84.34755802],[243045.41888809,431250.81833649,84.34731483],[243045.41866875,431250.81848145,84.34707165],[243045.41844749,431250.8186264,84.34682894],[243045.41822815,431250.81877136,84.34658575],[243045.41796303,431250.81852722,84.34610176],[243045.41774368,431250.81867218,84.34585905],[243045.4175663,431250.81919861,84.34585714],[243045.41734695,431250.81934357,84.34561443],[243045.41712761,431250.81948853,84.34537172],[243045.41695023,431250.82001495,84.34536982],[243045.41677284,431250.82054138,84.34536791],[243045.41659737,431250.82106781,84.345366],[243045.41637611,431250.82121277,84.34512329]]",dji_pose_mesh_ray_contour_nodes,
186,166,3,SPL,4677.6087,2765.9275,4673,2761,4683,2772,10,11,69,243046.02773666,431248.96084595,84.3441472,dji_pose_mesh_ray_centroid,True,True,78871,2.328547,warp,,4677.6087,2765.9275,1,1,1.0,1,2.328547,2.328547,9,9,1.0,"[[4677.5,2761.0],[4678.0,2761.5],[4678.5,2762.0],[4679.0,2762.5],[4680.0,2762.5],[4680.5,2763.0],[4681.0,2763.5],[4681.5,2764.0],[4682.0,2764.5]]","[[243046.029562,431248.96060181,84.34645939],[243046.02943802,431248.96038055,84.34623003],[243046.02931213,431248.9601593,84.34600019],[243046.02918816,431248.95993805,84.34577084],[243046.02931213,431248.95944214,84.34578133],[243046.02918816,431248.95922089,84.34555149],[243046.02906418,431248.95899963,84.34532213],[243046.02893829,431248.95878601,84.34509277],[243046.02881432,431248.95856476,84.34486341]]",dji_pose_mesh_ray_contour_nodes,
187,167,3,SPL,4695.7159,2798.0227,4690,2784,4701,2815,11,31,176,243046.01807213,431248.9537735,84.32936621,dji_pose_mesh_ray_centroid,True,True,78871,2.323042,warp,,4695.7159,2798.0227,1,1,1.0,1,2.323042,2.323042,38,38,1.0,"[[4696.5,2814.0],[4696.0,2813.5],[4695.5,2813.0],[4695.5,2812.0],[4695.0,2811.5],[4694.0,2811.5],[4693.5,2811.0],[4693.5,2810.0],[4693.0,2809.5],[4692.5,2809.0],[4692.5,2808.0],[4692.5,2807.0],[4692.5,2806.0],[4692.5,2805.0],[4693.0,2804.5],[4693.5,2804.0],[4693.5,2803.0],[4693.5,2802.0],[4693.5,2801.0],[4693.5,2800.0],[4693.5,2799.0],[4693.5,2798.0],[4693.5,2797.0],[4693.5,2796.0],[4693.5,2795.0],[4693.5,2794.0],[4693.5,2793.0],[4693.0,2792.5],[4692.5,2792.0],[4692.5,2791.0],[4692.0,2790.5],[4691.5,2790.0],[4691.5,2789.0],[4691.0,2788.5],[4690.5,2788.0],[4690.5,2787.0],[4690.5,2786.0],[4690.0,2785.5]]","[[243046.01228714,431248.95436096,84.32198048],[243046.0124073,431248.95458221,84.32220602],[243046.01252937,431248.95479584,84.32243156],[243046.01289749,431248.9547348,84.32289314],[243046.01301956,431248.95495605,84.32311869],[243046.01289558,431248.95544434,84.32310772],[243046.01301765,431248.95566559,84.32333326],[243046.01338577,431248.95560455,84.32379532],[243046.01350784,431248.95581818,84.32402086],[243046.01362991,431248.95603943,84.32424688],[243046.01399803,431248.95597839,84.32470942],[243046.01436615,431248.95591736,84.32517195],[243046.01473427,431248.95585632,84.32563448],[243046.01510239,431248.95579529,84.32609749],[243046.01534843,431248.95552063,84.32633448],[243046.01559448,431248.95523834,84.32657146],[243046.0159626,431248.95517731,84.32703447],[243046.01633072,431248.95511627,84.32749796],[243046.01669884,431248.95505524,84.32796144],[243046.01706886,431248.9549942,84.32842493],[243046.01743698,431248.95493317,84.32888889],[243046.01780701,431248.95487213,84.32935286],[243046.01817513,431248.9548111,84.32981682],[243046.01854515,431248.95475006,84.33028126],[243046.01891327,431248.95468903,84.3307457],[243046.01928329,431248.95462799,84.33121014],[243046.01965332,431248.95456696,84.33167505],[243046.0197773,431248.95478821,84.33190203],[243046.01989937,431248.95500946,84.332129],[243046.02026939,431248.95494843,84.33259392],[243046.02039337,431248.95516205,84.33282137],[243046.02051544,431248.9553833,84.33304834],[243046.02088547,431248.95532227,84.33351374],[243046.02100945,431248.95553589,84.33374119],[243046.02113342,431248.95575714,84.33396864],[243046.02150345,431248.95569611,84.33443451],[243046.02187347,431248.95563507,84.33490038],[243046.02199745,431248.95585632,84.33512783]]",dji_pose_mesh_ray_contour_nodes,
188,168,3,SPL,2667.9659,2832.6597,2650,2785,2688,2885,38,100,2113,243045.66911888,431249.98336029,84.30741358,dji_pose_mesh_ray_centroid,True,True,314846,2.064214,warp,,2667.9659,2832.6597,1,1,1.0,1,2.064214,2.064214,133,133,1.0,"[[2687.0,2824.5],[2686.0,2824.5],[2685.5,2824.0],[2685.0,2823.5],[2684.0,2823.5],[2683.0,2823.5],[2682.0,2823.5],[2681.0,2823.5],[2680.0,2823.5],[2679.5,2823.0],[2679.0,2822.5],[2678.0,2822.5],[2677.5,2823.0],[2677.0,2823.5],[2676.0,2823.5],[2675.0,2823.5],[2674.0,2823.5],[2673.5,2824.0],[2673.0,2824.5],[2672.5,2825.0],[2672.5,2826.0],[2672.5,2827.0],[2672.5,2828.0],[2673.0,2828.5],[2673.5,2829.0],[2673.5,2830.0],[2673.5,2831.0],[2673.5,2832.0],[2673.5,2833.0],[2673.5,2834.0],[2673.5,2835.0],[2673.5,2836.0],[2674.0,2836.5],[2674.5,2837.0],[2675.0,2837.5],[2675.5,2838.0],[2676.0,2838.5],[2677.0,2838.5],[2677.5,2839.0],[2678.0,2839.5],[2678.5,2840.0],[2679.0,2840.5],[2680.0,2840.5],[2680.5,2841.0],[2681.0,2841.5],[2681.5,2842.0],[2681.5,2843.0],[2682.0,2843.5],[2682.5,2844.0],[2683.0,2844.5],[2683.5,2845.0],[2683.5,2846.0],[2683.5,2847.0],[2683.5,2848.0],[2683.5,2849.0],[2683.5,2850.0],[2683.0,2850.5],[2682.5,2851.0],[2682.5,2852.0],[2682.0,2852.5],[2681.5,2853.0],[2681.0,2853.5],[2680.5,2854.0],[2680.5,2855.0],[2680.0,2855.5],[2679.5,2856.0],[2679.0,2856.5],[2678.5,2856.0],[2678.0,2855.5],[2677.0,2855.5],[2676.5,2855.0],[2676.0,2854.5],[2675.0,2854.5],[2674.0,2854.5],[2673.0,2854.5],[2672.5,2855.0],[2672.0,2855.5],[2671.0,2855.5],[2670.5,2856.0],[2670.0,2856.5],[2669.0,2856.5],[2668.5,2857.0],[2668.0,2857.5],[2667.5,2858.0],[2668.0,2858.5],[2668.5,2859.0],[2669.0,2859.5],[2669.5,2860.0],[2669.5,2861.0],[2670.0,2861.5],[2670.5,2862.0],[2670.5,2863.0],[2671.0,2863.5],[2671.5,2864.0],[2671.5,2865.0],[2672.0,2865.5],[2672.5,2866.0],[2672.5,2867.0],[2673.0,2867.5],[2673.5,2868.0],[2674.0,2868.5],[2674.5,2869.0],[2674.5,2870.0],[2675.0,2870.5],[2675.5,2871.0],[2675.5,2872.0],[2675.5,2873.0],[2675.5,2874.0],[2675.5,2875.0],[2675.5,2876.0],[2675.0,2876.5],[2674.5,2877.0],[2674.5,2878.0],[2674.0,2878.5],[2673.5,2879.0],[2673.5,2880.0],[2673.0,2880.5],[2672.5,2881.0],[2672.0,2881.5],[2671.5,2882.0],[2671.0,2882.5],[2670.5,2883.0],[2670.0,2883.5],[2669.0,2883.5],[2668.0,2883.5],[2667.0,2883.5],[2666.0,2883.5],[2665.0,2883.5],[2664.0,2883.5],[2663.0,2883.5],[2662.0,2883.5],[2661.0,2883.5],[2660.5,2884.0]]","[[243045.67445374,431249.97431946,84.3113637],[243045.6742897,431249.97483826,84.31135988],[243045.6743412,431249.9751358,84.31159592],[243045.6743927,431249.97544098,84.31183195],[243045.67422867,431249.97595978,84.31182861],[243045.67406273,431249.97647095,84.3118248],[243045.6738987,431249.97698975,84.31182098],[243045.67373276,431249.97750092,84.31181717],[243045.67356682,431249.97801971,84.31181383],[243045.67362022,431249.97831726,84.31204987],[243045.67367172,431249.97862244,84.3122859],[243045.67350769,431249.97914124,84.31228256],[243045.67329025,431249.97934723,84.31204271],[243045.67307281,431249.97956085,84.31180239],[243045.67290688,431249.98007965,84.31179905],[243045.67274284,431249.98059082,84.31179523],[243045.6725769,431249.98110962,84.31179142],[243045.67235947,431249.98131561,84.31155157],[243045.67214203,431249.98152924,84.31131172],[243045.6719265,431249.98174286,84.31107187],[243045.67165756,431249.98165131,84.31059599],[243045.67138672,431249.98155212,84.31012058],[243045.67111778,431249.98146057,84.3096447],[243045.67106628,431249.9811554,84.30940914],[243045.67101479,431249.98085785,84.30917311],[243045.67074585,431249.9807663,84.3086977],[243045.67047691,431249.98066711,84.30822277],[243045.67020798,431249.98057556,84.30774784],[243045.66993904,431249.98048401,84.30727291],[243045.6696701,431249.98039246,84.30679798],[243045.66940308,431249.9803009,84.30632353],[243045.66913414,431249.98020935,84.30584907],[243045.66908264,431249.97990417,84.30561352],[243045.66902924,431249.979599,84.30537844],[243045.66897774,431249.97930145,84.30514288],[243045.66892624,431249.97899628,84.3049078],[243045.66887474,431249.9786911,84.30467272],[243045.66903877,431249.97817993,84.30467653],[243045.66898727,431249.97787476,84.30444097],[243045.66893578,431249.97756958,84.30420589],[243045.66888428,431249.97727203,84.30397129],[243045.66883278,431249.97696686,84.30373621],[243045.66899681,431249.97645569,84.30373955],[243045.66894531,431249.97615051,84.30350447],[243045.66889381,431249.97584534,84.30326986],[243045.66884232,431249.97554779,84.30303478],[243045.66857338,431249.97545624,84.30256128],[243045.66852188,431249.97515106,84.3023262],[243045.66847038,431249.97484589,84.3020916],[243045.66841888,431249.97454834,84.30185699],[243045.66836739,431249.97424316,84.30162191],[243045.66810036,431249.97415161,84.30114889],[243045.66783142,431249.97406006,84.30067587],[243045.66756439,431249.97396851,84.30020332],[243045.66729546,431249.97387695,84.2997303],[243045.66702843,431249.9737854,84.29925775],[243045.6668129,431249.97399902,84.29901981],[243045.66659737,431249.97421265,84.29878139],[243045.66632843,431249.97412109,84.29830933],[243045.6661129,431249.97432709,84.29807138],[243045.66589737,431249.97454071,84.29783344],[243045.66568184,431249.9747467,84.2975955],[243045.66546631,431249.97496033,84.29735756],[243045.66519737,431249.97486877,84.29688549],[243045.66498184,431249.9750824,84.29664755],[243045.66476631,431249.97528839,84.29640961],[243045.66455078,431249.97550201,84.29617214],[243045.66460228,431249.97580719,84.29640627],[243045.66465378,431249.97610474,84.29663992],[243045.66448975,431249.97661591,84.29663658],[243045.66454124,431249.97692108,84.29687023],[243045.66459274,431249.97722626,84.29710436],[243045.6644268,431249.97773743,84.29710054],[243045.66426277,431249.9782486,84.29709673],[243045.66409874,431249.97875977,84.29709291],[243045.66388321,431249.97897339,84.29685497],[243045.66366768,431249.97917938,84.29661751],[243045.66350174,431249.97969055,84.29661369],[243045.66328621,431249.97990417,84.29637575],[243045.66307068,431249.9801178,84.29613781],[243045.66290665,431249.98062897,84.29613399],[243045.66269112,431249.98083496,84.29589653],[243045.66247559,431249.98104858,84.29565859],[243045.66226006,431249.98125458,84.29542112],[243045.66220856,431249.98095703,84.295187],[243045.66215897,431249.98065186,84.29495335],[243045.66210747,431249.98035431,84.2947197],[243045.66205597,431249.98004913,84.29448605],[243045.66178894,431249.97995758,84.29401445],[243045.66173935,431249.9796524,84.2937808],[243045.66168785,431249.97935486,84.29354763],[243045.66142082,431249.97926331,84.29307651],[243045.66136932,431249.97895813,84.29284286],[243045.66131973,431249.97866058,84.29260969],[243045.6610527,431249.97856903,84.29213905],[243045.66100121,431249.97826385,84.29190588],[243045.66095161,431249.97795868,84.29167223],[243045.66068459,431249.97786713,84.29120207],[243045.66063309,431249.97756958,84.29096889],[243045.6605835,431249.9772644,84.29073572],[243045.660532,431249.97696686,84.29050255],[243045.6604805,431249.97666168,84.29026937],[243045.66021538,431249.97657013,84.28979921],[243045.66016388,431249.97627258,84.28956652],[243045.66011238,431249.97596741,84.28933334],[243045.65984726,431249.97587585,84.28886366],[243045.65958214,431249.9757843,84.28839397],[243045.65931702,431249.97569275,84.28792477],[243045.65904999,431249.9756012,84.28745508],[243045.65878487,431249.97550964,84.28698635],[243045.65857124,431249.97572327,84.28674984],[243045.65835571,431249.97592926,84.28651333],[243045.65809059,431249.97584534,84.28604412],[243045.65784645,431249.9760437,84.28581524],[243045.65759468,431249.97624207,84.28558874],[243045.65729332,431249.97613525,84.28512907],[243045.65704155,431249.97633362,84.28490257],[243045.65678978,431249.97653198,84.28467607],[243045.6565361,431249.97672272,84.28445005],[243045.65628433,431249.97692108,84.28422356],[243045.65603065,431249.97711945,84.28399754],[243045.65577888,431249.97731781,84.28377104],[243045.65552521,431249.97750854,84.28354502],[243045.65532112,431249.97800446,84.28355169],[243045.65511513,431249.97850037,84.28355885],[243045.65490913,431249.97899628,84.28356552],[243045.65470314,431249.97949219,84.28357267],[243045.65449715,431249.9799881,84.28357935],[243045.65429306,431249.98049164,84.28358602],[243045.65408707,431249.98098755,84.28359318],[243045.65388107,431249.98148346,84.28359985],[243045.65367508,431249.98197937,84.28360653],[243045.65342331,431249.9821701,84.28338051]]",dji_pose_mesh_ray_contour_nodes,
189,169,3,SPL,2872.4474,2805.7632,2869,2802,2876,2810,7,8,38,243045.71179962,431249.88092041,84.3205986,dji_pose_mesh_ray_centroid,True,True,1220230,2.070975,warp,,2872.4474,2805.7632,1,1,1.0,1,2.070975,2.070975,7,7,1.0,"[[2869.0,2804.5],[2869.5,2804.0],[2870.0,2803.5],[2871.0,2803.5],[2871.5,2803.0],[2872.0,2802.5],[2872.5,2802.0]]","[[243045.71153831,431249.88278198,84.32119942],[243045.71176529,431249.88256836,84.32143879],[243045.71199417,431249.88235474,84.32167816],[243045.71217155,431249.88184357,84.32167864],[243045.71240044,431249.88162231,84.32191801],[243045.71262741,431249.88140869,84.32215738],[243045.71285629,431249.88119507,84.32239675]]",dji_pose_mesh_ray_contour_nodes,
190,170,3,SPL,2850.2586,2820.0862,2839,2815,2862,2826,23,11,116,243045.70388603,431249.89111328,84.31375647,dji_pose_mesh_ray_centroid,True,True,1220230,2.067808,warp,,2850.2586,2820.0862,1,1,1.0,1,2.067808,2.067808,30,30,1.0,"[[2839.0,2817.5],[2839.5,2817.0],[2840.0,2816.5],[2841.0,2816.5],[2842.0,2816.5],[2842.5,2817.0],[2843.0,2817.5],[2844.0,2817.5],[2844.5,2818.0],[2845.0,2818.5],[2845.5,2819.0],[2846.0,2819.5],[2847.0,2819.5],[2847.5,2820.0],[2848.0,2820.5],[2849.0,2820.5],[2850.0,2820.5],[2851.0,2820.5],[2851.5,2820.0],[2852.0,2819.5],[2852.5,2819.0],[2852.5,2818.0],[2853.0,2817.5],[2853.5,2817.0],[2854.0,2816.5],[2854.5,2816.0],[2855.0,2815.5],[2856.0,2815.5],[2857.0,2815.5],[2857.5,2815.0]]","[[243045.70260429,431249.89707184,84.31497908],[243045.70283127,431249.89685822,84.31521749],[243045.70305824,431249.89664459,84.31545591],[243045.70323563,431249.89613342,84.31545639],[243045.70341301,431249.89562225,84.31545734],[243045.70336342,431249.89532471,84.3152194],[243045.70331383,431249.89502716,84.31498194],[243045.70349121,431249.89451599,84.31498289],[243045.70344162,431249.89422607,84.31474495],[243045.70339203,431249.89392853,84.31450748],[243045.70334244,431249.89363098,84.31427002],[243045.70329285,431249.89333344,84.31403255],[243045.70347023,431249.89282227,84.31403303],[243045.70342064,431249.89253235,84.31379557],[243045.70337105,431249.8922348,84.31355858],[243045.70354843,431249.89172363,84.31355905],[243045.70372581,431249.89121246,84.31355953],[243045.7039032,431249.89070129,84.31356049],[243045.70413017,431249.89048767,84.31379843],[243045.70435715,431249.89027405,84.31403685],[243045.70458412,431249.89006042,84.31427526],[243045.70486069,431249.89013672,84.31475067],[243045.70508766,431249.8899231,84.31498909],[243045.70531464,431249.88970947,84.31522751],[243045.70554352,431249.88948822,84.31546593],[243045.70577049,431249.8892746,84.31570435],[243045.70599747,431249.88906097,84.31594276],[243045.70617485,431249.8885498,84.31594372],[243045.70635223,431249.88803864,84.31594419],[243045.70657921,431249.88782501,84.31618261]]",dji_pose_mesh_ray_contour_nodes,
191,171,3,SPL,4698.7,2822.2,4697,2819,4702,2826,5,7,20,243046.00955009,431248.9537735,84.31822491,dji_pose_mesh_ray_centroid,True,True,78871,2.316929,warp,,4698.7,2822.2,1,1,1.0,1,2.316929,2.316929,8,8,1.0,"[[4698.5,2819.0],[4698.5,2820.0],[4699.0,2820.5],[4699.5,2821.0],[4700.0,2821.5],[4700.5,2822.0],[4700.5,2823.0],[4701.0,2823.5]]","[[243046.01069832,431248.95367432,84.3196969],[243046.01033211,431248.95373535,84.3192358],[243046.01021004,431248.95352173,84.31901121],[243046.01008797,431248.95330048,84.31878662],[243046.0099659,431248.95308685,84.31856155],[243046.00984573,431248.95287323,84.31833696],[243046.00947952,431248.95293427,84.31787682],[243046.00935745,431248.95271301,84.31765223]]",dji_pose_mesh_ray_contour_nodes,
192,172,3,SPL,2362.8,2821.0,2361,2820,2365,2823,4,3,10,243045.61586952,431250.13950348,84.31327534,dji_pose_mesh_ray_centroid,True,True,314850,2.070165,warp,,2362.8,2821.0,1,1,1.0,1,2.070165,2.070165,2,2,1.0,"[[2361.0,2820.5],[2361.5,2820.0]]","[[243045.61567307,431250.14048004,84.31351376],[243045.61592102,431250.14028931,84.31374502]]",dji_pose_mesh_ray_contour_nodes,
193,173,3,SPL,901.1054,2870.4302,705,2825,1097,2942,392,117,11940,243045.35285759,431250.88511658,84.28632212,dji_pose_mesh_ray_centroid,True,True,1220109,2.275267,warp,,901.1054,2870.4302,1,1,1.0,1,2.275267,2.275267,256,256,1.0,"[[1096.0,2859.5],[1095.5,2861.0],[1095.0,2862.5],[1094.0,2863.5],[1093.0,2864.5],[1092.0,2865.5],[1091.0,2866.5],[1088.0,2866.5],[1086.5,2866.0],[1085.5,2866.0],[1084.0,2866.5],[1083.5,2868.0],[1082.5,2869.0],[1082.0,2871.5],[1081.5,2873.0],[1080.5,2873.0],[1079.0,2872.5],[1078.0,2873.5],[1077.0,2874.5],[1075.0,2875.5],[1073.0,2875.5],[1072.0,2876.5],[1070.0,2876.5],[1068.0,2876.5],[1067.0,2875.5],[1064.0,2875.5],[1062.0,2875.5],[1060.5,2876.0],[1059.0,2876.5],[1058.0,2875.5],[1056.0,2875.5],[1054.0,2874.5],[1053.0,2873.5],[1053.0,2872.5],[1054.0,2871.5],[1056.0,2871.5],[1057.0,2870.5],[1060.0,2870.5],[1061.0,2871.5],[1063.0,2871.5],[1065.0,2871.5],[1066.0,2870.5],[1067.5,2870.0],[1068.5,2868.0],[1068.5,2866.0],[1067.5,2865.0],[1066.0,2864.5],[1065.0,2863.5],[1063.0,2863.5],[1060.0,2863.5],[1059.0,2862.5],[1057.0,2862.5],[1055.0,2862.5],[1053.0,2862.5],[1051.0,2862.5],[1048.0,2862.5],[1046.0,2862.5],[1044.0,2862.5],[1042.0,2862.5],[1040.0,2862.5],[1038.0,2862.5],[1035.5,2862.0],[1034.0,2861.5],[1032.0,2861.5],[1030.0,2861.5],[1029.0,2862.5],[1027.0,2862.5],[1024.0,2862.5],[1022.0,2862.5],[1020.0,2862.5],[1018.0,2862.5],[1016.0,2862.5],[1014.0,2862.5],[1012.0,2863.5],[1011.5,2865.0],[1010.5,2866.0],[1009.0,2866.5],[1007.0,2866.5],[1005.0,2866.5],[1002.5,2867.0],[1001.5,2868.0],[1000.5,2869.0],[999.0,2869.5],[998.0,2870.5],[996.0,2870.5],[994.0,2869.5],[992.0,2869.5],[991.0,2870.5],[989.0,2870.5],[987.0,2870.5],[985.0,2870.5],[984.0,2871.5],[982.0,2872.5],[980.5,2873.0],[979.5,2874.0],[978.0,2874.5],[977.0,2875.5],[975.0,2875.5],[973.0,2874.5],[971.0,2874.5],[970.0,2873.5],[968.0,2873.5],[966.0,2873.5],[964.0,2873.5],[961.0,2873.5],[959.0,2873.5],[957.0,2873.5],[955.0,2873.5],[954.0,2872.5],[952.0,2872.5],[949.0,2872.5],[947.5,2873.0],[946.0,2873.5],[944.5,2873.0],[943.0,2872.5],[941.0,2872.5],[938.0,2872.5],[936.5,2873.0],[935.5,2874.0],[934.0,2874.5],[933.0,2875.5],[931.5,2876.0],[929.5,2877.0],[929.0,2878.5],[928.0,2879.5],[926.5,2880.0],[925.0,2880.5],[924.0,2881.5],[922.0,2882.5],[920.5,2883.0],[919.0,2883.5],[917.0,2883.5],[916.0,2884.5],[914.0,2884.5],[911.0,2884.5],[909.5,2884.0],[908.0,2883.5],[907.0,2882.5],[906.5,2881.0],[905.5,2880.0],[903.5,2880.0],[902.0,2880.5],[901.0,2881.5],[899.0,2881.5],[898.0,2882.5],[896.0,2882.5],[894.0,2881.5],[893.0,2880.5],[891.0,2880.5],[890.0,2879.5],[889.5,2878.0],[888.5,2877.0],[887.0,2875.5],[885.5,2875.0],[884.0,2874.5],[883.0,2873.5],[882.0,2872.5],[880.5,2872.0],[878.0,2871.5],[876.0,2871.5],[874.0,2871.5],[872.0,2871.5],[871.0,2872.5],[869.0,2872.5],[867.0,2873.5],[865.5,2874.0],[864.5,2875.0],[864.5,2877.0],[864.5,2879.0],[864.5,2881.0],[863.5,2883.0],[863.5,2885.0],[864.0,2886.5],[865.0,2887.5],[866.5,2888.0],[868.0,2888.5],[868.5,2890.0],[866.5,2891.0],[865.0,2891.5],[863.0,2891.5],[862.0,2892.5],[860.0,2892.5],[858.0,2892.5],[856.0,2893.5],[855.0,2894.5],[854.0,2895.5],[852.5,2896.0],[851.0,2896.5],[849.0,2896.5],[846.5,2896.0],[845.0,2895.5],[843.0,2895.5],[841.5,2896.0],[840.0,2896.5],[839.0,2897.5],[837.0,2898.5],[836.0,2899.5],[835.0,2898.5],[833.0,2898.5],[831.5,2898.0],[830.5,2897.0],[829.5,2895.0],[829.0,2893.5],[827.5,2894.0],[826.0,2894.5],[825.0,2895.5],[824.0,2896.5],[822.5,2898.0],[821.5,2899.0],[821.0,2900.5],[820.5,2902.0],[819.5,2903.0],[818.5,2904.0],[816.5,2905.0],[815.0,2905.5],[813.5,2906.0],[812.0,2906.5],[810.5,2906.0],[809.5,2906.0],[807.0,2906.5],[806.0,2907.5],[805.0,2908.5],[804.5,2910.0],[803.5,2911.0],[803.0,2912.5],[802.5,2915.0],[803.5,2916.0],[804.5,2917.0],[805.5,2918.0],[806.0,2919.5],[806.5,2921.0],[806.5,2924.0],[806.0,2925.5],[805.0,2926.5],[803.5,2926.0],[802.0,2925.5],[800.0,2925.5],[798.0,2926.5],[796.5,2927.0],[795.0,2927.5],[793.0,2927.5],[791.0,2927.5],[789.0,2927.5],[787.0,2928.5],[785.0,2928.5],[783.5,2929.0],[782.5,2930.0],[781.5,2931.0],[781.0,2932.5],[780.0,2934.5],[779.5,2936.0],[778.0,2936.5],[777.0,2937.5],[776.0,2938.5],[775.0,2939.5],[773.5,2941.0]]","[[243045.38868904,431250.78633118,84.29204416],[243045.38820839,431250.78623962,84.29134703],[243045.38772964,431250.78614044,84.29065084],[243045.38729858,431250.78642273,84.29018402],[243045.38686562,431250.78670502,84.28971767],[243045.38643456,431250.7869873,84.2892518],[243045.38600349,431250.78726959,84.28878546],[243045.38549614,431250.78883362,84.28877497],[243045.38537407,431250.78973389,84.28900099],[243045.38520622,431250.79025269,84.28899765],[243045.38482094,431250.79091644,84.28876114],[243045.3843441,431250.79081726,84.28806591],[243045.38391304,431250.79109955,84.28760004],[243045.38317299,431250.79076385,84.28644371],[243045.38269424,431250.79066467,84.28574944],[243045.3825264,431250.79118347,84.28574562],[243045.38240433,431250.79208374,84.28597164],[243045.38197327,431250.79236603,84.28550625],[243045.38154411,431250.79264832,84.28504133],[243045.38094521,431250.7934494,84.28457308],[243045.3806076,431250.794487,84.28456593],[243045.38017845,431250.79476929,84.28410149],[243045.37984085,431250.79580688,84.28409433],[243045.37950325,431250.79684448,84.28408766],[243045.37959671,431250.79760742,84.28454494],[243045.37909126,431250.79916382,84.28453445],[243045.37875366,431250.80020142,84.28452778],[243045.37837029,431250.80086517,84.28429174],[243045.37798691,431250.8015213,84.28405571],[243045.37808037,431250.80228424,84.28451347],[243045.37774277,431250.80332184,84.28450632],[243045.37766647,431250.80459595,84.28496075],[243045.37775993,431250.80535889,84.28541899],[243045.37802124,431250.8055954,84.28588057],[243045.3784523,431250.80532074,84.28634548],[243045.37878799,431250.80427551,84.28635263],[243045.37921906,431250.80400085,84.28681803],[243045.3797245,431250.80243683,84.28682852],[243045.37963104,431250.80168152,84.28637028],[243045.37996864,431250.80063629,84.28637743],[243045.38030624,431250.79959869,84.28638411],[243045.3807373,431250.79931641,84.2868495],[243045.38112068,431250.79866028,84.28708553],[243045.38181305,431250.7986145,84.28801346],[243045.38233757,431250.79909515,84.28893852],[243045.38243103,431250.79985809,84.28939772],[243045.38230896,431250.80075836,84.28962421],[243045.38240242,431250.80151367,84.29008341],[243045.38206482,431250.8025589,84.29007673],[243045.38155937,431250.8041153,84.29006624],[243045.38165283,431250.80487823,84.29052544],[243045.38131523,431250.80592346,84.29051876],[243045.38097572,431250.80696106,84.29051208],[243045.38063812,431250.80800629,84.29050493],[243045.38030052,431250.80904388,84.29049826],[243045.37979507,431250.81060791,84.29048777],[243045.37945747,431250.81164551,84.29048061],[243045.37911797,431250.81269073,84.29047346],[243045.37878036,431250.81372833,84.29046679],[243045.37844276,431250.81477356,84.29045963],[243045.37810516,431250.81581116,84.29045296],[243045.37781334,431250.81723785,84.29067564],[243045.37769127,431250.81813812,84.29090214],[243045.37735367,431250.81918335,84.29089546],[243045.37701607,431250.82022095,84.29088831],[243045.37658501,431250.82050323,84.29042149],[243045.37624741,431250.82154083,84.29041481],[243045.37574005,431250.82310486,84.29040432],[243045.37540245,431250.82415009,84.29039717],[243045.37506485,431250.82518768,84.29039049],[243045.37472534,431250.82623291,84.29038334],[243045.37438774,431250.82727051,84.29037666],[243045.37405014,431250.82831573,84.29036951],[243045.37345123,431250.82911682,84.28989935],[243045.3729763,431250.82901001,84.28920317],[243045.37254524,431250.82928467,84.28873682],[243045.37216187,431250.8299408,84.28850031],[243045.37182426,431250.83098602,84.28849316],[243045.37148666,431250.83202362,84.288486],[243045.37093353,431250.83320618,84.28824615],[243045.37050438,431250.83348083,84.28777981],[243045.37007523,431250.83375549,84.28731394],[243045.36969185,431250.83441162,84.2870779],[243045.3692627,431250.83469391,84.28661203],[243045.36892509,431250.83573151,84.28660488],[243045.36884689,431250.83702087,84.28706026],[243045.36850929,431250.83805847,84.28705311],[243045.36808205,431250.83833313,84.28658771],[243045.36774254,431250.83937836,84.28658056],[243045.36740494,431250.84041595,84.28657341],[243045.36706734,431250.84145355,84.28656673],[243045.36664009,431250.84172821,84.28610086],[243045.36604309,431250.8425293,84.28563166],[243045.36565971,431250.84318542,84.28539562],[243045.36523056,431250.84346008,84.28493071],[243045.36484909,431250.84411621,84.28469467],[243045.36441994,431250.84439087,84.28422928],[243045.36408234,431250.84542847,84.2842226],[243045.36400414,431250.84671783,84.28467703],[243045.36366653,431250.84775543,84.28466988],[243045.36375809,431250.848526,84.28512812],[243045.36342049,431250.8495636,84.28512096],[243045.36308289,431250.8506012,84.28511429],[243045.36274529,431250.85164642,84.28510714],[243045.36223793,431250.85321045,84.28509664],[243045.36190033,431250.85424805,84.28508949],[243045.36156273,431250.85528564,84.28508234],[243045.36122513,431250.85633087,84.28507566],[243045.36131477,431250.85710144,84.2855339],[243045.36097717,431250.85813904,84.28552675],[243045.36046982,431250.85970306,84.28551626],[243045.36008835,431250.86035919,84.28528023],[243045.35970497,431250.86101532,84.28504372],[243045.35958099,431250.86192322,84.28526974],[243045.35945702,431250.86282349,84.28549528],[243045.35911942,431250.86386871,84.28548813],[243045.35861206,431250.86543274,84.28547764],[243045.35823059,431250.86608887,84.2852416],[243045.35780334,431250.8663559,84.28477621],[243045.35741997,431250.86701202,84.28454018],[243045.35699272,431250.86727905,84.28407478],[243045.35661125,431250.86793518,84.28383875],[243045.35601616,431250.86872864,84.28337049],[243045.35554504,431250.8686142,84.2826767],[243045.3551178,431250.86888123,84.28221226],[243045.35473633,431250.86953735,84.28197622],[243045.35435486,431250.87019348,84.28174067],[243045.35392761,431250.87046051,84.28127623],[243045.35333443,431250.87125397,84.28080845],[243045.35295296,431250.87190247,84.28057337],[243045.35257149,431250.87255859,84.28033733],[243045.35223389,431250.87360382,84.28033066],[243045.35180855,431250.87387085,84.2798667],[243045.35147095,431250.87490845,84.27985954],[243045.35096359,431250.87646484,84.27984905],[243045.35083961,431250.87737274,84.28007364],[243045.35071564,431250.87828064,84.28029871],[243045.35080338,431250.87905121,84.28075552],[243045.35110474,431250.87969208,84.28144503],[243045.35119247,431250.88046265,84.28190231],[243045.35085487,431250.88150024,84.28189516],[243045.3504734,431250.88215637,84.2816596],[243045.35004807,431250.8824234,84.28119516],[243045.34970856,431250.883461,84.28118849],[243045.34928131,431250.88372803,84.280725],[243045.34892654,431250.88475037,84.28072357],[243045.34881973,431250.88602448,84.28118467],[243045.34889221,431250.88677979,84.28164673],[243045.34853745,431250.88780212,84.2816453],[243045.34860802,431250.88855743,84.28210735],[243045.34889412,431250.88918304,84.2828021],[243045.3489666,431250.88994598,84.28326464],[243045.34907532,431250.89108276,84.28395891],[243045.34893417,431250.8919754,84.2841897],[243045.34879112,431250.89286804,84.28442049],[243045.3488636,431250.89363098,84.2848835],[243045.34893608,431250.89438629,84.28534698],[243045.34879494,431250.89527893,84.28557777],[243045.3484745,431250.89668274,84.28580809],[243045.34811783,431250.89771271,84.28580666],[243045.34776115,431250.89873505,84.28580522],[243045.34740639,431250.89975739,84.28580379],[243045.34697723,431250.90002441,84.28533888],[243045.34662056,431250.90104675,84.28533745],[243045.34601593,431250.90181732,84.28487158],[243045.34562302,431250.90246582,84.2846384],[243045.34519577,431250.90272522,84.28417397],[243045.34469604,431250.90222931,84.28324699],[243045.34419823,431250.90172577,84.28232002],[243045.3436985,431250.90122986,84.281394],[243045.3430233,431250.90124512,84.28046799],[243045.34252548,431250.90074921,84.27954292],[243045.34224129,431250.90011597,84.27885008],[243045.34217072,431250.89936066,84.2783885],[243045.34231186,431250.89846802,84.27815866],[243045.34245491,431250.89757538,84.27792883],[243045.34217072,431250.89694977,84.27723694],[243045.34156609,431250.89772034,84.27677393],[243045.34117699,431250.89836121,84.27654219],[243045.34082031,431250.89938354,84.27654028],[243045.34039497,431250.89965057,84.27607822],[243045.34004021,431250.90067291,84.27607679],[243045.33968544,431250.90168762,84.27607536],[243045.33908272,431250.90246582,84.27561283],[243045.33865738,431250.90272522,84.27515078],[243045.33823204,431250.90298462,84.2746892],[243045.33784103,431250.90362549,84.27445793],[243045.33745193,431250.90426636,84.27422619],[243045.33709717,431250.9052887,84.27422476],[243045.33677673,431250.90668488,84.27445316],[243045.33663368,431250.90757751,84.27468252],[243045.33627892,431250.90859985,84.27468109],[243045.33588982,431250.90924072,84.27444935],[243045.33549881,431250.90988159,84.27421808],[243045.33507538,431250.91014099,84.2737565],[243045.33447456,431250.91091156,84.27329445],[243045.33404922,431250.91117096,84.27283382],[243045.33411789,431250.9119339,84.27329349],[243045.33376503,431250.91294861,84.27329159],[243045.33362198,431250.91384125,84.27352095],[243045.33369064,431250.91460419,84.27398062],[243045.33400726,431250.91561127,84.27490139],[243045.33428955,431250.91624451,84.27559233],[243045.33390045,431250.91688538,84.27536058],[243045.33350945,431250.91752625,84.27512884],[243045.33308601,431250.91778564,84.27466726],[243045.33266068,431250.91804504,84.27420616],[243045.33202553,431250.91843414,84.27351379],[243045.33160019,431250.91869354,84.27305269],[243045.33114243,431250.91857147,84.27236223],[243045.33068466,431250.9184494,84.27167177],[243045.33026123,431250.9187088,84.27121115],[243045.3298378,431250.9189682,84.270751],[243045.32923698,431250.91973114,84.2702899],[243045.32884789,431250.92037201,84.27005911],[243045.32845879,431250.92101288,84.26982832],[243045.32807159,431250.92164612,84.26959753],[243045.32792854,431250.92253876,84.26982593],[243045.32775116,431250.92304993,84.26982546],[243045.32718468,431250.92419434,84.26959372],[243045.32676315,431250.92445374,84.26913357],[243045.32633972,431250.92471313,84.2686739],[243045.32588387,431250.92459106,84.26798534],[243045.32546043,431250.92485046,84.26752567],[243045.32500458,431250.92472076,84.2668376],[243045.32430458,431250.92434692,84.26569223],[243045.32423592,431250.92359161,84.26523495],[243045.32416916,431250.92282867,84.26477766],[243045.32410049,431250.92207336,84.26432085],[243045.32382202,431250.92144012,84.26363516],[243045.32354355,431250.92080688,84.26294947],[243045.32281113,431250.9200592,84.26157904],[243045.32235527,431250.91993713,84.26089382],[243045.32193565,431250.92019653,84.26043653],[243045.3217926,431250.92108154,84.26066351],[243045.32164955,431250.92196655,84.26089048],[243045.32129669,431250.92298126,84.26088905],[243045.32069969,431250.92375183,84.26043129],[243045.3203125,431250.92438507,84.26020193],[243045.31992531,431250.92502594,84.25997257],[243045.31957245,431250.92604065,84.25997114],[243045.31921959,431250.92705536,84.25996923],[243045.31886673,431250.92807007,84.2599678],[243045.31826973,431250.92883301,84.25951004],[243045.31791687,431250.92984772,84.25950861],[243045.31752968,431250.93048096,84.25927925],[243045.31711006,431250.93074036,84.25882292],[243045.31669044,431250.93099976,84.25836611],[243045.3162384,431250.93087006,84.25768232],[243045.31557655,431250.93087769,84.25677061],[243045.3151226,431250.93075562,84.25608778],[243045.31473732,431250.93138885,84.25585937],[243045.31431961,431250.93164062,84.25540352],[243045.31389999,431250.93190002,84.25494814],[243045.31348228,431250.93215179,84.25449276],[243045.31285477,431250.93253326,84.25380993]]",dji_pose_mesh_ray_contour_nodes,
194,174,3,SPL,30.5132,2843.703,0,2826,81,2862,81,36,1064,243045.20248413,431251.33852386,84.29854631,dji_pose_mesh_ray_centroid,True,True,1220102,2.516032,warp,,30.5132,2843.703,1,1,1.0,1,2.516032,2.516032,125,125,1.0,"[[9.5,2826.0],[10.0,2826.5],[11.0,2826.5],[12.0,2826.5],[13.0,2826.5],[13.5,2827.0],[14.0,2827.5],[15.0,2827.5],[15.5,2828.0],[15.5,2829.0],[16.0,2829.5],[16.5,2830.0],[16.5,2831.0],[16.5,2832.0],[16.5,2833.0],[16.5,2834.0],[16.5,2835.0],[16.5,2836.0],[16.5,2837.0],[16.5,2838.0],[16.5,2839.0],[16.5,2840.0],[16.5,2841.0],[16.0,2841.5],[15.5,2842.0],[15.5,2843.0],[15.5,2844.0],[15.5,2845.0],[15.5,2846.0],[16.0,2846.5],[16.5,2847.0],[17.0,2847.5],[17.5,2848.0],[18.0,2848.5],[18.5,2849.0],[18.5,2850.0],[19.0,2850.5],[19.5,2851.0],[20.0,2851.5],[21.0,2851.5],[22.0,2851.5],[23.0,2851.5],[23.5,2852.0],[24.0,2852.5],[24.5,2852.0],[25.0,2851.5],[26.0,2851.5],[26.5,2851.0],[26.5,2850.0],[27.0,2849.5],[27.5,2849.0],[28.0,2848.5],[29.0,2848.5],[30.0,2848.5],[31.0,2848.5],[32.0,2848.5],[32.5,2848.0],[33.0,2847.5],[34.0,2847.5],[34.5,2847.0],[34.5,2846.0],[35.0,2845.5],[35.5,2845.0],[36.0,2844.5],[37.0,2844.5],[37.5,2844.0],[38.0,2843.5],[39.0,2843.5],[39.5,2843.0],[40.0,2842.5],[40.5,2842.0],[41.0,2841.5],[41.5,2841.0],[41.5,2840.0],[42.0,2839.5],[42.5,2839.0],[43.0,2838.5],[43.5,2838.0],[44.0,2837.5],[44.5,2837.0],[45.0,2836.5],[45.5,2836.0],[46.0,2835.5],[47.0,2835.5],[47.5,2835.0],[48.0,2834.5],[49.0,2834.5],[50.0,2834.5],[50.5,2835.0],[51.0,2835.5],[52.0,2835.5],[53.0,2835.5],[54.0,2835.5],[54.5,2835.0],[55.0,2834.5],[56.0,2834.5],[57.0,2834.5],[58.0,2834.5],[59.0,2834.5],[59.5,2834.0],[60.0,2833.5],[61.0,2833.5],[62.0,2833.5],[63.0,2833.5],[64.0,2833.5],[64.5,2834.0],[65.0,2834.5],[66.0,2834.5],[67.0,2834.5],[68.0,2834.5],[68.5,2835.0],[69.0,2835.5],[70.0,2835.5],[71.0,2835.5],[72.0,2835.5],[73.0,2835.5],[74.0,2835.5],[75.0,2835.5],[76.0,2835.5],[76.5,2836.0],[77.0,2836.5],[78.0,2836.5],[78.5,2837.0],[79.0,2837.5],[80.0,2837.5]]","[[243045.20315361,431251.35562134,84.30672407],[243045.20311737,431251.35518646,84.30649233],[243045.20329094,431251.3546524,84.30649519],[243045.2034626,431251.35412598,84.30649805],[243045.20363426,431251.35359955,84.30650139],[243045.20359993,431251.35316467,84.30626965],[243045.20356369,431251.3527298,84.30603743],[243045.20373726,431251.35220337,84.30604076],[243045.20370102,431251.35176849,84.30580902],[243045.20345879,431251.35142517,84.30534267],[243045.20342255,431251.3509903,84.30511093],[243045.20338821,431251.35055542,84.30487919],[243045.20314407,431251.3502121,84.30441332],[243045.20290184,431251.34986877,84.30394745],[243045.20265961,431251.34952545,84.30348158],[243045.20241737,431251.34918976,84.30301571],[243045.20217323,431251.34884644,84.30255032],[243045.201931,431251.34850311,84.30208492],[243045.20168877,431251.34815979,84.30161953],[243045.20144653,431251.34781647,84.30115461],[243045.2012043,431251.34748077,84.30069017],[243045.20096207,431251.34713745,84.30022526],[243045.20071983,431251.34679413,84.29976082],[243045.20051384,431251.34688568,84.29952669],[243045.20030594,431251.34697723,84.29929304],[243045.20006371,431251.34663391,84.29882908],[243045.19982147,431251.34629822,84.29836512],[243045.19957924,431251.3459549,84.29790115],[243045.19933891,431251.34561157,84.29743719],[243045.19930267,431251.34518433,84.29720688],[243045.19926834,431251.34474945,84.29697657],[243045.19923401,431251.34431458,84.29674673],[243045.19919968,431251.3438797,84.29651642],[243045.19916344,431251.34345245,84.29628611],[243045.1991291,431251.34301758,84.29605627],[243045.19888878,431251.34267426,84.29559326],[243045.19885254,431251.34224701,84.29536295],[243045.19881821,431251.34181213,84.29513311],[243045.19878387,431251.34137726,84.29490328],[243045.19895554,431251.34085083,84.29490662],[243045.1991291,431251.34033203,84.294909],[243045.19930458,431251.33981323,84.29491091],[243045.19927216,431251.33938599,84.29468012],[243045.19924164,431251.33895874,84.29444885],[243045.19944763,431251.33886719,84.29468203],[243045.19965553,431251.33877563,84.29491472],[243045.19983101,431251.33824921,84.29491663],[243045.200037,431251.33815765,84.2951498],[243045.20027542,431251.33849335,84.29561377],[243045.20048332,431251.33840179,84.29584646],[243045.20068932,431251.33831024,84.29607964],[243045.20089722,431251.33821869,84.29631281],[243045.20107269,431251.33769989,84.29631472],[243045.20124817,431251.33718109,84.29631662],[243045.20142174,431251.33665466,84.29631853],[243045.20159721,431251.33613586,84.29632044],[243045.20180511,431251.33604431,84.29655361],[243045.20201302,431251.33595276,84.29678678],[243045.20218849,431251.33543396,84.29678869],[243045.20239449,431251.33534241,84.29702187],[243045.20263481,431251.33567047,84.2974863],[243045.20284081,431251.33557892,84.29771996],[243045.20304871,431251.33548737,84.29795313],[243045.20325661,431251.33539581,84.2981863],[243045.20343208,431251.33487701,84.29818869],[243045.20363998,431251.33478546,84.29842186],[243045.20384598,431251.33468628,84.29865551],[243045.20402145,431251.33416748,84.29865742],[243045.20422935,431251.33407593,84.29889107],[243045.20443726,431251.33398438,84.29912424],[243045.20464516,431251.33389282,84.29935789],[243045.20485306,431251.33380127,84.29959154],[243045.20505905,431251.33370209,84.29982519],[243045.20529938,431251.33403778,84.30029058],[243045.20550728,431251.33394623,84.30052423],[243045.20571518,431251.33385468,84.30075836],[243045.20592308,431251.33376312,84.30099201],[243045.20613098,431251.33367157,84.30122566],[243045.20633888,431251.33357239,84.30145979],[243045.20654678,431251.33348083,84.30169392],[243045.20675468,431251.33338928,84.30192757],[243045.20696259,431251.33329773,84.30216169],[243045.20717049,431251.33320618,84.30239582],[243045.20734596,431251.33267975,84.30239773],[243045.20755386,431251.3325882,84.30263185],[243045.20776367,431251.33249664,84.30286598],[243045.20793915,431251.33197784,84.30286789],[243045.20811462,431251.33145142,84.3028698],[243045.2080822,431251.33102417,84.30263758],[243045.20804977,431251.33059692,84.30240536],[243045.20822525,431251.33007812,84.30240726],[243045.20840073,431251.3295517,84.30240917],[243045.2085762,431251.3290329,84.30241156],[243045.2087841,431251.32894135,84.30264568],[243045.208992,431251.32884216,84.30287981],[243045.20916748,431251.32832336,84.30288172],[243045.20934296,431251.32780457,84.30288362],[243045.20951843,431251.32727814,84.30288553],[243045.20969391,431251.32675934,84.30288744],[243045.20990181,431251.32666779,84.30312157],[243045.21011162,431251.32657623,84.30335569],[243045.21028709,431251.3260498,84.3033576],[243045.21046257,431251.32553101,84.30335951],[243045.21063805,431251.32501221,84.30336142],[243045.21081352,431251.32448578,84.3033638],[243045.2107811,431251.32405853,84.30313158],[243045.21074867,431251.32363129,84.30289936],[243045.21092415,431251.32311249,84.30290127],[243045.21109962,431251.32258606,84.30290317],[243045.2112751,431251.32206726,84.30290508],[243045.21124268,431251.32164001,84.30267286],[243045.21121025,431251.32121277,84.30244064],[243045.21138573,431251.32069397,84.30244255],[243045.2115612,431251.32016754,84.30244446],[243045.21173668,431251.31964874,84.30244684],[243045.21191216,431251.31912994,84.30244875],[243045.21208763,431251.31861115,84.30245018],[243045.21226311,431251.31808472,84.30245256],[243045.21243858,431251.31756592,84.30245447],[243045.21240616,431251.31713867,84.30222225],[243045.21237373,431251.31671143,84.30199003],[243045.2125473,431251.31619263,84.30199242],[243045.21251488,431251.31576538,84.3017602],[243045.21248245,431251.31533813,84.30152845],[243045.21265793,431251.31481934,84.30153036]]",dji_pose_mesh_ray_contour_nodes,
195,175,3,SPL,325.054,2865.0882,242,2831,418,2900,176,69,6743,243045.24880409,431251.17874146,84.28922796,dji_pose_mesh_ray_centroid,True,True,1220102,2.420076,warp,,325.054,2865.0882,1,1,1.0,1,2.420076,2.420076,192,192,1.0,"[[242.0,2869.5],[242.5,2869.0],[243.0,2868.5],[243.5,2868.0],[244.0,2867.5],[245.0,2867.5],[245.5,2867.0],[246.0,2866.5],[246.5,2866.0],[247.0,2865.5],[247.5,2865.0],[248.0,2864.5],[248.5,2864.0],[249.0,2863.5],[249.5,2863.0],[250.0,2862.5],[250.5,2862.0],[251.0,2861.5],[251.5,2861.0],[252.0,2860.5],[252.5,2860.0],[252.5,2859.0],[253.0,2858.5],[253.5,2858.0],[253.5,2857.0],[254.0,2856.5],[255.0,2856.5],[255.5,2856.0],[256.0,2855.5],[256.5,2855.0],[257.0,2854.5],[257.5,2854.0],[258.0,2853.5],[259.0,2853.5],[259.5,2853.0],[260.0,2852.5],[260.5,2852.0],[261.0,2851.5],[262.0,2851.5],[263.0,2851.5],[264.0,2851.5],[264.5,2851.0],[265.0,2850.5],[266.0,2850.5],[266.5,2850.0],[267.0,2849.5],[268.0,2849.5],[269.0,2849.5],[269.5,2850.0],[269.5,2851.0],[270.0,2851.5],[270.5,2852.0],[270.5,2853.0],[271.0,2853.5],[271.5,2854.0],[272.0,2854.5],[272.5,2855.0],[273.0,2855.5],[273.5,2855.0],[274.0,2854.5],[275.0,2854.5],[276.0,2854.5],[276.5,2854.0],[277.0,2853.5],[278.0,2853.5],[278.5,2853.0],[279.0,2852.5],[279.5,2852.0],[280.0,2851.5],[280.5,2851.0],[281.0,2850.5],[281.5,2850.0],[282.0,2849.5],[282.5,2849.0],[283.0,2848.5],[284.0,2848.5],[284.5,2848.0],[285.0,2847.5],[286.0,2847.5],[287.0,2847.5],[288.0,2847.5],[289.0,2847.5],[289.5,2847.0],[290.0,2846.5],[291.0,2846.5],[292.0,2846.5],[293.0,2846.5],[293.5,2846.0],[294.0,2845.5],[295.0,2845.5],[296.0,2845.5],[297.0,2845.5],[298.0,2845.5],[299.0,2845.5],[300.0,2845.5],[301.0,2845.5],[302.0,2845.5],[303.0,2845.5],[304.0,2845.5],[304.5,2846.0],[305.0,2846.5],[305.5,2846.0],[306.0,2845.5],[307.0,2845.5],[308.0,2845.5],[308.5,2845.0],[309.0,2844.5],[310.0,2844.5],[311.0,2844.5],[312.0,2844.5],[312.5,2844.0],[313.0,2843.5],[314.0,2843.5],[315.0,2843.5],[316.0,2843.5],[317.0,2843.5],[318.0,2843.5],[319.0,2843.5],[320.0,2843.5],[320.5,2843.0],[321.0,2842.5],[322.0,2842.5],[323.0,2842.5],[324.0,2842.5],[325.0,2842.5],[326.0,2842.5],[327.0,2842.5],[327.5,2842.0],[328.0,2841.5],[329.0,2841.5],[330.0,2841.5],[330.5,2841.0],[331.0,2840.5],[332.0,2840.5],[332.5,2840.0],[333.0,2839.5],[334.0,2839.5],[335.0,2839.5],[336.0,2839.5],[337.0,2839.5],[338.0,2839.5],[339.0,2839.5],[340.0,2839.5],[341.0,2839.5],[342.0,2839.5],[343.0,2839.5],[344.0,2839.5],[345.0,2839.5],[346.0,2839.5],[346.5,2840.0],[347.0,2840.5],[348.0,2840.5],[349.0,2840.5],[349.5,2841.0],[350.0,2841.5],[351.0,2841.5],[352.0,2841.5],[353.0,2841.5],[354.0,2841.5],[355.0,2841.5],[355.5,2841.0],[356.0,2840.5],[357.0,2840.5],[357.5,2840.0],[358.0,2839.5],[358.5,2839.0],[359.0,2838.5],[359.5,2838.0],[360.0,2837.5],[360.5,2837.0],[361.0,2836.5],[362.0,2836.5],[362.5,2836.0],[363.0,2835.5],[364.0,2835.5],[364.5,2835.0],[365.0,2834.5],[366.0,2834.5],[367.0,2834.5],[367.5,2834.0],[368.0,2833.5],[369.0,2833.5],[370.0,2833.5],[370.5,2833.0],[371.0,2832.5],[372.0,2832.5],[373.0,2832.5],[373.5,2832.0],[374.0,2831.5],[375.0,2831.5],[376.0,2831.5],[376.5,2831.0]]","[[243045.23324394,431251.22035217,84.28702831],[243045.23345184,431251.22025299,84.28725958],[243045.23366165,431251.22014618,84.28749084],[243045.23386955,431251.220047,84.28772211],[243045.23407936,431251.21994781,84.28795385],[243045.23425293,431251.21942902,84.28795576],[243045.23446274,431251.21932983,84.2881875],[243045.23467064,431251.21922302,84.28841877],[243045.23488045,431251.21912384,84.28865051],[243045.23509026,431251.21902466,84.28888178],[243045.23529816,431251.21891785,84.28911352],[243045.23550797,431251.21881866,84.28934526],[243045.23571587,431251.21871948,84.28957701],[243045.23592567,431251.21861267,84.28980875],[243045.23613548,431251.21851349,84.29004049],[243045.23634529,431251.21841431,84.29027224],[243045.23655319,431251.2183075,84.29050446],[243045.236763,431251.21820831,84.2907362],[243045.23697281,431251.21810913,84.29096794],[243045.23718262,431251.21800232,84.29120016],[243045.23739243,431251.21790314,84.2914319],[243045.23763657,431251.21821594,84.29189444],[243045.23784637,431251.21811676,84.29212618],[243045.23805428,431251.21800995,84.2923584],[243045.23830032,431251.21833038,84.29282093],[243045.23851013,431251.21822357,84.29305315],[243045.2386837,431251.21770477,84.29305506],[243045.23889351,431251.21760559,84.29328775],[243045.23910332,431251.21750641,84.29351997],[243045.23931313,431251.2173996,84.29375219],[243045.23952293,431251.21730042,84.29398489],[243045.23973274,431251.2171936,84.29421711],[243045.23994255,431251.21709442,84.29444981],[243045.24011803,431251.21657562,84.29445171],[243045.24032784,431251.21647644,84.29468441],[243045.24053764,431251.21636963,84.29491663],[243045.24074745,431251.21627045,84.29514933],[243045.24095726,431251.21616364,84.29538202],[243045.24113274,431251.21564484,84.29538393],[243045.2413063,431251.21512604,84.29538631],[243045.24148178,431251.21460724,84.29538822],[243045.24169159,431251.21450806,84.29562092],[243045.2419014,431251.21440887,84.29585361],[243045.24207687,431251.21389008,84.29585552],[243045.24228668,431251.21378326,84.29608822],[243045.24249649,431251.21368408,84.29632091],[243045.24267197,431251.21316528,84.29632282],[243045.24284744,431251.21264648,84.29632521],[243045.2428112,431251.21222687,84.29609394],[243045.24256706,431251.21191406,84.29563045],[243045.24253082,431251.21149445,84.29539967],[243045.24249649,431251.21108246,84.29516935],[243045.24225044,431251.21076965,84.29470587],[243045.2422142,431251.21035004,84.29447556],[243045.24217987,431251.20993042,84.29424477],[243045.24214363,431251.20951843,84.29401445],[243045.2421093,431251.20909882,84.29378414],[243045.24207306,431251.20868683,84.29355383],[243045.24228477,431251.20858002,84.29378605],[243045.24249458,431251.20848083,84.29401875],[243045.24266815,431251.20796204,84.29402065],[243045.24284363,431251.20744324,84.29402256],[243045.24305344,431251.20734406,84.29425478],[243045.24326324,431251.20723724,84.29448748],[243045.24343872,431251.20671844,84.29448938],[243045.24364853,431251.20661926,84.29472208],[243045.24385834,431251.20651245,84.2949543],[243045.24406815,431251.20641327,84.295187],[243045.24427986,431251.20630646,84.29541969],[243045.24448967,431251.20620728,84.29565239],[243045.24469948,431251.20610046,84.29588509],[243045.24490929,431251.20600128,84.29611778],[243045.245121,431251.20589447,84.29635048],[243045.24533081,431251.20579529,84.29658365],[243045.24554062,431251.20568848,84.29681635],[243045.24571609,431251.20516968,84.29681826],[243045.24592781,431251.20506287,84.29705143],[243045.24613762,431251.20496368,84.29728413],[243045.2463131,431251.20444489,84.29728603],[243045.24648666,431251.20392609,84.29728794],[243045.24666214,431251.20340729,84.29728985],[243045.24683762,431251.20288849,84.29729223],[243045.24704742,431251.20278168,84.29752493],[243045.24725914,431251.2026825,84.2977581],[243045.24743271,431251.2021637,84.29776001],[243045.24760818,431251.20163727,84.29776192],[243045.24778366,431251.20111847,84.29776382],[243045.24799347,431251.20101929,84.297997],[243045.24820518,431251.20091248,84.29823017],[243045.24837875,431251.20039368,84.29823208],[243045.24855423,431251.19987488,84.29823399],[243045.24872971,431251.19935608,84.29823589],[243045.24890518,431251.19883728,84.2982378],[243045.24908066,431251.19831848,84.29823971],[243045.24925423,431251.19779968,84.29824209],[243045.2494297,431251.19728088,84.298244],[243045.24960518,431251.19676208,84.29824591],[243045.24977875,431251.19624329,84.29824781],[243045.24995422,431251.19572449,84.29824972],[243045.24991798,431251.19530487,84.29801846],[243045.24988174,431251.19489288,84.29778767],[243045.25009346,431251.19478607,84.29802084],[243045.25030327,431251.19467926,84.29825354],[243045.25047874,431251.19416046,84.29825592],[243045.25065422,431251.19364166,84.29825783],[243045.25086594,431251.19354248,84.298491],[243045.25107574,431251.19343567,84.29872417],[243045.25125122,431251.19291687,84.29872608],[243045.2514267,431251.19239807,84.29872799],[243045.25160027,431251.19187927,84.2987299],[243045.25181198,431251.19177246,84.29896307],[243045.2520237,431251.19166565,84.29919624],[243045.25219917,431251.19114685,84.29919815],[243045.25237274,431251.19062805,84.29920006],[243045.25254822,431251.19010925,84.29920196],[243045.25272369,431251.18959045,84.29920387],[243045.25289917,431251.18907166,84.29920578],[243045.25307274,431251.18855286,84.29920816],[243045.25324821,431251.18803406,84.29921007],[243045.25345993,431251.18792725,84.29944324],[243045.25367165,431251.18782043,84.29967642],[243045.25384521,431251.18730164,84.29967833],[243045.25402069,431251.18678284,84.29968023],[243045.25419617,431251.18626404,84.29968262],[243045.25436974,431251.18574524,84.29968452],[243045.25454521,431251.18522644,84.29968643],[243045.25472069,431251.18470764,84.29968834],[243045.2549324,431251.18460083,84.29992151],[243045.25514412,431251.18449402,84.30015516],[243045.2553196,431251.18397522,84.30015707],[243045.25549316,431251.18345642,84.30015898],[243045.25570488,431251.18334961,84.30039215],[243045.2559166,431251.18325043,84.3006258],[243045.25609207,431251.182724,84.30062771],[243045.25630379,431251.18262482,84.30086136],[243045.2565155,431251.18251801,84.30109453],[243045.25669098,431251.18199921,84.30109644],[243045.25686455,431251.18148041,84.30109835],[243045.25704002,431251.18096161,84.30110073],[243045.2572155,431251.18043518,84.30110264],[243045.25739098,431251.17991638,84.30110455],[243045.25756645,431251.17939758,84.30110645],[243045.25774002,431251.17887878,84.30110836],[243045.2579155,431251.17835999,84.30111027],[243045.25809097,431251.17784119,84.30111217],[243045.25826645,431251.17732239,84.30111408],[243045.25844002,431251.17680359,84.30111647],[243045.25861549,431251.17627716,84.30111837],[243045.25879097,431251.17575836,84.30112028],[243045.25875473,431251.17534637,84.30088854],[243045.25871658,431251.17493439,84.30065727],[243045.25889206,431251.17441559,84.30065918],[243045.25906754,431251.17389679,84.30066109],[243045.2590313,431251.17347717,84.30042934],[243045.25899315,431251.17306519,84.30019808],[243045.25916862,431251.17254639,84.30019999],[243045.2593441,431251.17202759,84.30020189],[243045.25951958,431251.17150879,84.3002038],[243045.25969315,431251.17098999,84.30020618],[243045.25986862,431251.17047119,84.30020809],[243045.26008034,431251.17036438,84.30044126],[243045.26029205,431251.17025757,84.30067491],[243045.26046753,431251.16973877,84.30067682],[243045.26067924,431251.16963196,84.30091],[243045.26089096,431251.16952515,84.30114365],[243045.26110268,431251.16941833,84.3013773],[243045.2613163,431251.16931152,84.30161095],[243045.26152802,431251.16920471,84.3018446],[243045.26173973,431251.1690979,84.30207825],[243045.26195145,431251.16899109,84.3023119],[243045.26216316,431251.16888428,84.30254555],[243045.26233864,431251.16836548,84.30254745],[243045.26255226,431251.16825867,84.3027811],[243045.26276398,431251.16815186,84.30301475],[243045.26293945,431251.16763306,84.30301666],[243045.26315117,431251.16752625,84.30325079],[243045.26336288,431251.16741943,84.30348444],[243045.26353836,431251.16690063,84.30348635],[243045.26371384,431251.16638184,84.30348825],[243045.26392555,431251.16627502,84.30372238],[243045.26413918,431251.16616821,84.30395651],[243045.26431465,431251.16564941,84.30395842],[243045.26448822,431251.16513062,84.30396032],[243045.26470184,431251.1650238,84.30419445],[243045.26491356,431251.16491699,84.3044281],[243045.26508904,431251.16439819,84.30443001],[243045.26526451,431251.16387939,84.30443239],[243045.26547623,431251.16377258,84.30466604],[243045.26568985,431251.16366577,84.30490017],[243045.26586533,431251.16313934,84.30490208],[243045.2660408,431251.16262054,84.30490398],[243045.26625252,431251.16251373,84.30513811]]",dji_pose_mesh_ray_contour_nodes,
196,176,3,SPL,2349.5,2833.8,2348,2833,2352,2836,4,3,10,243045.60942841,431250.14448547,84.30736828,dji_pose_mesh_ray_centroid,True,True,314850,2.067697,warp,,2349.5,2833.8,1,1,1.0,1,2.067697,2.067697,2,2,1.0,"[[2348.5,2835.0],[2348.0,2834.5]]","[[243045.60887337,431250.1448288,84.30681515],[243045.60892868,431250.1451416,84.30704832]]",dji_pose_mesh_ray_contour_nodes,
197,177,3,SPL,2318.0,2838.0,2317,2838,2320,2839,3,1,3,243045.60210037,431250.15975189,84.30552101,dji_pose_mesh_ray_centroid,True,True,314850,2.067693,warp,,2318.0,2838.0,1,1,1.0,1,2.067693,2.067693,3,3,1.0,"[[2317.0,2838.0],[2318.0,2838.0],[2319.0,2838.0]]","[[243045.60190773,431250.1602478,84.30552435],[243045.60210037,431250.15975189,84.30552101],[243045.60229301,431250.15924835,84.30551767]]",dji_pose_mesh_ray_contour_nodes,
198,178,3,SPL,2955.3493,2853.1289,2939,2838,2971,2864,32,26,481,243045.71214676,431249.83475494,84.29848337,dji_pose_mesh_ray_centroid,True,True,314838,2.064343,warp,,2955.3493,2853.1289,1,1,1.0,1,2.064343,2.064343,44,44,1.0,"[[2939.0,2851.5],[2939.5,2851.0],[2939.5,2850.0],[2940.0,2849.5],[2940.5,2849.0],[2941.0,2848.5],[2942.0,2848.5],[2943.0,2848.5],[2944.0,2848.5],[2945.0,2848.5],[2946.0,2848.5],[2947.0,2848.5],[2947.5,2849.0],[2948.0,2849.5],[2948.5,2850.0],[2949.0,2850.5],[2950.0,2850.5],[2950.5,2851.0],[2951.0,2851.5],[2952.0,2851.5],[2953.0,2851.5],[2953.5,2851.0],[2954.0,2850.5],[2955.0,2850.5],[2955.5,2850.0],[2955.5,2849.0],[2956.0,2848.5],[2956.5,2848.0],[2956.5,2847.0],[2957.0,2846.5],[2957.5,2846.0],[2957.5,2845.0],[2957.0,2844.5],[2956.5,2844.0],[2956.0,2843.5],[2955.5,2843.0],[2955.0,2842.5],[2954.5,2842.0],[2954.0,2841.5],[2953.5,2841.0],[2953.5,2840.0],[2953.0,2839.5],[2952.5,2839.0],[2952.5,2838.0]]","[[243045.71024513,431249.84332275,84.29910946],[243045.71046638,431249.8431015,84.29934645],[243045.71077347,431249.84318542,84.29981041],[243045.71099663,431249.84296417,84.3000474],[243045.71121788,431249.84274292,84.30028439],[243045.71144104,431249.8425293,84.30052137],[243045.71158028,431249.8420105,84.30053139],[243045.71171951,431249.8414917,84.30054092],[243045.71185875,431249.8409729,84.30055094],[243045.71199799,431249.8404541,84.30056047],[243045.71213722,431249.8399353,84.30057049],[243045.71227646,431249.8394165,84.30058002],[243045.71219254,431249.83911896,84.30035305],[243045.71210861,431249.83882141,84.3001256],[243045.71202469,431249.83852386,84.29989862],[243045.71194077,431249.83821869,84.29967165],[243045.71208,431249.83770752,84.29968119],[243045.71199608,431249.83740234,84.29945421],[243045.71191406,431249.8371048,84.29922724],[243045.71205139,431249.836586,84.29923677],[243045.71222305,431249.83608246,84.29923868],[243045.71248436,431249.83586884,84.29946613],[243045.71274567,431249.83566284,84.29969406],[243045.71294022,431249.8351593,84.29969025],[243045.71320152,431249.83495331,84.2999177],[243045.71352959,431249.83503723,84.30037689],[243045.7137928,431249.83483124,84.30060434],[243045.71405411,431249.83461761,84.30083227],[243045.71438217,431249.83470154,84.30129147],[243045.71464348,431249.83449554,84.30151939],[243045.71490479,431249.83428955,84.30174732],[243045.71523476,431249.83437347,84.30220652],[243045.71530151,431249.83467102,84.30243826],[243045.71536827,431249.83496094,84.30267],[243045.71543503,431249.83525848,84.30290174],[243045.71550179,431249.83555603,84.30313349],[243045.71556854,431249.83584595,84.30336523],[243045.7156353,431249.83614349,84.30359697],[243045.71570206,431249.83643341,84.30382872],[243045.71577072,431249.83673096,84.30406094],[243045.71609879,431249.83681488,84.30452108],[243045.71616554,431249.83711243,84.3047533],[243045.71623421,431249.83740997,84.30498505],[243045.71656227,431249.8374939,84.30544567]]",dji_pose_mesh_ray_contour_nodes,
199,179,3,SPL,2847.7931,2844.4483,2845,2842,2851,2848,6,6,29,243045.69673729,431249.89041138,84.30220842,dji_pose_mesh_ray_centroid,True,True,1220230,2.063504,warp,,2847.7931,2844.4483,1,1,1.0,1,2.063504,2.063504,5,5,1.0,"[[2847.5,2847.0],[2847.0,2846.5],[2846.0,2846.5],[2845.5,2846.0],[2845.0,2845.5]]","[[243045.69598579,431249.89035034,84.30100346],[243045.69603348,431249.89064789,84.30123901],[243045.695858,431249.89115906,84.30123806],[243045.69590569,431249.89144897,84.30147409],[243045.69595528,431249.89174652,84.30170965]]",dji_pose_mesh_ray_contour_nodes,
200,180,3,SPL,1110.0,2845.0,1109,2844,1112,2847,3,3,9,243045.39488792,431250.78247833,84.29882908,dji_pose_mesh_ray_centroid,True,True,1219977,2.233929,warp,,1110.0,2845.0,1,1,1.0,1,2.233929,2.233929,9,9,1.0,"[[1109.0,2844.0],[1110.0,2844.0],[1111.0,2844.0],[1109.0,2845.0],[1110.0,2845.0],[1111.0,2845.0],[1109.0,2846.0],[1110.0,2846.0],[1111.0,2846.0]]","[[243045.39498329,431250.78323364,84.29929113],[243045.39515305,431250.78271484,84.29929495],[243045.3953228,431250.78219604,84.29929829],[243045.39471817,431250.78299713,84.29882574],[243045.39488792,431250.78247833,84.29882908],[243045.39505768,431250.7819519,84.29883242],[243045.39445496,431250.78276062,84.29835987],[243045.3946228,431250.78224182,84.29836321],[243045.39479256,431250.78171539,84.29836655]]",dji_pose_mesh_ray_contour_nodes,
201,181,3,SPL,2349.1633,2855.1253,2333,2844,2372,2866,39,22,447,243045.60294724,431250.14179993,84.29751396,dji_pose_mesh_ray_centroid,True,True,314850,2.063092,warp,,2349.1633,2855.1253,1,1,1.0,1,2.063092,2.063092,46,46,1.0,"[[2371.0,2854.5],[2370.5,2855.0],[2370.5,2856.0],[2370.0,2856.5],[2369.5,2857.0],[2369.5,2858.0],[2369.5,2859.0],[2369.5,2860.0],[2369.5,2861.0],[2369.5,2862.0],[2369.5,2863.0],[2369.0,2863.5],[2368.5,2864.0],[2368.0,2864.5],[2367.5,2864.0],[2367.0,2863.5],[2366.5,2863.0],[2366.0,2862.5],[2365.0,2862.5],[2364.5,2862.0],[2364.0,2861.5],[2363.5,2861.0],[2363.0,2860.5],[2362.5,2860.0],[2362.0,2859.5],[2361.0,2859.5],[2360.5,2859.0],[2360.0,2858.5],[2359.0,2858.5],[2358.0,2858.5],[2357.0,2858.5],[2356.0,2858.5],[2355.0,2858.5],[2354.5,2859.0],[2354.0,2859.5],[2353.5,2860.0],[2353.0,2860.5],[2352.5,2861.0],[2352.5,2862.0],[2352.0,2862.5],[2351.0,2862.5],[2350.5,2863.0],[2350.0,2863.5],[2349.5,2864.0],[2349.0,2864.5],[2348.5,2865.0]]","[[243045.60732651,431250.13093567,84.29773235],[243045.60708046,431250.1311264,84.29750347],[243045.60678101,431250.13098907,84.29704285],[243045.60653305,431250.13117981,84.29681444],[243045.606287,431250.13136292,84.29658604],[243045.60598755,431250.13123322,84.29612589],[243045.60568619,431250.13109589,84.29566574],[243045.60538673,431250.13096619,84.29520559],[243045.60508728,431250.13083649,84.29474592],[243045.60478783,431250.13070679,84.29428625],[243045.60448837,431250.13057709,84.29382706],[243045.60424232,431250.13076019,84.29359865],[243045.60399628,431250.1309433,84.29337072],[243045.60375023,431250.1311264,84.2931428],[243045.60380554,431250.13144684,84.29337406],[243045.60385895,431250.13175964,84.29360533],[243045.60391235,431250.13207245,84.29383659],[243045.60396576,431250.13239288,84.29406786],[243045.60377502,431250.13288879,84.2940712],[243045.60382843,431250.13320923,84.29430246],[243045.60388374,431250.13352203,84.29453373],[243045.60393715,431250.13384247,84.29476547],[243045.60399055,431250.13415527,84.29499674],[243045.60404587,431250.13447571,84.295228],[243045.60409927,431250.13478851,84.29545975],[243045.60390663,431250.13529205,84.29546308],[243045.60396194,431250.13560486,84.29569435],[243045.60401535,431250.13592529,84.29592609],[243045.60382271,431250.13642883,84.29592943],[243045.60363197,431250.13692474,84.29593277],[243045.60343933,431250.13742828,84.29593563],[243045.6032486,431250.13793182,84.29593897],[243045.60305595,431250.13842773,84.29594231],[243045.60280991,431250.13861084,84.2957139],[243045.60256577,431250.13879395,84.2954855],[243045.60231972,431250.13898468,84.29525709],[243045.60207367,431250.13916779,84.29502869],[243045.60182762,431250.13935089,84.29480076],[243045.60152817,431250.13921356,84.29434109],[243045.60128403,431250.1394043,84.29411268],[243045.60109138,431250.13990021,84.29411602],[243045.60084724,431250.14008331,84.29388809],[243045.6006012,431250.14026642,84.29366016],[243045.60035706,431250.14044952,84.29343176],[243045.60011101,431250.14064026,84.29320431],[243045.59986496,431250.14082336,84.29297638]]",dji_pose_mesh_ray_contour_nodes,
202,182,3,SPL,1086.5455,2846.0,1085,2845,1089,2849,4,4,11,243045.39065552,431250.79447937,84.2982831,dji_pose_mesh_ray_centroid,True,True,1219977,2.238815,warp,,1086.5455,2846.0,1,1,1.0,1,2.238815,2.238815,4,4,1.0,"[[1086.5,2848.0],[1086.0,2847.5],[1085.5,2847.0],[1085.0,2846.5]]","[[243045.39011765,431250.79402161,84.29735184],[243045.39016533,431250.79440308,84.2975831],[243045.39021301,431250.79478455,84.29781389],[243045.3902607,431250.79516602,84.29804516]]",dji_pose_mesh_ray_contour_nodes,
203,183,3,SPL,1120.7911,2865.3665,1094,2846,1152,2890,58,44,723,243045.391325,431250.77204895,84.28941345,dji_pose_mesh_ray_centroid,True,True,1219977,2.226551,warp,,1120.7911,2865.3665,1,1,1.0,1,2.226551,2.226551,97,97,1.0,"[[1094.0,2876.5],[1094.5,2876.0],[1095.0,2875.5],[1095.5,2875.0],[1096.0,2874.5],[1096.5,2874.0],[1097.0,2873.5],[1098.0,2873.5],[1098.5,2873.0],[1099.0,2872.5],[1099.5,2872.0],[1100.0,2871.5],[1101.0,2871.5],[1101.5,2871.0],[1102.0,2870.5],[1102.5,2870.0],[1103.0,2869.5],[1103.5,2869.0],[1104.0,2868.5],[1104.5,2868.0],[1104.5,2867.0],[1104.0,2866.5],[1103.5,2866.0],[1103.5,2865.0],[1103.5,2864.0],[1103.5,2863.0],[1103.0,2862.5],[1102.5,2862.0],[1102.5,2861.0],[1102.5,2860.0],[1102.5,2859.0],[1102.0,2858.5],[1101.5,2858.0],[1102.0,2857.5],[1102.5,2857.0],[1103.0,2856.5],[1104.0,2856.5],[1105.0,2856.5],[1106.0,2856.5],[1107.0,2856.5],[1108.0,2856.5],[1108.5,2857.0],[1109.0,2857.5],[1110.0,2857.5],[1110.5,2857.0],[1111.0,2856.5],[1112.0,2856.5],[1112.5,2856.0],[1113.0,2855.5],[1114.0,2855.5],[1115.0,2855.5],[1116.0,2855.5],[1117.0,2855.5],[1117.5,2856.0],[1118.0,2856.5],[1119.0,2856.5],[1120.0,2856.5],[1121.0,2856.5],[1122.0,2856.5],[1123.0,2856.5],[1123.5,2857.0],[1124.0,2857.5],[1125.0,2857.5],[1126.0,2857.5],[1127.0,2857.5],[1127.5,2857.0],[1128.0,2856.5],[1129.0,2856.5],[1130.0,2856.5],[1131.0,2856.5],[1131.5,2856.0],[1132.0,2855.5],[1133.0,2855.5],[1134.0,2855.5],[1134.5,2856.0],[1135.0,2856.5],[1136.0,2856.5],[1137.0,2856.5],[1138.0,2856.5],[1139.0,2856.5],[1140.0,2856.5],[1141.0,2856.5],[1142.0,2856.5],[1142.5,2856.0],[1143.0,2855.5],[1143.5,2855.0],[1143.5,2854.0],[1143.5,2853.0],[1144.0,2852.5],[1144.5,2852.0],[1144.5,2851.0],[1144.5,2850.0],[1144.5,2849.0],[1144.5,2848.0],[1145.0,2847.5],[1145.5,2847.0],[1145.5,2846.0]]","[[243045.38388443,431250.78334808,84.28417873],[243045.38409996,431250.78320312,84.28441095],[243045.38431358,431250.7830658,84.28464317],[243045.38452911,431250.78292084,84.28487539],[243045.38474464,431250.78278351,84.28510809],[243045.38496017,431250.78263855,84.28534031],[243045.3851757,431250.78249359,84.28557301],[243045.38534355,431250.78197479,84.28557634],[243045.38555908,431250.78183746,84.28580904],[243045.38577461,431250.7816925,84.28604126],[243045.38599014,431250.78155518,84.28627396],[243045.38620567,431250.78141022,84.28650665],[243045.38637543,431250.78089142,84.28650999],[243045.38659096,431250.78074646,84.28674269],[243045.38680649,431250.78060913,84.28697538],[243045.38702202,431250.78046417,84.28720808],[243045.38723755,431250.78032684,84.28744078],[243045.38745308,431250.78018188,84.28767347],[243045.38766861,431250.78003693,84.28790617],[243045.38788605,431250.7798996,84.28813887],[243045.38814735,431250.78013611,84.2886014],[243045.38819504,431250.78050995,84.28883076],[243045.38824272,431250.78089142,84.28906012],[243045.38850594,431250.78112793,84.28952312],[243045.38876915,431250.78136444,84.28998566],[243045.38903236,431250.78160095,84.29044867],[243045.38908005,431250.78197479,84.2906785],[243045.38912773,431250.78235626,84.29090834],[243045.38939095,431250.78259277,84.29137135],[243045.38965416,431250.78282928,84.29183483],[243045.38991737,431250.7830658,84.29229832],[243045.38996506,431250.78344727,84.29252863],[243045.39001274,431250.78382111,84.29275846],[243045.39023018,431250.78368378,84.29299211],[243045.39044571,431250.78353882,84.29322576],[243045.39066315,431250.78340149,84.29345942],[243045.39083099,431250.78287506,84.29346275],[243045.39100075,431250.78235626,84.29346657],[243045.39116859,431250.78183746,84.29346991],[243045.39133835,431250.78131866,84.29347324],[243045.3915062,431250.78079224,84.29347658],[243045.39145851,431250.7804184,84.29324675],[243045.39141083,431250.78003693,84.29301643],[243045.39158058,431250.77951813,84.29301977],[243045.39179802,431250.77937317,84.29325342],[243045.39201355,431250.77923584,84.29348707],[243045.3921833,431250.77870941,84.29349041],[243045.39239883,431250.77857208,84.29372454],[243045.39261627,431250.77842712,84.29395819],[243045.39278412,431250.77790833,84.29396152],[243045.39295387,431250.7773819,84.29396486],[243045.39312172,431250.7768631,84.2939682],[243045.39329147,431250.7763443,84.29397154],[243045.39324379,431250.77596283,84.2937417],[243045.39319611,431250.77558899,84.29351139],[243045.39336395,431250.77507019,84.29351473],[243045.39353371,431250.77454376,84.29351807],[243045.39370155,431250.77402496,84.2935214],[243045.39387131,431250.77350616,84.29352522],[243045.39403915,431250.77297974,84.29352856],[243045.39399147,431250.7726059,84.29329824],[243045.39394379,431250.77222443,84.29306793],[243045.39411354,431250.77170563,84.29307175],[243045.39428139,431250.77118683,84.29307508],[243045.39445114,431250.77066803,84.29307842],[243045.39466667,431250.77052307,84.29331207],[243045.39488411,431250.77037811,84.29354572],[243045.39505386,431250.76985931,84.29354906],[243045.39522171,431250.76934052,84.2935524],[243045.39539146,431250.76882172,84.29355621],[243045.39560699,431250.76867676,84.29378986],[243045.39582443,431250.7685318,84.29402351],[243045.39599419,431250.768013,84.29402685],[243045.39616203,431250.7674942,84.29403019],[243045.39611435,431250.76711273,84.29380035],[243045.39606667,431250.76673889,84.29357004],[243045.39623451,431250.76621246,84.29357338],[243045.39640427,431250.76569366,84.29357672],[243045.39657211,431250.76517487,84.29358005],[243045.39674187,431250.76465607,84.29358387],[243045.39690971,431250.76412964,84.29358721],[243045.39707947,431250.76361084,84.29359055],[243045.39724731,431250.76309204,84.29359388],[243045.39746475,431250.76294708,84.29382753],[243045.39768219,431250.76280212,84.29406118],[243045.39789963,431250.76266479,84.29429531],[243045.39816475,431250.76289368,84.29475927],[243045.39842987,431250.76313019,84.29522371],[243045.3986454,431250.76298523,84.29545784],[243045.39886284,431250.76284027,84.29569149],[243045.39912987,431250.76307678,84.29615593],[243045.39939499,431250.76331329,84.29662085],[243045.39966011,431250.76354218,84.29708576],[243045.39992523,431250.76377869,84.29755068],[243045.40014458,431250.76363373,84.29778528],[243045.40036011,431250.76348877,84.29801941],[243045.40062714,431250.76372528,84.2984848]]",dji_pose_mesh_ray_contour_nodes,
204,184,3,SPL,450.6897,2851.0115,444,2847,459,2855,15,8,87,243045.27434731,431251.1180954,84.29594278,dji_pose_mesh_ray_centroid,True,True,1220106,2.38865,warp,,450.6897,2851.0115,1,1,1.0,1,2.38865,2.38865,15,15,1.0,"[[447.5,2847.0],[448.0,2847.5],[449.0,2847.5],[450.0,2847.5],[450.5,2848.0],[451.0,2848.5],[452.0,2848.5],[453.0,2848.5],[454.0,2848.5],[454.5,2849.0],[455.0,2849.5],[456.0,2849.5],[457.0,2849.5],[457.5,2850.0],[458.0,2850.5]]","[[243045.2747097,431251.12084198,84.29782295],[243045.274683,431251.12044525,84.29758835],[243045.27487183,431251.11994934,84.29758596],[243045.27506065,431251.1194458,84.29758358],[243045.27503395,431251.11904907,84.29734898],[243045.27500916,431251.11865234,84.29711437],[243045.27519608,431251.11815643,84.29711199],[243045.2753849,431251.11765289,84.2971096],[243045.27557373,431251.11714935,84.29710722],[243045.27554703,431251.11675262,84.29687262],[243045.27552223,431251.11636353,84.29663849],[243045.27571106,431251.11585999,84.2966361],[243045.27589798,431251.11535645,84.29663372],[243045.27587318,431251.11496735,84.29639912],[243045.27584648,431251.11457062,84.29616451]]",dji_pose_mesh_ray_contour_nodes,
205,185,3,SPL,2317.8721,2860.4656,2306,2849,2331,2872,25,23,305,243045.59535217,431250.15675354,84.29515743,dji_pose_mesh_ray_centroid,True,True,314850,2.062855,warp,,2317.8721,2860.4656,1,1,1.0,1,2.062855,2.062855,35,35,1.0,"[[2330.0,2854.5],[2329.0,2854.5],[2328.5,2855.0],[2328.0,2855.5],[2327.5,2856.0],[2327.5,2857.0],[2327.0,2857.5],[2326.5,2858.0],[2326.5,2859.0],[2327.0,2859.5],[2327.5,2860.0],[2327.5,2861.0],[2327.0,2861.5],[2326.5,2862.0],[2326.5,2863.0],[2326.5,2864.0],[2326.0,2864.5],[2325.0,2864.5],[2324.5,2865.0],[2324.0,2865.5],[2323.5,2865.0],[2323.0,2864.5],[2322.0,2864.5],[2321.0,2864.5],[2320.5,2865.0],[2320.0,2865.5],[2319.5,2866.0],[2319.5,2867.0],[2319.0,2867.5],[2318.5,2868.0],[2318.5,2869.0],[2318.5,2870.0],[2318.0,2870.5],[2317.0,2870.5],[2316.5,2871.0]]","[[243045.59945869,431250.15148926,84.29786348],[243045.59926605,431250.1519928,84.29786634],[243045.59902191,431250.1521759,84.29763794],[243045.59877586,431250.15235901,84.29740906],[243045.59852982,431250.15254211,84.29718065],[243045.59823227,431250.15240479,84.2967205],[243045.59798622,431250.15258789,84.2964921],[243045.59774017,431250.152771,84.29626369],[243045.59744263,431250.15263367,84.29580355],[243045.59738922,431250.15232086,84.29557228],[243045.59733582,431250.15200043,84.29534054],[243045.59703636,431250.1518631,84.29488087],[243045.59679222,431250.1520462,84.29465294],[243045.59654617,431250.15222931,84.29442453],[243045.59624863,431250.15209961,84.29396534],[243045.59595108,431250.15196228,84.29350615],[243045.59570503,431250.15214539,84.29327822],[243045.5955143,431250.1526413,84.29328155],[243045.59527016,431250.1528244,84.29305315],[243045.59502411,431250.15300751,84.2928257],[243045.59507751,431250.15332794,84.29305649],[243045.59513092,431250.15364838,84.29328775],[243045.59494019,431250.15414429,84.29329109],[243045.59474754,431250.15464783,84.29329395],[243045.5945034,431250.15483093,84.2930665],[243045.59425926,431250.15501404,84.29283857],[243045.59401321,431250.15518951,84.29261064],[243045.59371567,431250.15505981,84.29215193],[243045.59347153,431250.15524292,84.291924],[243045.59322739,431250.15542603,84.29169655],[243045.59292984,431250.1552887,84.29123831],[243045.59263229,431250.15515137,84.29077959],[243045.59238815,431250.15533447,84.29055262],[243045.59219742,431250.15583801,84.29055548],[243045.59195328,431250.15601349,84.29032803]]",dji_pose_mesh_ray_contour_nodes,
206,186,3,SPL,4068.2093,2856.7674,4062,2855,4076,2859,14,4,43,243045.89971542,431249.27105713,84.29920626,dji_pose_mesh_ray_centroid,True,True,1220344,2.183963,warp,,4068.2093,2856.7674,1,1,1.0,1,2.183963,2.183963,9,9,1.0,"[[4068.5,2855.0],[4069.0,2855.5],[4070.0,2855.5],[4071.0,2855.5],[4072.0,2855.5],[4073.0,2855.5],[4074.0,2855.5],[4074.5,2856.0],[4075.0,2856.5]]","[[243045.90039635,431249.27089691,84.30001306],[243045.90030289,431249.27064514,84.29978561],[243045.90047646,431249.2701416,84.29978704],[243045.90064812,431249.26963806,84.29978847],[243045.90081978,431249.26913452,84.29978991],[243045.90099144,431249.26863098,84.29979134],[243045.90116501,431249.26812744,84.29979277],[243045.90107155,431249.2678833,84.29956531],[243045.90098,431249.26763153,84.29933786]]",dji_pose_mesh_ray_contour_nodes,
207,187,3,SPL,2413.0,2857.0,2413,2857,2414,2858,1,1,1,243045.61463547,431250.10955811,84.2964468,dji_pose_mesh_ray_centroid,True,True,314850,2.061268,warp,,2413.0,2857.0,1,1,1.0,1,2.061268,2.061268,1,1,1.0,"[[2413.0,2857.0]]","[[243045.61463547,431250.10955811,84.2964468]]",dji_pose_mesh_ray_contour_nodes,
208,188,3,SPL,2371.0333,2870.4833,2368,2866,2376,2875,8,9,60,243045.60254097,431250.12882233,84.29038858,dji_pose_mesh_ray_centroid,True,True,314850,2.059276,warp,,2371.0333,2870.4833,1,1,1.0,1,2.059276,2.059276,9,9,1.0,"[[2372.5,2866.0],[2372.5,2867.0],[2373.0,2867.5],[2373.5,2868.0],[2374.0,2868.5],[2374.5,2869.0],[2374.5,2870.0],[2374.5,2871.0],[2375.0,2871.5]]","[[243045.60416412,431250.12867737,84.29243994],[243045.60386467,431250.12854767,84.29198074],[243045.60380936,431250.12823486,84.29174995],[243045.60375595,431250.12791443,84.29151916],[243045.60370255,431250.12760162,84.2912879],[243045.60364914,431250.12728882,84.29105711],[243045.60334969,431250.12715149,84.29059887],[243045.60305023,431250.12702179,84.29014063],[243045.60299683,431250.12670898,84.28990984]]",dji_pose_mesh_ray_contour_nodes,
209,189,3,SPL,1137.3971,2881.1211,1122,2870,1152,2891,30,21,413,243045.3899765,431250.75975037,84.28220272,dji_pose_mesh_ray_centroid,True,True,1219977,2.219165,warp,,1137.3971,2881.1211,1,1,1.0,1,2.219165,2.219165,39,39,1.0,"[[1140.5,2870.0],[1141.0,2870.5],[1142.0,2870.5],[1142.5,2871.0],[1143.0,2871.5],[1143.5,2872.0],[1144.0,2872.5],[1144.5,2873.0],[1144.0,2873.5],[1143.5,2874.0],[1143.0,2874.5],[1142.5,2875.0],[1142.0,2875.5],[1141.0,2875.5],[1140.5,2876.0],[1140.0,2876.5],[1139.5,2877.0],[1139.5,2878.0],[1139.5,2879.0],[1140.0,2879.5],[1141.0,2879.5],[1142.0,2879.5],[1142.5,2880.0],[1143.0,2880.5],[1143.5,2880.0],[1144.0,2879.5],[1145.0,2879.5],[1146.0,2879.5],[1146.5,2879.0],[1147.0,2878.5],[1148.0,2878.5],[1148.5,2878.0],[1148.5,2877.0],[1149.0,2876.5],[1149.5,2876.0],[1149.5,2875.0],[1149.5,2874.0],[1150.0,2873.5],[1151.0,2873.5]]","[[243045.39342499,431250.76072693,84.28734064],[243045.3933773,431250.76034546,84.28711128],[243045.39354706,431250.75982666,84.28711462],[243045.39349937,431250.75945282,84.28688574],[243045.39345169,431250.75907898,84.28665686],[243045.39340401,431250.75869751,84.2864275],[243045.39335632,431250.75832367,84.28619862],[243045.39330864,431250.75794983,84.28596973],[243045.39309311,431250.75809479,84.28573704],[243045.39287567,431250.75823212,84.28550482],[243045.39266014,431250.75837708,84.2852726],[243045.39244461,431250.75852203,84.28504038],[243045.39222908,431250.75866699,84.28480768],[243045.39206123,431250.75918579,84.28480434],[243045.3918457,431250.75933075,84.28457212],[243045.39162827,431250.75946808,84.2843399],[243045.39141273,431250.75961304,84.28410768],[243045.39114952,431250.75938416,84.28364706],[243045.39088631,431250.75914764,84.28318644],[243045.39083862,431250.7587738,84.28295803],[243045.39100838,431250.758255,84.28296184],[243045.39117622,431250.75773621,84.28296518],[243045.39112854,431250.75736237,84.28273678],[243045.39108086,431250.75698853,84.28250837],[243045.39129639,431250.75684357,84.28274012],[243045.39151192,431250.75669861,84.28297234],[243045.39168167,431250.75617981,84.28297567],[243045.39184952,431250.75566101,84.28297901],[243045.39206505,431250.75551605,84.28321123],[243045.39228058,431250.75537872,84.28344297],[243045.39244843,431250.75485992,84.28344679],[243045.39266396,431250.75471497,84.28367853],[243045.39292717,431250.75494385,84.28413916],[243045.3931427,431250.75479889,84.28437138],[243045.39336014,431250.75466156,84.2846036],[243045.39362335,431250.75489044,84.2850647],[243045.39388657,431250.75511932,84.2855258],[243045.3941021,431250.75497437,84.28575802],[243045.39427185,431250.75445557,84.28576183]]",dji_pose_mesh_ray_contour_nodes,
210,190,3,SPL,15.8141,2878.6731,6,2872,27,2887,21,15,156,243045.19159889,431251.3344574,84.28235149,dji_pose_mesh_ray_centroid,True,True,1220102,2.509671,warp,,15.8141,2878.6731,1,1,1.0,1,2.509671,2.509671,29,29,1.0,"[[26.0,2875.5],[25.5,2876.0],[25.5,2877.0],[25.0,2877.5],[24.5,2878.0],[24.0,2878.5],[23.5,2879.0],[23.0,2879.5],[22.0,2879.5],[21.5,2880.0],[21.0,2880.5],[20.5,2881.0],[20.0,2881.5],[19.0,2881.5],[18.0,2881.5],[17.0,2881.5],[16.5,2882.0],[16.0,2882.5],[15.0,2882.5],[14.5,2883.0],[14.0,2883.5],[13.5,2884.0],[13.0,2884.5],[12.0,2884.5],[11.5,2885.0],[11.0,2885.5],[10.0,2885.5],[9.0,2885.5],[8.5,2886.0]]","[[243045.19412613,431251.33023834,84.28383112],[243045.19392014,431251.3303299,84.28359985],[243045.19368362,431251.33000183,84.28314018],[243045.19347763,431251.33009338,84.28290939],[243045.19327164,431251.33018494,84.28267813],[243045.19306755,431251.33027649,84.28244734],[243045.19286156,431251.33036804,84.28221703],[243045.19265556,431251.33045959,84.28198576],[243045.19248199,431251.33097839,84.28198385],[243045.192276,431251.33106995,84.28175306],[243045.19207191,431251.3311615,84.28152275],[243045.19186401,431251.33125305,84.28129291],[243045.19165421,431251.33133698,84.28106403],[243045.19147873,431251.33185577,84.28106165],[243045.19130516,431251.33237457,84.28105974],[243045.19113159,431251.33289337,84.28105736],[243045.19092178,431251.33297729,84.28082848],[243045.19071198,431251.33306122,84.28059959],[243045.1905365,431251.33358002,84.28059721],[243045.19032669,431251.33366394,84.2803688],[243045.19011688,431251.33375549,84.28013992],[243045.18990707,431251.33383942,84.27991104],[243045.18969727,431251.33392334,84.27968216],[243045.1895237,431251.33444214,84.27968025],[243045.18931389,431251.33452606,84.27945137],[243045.18910408,431251.33460999,84.27922296],[243045.18893051,431251.33512878,84.27922058],[243045.18875694,431251.33564758,84.27921867],[243045.18854713,431251.33573151,84.27898979]]",dji_pose_mesh_ray_contour_nodes,
211,191,3,SPL,2348.8,2873.5,2348,2872,2351,2876,3,4,10,243045.59738541,431250.13954163,84.28907871,dji_pose_mesh_ray_centroid,True,True,314850,2.059201,warp,,2348.8,2873.5,1,1,1.0,1,2.059201,2.059201,2,2,1.0,"[[2349.5,2872.0],[2350.0,2872.5]]","[[243045.59796715,431250.13938904,84.28976345],[243045.59791374,431250.13907623,84.28953266]]",dji_pose_mesh_ray_contour_nodes,
212,192,3,SPL,2337.7682,2880.0066,2327,2875,2348,2887,21,12,151,243045.59334183,431250.14418793,84.28613949,dji_pose_mesh_ray_centroid,True,True,314850,2.058138,warp,,2337.7682,2880.0066,1,1,1.0,1,2.058138,2.058138,25,25,1.0,"[[2343.5,2886.0],[2343.0,2885.5],[2342.5,2885.0],[2342.0,2884.5],[2341.5,2884.0],[2341.0,2883.5],[2340.0,2883.5],[2339.5,2883.0],[2339.0,2882.5],[2338.5,2882.0],[2338.0,2881.5],[2337.0,2881.5],[2336.0,2881.5],[2335.0,2881.5],[2334.5,2882.0],[2334.0,2882.5],[2333.0,2882.5],[2332.0,2882.5],[2331.5,2883.0],[2331.0,2883.5],[2330.0,2883.5],[2329.0,2883.5],[2328.0,2883.5],[2327.5,2883.0],[2327.0,2882.5]]","[[243045.59265709,431250.14053345,84.28338575],[243045.59271049,431250.14084625,84.28361511],[243045.5927639,431250.14116669,84.28384495],[243045.5928154,431250.14147949,84.28407478],[243045.5928688,431250.1417923,84.28430414],[243045.59292221,431250.14211273,84.28453398],[243045.59273148,431250.14260864,84.28453731],[243045.59278297,431250.14292908,84.28476715],[243045.59283638,431250.14324188,84.28499699],[243045.59288979,431250.14355469,84.28522682],[243045.59294319,431250.14387512,84.28545666],[243045.59275246,431250.14437103,84.28545999],[243045.59256172,431250.14487457,84.28546333],[243045.59236908,431250.14537048,84.28546667],[243045.59212685,431250.14555359,84.2852397],[243045.59188271,431250.14573669,84.2850132],[243045.59169197,431250.1462326,84.28501654],[243045.59150124,431250.14673615,84.28501987],[243045.5912571,431250.14691925,84.28479338],[243045.59101295,431250.14710236,84.28456688],[243045.59082222,431250.14759827,84.28457022],[243045.59063148,431250.14809418,84.28457308],[243045.59044075,431250.14859772,84.28457642],[243045.59049225,431250.14891052,84.28480625],[243045.59054565,431250.14923096,84.28503609]]",dji_pose_mesh_ray_contour_nodes,
213,193,3,SPL,2361.4444,2878.5556,2359,2875,2365,2883,6,8,36,243045.59829712,431250.13256073,84.28672504,dji_pose_mesh_ray_centroid,True,True,314850,2.057813,warp,,2361.4444,2878.5556,1,1,1.0,1,2.057813,2.057813,5,5,1.0,"[[2359.0,2876.5],[2359.5,2876.0],[2360.0,2875.5],[2361.0,2875.5],[2361.5,2875.0]]","[[243045.59844208,431250.13404846,84.287673],[243045.59868813,431250.13386536,84.28789997],[243045.59893227,431250.13368225,84.28812695],[243045.599123,431250.13318634,84.28812408],[243045.59936714,431250.13299561,84.28835106]]",dji_pose_mesh_ray_contour_nodes,
214,194,3,SPL,4012.0904,2959.9326,3841,2883,4140,3070,299,187,17119,243045.8540535,431249.29978943,84.25287199,dji_pose_mesh_ray_centroid,True,True,1220344,2.149515,warp,,4012.0904,2959.9326,1,1,1.0,1,2.149515,2.149515,256,256,1.0,"[[4101.5,3069.0],[4099.0,3068.5],[4097.0,3067.5],[4094.5,3067.0],[4093.5,3065.0],[4091.5,3064.0],[4090.0,3062.5],[4088.5,3064.0],[4087.5,3066.0],[4086.0,3067.5],[4083.0,3067.5],[4081.0,3066.5],[4080.5,3064.0],[4079.5,3061.0],[4078.0,3059.5],[4077.5,3057.0],[4078.5,3055.0],[4077.5,3053.0],[4075.5,3052.0],[4074.0,3050.5],[4072.0,3049.5],[4070.0,3048.5],[4068.5,3047.0],[4068.5,3044.0],[4069.0,3041.5],[4070.0,3039.5],[4073.5,3039.0],[4074.5,3037.0],[4075.5,3035.0],[4074.5,3033.0],[4073.0,3031.5],[4070.5,3032.0],[4068.0,3032.5],[4065.5,3032.0],[4063.5,3031.0],[4061.5,3030.0],[4060.0,3028.5],[4058.5,3027.0],[4057.5,3025.0],[4055.0,3023.5],[4052.0,3023.5],[4049.5,3023.0],[4048.0,3021.5],[4048.5,3020.0],[4049.0,3017.5],[4051.0,3018.5],[4053.0,3019.5],[4056.0,3019.5],[4057.5,3018.0],[4057.5,3015.0],[4055.5,3014.0],[4053.5,3012.0],[4053.5,3009.0],[4052.5,3007.0],[4050.5,3006.0],[4049.5,3004.0],[4048.5,3002.0],[4047.0,3000.5],[4045.0,2999.5],[4043.5,2998.0],[4042.5,2996.0],[4042.5,2993.0],[4042.5,2990.0],[4042.5,2987.0],[4043.5,2984.0],[4043.5,2981.0],[4043.5,2978.0],[4042.5,2976.0],[4042.0,2973.5],[4041.5,2971.0],[4041.5,2968.0],[4041.5,2965.0],[4041.5,2962.0],[4041.0,2959.5],[4040.5,2957.0],[4039.5,2955.0],[4038.5,2953.0],[4039.5,2950.0],[4039.5,2947.0],[4038.5,2945.0],[4038.5,2942.0],[4037.5,2940.0],[4037.5,2937.0],[4036.5,2935.0],[4036.5,2932.0],[4036.5,2929.0],[4034.5,2928.0],[4033.0,2926.5],[4031.0,2925.5],[4028.5,2925.0],[4026.5,2923.0],[4025.5,2921.0],[4024.5,2919.0],[4023.0,2917.5],[4021.0,2916.5],[4019.0,2915.5],[4017.0,2914.5],[4014.0,2914.5],[4012.0,2913.5],[4010.0,2912.5],[4008.0,2911.5],[4006.0,2910.5],[4003.0,2911.5],[4001.5,2913.0],[3999.0,2913.5],[3997.5,2915.0],[3996.5,2917.0],[3995.0,2918.5],[3992.0,2918.5],[3990.5,2917.0],[3988.0,2916.5],[3985.5,2917.0],[3984.5,2919.0],[3984.5,2922.0],[3984.5,2925.0],[3983.0,2927.5],[3982.0,2929.5],[3980.5,2931.0],[3979.0,2932.5],[3977.5,2934.0],[3978.5,2936.0],[3977.5,2938.0],[3976.0,2939.5],[3974.0,2940.5],[3972.0,2941.5],[3970.0,2942.5],[3968.5,2944.0],[3967.5,2946.0],[3967.5,2950.0],[3967.5,2953.0],[3966.5,2955.0],[3967.0,2957.5],[3967.5,2960.0],[3967.5,2963.0],[3967.5,2966.0],[3967.5,2969.0],[3968.5,2971.0],[3969.5,2973.0],[3970.5,2975.0],[3971.5,2977.0],[3971.5,2980.0],[3970.0,2982.5],[3968.0,2983.5],[3965.5,2984.0],[3965.5,2987.0],[3966.5,2989.0],[3966.5,2992.0],[3965.5,2994.0],[3964.5,2996.0],[3963.5,2998.0],[3962.5,3000.0],[3961.5,3002.0],[3960.5,3004.0],[3959.5,3007.0],[3958.0,3008.5],[3956.0,3009.5],[3953.0,3009.5],[3951.0,3010.5],[3950.0,3012.5],[3948.0,3013.5],[3946.0,3012.5],[3944.0,3011.5],[3942.5,3010.0],[3941.5,3008.0],[3939.0,3007.5],[3936.5,3008.0],[3934.5,3010.0],[3932.5,3010.0],[3931.5,3008.0],[3930.5,3006.0],[3930.5,3003.0],[3930.5,3000.0],[3929.5,2998.0],[3927.5,2997.0],[3925.0,2996.5],[3922.5,2996.0],[3920.5,2995.0],[3919.5,2993.0],[3918.5,2991.0],[3918.0,2987.5],[3918.0,2985.5],[3920.0,2984.5],[3923.0,2984.5],[3925.0,2985.5],[3927.0,2986.5],[3929.0,2987.5],[3931.0,2988.5],[3933.0,2989.5],[3935.5,2989.0],[3937.5,2988.0],[3939.0,2986.5],[3939.0,2984.5],[3936.5,2983.0],[3935.5,2981.0],[3938.0,2980.5],[3941.0,2980.5],[3942.5,2979.0],[3942.0,2976.5],[3940.0,2975.5],[3938.0,2974.5],[3936.5,2973.0],[3936.5,2970.0],[3936.5,2967.0],[3936.0,2964.5],[3934.5,2962.0],[3933.5,2960.0],[3933.5,2957.0],[3933.5,2954.0],[3933.5,2951.0],[3933.0,2948.5],[3931.0,2947.5],[3928.0,2947.5],[3925.0,2947.5],[3923.0,2948.5],[3920.0,2948.5],[3917.5,2948.0],[3915.5,2947.0],[3913.0,2945.5],[3911.0,2944.5],[3908.5,2944.0],[3906.5,2943.0],[3905.0,2941.5],[3903.0,2940.5],[3901.0,2939.5],[3899.5,2938.0],[3898.0,2936.5],[3896.5,2935.0],[3895.5,2933.0],[3894.5,2931.0],[3893.0,2929.5],[3891.5,2927.0],[3890.5,2925.0],[3889.5,2923.0],[3888.0,2921.5],[3887.5,2919.0],[3886.0,2917.5],[3884.0,2916.5],[3882.0,2917.5],[3880.0,2918.5],[3877.5,2919.0],[3875.5,2919.0],[3873.0,2918.5],[3870.0,2918.5],[3867.5,2917.0],[3866.0,2915.5],[3864.0,2914.5],[3862.0,2915.5],[3860.0,2916.5],[3858.0,2915.5],[3856.0,2914.5],[3854.0,2913.5],[3851.0,2913.5],[3849.0,2912.5],[3846.0,2912.5],[3843.5,2912.0],[3841.0,2910.5]]","[[243045.83218575,431249.25674438,84.20578814],[243045.83193588,431249.25795746,84.20599699],[243045.83193779,431249.25891876,84.20641899],[243045.83168793,431249.26013184,84.20662785],[243045.83218765,431249.26059723,84.20747757],[243045.83218765,431249.26155853,84.20790052],[243045.83243942,431249.2622757,84.2085371],[243045.83168793,431249.26301575,84.20789576],[243045.83085442,431249.26352692,84.20704222],[243045.83010483,431249.2642746,84.20640135],[243045.8296051,431249.26573181,84.20639658],[243045.8296051,431249.26669312,84.20681906],[243045.8303566,431249.26691437,84.20788288],[243045.83119011,431249.26737213,84.20915985],[243045.83143997,431249.26808929,84.20979738],[243045.83219147,431249.26831055,84.21086359],[243045.83302689,431249.26779938,84.21171904],[243045.83352852,431249.2682724,84.21257257],[243045.83352852,431249.26924133,84.21299696],[243045.83378029,431249.2699585,84.21363592],[243045.83378029,431249.2709198,84.21406078],[243045.8337822,431249.27188873,84.21448564],[243045.83403397,431249.27261353,84.21512604],[243045.83503914,431249.27258301,84.21641159],[243045.83596039,431249.27231598,84.21748447],[243045.83679962,431249.27181244,84.21834469],[243045.83755302,431249.27009583,84.21856499],[243045.83839226,431249.26959229,84.21942568],[243045.83923149,431249.26908112,84.22028732],[243045.83973694,431249.26955414,84.22114611],[243045.83999062,431249.2702713,84.22178936],[243045.83940315,431249.27149963,84.22157001],[243045.8388176,431249.27272797,84.22135115],[243045.83856583,431249.27394867,84.22156239],[243045.83856773,431249.2749176,84.22198963],[243045.83856964,431249.27588654,84.22241735],[243045.83882332,431249.27661133,84.22306108],[243045.839077,431249.27733612,84.22370529],[243045.83958244,431249.27780914,84.22456646],[243045.83967018,431249.27902222,84.22520971],[243045.83916664,431249.28049469,84.22520542],[243045.83891678,431249.28171539,84.22541714],[243045.83917046,431249.28244019,84.2260623],[243045.83975983,431249.28218079,84.22671127],[243045.8406868,431249.28192139,84.22779322],[243045.84068489,431249.28094482,84.22736359],[243045.84068298,431249.27997589,84.22693443],[243045.84118652,431249.27850342,84.2269392],[243045.84194565,431249.27775574,84.22759008],[243045.84295845,431249.27773285,84.22888803],[243045.84296036,431249.27870178,84.22931766],[243045.84330177,431249.27967072,84.23018074],[243045.84431648,431249.27964783,84.23148155],[243045.84482574,431249.28012848,84.23234749],[243045.84482956,431249.28109741,84.23277855],[243045.84533882,431249.28157806,84.23364544],[243045.84584999,431249.28205872,84.23451328],[243045.84610558,431249.28278351,84.23516321],[243045.84610939,431249.28376007,84.23559475],[243045.84636497,431249.28448486,84.23624515],[243045.84687614,431249.28496552,84.23711491],[243045.84789658,431249.28494263,84.23842192],[243045.84891701,431249.28492737,84.23973083],[243045.84993935,431249.28490448,84.24104023],[243045.85113144,431249.28439331,84.24235296],[243045.85215378,431249.28437042,84.24366569],[243045.85317993,431249.28434753,84.24497938],[243045.85369492,431249.28482819,84.24585438],[243045.85446548,431249.2850647,84.24695015],[243045.85523605,431249.28529358,84.24804687],[243045.85626602,431249.28527069,84.24936485],[243045.85729408,431249.28525543,84.25068426],[243045.85832405,431249.28523254,84.2520051],[243045.85909843,431249.28546143,84.25310564],[243045.85987473,431249.28569031,84.25420761],[243045.86039352,431249.28617859,84.25508881],[243045.86091232,431249.28665924,84.25597048],[243045.86211586,431249.28614044,84.25729799],[243045.86315155,431249.28612518,84.25862503],[243045.86367226,431249.28660583,84.25950909],[243045.86470985,431249.28659058,84.26083851],[243045.86523056,431249.28707123,84.26172399],[243045.86627007,431249.28705597,84.2630558],[243045.86679268,431249.28753662,84.26394272],[243045.86783218,431249.28752136,84.26527643],[243045.8688736,431249.28749847,84.26661158],[243045.86887932,431249.2884903,84.26705408],[243045.86914444,431249.28922272,84.26772022],[243045.86915207,431249.29021454,84.26816273],[243045.8689003,431249.29145813,84.26838207],[243045.86925507,431249.29244232,84.26927137],[243045.86977959,431249.2929306,84.27016211],[243045.87030411,431249.29341888,84.27105427],[243045.87057114,431249.29415894,84.27172232],[243045.87057877,431249.29515076,84.27216625],[243045.87058449,431249.29614258,84.27261066],[243045.87059212,431249.29714203,84.27305508],[243045.87008095,431249.29863739,84.27305078],[243045.87008667,431249.29962921,84.2734952],[243045.8700943,431249.30062103,84.27394009],[243045.87010193,431249.30162048,84.27438498],[243045.87010956,431249.3026123,84.27482986],[243045.86924744,431249.3041153,84.27437782],[243045.86846924,431249.30487061,84.27370405],[243045.86786842,431249.30612183,84.2734766],[243045.86709023,431249.30686951,84.27280331],[243045.86622429,431249.30738068,84.27190733],[243045.865448,431249.30812836,84.27123451],[243045.86493683,431249.30963135,84.27123022],[243045.86520195,431249.3103714,84.27189875],[243045.86494827,431249.31161499,84.27211857],[243045.86434937,431249.31286621,84.27189159],[243045.86348343,431249.31336975,84.27099609],[243045.86244392,431249.31337738,84.26965618],[243045.86140442,431249.31338501,84.2683177],[243045.8602829,431249.31413269,84.26720142],[243045.85942078,431249.31463623,84.26630926],[243045.8586483,431249.31538391,84.2656393],[243045.85787392,431249.31613922,84.26496983],[243045.85710144,431249.3168869,84.26430035],[243045.85658264,431249.31639099,84.26341295],[243045.85572243,431249.31689453,84.26252317],[243045.85494995,431249.31764221,84.26185513],[243045.85426712,431249.31863403,84.26140881],[243045.85358238,431249.31963348,84.26096201],[243045.85289764,431249.32062531,84.26051569],[243045.85212898,431249.32137299,84.25984859],[243045.85127068,431249.3218689,84.2589612],[243045.84989929,431249.3218689,84.2571907],[243045.84886932,431249.32187653,84.25586462],[243045.84801483,431249.32237244,84.25498009],[243045.84724426,431249.3221283,84.25387716],[243045.84647369,431249.32187653,84.25277567],[243045.84544945,431249.32188416,84.25145388],[243045.8444252,431249.32188416,84.25013351],[243045.84340286,431249.32188416,84.24881411],[243045.84288979,431249.32139587,84.24793673],[243045.84237862,431249.32089996,84.2470603],[243045.84186745,431249.32040405,84.24618435],[243045.84135628,431249.31991577,84.24530888],[243045.84033585,431249.31991577,84.24399424],[243045.8392334,431249.32066345,84.24289751],[243045.8385582,431249.32164764,84.24245739],[243045.83796501,431249.32288361,84.24223471],[243045.83694839,431249.32288361,84.2409234],[243045.83644104,431249.32239532,84.24005127],[243045.83542442,431249.32239532,84.23874187],[243045.83457947,431249.32289124,84.23786831],[243045.83373642,431249.32337952,84.23699522],[243045.83289337,431249.32387543,84.23612261],[243045.83205032,431249.32437134,84.23525095],[243045.83120728,431249.32485962,84.23437929],[243045.83036423,431249.32535553,84.23350859],[243045.82918739,431249.32584381,84.23220396],[243045.82843018,431249.32658386,84.23155069],[243045.82775688,431249.32756805,84.23111391],[243045.82725334,431249.32904053,84.23110914],[243045.82658195,431249.33002472,84.23067236],[243045.82574272,431249.330513,84.22980404],[243045.82506943,431249.33149719,84.22936773],[243045.82506943,431249.33248138,84.22979784],[243045.82506943,431249.33346558,84.23022795],[243045.82531929,431249.334198,84.23087645],[243045.82582283,431249.33469391,84.23174238],[243045.82557106,431249.33592224,84.23195553],[243045.82498169,431249.33715057,84.23173475],[243045.82397461,431249.33813477,84.23086405],[243045.82363892,431249.33911896,84.23086071],[243045.82414055,431249.33961487,84.23172665],[243045.82464409,431249.34011078,84.23259354],[243045.82565117,431249.34011841,84.23389721],[243045.82666016,431249.34012604,84.23520184],[243045.8271656,431249.34062195,84.23607063],[243045.8271637,431249.34160614,84.23650312],[243045.82691193,431249.3428421,84.23671675],[243045.82665825,431249.34407043,84.23693085],[243045.82665825,431249.34506226,84.23736334],[243045.8271637,431249.34555817,84.23823404],[243045.82766914,431249.34606171,84.23910475],[243045.82876396,431249.34632111,84.24063253],[243045.82943916,431249.34632874,84.24150658],[243045.83011436,431249.34534454,84.24194717],[243045.83062172,431249.34386444,84.24195147],[243045.83062172,431249.34287262,84.24151707],[243045.83062172,431249.3418808,84.24108314],[243045.83061981,431249.34088898,84.24064922],[243045.83061981,431249.33990479,84.2402153],[243045.83061981,431249.33891296,84.23978186],[243045.83121109,431249.33768463,84.24000406],[243045.83188629,431249.33670044,84.24044371],[243045.83264732,431249.33596039,84.24110126],[243045.83332253,431249.33596039,84.24197578],[243045.83340836,431249.33719635,84.2426281],[243045.83391571,431249.33769989,84.24350166],[243045.8345089,431249.33646393,84.24372435],[243045.83501434,431249.33498383,84.24372911],[243045.83577728,431249.33424377,84.24438858],[243045.83654022,431249.33449554,84.2454834],[243045.83654022,431249.33547974,84.24591875],[243045.83654213,431249.33647156,84.24635458],[243045.83679771,431249.33721924,84.24701071],[243045.83781624,431249.33722687,84.24832821],[243045.83883667,431249.33722687,84.24964666],[243045.83960342,431249.33747864,84.25074625],[243045.84020042,431249.33822632,84.25184488],[243045.8407135,431249.33872986,84.25272465],[243045.84173584,431249.33873749,84.25404787],[243045.84276009,431249.33873749,84.25537252],[243045.84378433,431249.33874512,84.25669813],[243045.8445549,431249.33900452,84.25780344],[243045.84455872,431249.33999634,84.25824308],[243045.84404945,431249.34148407,84.25823832],[243045.84353828,431249.34297943,84.25823402],[243045.84285736,431249.34396362,84.25778818],[243045.8423481,431249.34545898,84.25778389],[243045.84209442,431249.34670258,84.25800133],[243045.84209633,431249.3476944,84.25844145],[243045.84218407,431249.34894562,84.25910187],[243045.84218788,431249.34994507,84.25954199],[243045.8419323,431249.35118866,84.2597599],[243045.8419342,431249.35218811,84.26020002],[243045.8421936,431249.35293579,84.2608633],[243045.84219551,431249.35393524,84.2613039],[243045.84219742,431249.35493469,84.2617445],[243045.84245682,431249.35569,84.26240826],[243045.84271431,431249.35644531,84.26307249],[243045.84297371,431249.35719299,84.26373672],[243045.84348869,431249.35770416,84.2646246],[243045.84400558,431249.35821533,84.26551342],[243045.84426308,431249.35897064,84.26617908],[243045.84486771,431249.35973358,84.26729059],[243045.8453846,431249.36023712,84.26818085],[243045.84590149,431249.36074829,84.26907158],[243045.84616089,431249.3615036,84.26973915],[243045.84693527,431249.36177063,84.27085495],[243045.84719658,431249.36252594,84.27152348],[243045.84720039,431249.36353302,84.27196789],[243045.84651375,431249.36452484,84.27151775],[243045.8458271,431249.36551666,84.27106762],[243045.8452301,431249.36676025,84.27084064],[243045.84488869,431249.3677597,84.27083778],[243045.8446331,431249.36901093,84.27105761],[243045.84412193,431249.37050629,84.27105331],[243045.84420967,431249.37177277,84.27172041],[243045.84447098,431249.37252808,84.27238893],[243045.84447289,431249.37353516,84.27283382],[243045.84378815,431249.37452698,84.27238321],[243045.8431015,431249.3755188,84.27193308],[243045.84310341,431249.37652588,84.27237749],[243045.84310722,431249.37753296,84.2728219],[243045.84310913,431249.37854004,84.27326679],[243045.84259605,431249.38004303,84.2732625],[243045.84259796,431249.38105011,84.27370739],[243045.84208679,431249.38254547,84.2737031],[243045.84183121,431249.38380432,84.2739234],[243045.84191895,431249.38506317,84.27459192]]",dji_pose_mesh_ray_contour_nodes,
215,195,3,SPL,1091.0,2885.0,1091,2885,1092,2886,1,1,1,243045.38115501,431250.78289795,84.28025532,dji_pose_mesh_ray_centroid,True,True,1219977,2.228219,warp,,1091.0,2885.0,1,1,1.0,1,2.228219,2.228219,1,1,1.0,"[[1091.0,2885.0]]","[[243045.38115501,431250.78289795,84.28025532]]",dji_pose_mesh_ray_contour_nodes,
216,196,3,SPL,676.6526,2911.5977,659,2888,695,2934,36,46,875,243045.30211067,431250.98847198,84.26739836,dji_pose_mesh_ray_centroid,True,True,1220106,2.317352,warp,,676.6526,2911.5977,1,1,1.0,1,2.317352,2.317352,51,51,1.0,"[[659.0,2912.5],[659.5,2912.0],[660.0,2911.5],[660.5,2911.0],[661.0,2910.5],[662.0,2910.5],[662.5,2910.0],[663.0,2909.5],[663.5,2909.0],[663.5,2908.0],[663.5,2907.0],[664.0,2906.5],[664.5,2906.0],[664.5,2905.0],[665.0,2904.5],[665.5,2904.0],[666.0,2903.5],[666.5,2903.0],[667.0,2902.5],[667.5,2902.0],[667.5,2901.0],[668.0,2900.5],[668.5,2900.0],[669.0,2899.5],[670.0,2899.5],[671.0,2899.5],[672.0,2899.5],[673.0,2899.5],[673.5,2899.0],[674.0,2898.5],[674.5,2898.0],[675.0,2897.5],[675.5,2897.0],[675.0,2896.5],[674.5,2896.0],[674.0,2895.5],[673.5,2895.0],[673.0,2894.5],[672.5,2894.0],[672.5,2893.0],[673.0,2892.5],[673.5,2892.0],[674.0,2891.5],[674.5,2891.0],[675.0,2890.5],[675.5,2890.0],[676.0,2889.5],[676.5,2889.0],[677.0,2888.5],[678.0,2888.5],[678.5,2888.0]]","[[243045.29859734,431250.99703217,84.26702738],[243045.29881096,431250.99691772,84.26725531],[243045.29902458,431250.99679565,84.26748323],[243045.2992382,431250.99668121,84.26771116],[243045.29945374,431250.99656677,84.26793861],[243045.29964066,431250.99606323,84.26793671],[243045.29985428,431250.99594879,84.26816463],[243045.3000679,431250.99583435,84.26839256],[243045.30028343,431250.99571228,84.26862049],[243045.30052567,431250.99597931,84.26907921],[243045.30076599,431250.99623871,84.26953793],[243045.30098152,431250.99612427,84.26976585],[243045.30119514,431250.9960022,84.26999426],[243045.30143738,431250.99626923,84.27045345],[243045.301651,431250.99615479,84.27068186],[243045.30186653,431250.99603271,84.27090979],[243045.30208015,431250.99591827,84.27113867],[243045.30229568,431250.9957962,84.27136707],[243045.30251122,431250.99568176,84.27159548],[243045.30272484,431250.99555969,84.27182388],[243045.30296707,431250.99582672,84.27228355],[243045.3031826,431250.99571228,84.27251244],[243045.30339813,431250.99559021,84.27274084],[243045.30361176,431250.99547577,84.27296972],[243045.30379868,431250.99497223,84.27296734],[243045.3039875,431250.99447632,84.27296495],[243045.30417442,431250.99397278,84.27296257],[243045.30436134,431250.99347687,84.27296019],[243045.30457497,431250.9933548,84.27318907],[243045.3047905,431250.99324036,84.27341795],[243045.30500603,431250.99311829,84.27364683],[243045.30522156,431250.99300385,84.27387571],[243045.30543518,431250.9928894,84.27410459],[243045.30546379,431250.99327087,84.27433586],[243045.3054924,431250.99365234,84.27456713],[243045.3055191,431250.99403381,84.27479887],[243045.30554771,431250.99441528,84.27503014],[243045.30557632,431250.99479675,84.2752614],[243045.30560303,431250.99517822,84.27549314],[243045.30584717,431250.99543762,84.27595377],[243045.3060627,431250.99532318,84.27618313],[243045.30627823,431250.99520111,84.27641249],[243045.30649376,431250.99508667,84.27664185],[243045.30670929,431250.99497223,84.2768712],[243045.30692482,431250.99485016,84.27710056],[243045.30714035,431250.99473572,84.27732992],[243045.30735588,431250.99461365,84.27755976],[243045.30757141,431250.99449921,84.27778912],[243045.30778694,431250.99437714,84.27801847],[243045.30797386,431250.99388123,84.27801609],[243045.30818939,431250.99375916,84.27824593]]",dji_pose_mesh_ray_contour_nodes,
217,197,3,SPL,718.1827,2894.3858,703,2888,732,2903,29,15,197,243045.31406593,431250.97223663,84.27520704,dji_pose_mesh_ray_centroid,True,True,1220106,2.312025,warp,,718.1827,2894.3858,1,1,1.0,1,2.312025,2.312025,38,38,1.0,"[[731.0,2893.5],[730.5,2894.0],[730.0,2894.5],[729.0,2894.5],[728.5,2895.0],[728.0,2895.5],[727.0,2895.5],[726.5,2896.0],[726.0,2896.5],[725.0,2896.5],[724.0,2896.5],[723.5,2897.0],[723.0,2897.5],[722.5,2898.0],[722.0,2898.5],[721.5,2899.0],[721.0,2899.5],[720.0,2899.5],[719.0,2899.5],[718.5,2899.0],[718.0,2898.5],[717.0,2898.5],[716.0,2898.5],[715.0,2898.5],[714.0,2898.5],[713.0,2898.5],[712.0,2898.5],[711.0,2898.5],[710.0,2898.5],[709.5,2899.0],[709.0,2899.5],[708.0,2899.5],[707.5,2900.0],[707.0,2900.5],[706.5,2901.0],[706.0,2901.5],[705.0,2901.5],[704.5,2902.0]]","[[243045.31668282,431250.96605682,84.2755847],[243045.31646729,431250.96617889,84.27535534],[243045.31625175,431250.96630096,84.27512598],[243045.31606293,431250.96679688,84.27512836],[243045.3158474,431250.96691895,84.27489948],[243045.31563187,431250.96704102,84.27467012],[243045.31544495,431250.96753693,84.27467251],[243045.31522751,431250.967659,84.27444363],[243045.31501198,431250.96778107,84.27421427],[243045.31482506,431250.96827698,84.27421665],[243045.31463814,431250.96878052,84.27421904],[243045.31442261,431250.96890259,84.27399015],[243045.31420517,431250.96901703,84.27376127],[243045.31398964,431250.9691391,84.27353239],[243045.31377411,431250.96926117,84.27330351],[243045.31355858,431250.96937561,84.27307463],[243045.31334305,431250.96949768,84.27284574],[243045.31315613,431250.97000122,84.27284813],[243045.31296921,431250.97049713,84.27285051],[243045.31299591,431250.9708786,84.27308178],[243045.31302452,431250.97126007,84.27331305],[243045.3128376,431250.97175598,84.27331543],[243045.31265068,431250.97225952,84.27331781],[243045.31246376,431250.97275543,84.2733202],[243045.31227684,431250.97325897,84.27332258],[243045.31208992,431250.97375488,84.27332497],[243045.311903,431250.97425842,84.27332735],[243045.31171417,431250.97475433,84.27332973],[243045.31152725,431250.97525787,84.27333212],[243045.31131172,431250.97537231,84.27310324],[243045.31109619,431250.97549438,84.27287435],[243045.31090927,431250.9759903,84.27287674],[243045.31069374,431250.97611237,84.27264786],[243045.31047821,431250.97623444,84.27241898],[243045.31026268,431250.97634888,84.27219057],[243045.31004715,431250.97647095,84.27196169],[243045.30986023,431250.97696686,84.27196407],[243045.3096447,431250.97708893,84.27173567]]",dji_pose_mesh_ray_contour_nodes,
218,198,3,SPL,890.9913,2894.5043,882,2888,900,2902,18,14,115,243045.34502983,431250.88434601,84.27517986,dji_pose_mesh_ray_centroid,True,True,79363,2.271686,warp,,890.9913,2894.5043,1,1,1.0,1,2.271686,2.271686,21,21,1.0,"[[882.0,2896.5],[883.0,2896.5],[884.0,2896.5],[884.5,2896.0],[885.0,2895.5],[885.5,2895.0],[886.0,2894.5],[886.5,2894.0],[887.0,2893.5],[887.5,2893.0],[888.0,2892.5],[888.5,2892.0],[889.0,2891.5],[889.5,2891.0],[890.0,2890.5],[890.5,2890.0],[891.0,2889.5],[891.5,2889.0],[892.0,2888.5],[893.0,2888.5],[893.5,2888.0]]","[[243045.34295082,431250.88845062,84.27425003],[243045.3431282,431250.88793945,84.27425051],[243045.34330559,431250.88742828,84.27425146],[243045.34351921,431250.88729858,84.27448225],[243045.34373093,431250.88716888,84.27471256],[243045.34394455,431250.88703918,84.27494335],[243045.34415817,431250.88690186,84.27517462],[243045.3443718,431250.88677216,84.27540541],[243045.34458351,431250.88664246,84.2756362],[243045.34479713,431250.88650513,84.27586698],[243045.34501076,431250.88637543,84.27609825],[243045.34522438,431250.88624573,84.27632904],[243045.3454361,431250.8861084,84.27655983],[243045.34564972,431250.8859787,84.2767911],[243045.34586334,431250.885849,84.27702236],[243045.34607697,431250.88571167,84.27725363],[243045.34629059,431250.88558197,84.27748442],[243045.34650421,431250.88545227,84.27771568],[243045.34671783,431250.88531494,84.27794695],[243045.34689522,431250.88480377,84.2779479],[243045.34710884,431250.88467407,84.27817917]]",dji_pose_mesh_ray_contour_nodes,
219,199,3,SPL,715.8947,2905.2105,713,2904,721,2908,8,4,19,243045.31099319,431250.9705658,84.27023363,dji_pose_mesh_ray_centroid,True,True,1220106,2.309849,warp,,715.8947,2905.2105,1,1,1.0,1,2.309849,2.309849,7,7,1.0,"[[720.0,2905.5],[719.0,2905.5],[718.5,2906.0],[718.0,2906.5],[717.0,2906.5],[716.0,2906.5],[715.5,2907.0]]","[[243045.31169128,431250.96844482,84.27009058],[243045.31150436,431250.96894073,84.27009296],[243045.31128883,431250.96906281,84.26986456],[243045.3110733,431250.96917725,84.26963663],[243045.31088638,431250.96968079,84.26963901],[243045.31069946,431250.9701767,84.2696414],[243045.31048393,431250.97029877,84.26941299]]",dji_pose_mesh_ray_contour_nodes,
220,200,3,SPL,755.0,2906.7143,754,2906,757,2909,3,3,7,243045.31791878,431250.95063782,84.26945543,dji_pose_mesh_ray_centroid,True,True,1220109,2.300533,warp,,755.0,2906.7143,1,1,1.0,1,2.300533,2.300533,2,2,1.0,"[[754.5,2908.0],[754.0,2907.5]]","[[243045.31751823,431250.95056152,84.26886463],[243045.31755066,431250.95094299,84.26909399]]",dji_pose_mesh_ray_contour_nodes,
221,201,3,SPL,3550.4286,2908.4286,3548,2907,3554,2911,6,4,21,243045.79395866,431249.53063965,84.27484512,dji_pose_mesh_ray_centroid,True,True,1220204,2.095767,warp,,3550.4286,2908.4286,1,1,1.0,1,2.095767,2.095767,3,3,1.0,"[[3553.0,2909.5],[3552.0,2909.5],[3551.5,2910.0]]","[[243045.79399872,431249.52931213,84.27437735],[243045.79385185,431249.52981567,84.27437019],[243045.79361916,431249.53005219,84.27413988]]",dji_pose_mesh_ray_contour_nodes,
222,202,3,SPL,3829.8667,2909.9667,3821,2909,3838,2912,17,3,30,243045.84020042,431249.39064026,84.27481508,dji_pose_mesh_ray_centroid,True,True,1220344,2.131693,warp,,3829.8667,2909.9667,1,1,1.0,1,2.131693,2.131693,11,11,1.0,"[[3821.0,2909.5],[3822.0,2909.5],[3823.0,2909.5],[3824.0,2909.5],[3825.0,2909.5],[3826.0,2909.5],[3827.0,2909.5],[3828.0,2909.5],[3829.0,2909.5],[3830.0,2909.5],[3830.5,2909.0]]","[[243045.8388443,431249.39508057,84.27501154],[243045.83901596,431249.39457703,84.27501297],[243045.83918571,431249.39408112,84.2750144],[243045.83935738,431249.39357758,84.27501583],[243045.83952904,431249.39307404,84.27501726],[243045.83969879,431249.39257812,84.27501869],[243045.83987045,431249.39207458,84.27502012],[243045.84004211,431249.39157867,84.27502155],[243045.84021187,431249.39107513,84.27502298],[243045.84038353,431249.39057922,84.27502441],[243045.84064102,431249.39033508,84.27524948]]",dji_pose_mesh_ray_contour_nodes,
223,203,3,SPL,3802.0,2913.3,3799,2913,3806,2915,7,2,10,243045.83429337,431249.40453339,84.2732811,dji_pose_mesh_ray_centroid,True,True,1220344,2.126775,warp,,3802.0,2913.3,1,1,1.0,1,2.126775,2.126775,3,3,1.0,"[[3800.5,2914.0],[3800.0,2913.5],[3799.0,2913.5]]","[[243045.83379745,431249.40527344,84.27296543],[243045.83388138,431249.40552521,84.27318859],[243045.83371162,431249.40602875,84.27318716]]",dji_pose_mesh_ray_contour_nodes,
224,204,3,SPL,2678.0894,2932.5163,2666,2924,2688,2940,22,16,246,243045.64261436,431249.96850586,84.26115608,dji_pose_mesh_ray_centroid,True,True,1220232,2.046072,warp,,2678.0894,2932.5163,1,1,1.0,1,2.046072,2.046072,27,27,1.0,"[[2666.0,2934.5],[2666.5,2934.0],[2666.5,2933.0],[2667.0,2932.5],[2668.0,2932.5],[2668.5,2932.0],[2669.0,2931.5],[2670.0,2931.5],[2671.0,2931.5],[2671.5,2931.0],[2672.0,2930.5],[2672.5,2930.0],[2673.0,2929.5],[2673.5,2929.0],[2674.0,2928.5],[2674.5,2928.0],[2675.0,2927.5],[2675.5,2927.0],[2676.0,2926.5],[2677.0,2926.5],[2677.5,2926.0],[2678.0,2925.5],[2679.0,2925.5],[2679.5,2925.0],[2680.0,2924.5],[2681.0,2924.5],[2681.5,2924.0]]","[[243045.63956451,431249.97425079,84.26034546],[243045.63981438,431249.97406006,84.26056766],[243045.64010811,431249.97415924,84.26101971],[243045.64035797,431249.97396851,84.26124239],[243045.64056206,431249.9734726,84.26123524],[243045.64081192,431249.97327423,84.26145744],[243045.64105988,431249.9730835,84.26168013],[243045.64126396,431249.97258759,84.26167297],[243045.64146805,431249.9720993,84.26166582],[243045.64171791,431249.97190094,84.2618885],[243045.64196587,431249.97170258,84.26211119],[243045.64221573,431249.97151184,84.26233387],[243045.64246559,431249.97131348,84.26255655],[243045.64271545,431249.97112274,84.26277924],[243045.64296532,431249.97092438,84.26300192],[243045.64321518,431249.97072601,84.2632246],[243045.64346504,431249.97053528,84.26344776],[243045.6437149,431249.97033691,84.26367044],[243045.64396477,431249.97013855,84.2638936],[243045.64416885,431249.96965027,84.26388645],[243045.64441872,431249.9694519,84.26410913],[243045.64466667,431249.96925354,84.26433229],[243045.64487076,431249.96876526,84.26432514],[243045.64512062,431249.96856689,84.2645483],[243045.64537239,431249.96836853,84.26477146],[243045.64557648,431249.96788025,84.26476431],[243045.64582634,431249.96768188,84.26498747]]",dji_pose_mesh_ray_contour_nodes,
225,205,3,SPL,2693.5789,2929.8421,2692,2928,2697,2933,5,5,19,243045.64656258,431249.96113586,84.26225567,dji_pose_mesh_ray_centroid,True,True,1220232,2.047123,warp,,2693.5789,2929.8421,1,1,1.0,1,2.047123,2.047123,5,5,1.0,"[[2696.0,2930.5],[2695.5,2931.0],[2695.0,2931.5],[2694.0,2931.5],[2693.5,2932.0]]","[[243045.64686203,431249.95987701,84.26194096],[243045.64661217,431249.96007538,84.26171827],[243045.6463623,431249.96027374,84.26149559],[243045.64615822,431249.96076202,84.26150274],[243045.64590836,431249.96096039,84.26128006]]",dji_pose_mesh_ray_contour_nodes,
226,206,3,SPL,3222.5833,2929.75,3217,2928,3230,2932,13,4,36,243045.73667336,431249.69493103,84.26330614,dji_pose_mesh_ray_centroid,True,True,314770,2.066184,warp,,3222.5833,2929.75,1,1,1.0,1,2.066184,2.066184,8,8,1.0,"[[3222.5,2928.0],[3223.0,2928.5],[3224.0,2928.5],[3225.0,2928.5],[3226.0,2928.5],[3227.0,2928.5],[3228.0,2928.5],[3229.0,2928.5]]","[[243045.73721313,431249.69507599,84.26409388],[243045.73714447,431249.6947937,84.26386833],[243045.73732567,431249.69429779,84.26386738],[243045.73750687,431249.69379425,84.26386642],[243045.73768806,431249.69329071,84.26386547],[243045.73786926,431249.6927948,84.26386452],[243045.73805046,431249.69229126,84.26386356],[243045.73823166,431249.69179535,84.26386261]]",dji_pose_mesh_ray_contour_nodes,
227,207,3,SPL,3203.5,2929.0,3202,2929,3206,2930,4,1,4,243045.73345566,431249.70452118,84.26366186,dji_pose_mesh_ray_centroid,True,True,314770,2.064768,warp,,3203.5,2929.0,1,1,1.0,1,2.064768,2.064768,4,4,1.0,"[[3202.0,2929.0],[3203.0,2929.0],[3204.0,2929.0],[3205.0,2929.0]]","[[243045.73318481,431249.70526886,84.26366329],[243045.73336411,431249.70477295,84.26366234],[243045.73354721,431249.70426941,84.26366138],[243045.7337265,431249.70376587,84.26366043]]",dji_pose_mesh_ray_contour_nodes,
228,208,3,SPL,3873.0,2934.3333,3871,2933,3876,2937,5,4,18,243045.83920097,431249.36889648,84.26399898,dji_pose_mesh_ray_centroid,True,True,1220344,2.13271,warp,,3873.0,2934.3333,1,1,1.0,1,2.13271,2.13271,2,2,1.0,"[[3871.5,2936.0],[3871.0,2935.5]]","[[243045.83837509,431249.36963654,84.2632556],[243045.83846283,431249.36988831,84.26347733]]",dji_pose_mesh_ray_contour_nodes,
229,209,3,SPL,787.1,2943.35,784,2941,790,2946,6,5,20,243045.31468201,431250.92505646,84.25275326,dji_pose_mesh_ray_centroid,True,True,1220109,2.28406,warp,,787.1,2943.35,1,1,1.0,1,2.28406,2.28406,8,8,1.0,"[[784.0,2944.5],[784.5,2944.0],[785.0,2943.5],[785.5,2943.0],[785.5,2942.0],[786.0,2941.5],[787.0,2941.5],[787.5,2941.0]]","[[243045.31385612,431250.9263382,84.25222921],[243045.31406593,431250.9262085,84.25245619],[243045.31427574,431250.9260788,84.25268364],[243045.31448364,431250.92595673,84.25291109],[243045.31472588,431250.92620087,84.25336504],[243045.31493568,431250.9260788,84.25359249],[243045.31511307,431250.92556763,84.25359344],[243045.31532097,431250.92544556,84.2538209]]",dji_pose_mesh_ray_contour_nodes,
230,210,3,SPL,3923.5072,3022.8551,3919,3018,3929,3029,10,11,69,243045.81782722,431249.34349823,84.22528362,dji_pose_mesh_ray_centroid,True,True,1220344,2.121183,warp,,3923.5072,3022.8551,1,1,1.0,1,2.121183,2.121183,12,12,1.0,"[[3922.5,3018.0],[3923.0,3018.5],[3923.5,3019.0],[3924.0,3019.5],[3925.0,3019.5],[3925.5,3020.0],[3926.0,3020.5],[3926.5,3021.0],[3927.0,3021.5],[3927.5,3022.0],[3927.5,3023.0],[3928.0,3023.5]]","[[243045.81928062,431249.3440094,84.22738028],[243045.8191967,431249.34376526,84.22716474],[243045.81911278,431249.34351349,84.22694921],[243045.81903076,431249.34326935,84.22673368],[243045.81919861,431249.34278107,84.22673559],[243045.81911469,431249.3425293,84.22652006],[243045.81903267,431249.34228516,84.22630453],[243045.81894875,431249.34204102,84.22608948],[243045.81886673,431249.34178925,84.22587442],[243045.81878281,431249.3415451,84.22565889],[243045.81844902,431249.3415451,84.22522688],[243045.8183651,431249.34129333,84.22501183]]",dji_pose_mesh_ray_contour_nodes,
231,211,3,SPL,2632.6429,3037.4286,2631,3035,2635,3040,4,5,14,243045.60307121,431249.98007965,84.21483993,dji_pose_mesh_ray_centroid,True,True,1220232,2.025805,warp,,2632.6429,3037.4286,1,1,1.0,1,2.025805,2.025805,5,5,1.0,"[[2631.0,3036.5],[2632.0,3036.5],[2632.5,3036.0],[2633.0,3035.5],[2633.5,3035.0]]","[[243045.60300636,431249.98097229,84.2152586],[243045.60320473,431249.98048401,84.21525097],[243045.60344696,431249.98029327,84.21546602],[243045.60368919,431249.98010254,84.21568108],[243045.60393143,431249.9799118,84.21589565]]",dji_pose_mesh_ray_contour_nodes,
232,212,3,SPL,2644.0,3043.3333,2643,3041,2646,3047,3,6,15,243045.60366249,431249.97399139,84.21217298,dji_pose_mesh_ray_centroid,True,True,1220232,2.025116,warp,,2644.0,3043.3333,1,1,1.0,1,2.025116,2.025116,3,3,1.0,"[[2644.5,3046.0],[2644.0,3045.5],[2643.0,3045.5]]","[[243045.60300636,431249.97348022,84.21100521],[243045.60304832,431249.97377014,84.21122742],[243045.60284805,431249.97425842,84.21123505]]",dji_pose_mesh_ray_contour_nodes,
233,213,3,SPL,3956.0766,3058.0586,3947,3049,3967,3068,20,19,222,243045.81158257,431249.32751465,84.21021843,dji_pose_mesh_ray_centroid,True,True,1220344,2.118998,warp,,3956.0766,3058.0586,1,1,1.0,1,2.118998,2.118998,31,31,1.0,"[[3952.5,3067.0],[3953.0,3066.5],[3954.0,3066.5],[3954.5,3066.0],[3954.5,3065.0],[3955.0,3064.5],[3956.0,3064.5],[3956.5,3064.0],[3957.0,3063.5],[3958.0,3063.5],[3958.5,3063.0],[3958.5,3062.0],[3958.0,3061.5],[3957.5,3062.0],[3957.0,3062.5],[3956.0,3062.5],[3955.0,3062.5],[3954.0,3062.5],[3953.0,3062.5],[3952.5,3062.0],[3952.0,3061.5],[3951.5,3061.0],[3951.0,3060.5],[3950.5,3060.0],[3950.0,3059.5],[3949.5,3059.0],[3949.5,3058.0],[3949.0,3057.5],[3948.5,3057.0],[3948.0,3056.5],[3947.0,3056.5]]","[[243045.80803299,431249.32925415,84.20640039],[243045.80828094,431249.32901001,84.20661449],[243045.80844879,431249.32852173,84.20661592],[243045.80869675,431249.32828522,84.20682955],[243045.80902672,431249.32828522,84.20725536],[243045.80927467,431249.32804108,84.20746899],[243045.80944061,431249.3275528,84.20747089],[243045.80969048,431249.32730865,84.20768452],[243045.80993843,431249.32706451,84.20789862],[243045.81010437,431249.32657623,84.20790005],[243045.81035423,431249.32633209,84.20811415],[243045.8106842,431249.32633209,84.20854044],[243045.81076622,431249.32657623,84.20875311],[243045.81051636,431249.32682037,84.20853901],[243045.8102684,431249.32706451,84.20832491],[243045.81010246,431249.3275528,84.208323],[243045.80993462,431249.32804108,84.20832157],[243045.80976868,431249.32852936,84.20832014],[243045.80960083,431249.32901764,84.20831823],[243045.80968285,431249.32926178,84.2085309],[243045.80976486,431249.32949829,84.20874309],[243045.80984688,431249.32974243,84.20895576],[243045.80992889,431249.32998657,84.20916796],[243045.81001091,431249.33023071,84.20938063],[243045.81009293,431249.33047485,84.2095933],[243045.81017303,431249.33071899,84.20980597],[243045.81050491,431249.33072662,84.21023273],[243045.81058693,431249.33097076,84.2104454],[243045.81066704,431249.3312149,84.21065807],[243045.81075096,431249.33145905,84.21087074],[243045.81058311,431249.33194733,84.21086931]]",dji_pose_mesh_ray_contour_nodes,
234,214,3,SPL,3931.0526,3059.6211,3924,3053,3940,3067,16,14,95,243045.80689049,431249.33971405,84.20951128,dji_pose_mesh_ray_centroid,True,True,1220344,2.114704,warp,,3931.0526,3059.6211,1,1,1.0,1,2.114704,2.114704,23,23,1.0,"[[3926.5,3053.0],[3927.0,3053.5],[3928.0,3053.5],[3928.5,3054.0],[3929.0,3054.5],[3929.5,3055.0],[3930.0,3055.5],[3930.5,3056.0],[3931.0,3056.5],[3931.5,3057.0],[3932.0,3057.5],[3933.0,3057.5],[3933.5,3058.0],[3934.0,3058.5],[3934.5,3059.0],[3935.0,3059.5],[3936.0,3059.5],[3936.5,3060.0],[3937.0,3060.5],[3938.0,3060.5],[3938.5,3061.0],[3938.5,3062.0],[3939.0,3062.5]]","[[243045.80831718,431249.34195709,84.21233273],[243045.80823517,431249.34170532,84.21211958],[243045.80840302,431249.34122467,84.21212101],[243045.808321,431249.3409729,84.21190834],[243045.80823898,431249.34072876,84.21169519],[243045.80815697,431249.34048462,84.21148252],[243045.80807495,431249.34024048,84.21126938],[243045.80799484,431249.33999634,84.21105671],[243045.80791283,431249.3397522,84.21084404],[243045.80783081,431249.33950806,84.21063089],[243045.80774879,431249.33925629,84.21041822],[243045.80791664,431249.33877563,84.21042013],[243045.80783463,431249.33852386,84.21020746],[243045.80775261,431249.33827972,84.20999479],[243045.80767059,431249.33803558,84.20978165],[243045.80758858,431249.33779144,84.20956945],[243045.80775642,431249.33730316,84.20957088],[243045.80767441,431249.33705902,84.20935821],[243045.80759239,431249.33681488,84.20914602],[243045.80776024,431249.3363266,84.20914745],[243045.80767822,431249.33608246,84.20893478],[243045.80734825,431249.33608246,84.20850849],[243045.80726624,431249.33583832,84.2082963]]",dji_pose_mesh_ray_contour_nodes,
235,215,3,SPL,2627.0,3065.0,2627,3064,2628,3067,1,3,3,243045.59415054,431249.98001862,84.20287704,dji_pose_mesh_ray_centroid,True,True,1220232,2.021027,warp,,2627.0,3065.0,1,1,1.0,1,2.021027,2.021027,3,3,1.0,"[[2627.0,3064.0],[2627.0,3065.0],[2627.0,3066.0]]","[[243045.59443283,431249.98012543,84.20331049],[243045.59415054,431249.98001862,84.20287704],[243045.59387016,431249.97991943,84.2024436]]",dji_pose_mesh_ray_contour_nodes,
236,216,3,SPL,3945.0,3067.0,3944,3067,3947,3068,3,1,3,243045.80678368,431249.33290863,84.20638847,dji_pose_mesh_ray_centroid,True,True,1220344,2.115396,warp,,3945.0,3067.0,1,1,1.0,1,2.115396,2.115396,3,3,1.0,"[[3944.0,3067.0],[3945.0,3067.0],[3946.0,3067.0]]","[[243045.80661583,431249.33339691,84.20638704],[243045.80678368,431249.33290863,84.20638847],[243045.80694962,431249.33242035,84.2063899]]",dji_pose_mesh_ray_contour_nodes,
237,217,3,SPL,5019.983,3143.0971,4875,3113,5148,3188,273,75,6758,243045.94256783,431248.82091522,84.18049574,dji_pose_mesh_ray_centroid,True,True,314806,2.309114,warp,,5019.983,3143.0971,1,1,1.0,1,2.309114,2.309114,256,256,1.0,"[[4875.0,3156.5],[4875.5,3156.0],[4875.5,3155.0],[4876.0,3154.5],[4877.0,3154.5],[4877.5,3154.0],[4878.0,3153.5],[4878.5,3153.0],[4879.0,3152.5],[4879.5,3152.0],[4880.0,3151.5],[4881.0,3151.5],[4882.0,3151.5],[4883.0,3151.5],[4884.0,3151.5],[4885.0,3151.5],[4886.0,3151.5],[4887.0,3151.5],[4887.5,3152.0],[4888.0,3152.5],[4888.5,3153.0],[4889.0,3153.5],[4890.0,3153.5],[4890.5,3154.0],[4891.0,3154.5],[4892.0,3154.5],[4893.0,3154.5],[4894.0,3154.5],[4895.0,3154.5],[4896.0,3154.5],[4897.0,3154.5],[4898.0,3154.5],[4899.0,3154.5],[4900.0,3154.5],[4900.5,3154.0],[4901.0,3153.5],[4901.5,3153.0],[4901.5,3152.0],[4901.5,3151.0],[4901.5,3150.0],[4901.5,3149.0],[4902.0,3148.5],[4902.5,3148.0],[4904.0,3147.5],[4905.0,3147.5],[4906.0,3147.5],[4907.0,3147.5],[4908.0,3147.5],[4909.0,3147.5],[4910.0,3147.5],[4911.0,3147.5],[4912.0,3147.5],[4912.5,3148.0],[4913.0,3148.5],[4914.0,3148.5],[4915.0,3148.5],[4916.0,3148.5],[4916.5,3149.0],[4917.0,3149.5],[4918.0,3149.5],[4919.0,3149.5],[4920.0,3149.5],[4921.0,3149.5],[4922.0,3149.5],[4923.0,3149.5],[4924.0,3149.5],[4924.5,3149.0],[4925.0,3148.5],[4926.0,3148.5],[4926.5,3148.0],[4927.0,3147.5],[4927.5,3147.0],[4928.0,3146.5],[4928.5,3146.0],[4929.0,3145.5],[4930.0,3145.5],[4930.5,3145.0],[4931.0,3144.5],[4932.0,3144.5],[4933.0,3144.5],[4934.0,3144.5],[4935.0,3144.5],[4936.0,3144.5],[4937.0,3144.5],[4938.0,3144.5],[4940.0,3144.5],[4941.0,3144.5],[4942.0,3144.5],[4943.0,3144.5],[4944.0,3144.5],[4945.0,3144.5],[4945.5,3144.0],[4946.0,3143.5],[4947.0,3143.5],[4948.0,3143.5],[4948.5,3143.0],[4949.0,3142.5],[4950.0,3142.5],[4951.0,3142.5],[4952.0,3142.5],[4953.0,3142.5],[4954.0,3142.5],[4955.0,3142.5],[4955.5,3142.0],[4956.0,3141.5],[4957.0,3141.5],[4957.5,3141.0],[4958.0,3140.5],[4959.0,3140.5],[4960.0,3140.5],[4960.5,3141.0],[4961.0,3141.5],[4962.0,3141.5],[4963.0,3141.5],[4964.0,3141.5],[4965.0,3141.5],[4966.0,3141.5],[4967.0,3141.5],[4968.0,3141.5],[4969.0,3141.5],[4970.0,3141.5],[4970.5,3141.0],[4971.0,3140.5],[4972.0,3140.5],[4972.5,3140.0],[4973.0,3139.5],[4974.0,3139.5],[4974.5,3139.0],[4976.0,3138.5],[4976.5,3138.0],[4977.0,3137.5],[4977.5,3137.0],[4978.0,3136.5],[4979.0,3136.5],[4980.0,3136.5],[4980.5,3137.0],[4981.0,3137.5],[4982.0,3137.5],[4983.0,3137.5],[4983.5,3137.0],[4984.0,3136.5],[4985.0,3136.5],[4986.0,3136.5],[4986.5,3136.0],[4987.0,3135.5],[4987.5,3136.0],[4988.0,3136.5],[4989.0,3136.5],[4990.0,3136.5],[4991.0,3136.5],[4991.5,3136.0],[4991.5,3135.0],[4991.5,3134.0],[4991.5,3133.0],[4992.0,3132.5],[4992.5,3132.0],[4993.0,3131.5],[4994.0,3131.5],[4995.0,3131.5],[4996.0,3131.5],[4997.0,3131.5],[4997.5,3131.0],[4998.0,3130.5],[4998.5,3131.0],[4999.0,3131.5],[5000.0,3131.5],[5001.0,3131.5],[5002.0,3131.5],[5003.0,3131.5],[5004.0,3131.5],[5005.5,3131.0],[5006.0,3130.5],[5007.0,3130.5],[5008.0,3130.5],[5008.5,3130.0],[5009.0,3129.5],[5010.0,3129.5],[5010.5,3129.0],[5011.0,3128.5],[5011.5,3128.0],[5012.0,3127.5],[5012.5,3127.0],[5012.5,3126.0],[5013.0,3125.5],[5013.5,3125.0],[5014.0,3124.5],[5015.0,3124.5],[5016.0,3124.5],[5017.0,3124.5],[5017.5,3124.0],[5018.0,3123.5],[5018.5,3124.0],[5019.0,3124.5],[5020.0,3124.5],[5021.0,3124.5],[5022.0,3124.5],[5023.0,3124.5],[5023.5,3124.0],[5024.0,3123.5],[5025.0,3123.5],[5025.5,3123.0],[5026.0,3122.5],[5027.0,3122.5],[5027.5,3122.0],[5028.0,3121.5],[5029.0,3121.5],[5029.5,3121.0],[5030.0,3120.5],[5031.0,3120.5],[5032.0,3120.5],[5033.0,3120.5],[5034.0,3120.5],[5035.0,3120.5],[5037.0,3120.5],[5038.0,3120.5],[5039.0,3120.5],[5040.0,3120.5],[5041.0,3120.5],[5042.0,3120.5],[5043.0,3120.5],[5044.0,3120.5],[5045.0,3120.5],[5046.0,3120.5],[5046.5,3120.0],[5047.0,3119.5],[5048.0,3119.5],[5049.0,3119.5],[5050.0,3119.5],[5051.0,3119.5],[5052.0,3119.5],[5053.0,3119.5],[5054.0,3119.5],[5055.0,3119.5],[5056.0,3119.5],[5056.5,3119.0],[5057.0,3118.5],[5058.0,3118.5],[5059.0,3118.5],[5060.0,3118.5],[5061.0,3118.5],[5062.0,3118.5],[5063.0,3118.5],[5063.5,3118.0],[5064.0,3117.5],[5065.0,3117.5],[5066.0,3117.5],[5066.5,3117.0],[5067.0,3116.5],[5068.0,3116.5],[5068.5,3116.0],[5069.0,3115.5],[5069.5,3115.0],[5070.0,3114.5],[5070.5,3114.0],[5071.0,3113.5],[5072.5,3113.0]]","[[243045.91563988,431248.89044952,84.1744132],[243045.91588402,431248.89017487,84.17462063],[243045.91622162,431248.8901062,84.17503214],[243045.91646767,431248.88983917,84.17524004],[243045.91662216,431248.88936615,84.17524385],[243045.9168663,431248.88909149,84.17545128],[243045.91711235,431248.88882446,84.17565918],[243045.9173584,431248.88855743,84.17586708],[243045.91760445,431248.88828278,84.17607498],[243045.91785049,431248.88801575,84.17628288],[243045.91809654,431248.88774109,84.17649078],[243045.91825104,431248.88726807,84.1764946],[243045.91840553,431248.88679504,84.17649841],[243045.91856003,431248.88632202,84.17650223],[243045.91871452,431248.885849,84.17650604],[243045.91886902,431248.88537598,84.17650986],[243045.91902351,431248.88490295,84.17651415],[243045.91917801,431248.88442993,84.17651796],[243045.91908646,431248.88423157,84.17631388],[243045.9189949,431248.88402557,84.17610979],[243045.91890335,431248.88382721,84.1759057],[243045.9188118,431248.88362122,84.17570209],[243045.91896629,431248.88314819,84.17570543],[243045.91887474,431248.88294983,84.17550182],[243045.91878319,431248.88274384,84.17529774],[243045.91893768,431248.88227081,84.17530203],[243045.91909218,431248.88179779,84.17530584],[243045.91924667,431248.88132477,84.17530966],[243045.91940117,431248.88085175,84.17531347],[243045.91955566,431248.88037872,84.17531729],[243045.91971016,431248.8799057,84.1753211],[243045.91986465,431248.87944031,84.17532492],[243045.92001915,431248.87896729,84.17532873],[243045.92017365,431248.87849426,84.17533302],[243045.92041969,431248.8782196,84.17554045],[243045.92066574,431248.87794495,84.17574835],[243045.92091179,431248.87767792,84.17595625],[243045.92124939,431248.87760925,84.17636776],[243045.92158699,431248.87753296,84.17677975],[243045.92192459,431248.87746429,84.17719173],[243045.92226219,431248.87739563,84.1776042],[243045.92250824,431248.87712097,84.1778121],[243045.92275429,431248.87685394,84.17802048],[243045.92315483,431248.87610626,84.17823219],[243045.92330933,431248.87563324,84.17823601],[243045.92346382,431248.87516022,84.1782403],[243045.92361832,431248.87468719,84.17824364],[243045.92377281,431248.87421417,84.17824793],[243045.92392731,431248.87374115,84.17825174],[243045.9240818,431248.87326813,84.17825556],[243045.9242363,431248.8727951,84.17825937],[243045.92439079,431248.87232208,84.17826319],[243045.92429924,431248.87212372,84.1780591],[243045.92420769,431248.87191772,84.17785454],[243045.92436218,431248.8714447,84.17785835],[243045.92451668,431248.87097168,84.17786264],[243045.92467117,431248.87049866,84.17786646],[243045.92457962,431248.87030029,84.17766237],[243045.92448807,431248.87010193,84.17745781],[243045.92464256,431248.86962891,84.17746162],[243045.92479706,431248.86915588,84.17746544],[243045.92495155,431248.86868286,84.17746925],[243045.92510605,431248.86820984,84.17747307],[243045.92526054,431248.86773682,84.17747736],[243045.92541504,431248.86726379,84.17748117],[243045.92556953,431248.86679077,84.17748499],[243045.92581558,431248.86651611,84.17769289],[243045.92606163,431248.86624146,84.17790079],[243045.92621613,431248.86576843,84.17790508],[243045.92646217,431248.86549377,84.17811298],[243045.92671013,431248.86522675,84.17832136],[243045.92695618,431248.86495209,84.17852926],[243045.92720222,431248.86467743,84.17873764],[243045.92744827,431248.86440277,84.17894554],[243045.92769623,431248.86413574,84.17915392],[243045.92785072,431248.86366272,84.17915773],[243045.92809677,431248.86338806,84.17936611],[243045.92834473,431248.8631134,84.17957449],[243045.92849922,431248.86264038,84.1795783],[243045.92865372,431248.86216736,84.17958212],[243045.92880821,431248.86169434,84.17958593],[243045.92896271,431248.86122131,84.17958975],[243045.9291172,431248.86074829,84.17959356],[243045.9292717,431248.86027527,84.17959738],[243045.92942619,431248.85980225,84.17960119],[243045.92973518,431248.8588562,84.17960882],[243045.92988968,431248.85838318,84.17961264],[243045.93004417,431248.85791016,84.17961693],[243045.93019867,431248.85743713,84.17962074],[243045.93035316,431248.85696411,84.17962408],[243045.93050766,431248.85649109,84.17962837],[243045.93075371,431248.85621643,84.17983675],[243045.93100166,431248.85594177,84.18004513],[243045.93115616,431248.85546875,84.18004894],[243045.93131065,431248.85499573,84.18005276],[243045.9315567,431248.85472107,84.18026113],[243045.93180466,431248.85444641,84.18046951],[243045.93195915,431248.85397339,84.18047333],[243045.93211365,431248.85350037,84.18047714],[243045.93226814,431248.85302734,84.18048096],[243045.93242264,431248.85255432,84.18048477],[243045.93257713,431248.8520813,84.18048859],[243045.93273163,431248.85160828,84.1804924],[243045.93297958,431248.85133362,84.18070078],[243045.93322563,431248.85105896,84.18090963],[243045.93338203,431248.85058594,84.18091345],[243045.93362808,431248.85031128,84.18112183],[243045.93387604,431248.85003662,84.1813302],[243045.93403053,431248.8495636,84.18133402],[243045.93418503,431248.84909058,84.18133783],[243045.93409157,431248.84889221,84.18113327],[243045.93400002,431248.84869385,84.18092871],[243045.93415451,431248.84822083,84.18093252],[243045.93430901,431248.8477478,84.18093634],[243045.9344635,431248.84727478,84.18094015],[243045.934618,431248.84680176,84.18094397],[243045.93477249,431248.84632874,84.18094778],[243045.93492699,431248.84585571,84.18095159],[243045.93508148,431248.84538269,84.18095541],[243045.93523598,431248.84490967,84.18095922],[243045.93539047,431248.84443665,84.18096304],[243045.93563843,431248.84416199,84.18117189],[243045.93588448,431248.84388733,84.18138027],[243045.93604088,431248.84341431,84.18138409],[243045.93628693,431248.84313965,84.18159246],[243045.93653488,431248.84286499,84.18180132],[243045.93668938,431248.84239197,84.18180513],[243045.93693733,431248.84211731,84.18201351],[243045.93733978,431248.84136963,84.18222618],[243045.93758774,431248.84109497,84.18243456],[243045.93783569,431248.84081268,84.18264341],[243045.93808174,431248.84053802,84.18285227],[243045.9383297,431248.84026337,84.18306112],[243045.93848419,431248.83979034,84.18306494],[243045.93863869,431248.83931732,84.18306875],[243045.93854713,431248.83911896,84.18286371],[243045.93845367,431248.83892059,84.18265867],[243045.93860817,431248.83844757,84.18266296],[243045.93876266,431248.83797455,84.1826663],[243045.93901062,431248.83769989,84.18287516],[243045.93925858,431248.83742523,84.18308401],[243045.93941307,431248.83695221,84.18308783],[243045.93956757,431248.83647919,84.18309164],[243045.93981552,431248.83620453,84.18330049],[243045.94006348,431248.83592987,84.18350935],[243045.93997002,431248.83573151,84.18330431],[243045.93987656,431248.83553314,84.18309927],[243045.94003105,431248.83506012,84.18310308],[243045.94018555,431248.8345871,84.1831069],[243045.94034004,431248.83411407,84.18311071],[243045.940588,431248.83383179,84.18331957],[243045.94092941,431248.83375549,84.18373346],[243045.94127083,431248.8336792,84.18414736],[243045.94161224,431248.83360291,84.18456173],[243045.9418602,431248.83332825,84.18477058],[243045.94211006,431248.83305359,84.18497944],[243045.94235802,431248.83277893,84.18518877],[243045.94251251,431248.83230591,84.18519258],[243045.94266701,431248.83182526,84.1851964],[243045.9428215,431248.83135223,84.18520021],[243045.942976,431248.83087921,84.18520403],[243045.94322395,431248.83060455,84.18541288],[243045.94347382,431248.8303299,84.18562221],[243045.94337845,431248.83013153,84.1854167],[243045.94328499,431248.82993317,84.18521166],[243045.94343948,431248.82946014,84.18521547],[243045.94359398,431248.82898712,84.18521929],[243045.94375038,431248.8285141,84.1852231],[243045.94390488,431248.82804108,84.18522692],[243045.94405937,431248.82756042,84.18523073],[243045.94446182,431248.82681274,84.1854434],[243045.94470978,431248.82653809,84.18565273],[243045.94486427,431248.82606506,84.18565655],[243045.94502068,431248.82559204,84.18566036],[243045.94526863,431248.82531738,84.18586969],[243045.94551659,431248.8250351,84.18607855],[243045.94567108,431248.82456207,84.18608236],[243045.94592094,431248.82428741,84.18629169],[243045.9461689,431248.82401276,84.18650103],[243045.94641685,431248.8237381,84.18671036],[243045.94666672,431248.82345581,84.18691969],[243045.94691467,431248.82318115,84.18712902],[243045.947258,431248.82310486,84.18754387],[243045.94750595,431248.82282257,84.1877532],[243045.94775581,431248.82254791,84.18796301],[243045.94800377,431248.82227325,84.18817234],[243045.94816017,431248.82180023,84.18817615],[243045.94831467,431248.82132721,84.18817997],[243045.94846916,431248.82084656,84.18818378],[243045.94871712,431248.8205719,84.18839312],[243045.94896698,431248.82029724,84.18860292],[243045.94887352,431248.82009888,84.18839693],[243045.94877815,431248.81990051,84.18819141],[243045.94893265,431248.81942749,84.18819523],[243045.94908905,431248.81895447,84.18819904],[243045.94924355,431248.81848145,84.18820286],[243045.94939804,431248.81800079,84.18820667],[243045.949646,431248.81772614,84.188416],[243045.94989586,431248.81745148,84.18862534],[243045.95005035,431248.81697845,84.18862963],[243045.95030022,431248.81669617,84.18883896],[243045.95054817,431248.81642151,84.18904877],[243045.95070457,431248.81594849,84.18905258],[243045.95095253,431248.8156662,84.18926191],[243045.95120239,431248.81539154,84.18947172],[243045.95135689,431248.81491852,84.18947554],[243045.95160675,431248.81464386,84.18968534],[243045.95185661,431248.81436157,84.18989515],[243045.95201111,431248.81388855,84.18989849],[243045.9521656,431248.81341553,84.18990231],[243045.9523201,431248.8129425,84.18990612],[243045.95247459,431248.81246185,84.18991041],[243045.952631,431248.81198883,84.18991375],[243045.95293999,431248.81104279,84.18992138],[243045.95309448,431248.81056976,84.18992519],[243045.95324898,431248.81009674,84.18992901],[243045.95340538,431248.80961609,84.18993282],[243045.95355988,431248.80914307,84.18993664],[243045.95371437,431248.80867004,84.18994045],[243045.95386887,431248.80819702,84.18994427],[243045.95402336,431248.807724,84.18994808],[243045.95417976,431248.80724335,84.1899519],[243045.95433426,431248.80677032,84.18995571],[243045.95458412,431248.80649567,84.19016552],[243045.95483208,431248.80621338,84.19037533],[243045.95498848,431248.80574036,84.19037914],[243045.95514297,431248.80526733,84.19038296],[243045.95529747,431248.80479431,84.19038677],[243045.95545197,431248.80432129,84.19039059],[243045.95560646,431248.80384827,84.1903944],[243045.95576286,431248.80336761,84.19039822],[243045.95591736,431248.80289459,84.19040203],[243045.95607185,431248.80242157,84.19040537],[243045.95622635,431248.80194855,84.19040918],[243045.95647621,431248.80166626,84.19061899],[243045.95672607,431248.8013916,84.1908288],[243045.95688057,431248.80091858,84.19083261],[243045.95703506,431248.80043793,84.19083643],[243045.95719147,431248.7999649,84.19084024],[243045.95734596,431248.79949188,84.19084406],[243045.95750046,431248.79901886,84.19084787],[243045.95765495,431248.79854584,84.19085169],[243045.95790482,431248.79826355,84.1910615],[243045.95815468,431248.79798889,84.1912713],[243045.95830917,431248.79750824,84.19127512],[243045.95846558,431248.79703522,84.19127893],[243045.95871544,431248.79676056,84.19148922],[243045.9589653,431248.79647827,84.19169903],[243045.9591198,431248.79600525,84.19170284],[243045.95936966,431248.79572296,84.19191265],[243045.95961952,431248.7954483,84.19212246],[243045.95986938,431248.79516602,84.19233274],[243045.96011925,431248.79489136,84.19254303],[243045.96037102,431248.79460907,84.19275284],[243045.96062088,431248.79432678,84.19296312],[243045.96102524,431248.7935791,84.19317722]]",dji_pose_mesh_ray_contour_nodes,
238,218,3,SPL,5164.186,3119.593,5157,3116,5170,3127,13,11,86,243045.97298622,431248.75065613,84.19076729,dji_pose_mesh_ray_centroid,True,True,314801,2.351419,warp,,5164.186,3119.593,1,1,1.0,1,2.351419,2.351419,17,17,1.0,"[[5165.5,3126.0],[5165.5,3125.0],[5165.0,3124.5],[5164.5,3124.0],[5164.5,3123.0],[5164.0,3122.5],[5163.5,3122.0],[5163.0,3121.5],[5162.0,3121.5],[5161.0,3121.5],[5160.5,3121.0],[5160.0,3120.5],[5159.0,3120.5],[5158.5,3120.0],[5158.0,3119.5],[5157.5,3119.0],[5157.0,3118.5]]","[[243045.97098351,431248.75061035,84.18810844],[243045.97132683,431248.75052643,84.18852377],[243045.9714222,431248.75071716,84.18872976],[243045.97151566,431248.7509079,84.18893576],[243045.97186089,431248.75081635,84.18935156],[243045.97195435,431248.75100708,84.18955755],[243045.97204971,431248.75119781,84.18976402],[243045.97214317,431248.75139618,84.18997002],[243045.97198868,431248.7518692,84.1899662],[243045.97183228,431248.75234222,84.18996286],[243045.97192764,431248.75253296,84.19016886],[243045.9720211,431248.75272369,84.19037533],[243045.97186661,431248.75319672,84.19037199],[243045.97196198,431248.75338745,84.19057798],[243045.97205544,431248.75358582,84.19078445],[243045.9721508,431248.75377655,84.19099045],[243045.97224426,431248.75396729,84.19119692]]",dji_pose_mesh_ray_contour_nodes,
239,219,3,SPL,5229.0066,3153.6647,5172,3122,5280,3188,108,66,3943,243045.97133255,431248.72315979,84.17689896,dji_pose_mesh_ray_centroid,True,True,314801,2.360193,warp,,5229.0066,3153.6647,1,1,1.0,1,2.360193,2.360193,161,161,1.0,"[[5271.5,3187.0],[5271.0,3186.5],[5270.5,3186.0],[5270.0,3185.5],[5269.5,3185.0],[5269.5,3184.0],[5269.0,3183.5],[5268.5,3183.0],[5268.5,3182.0],[5268.0,3181.5],[5267.0,3181.5],[5266.5,3181.0],[5266.5,3180.0],[5266.0,3179.5],[5265.5,3179.0],[5265.5,3178.0],[5265.0,3177.5],[5264.5,3177.0],[5264.0,3176.5],[5263.5,3176.0],[5263.0,3175.5],[5262.0,3175.5],[5261.0,3175.5],[5260.5,3175.0],[5260.0,3174.5],[5259.0,3174.5],[5258.0,3174.5],[5257.0,3174.5],[5256.5,3174.0],[5256.0,3173.5],[5255.0,3173.5],[5254.5,3173.0],[5254.0,3172.5],[5253.0,3172.5],[5252.0,3172.5],[5251.0,3172.5],[5250.0,3172.5],[5249.0,3172.5],[5248.0,3172.5],[5247.0,3172.5],[5246.0,3172.5],[5245.0,3172.5],[5244.0,3172.5],[5243.0,3172.5],[5242.0,3172.5],[5241.0,3172.5],[5240.0,3172.5],[5239.0,3172.5],[5238.0,3172.5],[5237.0,3172.5],[5236.0,3172.5],[5235.0,3172.5],[5234.5,3173.0],[5234.0,3173.5],[5233.0,3173.5],[5232.0,3173.5],[5231.0,3173.5],[5230.0,3173.5],[5229.0,3173.5],[5228.0,3173.5],[5227.0,3173.5],[5226.0,3173.5],[5225.5,3174.0],[5225.0,3174.5],[5224.0,3174.5],[5223.0,3174.5],[5222.0,3174.5],[5221.5,3175.0],[5221.0,3175.5],[5220.0,3175.5],[5219.0,3175.5],[5218.5,3176.0],[5218.0,3176.5],[5217.0,3176.5],[5216.5,3177.0],[5216.0,3177.5],[5215.0,3177.5],[5214.0,3177.5],[5213.0,3177.5],[5212.5,3177.0],[5212.0,3176.5],[5211.0,3176.5],[5210.0,3176.5],[5209.5,3176.0],[5209.0,3175.5],[5208.5,3175.0],[5208.0,3174.5],[5207.0,3174.5],[5206.5,3174.0],[5206.0,3173.5],[5205.5,3173.0],[5205.0,3172.5],[5204.0,3172.5],[5203.5,3172.0],[5203.0,3171.5],[5202.0,3171.5],[5201.5,3171.0],[5201.0,3170.5],[5200.5,3170.0],[5200.0,3169.5],[5199.0,3169.5],[5198.5,3169.0],[5198.0,3168.5],[5197.0,3168.5],[5196.5,3168.0],[5196.0,3167.5],[5195.0,3167.5],[5194.0,3167.5],[5193.0,3167.5],[5192.0,3167.5],[5191.5,3167.0],[5191.0,3166.5],[5190.5,3166.0],[5190.5,3165.0],[5190.0,3164.5],[5189.5,3164.0],[5189.5,3163.0],[5189.0,3162.5],[5188.5,3162.0],[5188.0,3161.5],[5187.5,3161.0],[5187.0,3160.5],[5186.5,3160.0],[5186.0,3159.5],[5185.0,3159.5],[5184.0,3159.5],[5183.5,3159.0],[5183.5,3158.0],[5183.5,3157.0],[5183.5,3156.0],[5183.0,3155.5],[5182.5,3155.0],[5182.5,3154.0],[5182.5,3153.0],[5182.5,3152.0],[5182.5,3151.0],[5183.0,3150.5],[5183.5,3150.0],[5183.0,3149.5],[5182.5,3149.0],[5182.5,3148.0],[5182.0,3147.5],[5181.5,3147.0],[5181.0,3146.5],[5180.5,3146.0],[5180.0,3145.5],[5179.5,3145.0],[5179.0,3144.5],[5178.0,3144.5],[5177.0,3144.5],[5176.5,3144.0],[5176.0,3143.5],[5175.5,3143.0],[5175.0,3142.5],[5174.5,3142.0],[5174.5,3141.0],[5174.0,3140.5],[5173.5,3140.0],[5173.0,3139.5],[5172.5,3139.0],[5172.0,3138.5]]","[[243045.96651268,431248.70635986,84.16340446],[243045.96660614,431248.70654297,84.16360617],[243045.9666996,431248.7067337,84.16380787],[243045.96679306,431248.70691681,84.16401005],[243045.96688652,431248.70710754,84.16421175],[243045.96722603,431248.70700836,84.16461945],[243045.96731949,431248.70719147,84.16482162],[243045.96741295,431248.7073822,84.16502333],[243045.96775246,431248.70728302,84.1654315],[243045.96784592,431248.70747375,84.16563368],[243045.96769142,431248.70793915,84.16562986],[243045.96778488,431248.70812988,84.16583204],[243045.96812439,431248.7080307,84.16624021],[243045.96821785,431248.70822144,84.16644239],[243045.96831131,431248.70840454,84.16664505],[243045.96865273,431248.70831299,84.16705322],[243045.96874619,431248.70849609,84.16725588],[243045.96883965,431248.70868683,84.16745806],[243045.96893311,431248.70886993,84.16766071],[243045.96902466,431248.70905304,84.16786337],[243045.96911812,431248.70924377,84.16806555],[243045.96896553,431248.70970917,84.16806221],[243045.96881104,431248.71018219,84.16805839],[243045.9689045,431248.71037292,84.16826105],[243045.96899796,431248.71055603,84.16846371],[243045.96884346,431248.71102905,84.16845989],[243045.96868896,431248.71149445,84.16845608],[243045.96853447,431248.71196747,84.16845274],[243045.96862984,431248.71215057,84.16865492],[243045.96872139,431248.71234131,84.16885805],[243045.9685688,431248.7128067,84.16885424],[243045.96866226,431248.71299744,84.16905689],[243045.96875572,431248.71318054,84.16925955],[243045.96860123,431248.71365356,84.16925621],[243045.96844673,431248.71411896,84.1692524],[243045.96829224,431248.71459198,84.16924858],[243045.96813774,431248.71505737,84.16924524],[243045.96798325,431248.7155304,84.16924143],[243045.96782875,431248.71600342,84.16923761],[243045.96767616,431248.71646881,84.1692338],[243045.96752167,431248.71694183,84.16923046],[243045.96736717,431248.71740723,84.16922665],[243045.96721268,431248.71788025,84.16922331],[243045.96705818,431248.71834564,84.16921949],[243045.96690369,431248.71881866,84.16921568],[243045.9667511,431248.71928406,84.16921186],[243045.9665966,431248.71975708,84.16920853],[243045.96644211,431248.7202301,84.16920471],[243045.96628761,431248.7206955,84.16920137],[243045.96613312,431248.72116852,84.16919756],[243045.96597862,431248.72163391,84.16919374],[243045.96582413,431248.72210693,84.16918993],[243045.96557808,431248.72238922,84.16898394],[243045.96533012,431248.72267151,84.16877747],[243045.96517563,431248.7231369,84.16877365],[243045.96502113,431248.72360992,84.16876984],[243045.96486855,431248.72407532,84.1687665],[243045.96471405,431248.72454834,84.16876268],[243045.96455956,431248.72501373,84.16875887],[243045.96440506,431248.72548676,84.16875553],[243045.96425056,431248.72595215,84.16875172],[243045.96409607,431248.72642517,84.1687479],[243045.96385002,431248.72670746,84.16854191],[243045.96360207,431248.72698975,84.16833544],[243045.96344757,431248.72745514,84.16833162],[243045.96329308,431248.72792816,84.16832781],[243045.96314049,431248.72839355,84.16832447],[243045.96289253,431248.72867584,84.168118],[243045.96264648,431248.72895813,84.16791201],[243045.96249199,431248.72943115,84.16790819],[243045.96233749,431248.72989655,84.16790438],[243045.96208954,431248.73017883,84.16769838],[243045.96184349,431248.73046112,84.16749191],[243045.961689,431248.73092651,84.16748857],[243045.96144104,431248.7312088,84.1672821],[243045.96119499,431248.73149109,84.16707611],[243045.9610405,431248.73195648,84.1670723],[243045.960886,431248.7324295,84.16706896],[243045.96073341,431248.7328949,84.16706514],[243045.96082497,431248.73308563,84.16726732],[243045.96091843,431248.73327637,84.16746998],[243045.96076393,431248.73374939,84.16746616],[243045.96060944,431248.73421478,84.16746283],[243045.9607029,431248.73440552,84.16766548],[243045.96079445,431248.73459625,84.16786766],[243045.96088791,431248.73477936,84.16807032],[243045.96098137,431248.73497009,84.16827297],[243045.96082687,431248.73544312,84.16826963],[243045.96091843,431248.73562622,84.16847229],[243045.96101189,431248.73581696,84.16867495],[243045.96110535,431248.73600769,84.1688776],[243045.9611969,431248.73619843,84.16908026],[243045.96104431,431248.73666382,84.16907692],[243045.96113586,431248.73685455,84.16927957],[243045.96122932,431248.73704529,84.16948223],[243045.96107483,431248.73751831,84.16947889],[243045.96116829,431248.73770142,84.16968155],[243045.96125984,431248.73789215,84.16988468],[243045.9613533,431248.73808289,84.17008781],[243045.96144676,431248.73827362,84.17029047],[243045.96129227,431248.73874664,84.17028713],[243045.96138382,431248.73892975,84.17048979],[243045.96147728,431248.73912048,84.17069292],[243045.96132278,431248.73959351,84.17068911],[243045.96141624,431248.73978424,84.17089224],[243045.9615097,431248.73997498,84.17109537],[243045.96135521,431248.74044037,84.17109203],[243045.96120071,431248.74091339,84.17108822],[243045.96104622,431248.74138641,84.1710844],[243045.96089172,431248.74185181,84.17108107],[243045.96098518,431248.74204254,84.1712842],[243045.96107674,431248.74223328,84.17148733],[243045.9611702,431248.74242401,84.17169046],[243045.9615097,431248.74233246,84.17210054],[243045.96160316,431248.74252319,84.17230415],[243045.96169662,431248.74271393,84.17250729],[243045.96203613,431248.74262238,84.17291784],[243045.96212959,431248.74281311,84.17312098],[243045.96222305,431248.74300385,84.17332458],[243045.96231651,431248.74319458,84.17352819],[243045.96240997,431248.74338531,84.1737318],[243045.96250153,431248.74356842,84.17393541],[243045.96259499,431248.74375916,84.17413902],[243045.96268845,431248.74394989,84.17434263],[243045.96253395,431248.74442291,84.17433882],[243045.96237946,431248.74489594,84.17433548],[243045.96247292,431248.74508667,84.17453909],[243045.96281433,431248.74499512,84.17495012],[243045.96315575,431248.74490356,84.17536116],[243045.96349525,431248.74481201,84.17577267],[243045.96358871,431248.74500275,84.17597675],[243045.96368217,431248.74519348,84.17618036],[243045.96402359,431248.74510193,84.17659187],[243045.96436501,431248.74501038,84.17700386],[243045.96470642,431248.74492645,84.17741585],[243045.96504784,431248.7448349,84.17782783],[243045.96529579,431248.74455261,84.17803574],[243045.96554565,431248.74427032,84.17824364],[243045.96563911,431248.74446106,84.17844772],[243045.96573257,431248.74465179,84.17865181],[243045.96607399,431248.74456024,84.17906427],[243045.96616745,431248.74475098,84.17926884],[243045.96626091,431248.74494171,84.1794734],[243045.96635437,431248.74513245,84.17967796],[243045.96644783,431248.74532318,84.17988253],[243045.9665432,431248.74551392,84.18008709],[243045.96663666,431248.74570465,84.18029165],[243045.96673012,431248.74589539,84.18049622],[243045.96657562,431248.74636841,84.1804924],[243045.96641922,431248.74684143,84.18048906],[243045.96651268,431248.74703217,84.18069363],[243045.96660614,431248.7472229,84.18089819],[243045.96670151,431248.74741364,84.18110323],[243045.96679497,431248.74760437,84.18130779],[243045.96688843,431248.7477951,84.18151283],[243045.96722984,431248.74770355,84.18192577],[243045.96732521,431248.74789429,84.18213081],[243045.96741867,431248.74808502,84.18233585],[243045.96751213,431248.74828339,84.18254089],[243045.96760559,431248.74847412,84.18274546],[243045.96770096,431248.74866486,84.1829505]]",dji_pose_mesh_ray_contour_nodes,
240,220,3,SPL,5163.5417,3135.9583,5161,3132,5168,3143,7,11,48,243045.96725845,431248.75243378,84.18397236,dji_pose_mesh_ray_centroid,True,True,314801,2.3473,warp,,5163.5417,3135.9583,1,1,1.0,1,2.3473,2.3473,13,13,1.0,"[[5167.0,3134.5],[5166.0,3134.5],[5165.5,3135.0],[5165.0,3135.5],[5164.5,3136.0],[5164.5,3137.0],[5164.5,3138.0],[5164.5,3139.0],[5165.0,3139.5],[5165.5,3140.0],[5165.5,3141.0],[5165.0,3141.5],[5164.5,3142.0]]","[[243045.96829605,431248.75066376,84.18458843],[243045.96814156,431248.75113678,84.18458509],[243045.96789169,431248.75141907,84.18437624],[243045.96764183,431248.75170135,84.18416738],[243045.96739388,431248.75198364,84.18395853],[243045.96705055,431248.7520752,84.18354464],[243045.96670723,431248.75215912,84.18313074],[243045.96636581,431248.75225067,84.18271685],[243045.96627235,431248.75205994,84.18251181],[243045.96617889,431248.7518692,84.18230677],[243045.96583557,431248.75196075,84.18189335],[243045.96558762,431248.75223541,84.18168497],[243045.96533775,431248.7525177,84.18147659]]",dji_pose_mesh_ray_contour_nodes,
241,221,3,SPL,4812.3199,3156.2666,4751,3140,4866,3178,115,38,2532,243045.90707588,431248.9198761,84.17397642,dji_pose_mesh_ray_centroid,True,True,78871,2.257524,warp,,4812.3199,3156.2666,1,1,1.0,1,2.257524,2.257524,108,108,1.0,"[[4829.5,3177.0],[4829.0,3176.5],[4828.0,3176.5],[4827.5,3176.0],[4827.0,3175.5],[4826.0,3175.5],[4825.5,3175.0],[4825.0,3174.5],[4824.0,3174.5],[4823.5,3174.0],[4823.0,3173.5],[4822.0,3173.5],[4821.0,3173.5],[4820.5,3173.0],[4820.0,3172.5],[4819.0,3172.5],[4818.0,3172.5],[4817.0,3172.5],[4816.0,3172.5],[4815.0,3172.5],[4814.0,3172.5],[4813.0,3172.5],[4812.0,3172.5],[4811.5,3173.0],[4811.0,3173.5],[4810.0,3173.5],[4809.0,3173.5],[4808.0,3173.5],[4807.0,3173.5],[4806.0,3173.5],[4805.0,3173.5],[4804.5,3173.0],[4804.0,3172.5],[4803.0,3172.5],[4802.5,3172.0],[4802.0,3171.5],[4801.0,3171.5],[4800.5,3171.0],[4800.5,3170.0],[4800.0,3169.5],[4799.5,3169.0],[4799.0,3168.5],[4798.5,3168.0],[4798.0,3167.5],[4797.0,3167.5],[4796.5,3167.0],[4796.0,3166.5],[4795.5,3166.0],[4795.5,3165.0],[4795.0,3164.5],[4794.5,3164.0],[4794.0,3163.5],[4793.0,3163.5],[4792.0,3163.5],[4791.5,3164.0],[4791.0,3164.5],[4790.5,3165.0],[4790.0,3165.5],[4789.0,3165.5],[4788.0,3165.5],[4787.0,3165.5],[4786.0,3165.5],[4785.0,3165.5],[4784.0,3165.5],[4783.0,3165.5],[4782.5,3165.0],[4782.0,3164.5],[4781.0,3164.5],[4780.0,3164.5],[4779.0,3164.5],[4778.0,3164.5],[4777.5,3164.0],[4777.0,3163.5],[4776.5,3164.0],[4776.0,3164.5],[4775.0,3164.5],[4774.0,3164.5],[4773.0,3164.5],[4772.5,3164.0],[4772.0,3163.5],[4771.0,3163.5],[4770.0,3163.5],[4769.0,3163.5],[4768.0,3163.5],[4767.5,3163.0],[4767.0,3162.5],[4766.0,3162.5],[4765.0,3162.5],[4764.0,3162.5],[4763.5,3162.0],[4763.0,3161.5],[4762.0,3161.5],[4761.0,3161.5],[4760.0,3161.5],[4759.0,3161.5],[4758.5,3161.0],[4758.0,3160.5],[4757.0,3160.5],[4756.5,3160.0],[4756.0,3159.5],[4755.0,3159.5],[4754.5,3159.0],[4754.0,3158.5],[4753.5,3158.0],[4753.0,3157.5],[4752.0,3157.5],[4751.5,3157.0],[4751.0,3156.5]]","[[243045.90228462,431248.91318512,84.16567898],[243045.90238953,431248.91339111,84.16587734],[243045.90226936,431248.91385651,84.16586304],[243045.90237617,431248.91405487,84.1660614],[243045.90248108,431248.91425323,84.16625977],[243045.90236282,431248.91471863,84.16624594],[243045.90246582,431248.91492462,84.1664443],[243045.90257263,431248.91512299,84.16664267],[243045.90245247,431248.91558838,84.16662836],[243045.90255737,431248.91578674,84.16682672],[243045.90266228,431248.91599274,84.16702557],[243045.90254402,431248.9164505,84.16701126],[243045.90242577,431248.91691589,84.16699743],[243045.90253067,431248.91712189,84.1671958],[243045.90263557,431248.91732025,84.16739464],[243045.90251732,431248.91778564,84.16738033],[243045.90239906,431248.91825104,84.1673665],[243045.9022789,431248.91871643,84.16735268],[243045.90216064,431248.91918182,84.16733885],[243045.90204239,431248.91964722,84.16732502],[243045.90192986,431248.92011261,84.16730928],[243045.90182304,431248.920578,84.16729212],[243045.90171623,431248.92103577,84.16727447],[243045.90150261,431248.9213028,84.16705942],[243045.90128899,431248.92156219,84.16684389],[243045.90118217,431248.92202759,84.16682672],[243045.90107536,431248.92249298,84.16680908],[243045.90096855,431248.92295074,84.16679192],[243045.90086174,431248.92341614,84.16677475],[243045.90075493,431248.92388153,84.16675711],[243045.90064812,431248.92433929,84.16673994],[243045.90075493,431248.92454529,84.1669383],[243045.90086174,431248.92474365,84.16713619],[243045.90075493,431248.92520905,84.16711903],[243045.90086174,431248.92540741,84.16731691],[243045.90096855,431248.9256134,84.16751528],[243045.90086174,431248.9260788,84.16749811],[243045.90096664,431248.92627716,84.16769648],[243045.90128708,431248.92621613,84.16811037],[243045.90139389,431248.92642212,84.16830873],[243045.9015007,431248.92662048,84.1685071],[243045.90160751,431248.92682648,84.16870546],[243045.90171432,431248.92702484,84.16890383],[243045.90182114,431248.92723083,84.16910219],[243045.90171432,431248.9276886,84.16908503],[243045.90182114,431248.92789459,84.16928339],[243045.90192604,431248.92809296,84.16948223],[243045.90203285,431248.92829895,84.16968059],[243045.90235519,431248.92823792,84.17009544],[243045.9024601,431248.92844391,84.17029428],[243045.90256691,431248.92864227,84.17049265],[243045.90267372,431248.92884827,84.17069149],[243045.90256691,431248.92930603,84.17067432],[243045.9024601,431248.92977142,84.17065716],[243045.90224648,431248.93003845,84.17044115],[243045.90203285,431248.93029785,84.17022514],[243045.90181923,431248.93055725,84.17000914],[243045.90160561,431248.93082428,84.16979313],[243045.90149879,431248.93128204,84.16977596],[243045.90139198,431248.93174744,84.1697588],[243045.90128517,431248.93221283,84.16974115],[243045.90117836,431248.93267822,84.16972399],[243045.90106964,431248.93314362,84.16970682],[243045.90096283,431248.93360901,84.16968965],[243045.90085602,431248.9340744,84.16967201],[243045.90096283,431248.93427277,84.16987085],[243045.90106964,431248.93447876,84.17006969],[243045.90096283,431248.93494415,84.17005253],[243045.90085602,431248.93540955,84.17003536],[243045.90074921,431248.93587494,84.1700182],[243045.9006424,431248.9363327,84.17000103],[243045.90074921,431248.9365387,84.17019939],[243045.90085411,431248.93674469,84.17039823],[243045.90064049,431248.93700409,84.17018223],[243045.90042686,431248.93726349,84.16996622],[243045.90032005,431248.93772888,84.16994905],[243045.90021324,431248.93819427,84.16993189],[243045.90010643,431248.93865967,84.16991425],[243045.90021324,431248.93886566,84.17011309],[243045.90032005,431248.93906403,84.17031193],[243045.90021324,431248.93952942,84.17029476],[243045.90010643,431248.93999481,84.1702776],[243045.89999771,431248.94046021,84.17026043],[243045.8998909,431248.9409256,84.17024326],[243045.89999771,431248.94113159,84.1704421],[243045.90010452,431248.94132996,84.17064095],[243045.89999771,431248.94179535,84.17062378],[243045.8998909,431248.94226074,84.17060661],[243045.89978409,431248.94272614,84.17058945],[243045.89988899,431248.94293213,84.17078829],[243045.8999958,431248.94313812,84.17098713],[243045.89988899,431248.94360352,84.17096996],[243045.89978218,431248.94406891,84.1709528],[243045.89967537,431248.9445343,84.17093563],[243045.89956856,431248.94499969,84.17091846],[243045.89967537,431248.94519806,84.17111731],[243045.89978218,431248.94540405,84.17131662],[243045.89967346,431248.94586945,84.17129946],[243045.89978027,431248.94607544,84.1714983],[243045.89988708,431248.94628143,84.17169762],[243045.89978027,431248.94674683,84.17168045],[243045.89988708,431248.94695282,84.17187977],[243045.8999939,431248.94715118,84.17207909],[243045.90010071,431248.94735718,84.1722784],[243045.90020752,431248.94756317,84.17247772],[243045.90010071,431248.94802856,84.17246056],[243045.90020752,431248.94823456,84.17265987],[243045.90031433,431248.94844055,84.17285919]]",dji_pose_mesh_ray_contour_nodes,
242,222,3,SPL,4717.4,3163.4,4714,3161,4722,3167,8,6,30,243045.89449501,431248.96448517,84.16941023,dji_pose_mesh_ray_centroid,True,True,1220346,2.239185,warp,,4717.4,3163.4,1,1,1.0,1,2.239185,2.239185,7,7,1.0,"[[4717.5,3161.0],[4718.0,3161.5],[4719.0,3161.5],[4720.0,3161.5],[4720.5,3162.0],[4720.5,3163.0],[4721.0,3163.5]]","[[243045.89527321,431248.96430969,84.17040968],[243045.8951683,431248.9641037,84.17021036],[243045.89527512,431248.96363068,84.17022753],[243045.89538193,431248.96316528,84.17024469],[243045.89527512,431248.96295929,84.17004538],[243045.89495659,431248.9630127,84.16963005],[243045.89484978,431248.9628067,84.16943073]]",dji_pose_mesh_ray_contour_nodes,
243,223,3,SPL,5005.4286,3167.6429,5004,3165,5007,3172,3,7,14,243045.93200302,431248.82970428,84.17034054,dji_pose_mesh_ray_centroid,True,True,314801,2.299874,warp,,5005.4286,3167.6429,1,1,1.0,1,2.299874,2.299874,7,7,1.0,"[[5005.5,3171.0],[5005.0,3170.5],[5004.5,3170.0],[5004.5,3169.0],[5004.5,3168.0],[5004.5,3167.0],[5004.0,3166.5]]","[[243045.93088722,431248.82992554,84.16896439],[243045.93097687,431248.8301239,84.16916704],[243045.93106842,431248.83032227,84.16937065],[243045.93140411,431248.83024597,84.16978073],[243045.93173981,431248.83016968,84.17019081],[243045.9320755,431248.83009338,84.17060089],[243045.93216705,431248.83028412,84.1708045]]",dji_pose_mesh_ray_contour_nodes,
244,224,3,SPL,4862.8947,3168.3684,4859,3167,4867,3171,8,4,19,243045.90978622,431248.89697266,84.16949224,dji_pose_mesh_ray_centroid,True,True,314806,2.265504,warp,,4862.8947,3168.3684,1,1,1.0,1,2.265504,2.265504,8,8,1.0,"[[4864.5,3170.0],[4864.0,3169.5],[4863.0,3169.5],[4862.0,3169.5],[4861.0,3169.5],[4860.5,3169.0],[4860.0,3168.5],[4859.0,3168.5]]","[[243045.90948677,431248.89632416,84.16882992],[243045.90957832,431248.89652252,84.16903305],[243045.90942383,431248.89699554,84.16902924],[243045.90926933,431248.89746857,84.16902494],[243045.90911484,431248.89794159,84.16902161],[243045.90920639,431248.89813995,84.16922426],[243045.90929604,431248.89834595,84.16942739],[243045.90914154,431248.89881897,84.1694231]]",dji_pose_mesh_ray_contour_nodes,
245,225,3,SPL,4968.0909,3168.3636,4963,3167,4973,3172,10,5,33,243045.92599487,431248.8473587,84.16990471,dji_pose_mesh_ray_centroid,True,True,314806,2.29058,warp,,4968.0909,3168.3636,1,1,1.0,1,2.29058,2.29058,11,11,1.0,"[[4970.5,3171.0],[4970.0,3170.5],[4969.0,3170.5],[4968.0,3170.5],[4967.5,3170.0],[4967.0,3169.5],[4966.0,3169.5],[4965.0,3169.5],[4964.5,3169.0],[4964.0,3168.5],[4963.0,3168.5]]","[[243045.92547607,431248.84642029,84.16883469],[243045.92556763,431248.84661865,84.16903734],[243045.92541504,431248.84708405,84.16903353],[243045.92526054,431248.84755707,84.16902924],[243045.9253521,431248.84775543,84.16923237],[243045.92544365,431248.8479538,84.16943502],[243045.92528915,431248.84842682,84.16943121],[243045.92513466,431248.84889984,84.16942739],[243045.92522812,431248.84909821,84.16963005],[243045.92531967,431248.84929657,84.16983271],[243045.92516518,431248.84976196,84.16982889]]",dji_pose_mesh_ray_contour_nodes,
246,226,3,SPL,5010.1,3176.9,5009,3175,5012,3180,3,5,10,243045.92961884,431248.82821655,84.16656494,dji_pose_mesh_ray_centroid,True,True,314801,2.298938,warp,,5010.1,3176.9,1,1,1.0,1,2.298938,2.298938,3,3,1.0,"[[5009.5,3179.0],[5009.5,3178.0],[5009.0,3177.5]]","[[243045.92882156,431248.82865906,84.16570425],[243045.92915726,431248.82858276,84.16611338],[243045.9292469,431248.82878113,84.16631556]]",dji_pose_mesh_ray_contour_nodes,
247,227,3,SPL,2046.1875,3360.625,2043,3358,2051,3364,8,6,32,243045.41902161,431250.22480774,84.07985687,dji_pose_mesh_ray_centroid,True,True,314848,2.002491,warp,,2046.1875,3360.625,1,1,1.0,1,2.002491,2.002491,7,7,1.0,"[[2046.5,3358.0],[2047.0,3358.5],[2047.5,3359.0],[2048.0,3359.5],[2048.5,3360.0],[2049.0,3360.5],[2050.0,3360.5]]","[[243045.41967773,431250.22499084,84.08091402],[243045.41962624,431250.22467804,84.08072042],[243045.41957474,431250.22437286,84.08052683],[243045.41952324,431250.22406769,84.08033371],[243045.41947365,431250.22375488,84.08014059],[243045.41942215,431250.22344971,84.07994699],[243045.41955376,431250.22296143,84.0799613]]",dji_pose_mesh_ray_contour_nodes,
248,228,3,SPL,735.0,3578.0,735,3578,736,3579,1,1,1,243045.15515518,431250.7925415,83.9969449,dji_pose_mesh_ray_centroid,True,True,314856,2.161505,warp,,735.0,3578.0,1,1,1.0,1,2.161505,2.161505,1,1,1.0,"[[735.0,3578.0]]","[[243045.15515518,431250.7925415,83.9969449]]",dji_pose_mesh_ray_contour_nodes,
249,229,3,SPL,697.7801,3644.3239,641,3583,756,3699,115,116,7321,243045.13480568,431250.79405975,83.97329473,dji_pose_mesh_ray_centroid,True,True,314856,2.158144,warp,,697.7801,3644.3239,1,1,1.0,1,2.158144,2.158144,219,219,1.0,"[[755.0,3618.5],[754.5,3619.0],[754.5,3620.0],[754.0,3620.5],[753.5,3621.0],[753.5,3622.0],[753.5,3623.0],[753.5,3624.0],[753.0,3624.5],[752.5,3625.0],[752.0,3625.5],[751.0,3625.5],[750.5,3626.0],[750.0,3626.5],[749.0,3626.5],[748.5,3627.0],[748.5,3628.0],[748.0,3628.5],[747.5,3629.0],[747.0,3629.5],[746.5,3630.0],[746.5,3631.0],[747.0,3631.5],[747.5,3632.0],[747.5,3633.0],[747.5,3634.0],[747.5,3635.0],[747.5,3636.0],[747.5,3637.0],[747.0,3637.5],[746.5,3638.0],[746.0,3638.5],[745.0,3638.5],[744.0,3638.5],[743.0,3638.5],[742.5,3639.0],[742.0,3639.5],[741.5,3640.0],[741.5,3641.0],[741.5,3642.0],[741.5,3643.0],[741.5,3644.0],[741.5,3645.0],[741.5,3646.0],[741.5,3647.0],[741.5,3648.0],[741.0,3648.5],[740.5,3649.0],[740.5,3650.0],[740.0,3650.5],[739.5,3651.0],[739.0,3651.5],[738.5,3652.0],[738.0,3652.5],[737.5,3653.0],[737.5,3654.0],[737.0,3654.5],[736.5,3655.0],[736.5,3656.0],[736.5,3657.0],[736.0,3657.5],[735.5,3658.0],[735.0,3658.5],[734.5,3659.0],[734.5,3660.0],[734.0,3660.5],[733.5,3661.0],[733.5,3662.0],[733.0,3662.5],[732.5,3663.0],[732.5,3664.0],[732.0,3664.5],[731.5,3665.0],[731.0,3665.5],[730.5,3666.0],[730.0,3666.5],[729.5,3667.0],[729.0,3667.5],[728.5,3668.0],[728.5,3669.0],[728.0,3669.5],[727.5,3670.0],[727.0,3670.5],[726.5,3671.0],[726.5,3672.0],[726.0,3672.5],[725.0,3672.5],[724.0,3672.5],[723.0,3672.5],[722.5,3673.0],[722.0,3673.5],[721.0,3673.5],[720.5,3674.0],[720.0,3674.5],[719.0,3674.5],[718.5,3675.0],[718.0,3675.5],[717.5,3676.0],[717.0,3676.5],[716.5,3677.0],[716.5,3678.0],[716.5,3679.0],[716.5,3680.0],[716.5,3681.0],[716.5,3682.0],[716.5,3683.0],[716.5,3684.0],[716.5,3685.0],[717.0,3685.5],[717.5,3686.0],[717.0,3686.5],[716.5,3687.0],[716.5,3688.0],[716.5,3689.0],[716.5,3690.0],[716.0,3690.5],[715.5,3691.0],[715.5,3692.0],[715.0,3692.5],[714.0,3692.5],[713.5,3693.0],[713.0,3693.5],[712.0,3693.5],[711.0,3693.5],[710.0,3693.5],[709.0,3693.5],[708.0,3693.5],[707.5,3693.0],[707.0,3692.5],[706.5,3692.0],[706.5,3691.0],[706.0,3690.5],[705.5,3690.0],[705.5,3689.0],[705.5,3688.0],[705.5,3687.0],[705.0,3686.5],[704.5,3686.0],[705.0,3685.5],[705.5,3685.0],[705.5,3684.0],[705.5,3683.0],[705.5,3682.0],[705.5,3681.0],[705.0,3680.5],[704.5,3680.0],[704.0,3679.5],[703.0,3679.5],[702.0,3679.5],[701.5,3679.0],[701.0,3678.5],[700.0,3678.5],[699.5,3678.0],[699.0,3677.5],[698.0,3677.5],[697.0,3677.5],[696.0,3677.5],[695.5,3678.0],[695.0,3678.5],[694.0,3678.5],[693.0,3678.5],[692.0,3678.5],[691.5,3679.0],[691.0,3679.5],[690.0,3679.5],[689.5,3680.0],[689.0,3680.5],[688.0,3680.5],[687.5,3681.0],[687.0,3681.5],[686.0,3681.5],[685.5,3682.0],[685.0,3682.5],[684.5,3683.0],[684.0,3683.5],[683.5,3684.0],[683.0,3684.5],[682.0,3684.5],[681.0,3684.5],[680.5,3685.0],[680.0,3685.5],[679.0,3685.5],[678.0,3685.5],[677.5,3686.0],[677.0,3686.5],[676.0,3686.5],[675.5,3687.0],[675.0,3687.5],[674.5,3688.0],[674.0,3688.5],[673.5,3689.0],[673.5,3690.0],[673.0,3690.5],[672.5,3691.0],[672.0,3691.5],[671.0,3691.5],[670.0,3691.5],[669.5,3692.0],[669.0,3692.5],[668.0,3692.5],[667.0,3692.5],[666.0,3692.5],[665.0,3692.5],[664.0,3692.5],[663.0,3692.5],[662.0,3692.5],[661.0,3692.5],[660.5,3693.0],[660.5,3694.0],[660.0,3694.5],[659.5,3695.0],[659.0,3695.5],[658.0,3695.5],[657.5,3696.0],[657.0,3696.5],[656.5,3697.0],[656.0,3697.5],[655.0,3697.5],[654.5,3698.0]]","[[243045.14966011,431250.77431488,83.98236322],[243045.14947128,431250.77442169,83.98218584],[243045.14925575,431250.77420044,83.98182917],[243045.14906502,431250.77430725,83.98165178],[243045.14887619,431250.77442169,83.9814744],[243045.14866066,431250.77419281,83.98111772],[243045.14844513,431250.77397156,83.98076153],[243045.14823151,431250.77374268,83.98040485],[243045.14804077,431250.77385712,83.98022795],[243045.14785194,431250.77396393,83.98005104],[243045.14766312,431250.77407837,83.97987366],[243045.14749908,431250.7745285,83.97987556],[243045.14731026,431250.77463531,83.97969866],[243045.14712143,431250.77474976,83.97952127],[243045.1469593,431250.77519989,83.97952366],[243045.14677048,431250.7753067,83.97934627],[243045.14655495,431250.77508545,83.97899055],[243045.14636612,431250.77519226,83.97881365],[243045.14617729,431250.7753067,83.97863674],[243045.14598846,431250.77541351,83.97845983],[243045.14579964,431250.77552795,83.97828293],[243045.14558601,431250.77529907,83.97792721],[243045.14555931,431250.77496338,83.97774887],[243045.14553452,431250.77462769,83.97757006],[243045.14531898,431250.7743988,83.97721481],[243045.14510536,431250.77417755,83.97685957],[243045.14488983,431250.77394867,83.9765048],[243045.14467621,431250.77372742,83.97614956],[243045.14446259,431250.77349854,83.97579479],[243045.14427376,431250.77361298,83.97561836],[243045.14408493,431250.77372742,83.97544193],[243045.14389801,431250.77383423,83.9752655],[243045.14373398,431250.77428436,83.97526741],[243045.14357185,431250.77472687,83.97526932],[243045.14340782,431250.775177,83.97527122],[243045.1432209,431250.77528381,83.97509527],[243045.14303207,431250.77539825,83.97491884],[243045.14284325,431250.77550507,83.97474241],[243045.14262962,431250.77528381,83.97438812],[243045.142416,431250.77505493,83.97403383],[243045.14220238,431250.77483368,83.97367954],[243045.14198875,431250.7746048,83.97332525],[243045.14177513,431250.77438354,83.97297144],[243045.14156151,431250.77415466,83.97261763],[243045.14134979,431250.77393341,83.97226381],[243045.14113617,431250.77371216,83.97191048],[243045.14094734,431250.77381897,83.97173452],[243045.14076042,431250.77393341,83.97155857],[243045.1405468,431250.77370453,83.97120523],[243045.14035988,431250.77381897,83.97102976],[243045.14017105,431250.77392578,83.97085381],[243045.13998413,431250.77404022,83.97067833],[243045.1397953,431250.77414703,83.97050285],[243045.13960838,431250.77426147,83.9703269],[243045.13941956,431250.77436829,83.97015142],[243045.13920784,431250.77414703,83.96979856],[243045.13902092,431250.77425385,83.96962309],[243045.13883209,431250.77436829,83.96944761],[243045.13862038,431250.7741394,83.96909475],[243045.13840675,431250.77391815,83.96874189],[243045.13821983,431250.77403259,83.96856689],[243045.13803291,431250.7741394,83.96839142],[243045.13784599,431250.77425385,83.96821642],[243045.13765907,431250.77436066,83.96804094],[243045.13744545,431250.7741394,83.96768856],[243045.13725853,431250.77424622,83.96751356],[243045.13707161,431250.77436066,83.96733856],[243045.13685989,431250.77413177,83.96698618],[243045.13667107,431250.77424622,83.96681118],[243045.13648415,431250.77435303,83.96663618],[243045.13627243,431250.77413177,83.96628427],[243045.13608551,431250.77423859,83.96610928],[243045.13589859,431250.77435303,83.96593428],[243045.13571167,431250.77445984,83.96575975],[243045.13552475,431250.77457428,83.96558475],[243045.13533783,431250.77468109,83.96541023],[243045.13515091,431250.77479553,83.96523523],[243045.13496399,431250.77490234,83.96506023],[243045.13477707,431250.77501678,83.96488571],[243045.13456535,431250.7747879,83.96453428],[243045.13437843,431250.77490234,83.96435976],[243045.13419151,431250.77500916,83.96418524],[243045.1340065,431250.7751236,83.96401024],[243045.13381958,431250.77523041,83.96383572],[243045.13360786,431250.77500916,83.96348476],[243045.13342094,431250.77511597,83.96331024],[243045.13325882,431250.7755661,83.96331215],[243045.13309669,431250.77600861,83.96331406],[243045.13293457,431250.77645111,83.96331596],[243045.13274956,431250.77656555,83.96314144],[243045.13256264,431250.77667236,83.9629674],[243045.13240051,431250.77711487,83.9629693],[243045.13221359,431250.77722931,83.96279478],[243045.13202667,431250.77733612,83.96262026],[243045.13186455,431250.77777863,83.96262217],[243045.13167953,431250.77789307,83.96244812],[243045.13149261,431250.77799988,83.9622736],[243045.13130569,431250.77811432,83.96209955],[243045.13112068,431250.77822113,83.96192503],[243045.13093376,431250.77833557,83.96175051],[243045.13072395,431250.77810669,83.96140051],[243045.13051224,431250.77788544,83.96105003],[243045.13030243,431250.77765656,83.96070003],[243045.13009071,431250.7774353,83.96035004],[243045.12988091,431250.77721405,83.96000004],[243045.1296711,431250.77698517,83.95965052],[243045.12946129,431250.77676392,83.95930052],[243045.12925148,431250.77654266,83.958951],[243045.12922668,431250.77620697,83.95877552],[243045.12920189,431250.77587128,83.95859957],[243045.12901688,431250.77598572,83.958426],[243045.12882996,431250.77609253,83.95825243],[243045.12862015,431250.77587128,83.95790291],[243045.12841034,431250.7756424,83.95755386],[243045.12820053,431250.77542114,83.95720434],[243045.12801552,431250.77552795,83.95703125],[243045.12783051,431250.7756424,83.95685768],[243045.1276207,431250.77542114,83.95650864],[243045.12743378,431250.77552795,83.95633554],[243045.12727356,431250.77597046,83.95633745],[243045.12708664,431250.77607727,83.95616388],[243045.12690163,431250.77619171,83.95599079],[243045.1267395,431250.77663422,83.9559927],[243045.12657928,431250.77707672,83.95599461],[243045.12641716,431250.77751923,83.95599651],[243045.12625504,431250.77796173,83.95599842],[243045.12609482,431250.77840424,83.95600033],[243045.12611771,431250.77873993,83.9561758],[243045.1261425,431250.77907562,83.9563508],[243045.1261673,431250.77941132,83.95652628],[243045.1263752,431250.77963257,83.95687532],[243045.12639999,431250.77996826,83.9570508],[243045.12642479,431250.78029633,83.9572258],[243045.12663269,431250.78052521,83.95757484],[243045.1268425,431250.78074646,83.95792437],[243045.12705231,431250.78097534,83.95827341],[243045.1270771,431250.78130341,83.95844889],[243045.1271019,431250.7816391,83.95862484],[243045.12728691,431250.78153229,83.95879841],[243045.12747192,431250.78142548,83.95897245],[243045.12768173,431250.78164673,83.95932198],[243045.12789154,431250.78186798,83.9596715],[243045.12810135,431250.78209686,83.9600215],[243045.12831306,431250.78231812,83.96037149],[243045.12833595,431250.78265381,83.96054745],[243045.12836075,431250.7829895,83.9607234],[243045.12838554,431250.7833252,83.96089935],[243045.12822342,431250.7837677,83.96090126],[243045.12806129,431250.78421021,83.96090317],[243045.12808609,431250.7845459,83.96107912],[243045.12810898,431250.78488159,83.96125555],[243045.12794876,431250.7853241,83.96125746],[243045.12797165,431250.78565979,83.96143341],[243045.12799644,431250.78599548,83.96160936],[243045.12783432,431250.78643799,83.96161127],[243045.1276722,431250.78688812,83.96161318],[243045.12751007,431250.78733063,83.96161509],[243045.12732506,431250.78743744,83.96144104],[243045.12713814,431250.78754425,83.96126699],[243045.12697601,431250.78799438,83.9612689],[243045.12681389,431250.78843689,83.96127081],[243045.12665367,431250.78887939,83.96127272],[243045.12646675,431250.78898621,83.96109867],[243045.12628174,431250.78910065,83.96092462],[243045.12611961,431250.78954315,83.96092653],[243045.1259346,431250.78964996,83.96075249],[243045.12574768,431250.7897644,83.96057844],[243045.12558556,431250.79020691,83.96058035],[243045.12540054,431250.79031372,83.9604063],[243045.12521553,431250.79042053,83.96023226],[243045.12505341,431250.79087067,83.96023416],[243045.12486839,431250.79097748,83.96006012],[243045.12468147,431250.79108429,83.95988607],[243045.12449646,431250.7911911,83.9597125],[243045.12431145,431250.79130554,83.95953846],[243045.12412453,431250.79141235,83.95936441],[243045.12393951,431250.79151917,83.95919085],[243045.12377739,431250.79196167,83.95919275],[243045.12361717,431250.7924118,83.95919466],[243045.12343025,431250.79251862,83.95902061],[243045.12324524,431250.79262543,83.95884705],[243045.12308311,431250.79306793,83.95884895],[243045.1229229,431250.79351044,83.95885086],[243045.12273788,431250.79362488,83.95867729],[243045.12255287,431250.79373169,83.95850325],[243045.12239075,431250.79417419,83.95850515],[243045.12220573,431250.79428101,83.95833158],[243045.12201881,431250.79438782,83.95815802],[243045.1218338,431250.79450226,83.95798445],[243045.12164879,431250.79460907,83.95781088],[243045.12146378,431250.79471588,83.95763731],[243045.12125587,431250.794487,83.95728826],[243045.12107086,431250.79460144,83.9571147],[243045.12088585,431250.79470825,83.95694113],[243045.12070084,431250.79481506,83.95676756],[243045.12053871,431250.79525757,83.95676994],[243045.12037659,431250.79570007,83.95677185],[243045.12019157,431250.79581451,83.95659828],[243045.12000656,431250.79592133,83.95642471],[243045.11984634,431250.79636383,83.95642662],[243045.11968422,431250.79680634,83.95642853],[243045.11952209,431250.79724884,83.95643043],[243045.11936188,431250.79769135,83.95643234],[243045.11919975,431250.79813385,83.95643473],[243045.11903763,431250.79857635,83.95643663],[243045.11887741,431250.79901886,83.95643854],[243045.11871529,431250.79946136,83.95644045],[243045.11853027,431250.79957581,83.95626688],[243045.11832237,431250.79934692,83.95591831],[243045.11813736,431250.79945374,83.95574522],[243045.11795425,431250.79956055,83.95557165],[243045.11776924,431250.79966736,83.95539856],[243045.11760712,431250.80010986,83.95540047],[243045.1174221,431250.8002243,83.95522737],[243045.11723709,431250.80033112,83.95505428],[243045.11705399,431250.80043793,83.95488119],[243045.11686897,431250.80054474,83.9547081],[243045.11670685,431250.80098724,83.95471001],[243045.11652374,431250.80109406,83.95453691]]",dji_pose_mesh_ray_contour_nodes,
250,230,3,SPL,761.8571,3612.1429,756,3608,768,3618,12,10,84,243045.15215302,431250.77267456,83.98462105,dji_pose_mesh_ray_centroid,True,True,314856,2.150599,warp,,761.8571,3612.1429,1,1,1.0,1,2.150599,2.150599,11,11,1.0,"[[767.0,3612.5],[766.5,3613.0],[766.5,3614.0],[766.0,3614.5],[765.0,3614.5],[764.5,3615.0],[764.0,3615.5],[763.5,3616.0],[763.0,3616.5],[762.0,3616.5],[761.5,3617.0]]","[[243045.15291595,431250.77027893,83.98448372],[243045.15272713,431250.77039337,83.98430586],[243045.1525116,431250.77017212,83.98394823],[243045.15232086,431250.77027893,83.98377037],[243045.15215683,431250.77072906,83.98377228],[243045.151968,431250.77084351,83.98359489],[243045.15177727,431250.77095032,83.98341703],[243045.15158844,431250.77106476,83.98323965],[243045.15139961,431250.7711792,83.98306179],[243045.15123558,431250.7716217,83.9830637],[243045.15104485,431250.77173615,83.98288631]]",dji_pose_mesh_ray_contour_nodes,
251,231,3,SPL,4806.8449,3725.5904,4781,3690,4835,3759,54,69,2385,243045.72475815,431248.95671082,83.96132565,dji_pose_mesh_ray_centroid,True,True,78895,2.149242,warp,,4806.8449,3725.5904,1,1,1.0,1,2.149242,2.149242,88,88,1.0,"[[4799.5,3690.0],[4800.0,3690.5],[4801.0,3690.5],[4802.0,3690.5],[4803.0,3690.5],[4804.0,3690.5],[4805.0,3690.5],[4806.0,3690.5],[4806.5,3691.0],[4807.0,3691.5],[4807.5,3692.0],[4808.0,3692.5],[4809.0,3692.5],[4809.5,3693.0],[4810.0,3693.5],[4810.5,3694.0],[4810.5,3695.0],[4811.0,3695.5],[4811.5,3696.0],[4811.5,3697.0],[4812.0,3697.5],[4812.5,3698.0],[4812.5,3699.0],[4813.0,3699.5],[4813.5,3700.0],[4813.5,3701.0],[4813.5,3702.0],[4814.0,3702.5],[4814.5,3703.0],[4814.5,3704.0],[4815.0,3704.5],[4815.5,3705.0],[4815.5,3706.0],[4816.0,3706.5],[4817.0,3706.5],[4817.5,3707.0],[4817.5,3708.0],[4818.0,3708.5],[4818.5,3709.0],[4819.0,3709.5],[4819.5,3710.0],[4820.0,3710.5],[4820.5,3711.0],[4821.0,3711.5],[4821.5,3712.0],[4822.0,3712.5],[4822.5,3713.0],[4823.0,3713.5],[4823.5,3714.0],[4824.0,3714.5],[4824.5,3715.0],[4825.0,3715.5],[4825.5,3716.0],[4825.5,3717.0],[4826.0,3717.5],[4826.5,3718.0],[4826.5,3719.0],[4827.0,3719.5],[4827.5,3720.0],[4827.5,3721.0],[4827.5,3722.0],[4827.5,3723.0],[4828.0,3723.5],[4828.5,3724.0],[4828.5,3725.0],[4828.5,3726.0],[4828.5,3727.0],[4829.0,3727.5],[4829.5,3728.0],[4829.5,3729.0],[4829.5,3730.0],[4829.5,3731.0],[4830.0,3731.5],[4830.5,3732.0],[4830.5,3733.0],[4830.5,3734.0],[4830.5,3735.0],[4831.0,3735.5],[4831.5,3736.0],[4832.0,3736.5],[4832.5,3737.0],[4832.5,3738.0],[4832.5,3739.0],[4833.0,3739.5],[4833.5,3740.0],[4833.5,3741.0],[4833.5,3742.0],[4834.0,3742.5]]","[[243045.73400116,431248.95796967,83.97357655],[243045.7339325,431248.95777893,83.97340393],[243045.7340889,431248.95734406,83.97340345],[243045.73424339,431248.95690155,83.97340298],[243045.7343998,431248.95646667,83.97340298],[243045.7345562,431248.9560318,83.9734025],[243045.73471069,431248.95558929,83.9734025],[243045.7348671,431248.95515442,83.9734025],[243045.73479843,431248.95496368,83.97322941],[243045.73472977,431248.95477295,83.97305632],[243045.73465919,431248.95457458,83.97288322],[243045.73459053,431248.95438385,83.97271013],[243045.73474693,431248.95394897,83.97271013],[243045.73467827,431248.95375824,83.97253704],[243045.7346096,431248.9535675,83.97236395],[243045.73453903,431248.95337677,83.97219133],[243045.73424721,431248.95343018,83.97184563],[243045.73417854,431248.95323944,83.97167301],[243045.73410988,431248.95304871,83.97149992],[243045.73381615,431248.95310211,83.97115469],[243045.73374748,431248.95291138,83.97098207],[243045.73367882,431248.95272064,83.97080898],[243045.73338699,431248.95278168,83.97046423],[243045.73331833,431248.95258331,83.97029161],[243045.73324966,431248.95239258,83.970119],[243045.73295593,431248.95245361,83.96977377],[243045.73266411,431248.95250702,83.96942902],[243045.73259544,431248.95231628,83.9692564],[243045.73252678,431248.95212555,83.96908426],[243045.73223495,431248.95217896,83.96873951],[243045.73216629,431248.95198822,83.96856737],[243045.73209763,431248.95179749,83.96839476],[243045.7318058,431248.95185852,83.96805048],[243045.73173714,431248.95166779,83.96787834],[243045.73189163,431248.95122528,83.96787786],[243045.73182297,431248.95103455,83.96770573],[243045.73153114,431248.95109558,83.96736145],[243045.73146248,431248.95090485,83.96718931],[243045.73139381,431248.95071411,83.96701717],[243045.73132515,431248.95052338,83.96684504],[243045.73125839,431248.95033264,83.9666729],[243045.73118973,431248.95014191,83.96650076],[243045.73112106,431248.94995117,83.96632862],[243045.7310524,431248.94976044,83.96615696],[243045.73098373,431248.9495697,83.96598482],[243045.73091507,431248.94937897,83.96581268],[243045.73084641,431248.94918823,83.96564102],[243045.73077965,431248.9489975,83.96546888],[243045.73071098,431248.94880676,83.96529722],[243045.73064232,431248.94861603,83.96512508],[243045.73057365,431248.94842529,83.96495342],[243045.73050499,431248.94823456,83.96478176],[243045.73043823,431248.94804382,83.96460962],[243045.73014641,431248.94810486,83.9642663],[243045.73007774,431248.94791412,83.96409464],[243045.73000908,431248.94772339,83.96392298],[243045.72971916,431248.94777679,83.96357965],[243045.7296505,431248.94758606,83.96340847],[243045.72958183,431248.94740295,83.96323681],[243045.72929001,431248.94745636,83.96289396],[243045.72900009,431248.94750977,83.96255112],[243045.72870827,431248.9475708,83.96220827],[243045.7286396,431248.94738007,83.96203709],[243045.72857285,431248.94718933,83.9618659],[243045.72828102,431248.94724274,83.96152306],[243045.7279911,431248.94730377,83.96118069],[243045.72769928,431248.94735718,83.96083832],[243045.72763252,431248.94716644,83.96066713],[243045.72756386,431248.94697571,83.96049643],[243045.72727394,431248.94703674,83.96015406],[243045.72698402,431248.94709015,83.95981169],[243045.7266922,431248.94714355,83.95947027],[243045.72662544,431248.94695282,83.95929909],[243045.72655678,431248.94676971,83.95912838],[243045.72626686,431248.94682312,83.95878649],[243045.72597694,431248.94687653,83.95844507],[243045.72568703,431248.94693756,83.95810366],[243045.72561836,431248.94674683,83.95793247],[243045.72555161,431248.94655609,83.95776176],[243045.72548294,431248.94636536,83.95759106],[243045.72541618,431248.94617462,83.95742035],[243045.72512627,431248.94623566,83.95707941],[243045.72483635,431248.94628906,83.95673847],[243045.72476768,431248.94609833,83.95656776],[243045.72470093,431248.94591522,83.95639706],[243045.72441101,431248.94596863,83.95605612],[243045.72412109,431248.94602203,83.95571518],[243045.72405434,431248.9458313,83.95554495]]",dji_pose_mesh_ray_contour_nodes,
252,232,3,SPL,2839.0924,3811.6448,2810,3771,2907,3848,97,77,3159,243045.42030334,431249.81371307,83.92200613,dji_pose_mesh_ray_centroid,True,True,1220202,1.920083,warp,,2839.0924,3811.6448,1,1,1.0,1,1.920083,1.920083,133,133,1.0,"[[2838.5,3771.0],[2838.5,3772.0],[2839.0,3772.5],[2840.0,3772.5],[2840.5,3773.0],[2841.0,3773.5],[2841.5,3774.0],[2841.5,3775.0],[2841.5,3776.0],[2841.5,3777.0],[2841.5,3778.0],[2841.5,3779.0],[2841.0,3779.5],[2840.5,3780.0],[2840.5,3781.0],[2840.0,3781.5],[2839.5,3782.0],[2839.5,3783.0],[2839.5,3784.0],[2839.0,3784.5],[2838.5,3785.0],[2838.5,3786.0],[2838.5,3787.0],[2838.5,3788.0],[2839.0,3788.5],[2839.5,3789.0],[2839.5,3790.0],[2840.0,3790.5],[2840.5,3791.0],[2841.0,3791.5],[2842.0,3791.5],[2842.5,3792.0],[2843.0,3792.5],[2844.0,3792.5],[2845.0,3792.5],[2845.5,3793.0],[2846.0,3793.5],[2847.0,3793.5],[2848.0,3793.5],[2849.0,3793.5],[2849.5,3794.0],[2850.0,3794.5],[2850.5,3795.0],[2851.0,3795.5],[2851.5,3796.0],[2852.0,3796.5],[2853.0,3796.5],[2853.5,3797.0],[2854.0,3797.5],[2854.5,3798.0],[2855.0,3798.5],[2855.5,3799.0],[2856.0,3799.5],[2856.5,3800.0],[2857.0,3800.5],[2857.5,3801.0],[2858.0,3801.5],[2859.0,3801.5],[2860.0,3801.5],[2861.0,3801.5],[2861.5,3802.0],[2861.5,3803.0],[2861.0,3803.5],[2860.0,3803.5],[2859.5,3804.0],[2859.0,3804.5],[2858.0,3804.5],[2857.5,3805.0],[2857.5,3806.0],[2857.5,3807.0],[2858.0,3807.5],[2859.0,3807.5],[2859.5,3808.0],[2860.0,3808.5],[2860.5,3809.0],[2861.0,3809.5],[2861.5,3810.0],[2862.0,3810.5],[2863.0,3810.5],[2863.5,3811.0],[2864.0,3811.5],[2865.0,3811.5],[2865.5,3812.0],[2866.0,3812.5],[2867.0,3812.5],[2868.0,3812.5],[2869.0,3812.5],[2870.0,3812.5],[2871.0,3812.5],[2872.0,3812.5],[2872.5,3812.0],[2873.0,3811.5],[2874.0,3811.5],[2875.0,3811.5],[2875.5,3811.0],[2876.0,3810.5],[2877.0,3810.5],[2878.0,3810.5],[2878.5,3810.0],[2879.0,3809.5],[2880.0,3809.5],[2881.0,3809.5],[2882.0,3809.5],[2882.5,3809.0],[2883.0,3808.5],[2884.0,3808.5],[2885.0,3808.5],[2886.0,3808.5],[2887.0,3808.5],[2888.0,3808.5],[2889.0,3808.5],[2890.0,3808.5],[2890.5,3808.0],[2891.0,3807.5],[2892.0,3807.5],[2893.0,3807.5],[2894.0,3807.5],[2895.0,3807.5],[2896.0,3807.5],[2897.0,3807.5],[2898.0,3807.5],[2899.0,3807.5],[2899.5,3807.0],[2900.0,3806.5],[2901.0,3806.5],[2902.0,3806.5],[2902.5,3807.0],[2903.0,3807.5],[2903.5,3808.0],[2904.0,3808.5],[2904.5,3809.0],[2905.0,3809.5],[2906.0,3809.5]]","[[243045.43090248,431249.81713104,83.93542385],[243045.43063736,431249.81705475,83.93509197],[243045.43059349,431249.81679535,83.93492031],[243045.43077087,431249.8163681,83.93490887],[243045.43072701,431249.8161087,83.93473768],[243045.43068314,431249.81585693,83.93456602],[243045.43063927,431249.81560516,83.93439436],[243045.43037415,431249.81552124,83.93406248],[243045.43010902,431249.81544495,83.93373108],[243045.4298439,431249.81536865,83.93339968],[243045.42958069,431249.81529236,83.93306828],[243045.42931557,431249.81520844,83.93273687],[243045.42909431,431249.81539154,83.93257666],[243045.42887497,431249.81556702,83.93241692],[243045.42860985,431249.81549072,83.93208599],[243045.4283886,431249.8156662,83.93192577],[243045.42816925,431249.81584167,83.93176603],[243045.42790413,431249.81576538,83.93143511],[243045.42764091,431249.81568146,83.93110418],[243045.42741966,431249.81586456,83.93094444],[243045.42720032,431249.81604004,83.9307847],[243045.4269352,431249.81595612,83.93045425],[243045.42667198,431249.81587982,83.93012381],[243045.42640877,431249.81580353,83.92979336],[243045.4263649,431249.81555176,83.92962265],[243045.42632103,431249.81529236,83.92945194],[243045.42605782,431249.81521606,83.92912197],[243045.42601585,431249.81496429,83.92895126],[243045.42597198,431249.81471252,83.92878056],[243045.42592812,431249.81445312,83.92861032],[243045.4261055,431249.81402588,83.92859888],[243045.42606163,431249.81377411,83.92842817],[243045.42601776,431249.81351471,83.92825746],[243045.42619514,431249.81308746,83.9282465],[243045.42637253,431249.81266022,83.92823505],[243045.42632866,431249.81240082,83.92806482],[243045.42628479,431249.81214905,83.92789412],[243045.42646217,431249.8117218,83.92788315],[243045.42663956,431249.81128693,83.9278717],[243045.42681694,431249.81085968,83.92786074],[243045.42677307,431249.81060791,83.92769003],[243045.4267292,431249.81034851,83.9275198],[243045.42668533,431249.81009674,83.92734909],[243045.42664337,431249.80984497,83.92717886],[243045.4265995,431249.8095932,83.92700863],[243045.42655563,431249.80934143,83.9268384],[243045.42673302,431249.80890656,83.92682695],[243045.42668915,431249.80865479,83.92665625],[243045.42664719,431249.80840302,83.92648601],[243045.42660332,431249.80815125,83.92631626],[243045.42655945,431249.80789185,83.92614555],[243045.42651749,431249.80764008,83.92597532],[243045.42647362,431249.80738831,83.92580509],[243045.42642975,431249.80713654,83.92563486],[243045.42638588,431249.80688477,83.92546511],[243045.42634392,431249.80662537,83.92529488],[243045.42630005,431249.8063736,83.92512464],[243045.42647743,431249.80594635,83.92511368],[243045.42665291,431249.8055191,83.92510223],[243045.42683029,431249.80508423,83.92509079],[243045.42678642,431249.80483246,83.92492104],[243045.42652321,431249.80475616,83.92459202],[243045.42630386,431249.80493164,83.92443323],[243045.42612648,431249.80536652,83.92444468],[243045.42590714,431249.80554199,83.92428589],[243045.42568779,431249.80571747,83.9241271],[243045.42551041,431249.80614471,83.92413855],[243045.42529106,431249.80632782,83.92397976],[243045.42502975,431249.80625153,83.92365122],[243045.42476654,431249.80617523,83.92332268],[243045.42472267,431249.80591583,83.92315292],[243045.42490005,431249.80548859,83.92314148],[243045.42485619,431249.80523682,83.92297173],[243045.42481422,431249.80498505,83.92280245],[243045.42477036,431249.80473328,83.92263222],[243045.42472649,431249.80448151,83.92246294],[243045.42468452,431249.80422974,83.92229319],[243045.42464066,431249.80397797,83.92212343],[243045.42481804,431249.80354309,83.92211199],[243045.42477417,431249.80329132,83.92194271],[243045.42473221,431249.80303955,83.92177296],[243045.42490768,431249.8026123,83.92176151],[243045.42486382,431249.80236053,83.92159176],[243045.42482185,431249.80210876,83.92142248],[243045.42499733,431249.80167389,83.92141104],[243045.42517471,431249.80124664,83.92140007],[243045.42535019,431249.8008194,83.92138863],[243045.42552567,431249.80039215,83.92137718],[243045.42570305,431249.79995728,83.92136621],[243045.42587852,431249.79953003,83.92135477],[243045.42609978,431249.79935455,83.92151308],[243045.42631912,431249.79917908,83.92167139],[243045.4264946,431249.7987442,83.92165995],[243045.42667007,431249.79831696,83.92164898],[243045.42689133,431249.79814148,83.92180729],[243045.42711067,431249.797966,83.9219656],[243045.42728615,431249.79753113,83.92195415],[243045.42746353,431249.79710388,83.92194271],[243045.42768288,431249.79692841,83.9221015],[243045.42790222,431249.79675293,83.92225981],[243045.42807961,431249.79631805,83.92224836],[243045.42825508,431249.79589081,83.92223692],[243045.42843246,431249.79546356,83.92222595],[243045.42865181,431249.79528046,83.92238426],[243045.42887115,431249.79510498,83.92254305],[243045.42904854,431249.79467773,83.9225316],[243045.42922401,431249.79424286,83.92252016],[243045.4294014,431249.79381561,83.92250919],[243045.42957687,431249.79338837,83.92249775],[243045.42975426,431249.79295349,83.9224863],[243045.42992973,431249.79252625,83.92247534],[243045.43010712,431249.792099,83.92246389],[243045.43032646,431249.79192352,83.92262268],[243045.43054771,431249.79174042,83.92278099],[243045.43072319,431249.79131317,83.92276955],[243045.43090057,431249.79088593,83.92275858],[243045.43107605,431249.79045105,83.92274713],[243045.43125343,431249.7900238,83.92273617],[243045.43143082,431249.78958893,83.92272472],[243045.43160629,431249.78916168,83.92271328],[243045.43178368,431249.78873444,83.92270184],[243045.43195915,431249.78829956,83.92269087],[243045.4321804,431249.78812408,83.92284965],[243045.43239975,431249.78794861,83.92300796],[243045.43257713,431249.78751373,83.922997],[243045.43275261,431249.78708649,83.92298555],[243045.43271065,431249.78683472,83.92281532],[243045.43266678,431249.78658295,83.92264557],[243045.43262291,431249.78633118,83.92247581],[243045.43257904,431249.78607941,83.92230606],[243045.43253517,431249.78582764,83.92213631],[243045.4324913,431249.78557587,83.92196655],[243045.43266869,431249.78514862,83.92195511]]",dji_pose_mesh_ray_contour_nodes,
253,233,3,SPL,2582.2857,3777.5714,2581,3777,2585,3779,4,2,7,243045.39139366,431249.92950439,83.93223762,dji_pose_mesh_ray_centroid,True,True,1220231,1.923828,warp,,2582.2857,3777.5714,1,1,1.0,1,1.923828,1.923828,2,2,1.0,"[[2583.5,3777.0],[2584.0,3777.5]]","[[243045.39168167,431249.92901611,83.9324522],[243045.39162445,431249.92874146,83.9322896]]",dji_pose_mesh_ray_contour_nodes,
254,234,3,SPL,2930.9444,3808.963,2919,3801,2941,3818,22,17,216,243045.43721581,431249.77445984,83.92184973,dji_pose_mesh_ray_centroid,True,True,1220202,1.925207,warp,,2930.9444,3808.963,1,1,1.0,1,1.925207,1.925207,27,27,1.0,"[[2935.5,3817.0],[2935.0,3816.5],[2934.0,3816.5],[2933.0,3816.5],[2932.5,3816.0],[2932.0,3815.5],[2931.5,3815.0],[2931.0,3814.5],[2930.5,3814.0],[2930.0,3813.5],[2929.0,3813.5],[2928.0,3813.5],[2927.0,3813.5],[2926.0,3813.5],[2925.0,3813.5],[2924.5,3813.0],[2924.0,3812.5],[2923.0,3812.5],[2922.5,3812.0],[2922.0,3811.5],[2921.0,3811.5],[2920.5,3811.0],[2920.5,3810.0],[2920.0,3809.5],[2919.5,3809.0],[2919.5,3808.0],[2919.0,3807.5]]","[[243045.43589401,431249.77193451,83.91916275],[243045.43593788,431249.77217865,83.9193325],[243045.43576241,431249.77261353,83.91934347],[243045.43558502,431249.77304077,83.91935492],[243045.43562889,431249.77329254,83.91952419],[243045.43567276,431249.77354431,83.91969395],[243045.43571663,431249.77379608,83.91986322],[243045.4357605,431249.77404022,83.92003298],[243045.43580437,431249.77429199,83.92020225],[243045.43584824,431249.77454376,83.92037201],[243045.43567276,431249.77497101,83.92038298],[243045.43549538,431249.77540588,83.92039442],[243045.4353199,431249.77583313,83.92040586],[243045.43514252,431249.77626038,83.92041731],[243045.43496704,431249.77669525,83.92042828],[243045.43501091,431249.77694702,83.92059803],[243045.43505287,431249.77719116,83.92076778],[243045.4348774,431249.77762604,83.92077875],[243045.43492126,431249.77787781,83.92094898],[243045.43496513,431249.77812195,83.92111826],[243045.43478775,431249.77855682,83.9211297],[243045.43483162,431249.77880859,83.92129898],[243045.43509674,431249.77887726,83.92162752],[243045.43514061,431249.77912903,83.92179728],[243045.43518448,431249.7793808,83.92196703],[243045.43544769,431249.77944946,83.92229557],[243045.43549156,431249.77970123,83.92246532]]",dji_pose_mesh_ray_contour_nodes,
255,235,3,SPL,1777.4098,3818.3115,1767,3806,1787,3831,20,25,183,243045.26503944,431250.2813797,83.91410971,dji_pose_mesh_ray_centroid,True,True,1220118,1.971272,warp,,1777.4098,3818.3115,1,1,1.0,1,1.971272,1.971272,36,36,1.0,"[[1786.0,3811.5],[1785.5,3812.0],[1785.0,3812.5],[1784.5,3813.0],[1784.0,3813.5],[1783.5,3814.0],[1783.5,3815.0],[1783.5,3816.0],[1783.0,3816.5],[1782.5,3817.0],[1782.5,3818.0],[1782.5,3819.0],[1782.0,3819.5],[1781.5,3820.0],[1781.5,3821.0],[1781.5,3822.0],[1781.0,3822.5],[1780.5,3823.0],[1780.0,3823.5],[1779.0,3823.5],[1778.5,3824.0],[1778.0,3824.5],[1777.5,3825.0],[1777.0,3825.5],[1776.5,3826.0],[1776.0,3826.5],[1775.5,3827.0],[1775.0,3827.5],[1774.0,3827.5],[1773.5,3828.0],[1773.0,3828.5],[1772.0,3828.5],[1771.5,3829.0],[1771.0,3829.5],[1770.0,3829.5],[1769.5,3830.0]]","[[243045.26788521,431250.27857971,83.91641331],[243045.26769638,431250.2787323,83.91624451],[243045.26750565,431250.27887726,83.91607571],[243045.26731682,431250.27902222,83.91590691],[243045.26712608,431250.2791748,83.91573858],[243045.26693726,431250.27931976,83.91556978],[243045.26670456,431250.2791748,83.91523695],[243045.26647377,431250.27902222,83.91490412],[243045.26628304,431250.2791748,83.91473579],[243045.26609421,431250.27931976,83.91456699],[243045.26586342,431250.2791748,83.91423464],[243045.26563263,431250.27902985,83.91390181],[243045.26544189,431250.2791748,83.91373348],[243045.26525307,431250.27931976,83.91356516],[243045.26502228,431250.2791748,83.9132328],[243045.26479149,431250.27902985,83.91290092],[243045.26460075,431250.2791748,83.9127326],[243045.26441193,431250.27932739,83.91256428],[243045.2642231,431250.27947235,83.91239643],[243045.26407623,431250.27991486,83.91239214],[243045.2638855,431250.28005981,83.91222382],[243045.26369667,431250.28020477,83.91205597],[243045.26350784,431250.28035736,83.91188765],[243045.26331902,431250.28050232,83.9117198],[243045.26313019,431250.28064728,83.91155148],[243045.26294136,431250.28079987,83.91138363],[243045.26275253,431250.28094482,83.91121578],[243045.2625618,431250.28108978,83.91104794],[243045.26241493,431250.28153229,83.91104364],[243045.2622261,431250.28168488,83.9108758],[243045.26203728,431250.28182983,83.91070795],[243045.26189041,431250.28227234,83.91070366],[243045.26170158,431250.2824173,83.91053581],[243045.26151276,431250.28256226,83.91036797],[243045.26136398,431250.28300476,83.91036367],[243045.26117516,431250.28315735,83.9101963]]",dji_pose_mesh_ray_contour_nodes,
256,236,3,SPL,2587.7273,3827.6061,2585,3825,2592,3831,7,6,33,243045.37991714,431249.92256165,83.9154954,dji_pose_mesh_ray_centroid,True,True,1220198,1.919359,warp,,2587.7273,3827.6061,1,1,1.0,1,1.919359,1.919359,6,6,1.0,"[[2587.5,3825.0],[2588.0,3825.5],[2589.0,3825.5],[2590.0,3825.5],[2590.5,3826.0],[2591.0,3826.5]]","[[243045.38053131,431249.92290497,83.91635513],[243045.38047028,431249.92263794,83.91619635],[243045.38059807,431249.92218781,83.91621065],[243045.38072586,431249.9217453,83.91622496],[243045.38066483,431249.92147827,83.91606665],[243045.3806057,431249.92121124,83.91590786]]",dji_pose_mesh_ray_contour_nodes,
257,237,3,SPL,2510.6667,3834.2917,2506,3832,2516,3837,10,5,24,243045.36846352,431249.95624542,83.9121871,dji_pose_mesh_ray_centroid,True,True,1220198,1.92201,warp,,2510.6667,3834.2917,1,1,1.0,1,1.92201,1.92201,8,8,1.0,"[[2510.5,3832.0],[2511.0,3832.5],[2511.5,3833.0],[2512.0,3833.5],[2513.0,3833.5],[2514.0,3833.5],[2514.5,3834.0],[2515.0,3834.5]]","[[243045.3690033,431249.95654297,83.91294241],[243045.36894608,431249.95627594,83.9127841],[243045.36888695,431249.95600128,83.91262579],[243045.36882782,431249.95573425,83.91246796],[243045.36895561,431249.95528412,83.91248178],[243045.3690834,431249.95484161,83.91249609],[243045.36902428,431249.95456696,83.91233826],[243045.36896515,431249.95429993,83.91217995]]",dji_pose_mesh_ray_contour_nodes,
258,238,3,SPL,2692.1786,3901.8214,2690,3898,2695,3907,5,9,28,243045.37496948,431249.87001038,83.89271688,dji_pose_mesh_ray_centroid,True,True,1220198,1.909836,warp,,2692.1786,3901.8214,1,1,1.0,1,1.909836,1.909836,6,6,1.0,"[[2690.0,3901.5],[2690.5,3901.0],[2690.5,3900.0],[2691.0,3899.5],[2691.5,3899.0],[2691.5,3898.0]]","[[243045.37477303,431249.87099457,83.89278936],[243045.37495804,431249.87081146,83.89295816],[243045.37520027,431249.87089539,83.89328194],[243045.37538528,431249.87071991,83.89345074],[243045.37556839,431249.8705368,83.89361954],[243045.37581253,431249.87062073,83.89394331]]",dji_pose_mesh_ray_contour_nodes,
259,239,3,SPL,2571.1724,3940.0345,2567,3937,2578,3944,11,7,58,243045.35058784,431249.91972351,83.87867641,dji_pose_mesh_ray_centroid,True,True,1220198,1.910772,warp,,2571.1724,3940.0345,1,1,1.0,1,1.910772,1.910772,9,9,1.0,"[[2577.0,3939.5],[2576.5,3940.0],[2576.5,3941.0],[2576.0,3941.5],[2575.5,3942.0],[2575.0,3942.5],[2574.0,3942.5],[2573.0,3942.5],[2572.5,3943.0]]","[[243045.35144615,431249.91722107,83.878932],[243045.35126495,431249.91739655,83.87876511],[243045.35102654,431249.91730499,83.87844515],[243045.35084534,431249.91748047,83.87827778],[243045.35066414,431249.91765594,83.87811089],[243045.35048103,431249.91783142,83.87794352],[243045.35035706,431249.9182663,83.87792921],[243045.35023117,431249.91870117,83.87791443],[243045.35004807,431249.91887665,83.87774754]]",dji_pose_mesh_ray_contour_nodes,
260,240,3,SPL,2521.9571,3947.1143,2513,3939,2539,3953,26,14,140,243045.34272575,431249.94061279,83.87569475,dji_pose_mesh_ray_centroid,True,True,1220198,1.912271,warp,,2521.9571,3947.1143,1,1,1.0,1,1.912271,1.912271,27,27,1.0,"[[2525.5,3939.0],[2525.5,3940.0],[2525.5,3941.0],[2525.5,3942.0],[2525.5,3943.0],[2525.5,3944.0],[2525.5,3945.0],[2525.5,3946.0],[2525.5,3947.0],[2526.0,3947.5],[2526.5,3948.0],[2526.5,3949.0],[2527.0,3949.5],[2528.0,3949.5],[2528.5,3950.0],[2529.0,3950.5],[2530.0,3950.5],[2531.0,3950.5],[2532.0,3950.5],[2532.5,3950.0],[2533.0,3949.5],[2534.0,3949.5],[2535.0,3949.5],[2535.5,3950.0],[2536.0,3950.5],[2537.0,3950.5],[2538.0,3950.5]]","[[243045.34509468,431249.93981171,83.8783412],[243045.34485817,431249.93972015,83.87802124],[243045.34461975,431249.9396286,83.87770128],[243045.34438324,431249.93953705,83.87738132],[243045.34414482,431249.9394455,83.87706137],[243045.34390831,431249.93935394,83.87674141],[243045.3436718,431249.93926239,83.87642193],[243045.34343529,431249.93916321,83.87610245],[243045.34319687,431249.93907166,83.87578297],[243045.34314156,431249.93881226,83.87563086],[243045.34308624,431249.93854523,83.87547827],[243045.34284973,431249.93845367,83.87515926],[243045.34279442,431249.93818665,83.87500715],[243045.3429203,431249.93775177,83.87502146],[243045.34286499,431249.93748474,83.87486935],[243045.34280777,431249.93721771,83.87471724],[243045.34293365,431249.93678284,83.87473202],[243045.34305954,431249.93634796,83.87474632],[243045.34318542,431249.93590546,83.8747611],[243045.34336662,431249.93573761,83.874928],[243045.34354782,431249.93556213,83.87509441],[243045.34367371,431249.93512726,83.8751092],[243045.34379959,431249.93469238,83.87512398],[243045.34374237,431249.93442535,83.87497187],[243045.34368706,431249.93415833,83.87481976],[243045.34381294,431249.93372345,83.87483406],[243045.34393883,431249.93328857,83.87484884]]",dji_pose_mesh_ray_contour_nodes,
261,241,3,SPL,1977.4211,3942.6316,1974,3941,1982,3945,8,4,19,243045.26647186,431250.17700195,83.87402105,dji_pose_mesh_ray_centroid,True,True,19882,1.942117,warp,,1977.4211,3942.6316,1,1,1.0,1,1.942117,1.942117,5,5,1.0,"[[1974.0,3942.5],[1974.5,3942.0],[1975.0,3941.5],[1976.0,3941.5],[1976.5,3941.0]]","[[243045.26595879,431250.17847443,83.87407684],[243045.26615143,431250.17832947,83.87423563],[243045.26634407,431250.17817688,83.87439394],[243045.26650238,431250.17774963,83.87439012],[243045.26669502,431250.17760468,83.87454843]]",dji_pose_mesh_ray_contour_nodes,
262,242,3,SPL,2607.7031,3948.2708,2588,3942,2625,3955,37,13,192,243045.35320854,431249.90303802,83.87657785,dji_pose_mesh_ray_centroid,True,True,1220198,1.908812,warp,,2607.7031,3948.2708,1,1,1.0,1,1.908812,1.908812,43,43,1.0,"[[2609.5,3954.0],[2609.0,3953.5],[2608.0,3953.5],[2607.0,3953.5],[2606.5,3953.0],[2606.0,3952.5],[2605.5,3952.0],[2605.0,3951.5],[2604.0,3951.5],[2603.0,3951.5],[2602.0,3951.5],[2601.0,3951.5],[2600.5,3951.0],[2601.0,3950.5],[2601.5,3950.0],[2602.0,3949.5],[2602.5,3949.0],[2602.5,3948.0],[2603.0,3947.5],[2603.5,3947.0],[2603.5,3946.0],[2603.0,3945.5],[2602.0,3945.5],[2601.5,3945.0],[2601.0,3944.5],[2600.0,3944.5],[2599.0,3944.5],[2598.0,3944.5],[2597.0,3944.5],[2596.5,3945.0],[2596.0,3945.5],[2595.5,3946.0],[2595.0,3946.5],[2594.0,3946.5],[2593.0,3946.5],[2592.5,3946.0],[2592.0,3945.5],[2591.0,3945.5],[2590.5,3945.0],[2590.0,3944.5],[2589.5,3944.0],[2589.0,3943.5],[2588.0,3943.5]]","[[243045.35207176,431249.90175629,83.87477779],[243045.35212898,431249.90201569,83.8749299],[243045.3520031,431249.90245056,83.8749156],[243045.35187721,431249.90289307,83.87490082],[243045.35193443,431249.90315247,83.87505293],[243045.35198975,431249.90341187,83.87520456],[243045.35204697,431249.90367126,83.87535667],[243045.35210228,431249.90393829,83.87550878],[243045.3519783,431249.90437317,83.875494],[243045.35185242,431249.90480804,83.8754797],[243045.35172653,431249.90524292,83.87546492],[243045.35160255,431249.9056778,83.87545013],[243045.35165787,431249.90594482,83.87560224],[243045.35183907,431249.90576935,83.87576914],[243045.35202026,431249.90559387,83.87593603],[243045.35220146,431249.9054184,83.87610245],[243045.35238457,431249.90524292,83.87626934],[243045.35262108,431249.90532684,83.87658834],[243045.35280418,431249.905159,83.87675524],[243045.35298538,431249.90498352,83.87692213],[243045.3532238,431249.90506744,83.87724113],[243045.35327911,431249.90532684,83.87739325],[243045.35315514,431249.90576935,83.87737894],[243045.35321045,431249.90602875,83.87753105],[243045.35326767,431249.90628815,83.87768364],[243045.35314178,431249.90673065,83.87766886],[243045.3530159,431249.90716553,83.87765455],[243045.35289001,431249.9076004,83.87763977],[243045.35276604,431249.90803528,83.87762546],[243045.35258293,431249.90821075,83.87745857],[243045.35240173,431249.90838623,83.8772912],[243045.35222054,431249.90856171,83.87712431],[243045.35203934,431249.90873718,83.87695742],[243045.35191345,431249.90917206,83.87694311],[243045.35178757,431249.90960693,83.87692833],[243045.35184479,431249.90987396,83.87708092],[243045.3519001,431249.91013336,83.87723303],[243045.35177422,431249.91056824,83.87721872],[243045.35183144,431249.91083527,83.87737083],[243045.35188866,431249.91109467,83.87752295],[243045.35194397,431249.91135406,83.87767553],[243045.35200119,431249.91162109,83.87782812],[243045.35187531,431249.91205597,83.87781382]]",dji_pose_mesh_ray_contour_nodes,
263,243,3,SPL,1358.0,3947.0,1358,3947,1359,3948,1,1,1,243045.17682838,431250.4466095,83.86912727,dji_pose_mesh_ray_centroid,True,True,1220111,2.012821,warp,,1358.0,3947.0,1,1,1.0,1,2.012821,2.012821,1,1,1.0,"[[1358.0,3947.0]]","[[243045.17682838,431250.4466095,83.86912727]]",dji_pose_mesh_ray_contour_nodes,
