instance_id,instance_local_id,class_id,class_name,centroid_x_px,centroid_y_px,bbox_xmin_px,bbox_ymin_px,bbox_xmax_px,bbox_ymax_px,bbox_w_px,bbox_h_px,area_px,world_x_m,world_y_m,world_z_m,geo3d_source,xyz_valid,mesh_ray_hit,mesh_face_index,mesh_ray_t_m,mesh_ray_backend,xyz_miss_reason,image_pixel_x,image_pixel_y,instance_mesh_sample_count,instance_mesh_hit_count,instance_mesh_hit_ratio,instance_mesh_unique_face_count,instance_mesh_ray_t_min_m,instance_mesh_ray_t_max_m,node_count,node_xyz_valid_count,node_xyz_hit_ratio,nodes_image_xy_json,nodes_world_xyz_json,nodes_geo3d_source,nodes_miss_reason
1,1,1,CRC,1297.8667,19.9333,1294,19,1302,22,8,3,15,243046.51401806,431253.34000397,86.84241581,dji_pose_mesh_ray_centroid,True,True,1219835,4.609792,warp,,1297.8667,19.9333,1,1,1.0,1,4.609792,4.609792,4,4,1.0,"[[1294.0,19.5],[1295.0,19.5],[1296.0,19.5],[1296.5,19.0]]","[[243046.51319504,431253.34423828,86.84320354],[243046.51353359,431253.34324646,86.84319687],[243046.51387119,431253.34225464,86.84319019],[243046.5145998,431253.34221649,86.84406662]]",dji_pose_mesh_ray_contour_nodes,
2,2,1,CRC,583.7,72.3,581,72,588,74,7,2,10,243046.2484951,431254.0236969,86.77647495,dji_pose_mesh_ray_centroid,True,True,314645,4.837874,warp,,583.7,72.3,1,1,1.0,1,4.837874,4.837874,4,4,1.0,"[[587.0,72.5],[586.0,72.5],[585.0,72.5],[584.5,73.0]]","[[243046.24938202,431254.02017975,86.77609539],[243046.24906349,431254.02119446,86.77611351],[243046.24874496,431254.02220154,86.77613258],[243046.24817467,431254.02223969,86.77534676]]",dji_pose_mesh_ray_contour_nodes,
3,3,1,CRC,503.5,81.0,502,81,506,82,4,1,4,243046.21231651,431254.09236908,86.76175404,dji_pose_mesh_ray_centroid,True,True,314638,4.857406,warp,,503.5,81.0,1,1,1.0,1,4.857406,4.857406,4,4,1.0,"[[502.0,81.0],[503.0,81.0],[504.0,81.0],[505.0,81.0]]","[[243046.21168137,431254.09369659,86.76167488],[243046.2121048,431254.09281158,86.76172829],[243046.21252823,431254.09192657,86.76178074],[243046.21295166,431254.09104156,86.76183414]]",dji_pose_mesh_ray_contour_nodes,
4,4,1,CRC,478.875,84.375,474,84,484,86,10,2,16,243046.19854164,431254.11019135,86.7546854,dji_pose_mesh_ray_centroid,True,True,314638,4.85876,warp,,478.875,84.375,1,1,1.0,1,4.85876,4.85876,4,4,1.0,"[[476.5,85.0],[476.0,84.5],[475.0,84.5],[474.0,84.5]]","[[243046.19691658,431254.11154938,86.75349331],[243046.19720268,431254.11257935,86.75432014],[243046.19678116,431254.11346436,86.75426865],[243046.19635963,431254.11434174,86.75421524]]",dji_pose_mesh_ray_contour_nodes,
5,5,1,CRC,382.0,100.0,381,100,384,101,3,1,3,243046.14570236,431254.1807251,86.72530937,dji_pose_mesh_ray_centroid,True,True,1219734,4.865674,warp,,382.0,100.0,1,1,1.0,1,4.865674,4.865674,3,3,1.0,"[[381.0,100.0],[382.0,100.0],[383.0,100.0]]","[[243046.14535904,431254.18169403,86.72530842],[243046.14570236,431254.1807251,86.72530937],[243046.14604568,431254.17976379,86.72530937]]",dji_pose_mesh_ray_contour_nodes,
6,6,1,CRC,274.2222,116.3889,270,116,281,118,11,2,18,243046.0970974,431254.27000427,86.70049381,dji_pose_mesh_ray_centroid,True,True,79235,4.892105,warp,,274.2222,116.3889,1,1,1.0,1,4.892105,4.892105,5,5,1.0,"[[280.0,116.5],[279.0,116.5],[278.0,116.5],[277.0,116.5],[276.5,117.0]]","[[243046.09849358,431254.26371002,86.69998836],[243046.09823418,431254.26477814,86.70004368],[243046.09797478,431254.26583862,86.70009994],[243046.09771538,431254.26690674,86.70015526],[243046.09712601,431254.26685333,86.69935894]]",dji_pose_mesh_ray_contour_nodes,
7,7,1,CRC,2547.4145,1004.3862,2322,990,2818,1020,496,30,7862,243046.07176781,431251.77526855,85.56958008,dji_pose_mesh_ray_centroid,True,True,1220005,3.048242,warp,,2547.4145,1004.3862,1,1,1.0,1,3.048242,3.048242,256,256,1.0,"[[2817.0,1002.5],[2816.5,1003.0],[2815.0,1003.5],[2814.0,1004.5],[2812.0,1004.5],[2810.5,1005.0],[2809.0,1005.5],[2808.0,1004.5],[2806.0,1004.5],[2805.0,1005.5],[2803.0,1005.5],[2802.0,1006.5],[2800.0,1006.5],[2799.0,1007.5],[2797.0,1007.5],[2796.0,1008.5],[2794.0,1008.5],[2792.0,1008.5],[2791.0,1007.5],[2789.0,1007.5],[2787.0,1007.5],[2785.0,1007.5],[2783.0,1007.5],[2781.0,1007.5],[2779.0,1007.5],[2777.0,1007.5],[2775.0,1007.5],[2774.0,1006.5],[2772.0,1006.5],[2771.0,1005.5],[2770.0,1004.5],[2768.0,1004.5],[2767.5,1004.0],[2766.0,1003.5],[2764.0,1003.5],[2762.0,1003.5],[2760.5,1004.0],[2759.0,1004.5],[2757.0,1004.5],[2755.0,1004.5],[2753.0,1004.5],[2751.5,1005.0],[2750.5,1006.0],[2749.5,1007.0],[2748.5,1008.0],[2748.0,1009.5],[2747.0,1008.5],[2745.0,1008.5],[2743.0,1008.5],[2742.0,1007.5],[2740.0,1007.5],[2739.0,1006.5],[2737.0,1006.5],[2736.0,1005.5],[2735.0,1006.5],[2733.0,1006.5],[2731.0,1006.5],[2729.0,1006.5],[2727.5,1007.0],[2726.0,1007.5],[2724.0,1007.5],[2722.0,1007.5],[2720.0,1007.5],[2718.5,1008.0],[2718.0,1008.5],[2717.0,1009.5],[2715.0,1009.5],[2714.0,1008.5],[2713.0,1007.5],[2711.0,1007.5],[2710.0,1008.5],[2708.0,1008.5],[2707.0,1009.5],[2705.5,1010.0],[2704.0,1010.5],[2702.5,1011.0],[2701.0,1011.5],[2700.0,1010.5],[2698.0,1010.5],[2696.5,1010.0],[2695.0,1009.5],[2693.0,1009.5],[2691.0,1009.5],[2689.0,1009.5],[2688.0,1008.5],[2687.5,1010.0],[2687.0,1011.5],[2685.0,1011.5],[2683.0,1011.5],[2681.0,1011.5],[2679.0,1011.5],[2677.0,1011.5],[2676.0,1012.5],[2674.0,1012.5],[2672.0,1012.5],[2670.0,1012.5],[2669.0,1012.5],[2667.0,1012.5],[2665.5,1012.0],[2664.5,1012.0],[2663.0,1012.5],[2661.5,1012.0],[2660.0,1011.5],[2658.0,1011.5],[2656.0,1011.5],[2654.0,1011.5],[2652.5,1012.0],[2651.0,1012.5],[2649.0,1012.5],[2647.0,1012.5],[2646.0,1013.5],[2644.0,1013.5],[2643.0,1014.5],[2642.0,1015.5],[2641.0,1016.5],[2639.5,1017.0],[2638.0,1017.5],[2636.0,1017.5],[2634.0,1017.5],[2633.0,1016.5],[2631.5,1016.0],[2630.0,1015.5],[2629.0,1014.5],[2627.0,1014.5],[2625.0,1014.5],[2623.0,1014.5],[2621.0,1014.5],[2619.0,1014.5],[2618.0,1014.5],[2616.0,1014.5],[2614.5,1014.0],[2613.0,1013.5],[2611.5,1013.0],[2610.0,1012.5],[2608.0,1012.5],[2606.0,1012.5],[2604.0,1012.5],[2602.0,1012.5],[2600.5,1013.0],[2599.0,1013.5],[2597.0,1013.5],[2596.0,1012.5],[2594.0,1012.5],[2592.0,1012.5],[2591.0,1011.5],[2589.0,1011.5],[2588.0,1010.5],[2586.0,1010.5],[2584.0,1010.5],[2582.0,1010.5],[2580.0,1010.5],[2579.0,1009.5],[2577.0,1009.5],[2575.0,1009.5],[2573.0,1009.5],[2571.0,1009.5],[2570.0,1008.5],[2568.0,1008.5],[2566.0,1008.5],[2564.0,1008.5],[2563.0,1008.5],[2561.0,1008.5],[2559.0,1008.5],[2557.0,1008.5],[2555.0,1008.5],[2553.0,1008.5],[2551.5,1009.0],[2550.0,1009.5],[2548.5,1010.0],[2547.0,1010.5],[2545.0,1010.5],[2543.0,1010.5],[2541.0,1010.5],[2539.5,1010.0],[2538.0,1009.5],[2536.0,1009.5],[2534.0,1009.5],[2532.0,1009.5],[2530.0,1009.5],[2528.0,1009.5],[2527.0,1010.5],[2525.0,1010.5],[2524.0,1011.5],[2522.0,1011.5],[2521.0,1012.5],[2519.0,1012.5],[2517.0,1012.5],[2515.0,1012.5],[2513.0,1012.5],[2511.0,1012.5],[2509.0,1012.5],[2507.0,1012.5],[2506.0,1012.5],[2504.0,1012.5],[2502.0,1012.5],[2500.0,1012.5],[2498.0,1012.5],[2496.0,1012.5],[2494.0,1012.5],[2492.0,1012.5],[2490.0,1012.5],[2488.5,1013.0],[2487.0,1013.5],[2485.0,1013.5],[2483.0,1013.5],[2482.0,1014.5],[2480.0,1014.5],[2478.0,1014.5],[2476.0,1014.5],[2475.0,1013.5],[2473.0,1013.5],[2471.0,1013.5],[2469.0,1013.5],[2468.0,1014.5],[2466.5,1015.0],[2465.0,1015.5],[2463.0,1015.5],[2461.0,1015.5],[2459.5,1016.0],[2458.0,1016.5],[2457.0,1015.5],[2455.0,1015.5],[2453.0,1015.5],[2451.0,1015.5],[2450.0,1015.5],[2448.0,1015.5],[2446.0,1015.5],[2444.0,1015.5],[2442.0,1015.5],[2440.0,1015.5],[2438.0,1015.5],[2437.0,1016.5],[2435.0,1016.5],[2434.0,1017.5],[2432.0,1017.5],[2431.0,1016.5],[2429.0,1016.5],[2427.0,1016.5],[2425.0,1016.5],[2423.5,1016.0],[2422.0,1015.5],[2420.0,1015.5],[2418.0,1015.5],[2417.0,1016.5],[2415.0,1016.5],[2414.0,1017.5],[2412.0,1017.5],[2410.5,1018.0],[2409.0,1018.5],[2407.0,1018.5],[2405.0,1018.5],[2403.0,1018.5],[2401.0,1018.5],[2399.0,1018.5],[2397.0,1018.5],[2395.5,1019.0]]","[[243046.1426239,431251.57402802,85.57097292],[243046.14213562,431251.57429504,85.57047939],[243046.1413784,431251.57530212,85.56998539],[243046.14039993,431251.57583618,85.56899929],[243046.13986397,431251.57732391,85.56899691],[243046.13910675,431251.57833099,85.56850338],[243046.13834953,431251.57933807,85.56800938],[243046.13879204,431251.58029938,85.56899309],[243046.13825607,431251.58178711,85.56899071],[243046.13727951,431251.58231354,85.56800508],[243046.13674355,431251.5838089,85.56800318],[243046.13576698,431251.58433533,85.56701851],[243046.13523102,431251.58582306,85.56701612],[243046.13425446,431251.58634949,85.56603193],[243046.1337204,431251.58783722,85.56603003],[243046.13274384,431251.58836365,85.56504583],[243046.13220978,431251.58985138,85.56504345],[243046.13167381,431251.59133911,85.56504154],[243046.13211441,431251.59230042,85.56602335],[243046.13157845,431251.59378815,85.56602144],[243046.13104248,431251.59527588,85.56601906],[243046.13050842,431251.59676361,85.56601715],[243046.12997246,431251.59825134,85.56601524],[243046.12943649,431251.59973907,85.56601286],[243046.12890244,431251.60122681,85.56601095],[243046.12836647,431251.60271454,85.56600857],[243046.12783051,431251.60420227,85.56600666],[243046.1282692,431251.60516357,85.56698894],[243046.12773514,431251.60665131,85.56698656],[243046.12817192,431251.60762024,85.56796932],[243046.12861252,431251.60858917,85.56895256],[243046.12807655,431251.6100769,85.56895065],[243046.1282959,431251.61055756,85.56944227],[243046.12824821,431251.61178589,85.56993341],[243046.12771225,431251.61327362,85.56993103],[243046.12717628,431251.61476898,85.56992912],[243046.12642097,431251.61576843,85.56943512],[243046.12566566,431251.61677551,85.56894112],[243046.1251297,431251.61826324,85.56893873],[243046.12459373,431251.61975098,85.56893682],[243046.12405777,431251.62123871,85.56893444],[243046.12330437,431251.62224579,85.56844091],[243046.12232971,431251.62275696,85.56745577],[243046.12135696,431251.62327576,85.5664711],[243046.12038612,431251.62379456,85.56548738],[243046.11919594,431251.62382507,85.564013],[243046.11963081,431251.62479401,85.56499433],[243046.11909676,431251.62628174,85.56499195],[243046.11856079,431251.62776947,85.56499004],[243046.11899757,431251.62874603,85.56597185],[243046.11846161,431251.63022614,85.56596947],[243046.11889839,431251.6312027,85.56695175],[243046.11836433,431251.63269043,85.56694984],[243046.11880112,431251.63365936,85.56793261],[243046.11782837,431251.63417816,85.56694746],[243046.1172924,431251.63566589,85.56694555],[243046.11675835,431251.63715363,85.56694365],[243046.11622238,431251.63864136,85.56694126],[243046.11546898,431251.63964081,85.56644821],[243046.11471558,431251.64064026,85.56595468],[243046.11417961,431251.64212799,85.56595278],[243046.11364555,431251.64361572,85.56595087],[243046.11310959,431251.64510345,85.56594849],[243046.11235619,431251.64610291,85.56545544],[243046.11187172,431251.6463623,85.56496382],[243046.11090279,431251.64687347,85.5639801],[243046.11036873,431251.64835358,85.56397867],[243046.1108017,431251.64933014,85.56495953],[243046.11123657,431251.6503067,85.56594133],[243046.11070061,431251.65179443,85.56593895],[243046.10973167,431251.6523056,85.56495523],[243046.10919571,431251.65379333,85.56495333],[243046.10822868,431251.6543045,85.56397009],[243046.10747528,431251.65530396,85.56347752],[243046.10672379,431251.65629578,85.56298494],[243046.1059742,431251.65729523,85.56249285],[243046.1052227,431251.65829468,85.56200075],[243046.10565567,431251.65927124,85.56298113],[243046.10511971,431251.66075897,85.56297874],[243046.10506821,431251.6619873,85.56346798],[243046.10501862,431251.66322327,85.56395721],[243046.10448265,431251.664711,85.56395531],[243046.10394859,431251.6661911,85.5639534],[243046.10341263,431251.66767883,85.56395102],[243046.10385132,431251.66866302,85.56493378],[243046.10269356,431251.66868591,85.5634675],[243046.1015377,431251.6687088,85.5620017],[243046.10104179,431251.67021179,85.56201076],[243046.10054588,431251.67170715,85.56201935],[243046.10004997,431251.67321014,85.56202793],[243046.09955597,431251.67470551,85.56203651],[243046.09906006,431251.6762085,85.5620451],[243046.09812546,431251.67671967,85.5610714],[243046.09762955,431251.67822266,85.56107998],[243046.09713364,431251.67971802,85.56108904],[243046.09663773,431251.68122101,85.56109762],[243046.09638977,431251.68196869,85.56110191],[243046.09589386,431251.68346405,85.56111002],[243046.09586525,431251.68470764,85.56160545],[243046.0956192,431251.68545532,85.56161022],[243046.09490395,431251.6864624,85.56112766],[243046.09487534,431251.68770599,85.56162262],[243046.09484673,431251.68894958,85.56211853],[243046.09435081,431251.69045258,85.56212711],[243046.0938549,431251.69194794,85.5621357],[243046.09335899,431251.69345093,85.56214428],[243046.09264374,431251.69445801,85.56166172],[243046.09192848,431251.69545746,85.56117916],[243046.09143448,431251.69696045,85.56118774],[243046.09093857,431251.69845581,85.56119633],[243046.09000587,431251.69896698,85.5602231],[243046.08950996,431251.70046234,85.56023169],[243046.08857727,431251.70097351,85.55925894],[243046.08764458,431251.70147705,85.55828667],[243046.08671379,431251.70198822,85.55731487],[243046.08600044,431251.70298767,85.55683327],[243046.08528709,431251.70399475,85.55635214],[243046.08479309,431251.70549011,85.55636072],[243046.08429718,431251.70698547,85.5563693],[243046.08473206,431251.70797729,85.5573492],[243046.08470345,431251.70922852,85.55784368],[243046.08467293,431251.71047211,85.55833816],[243046.0851078,431251.71146393,85.55931902],[243046.08461189,431251.71295929,85.5593276],[243046.08411789,431251.71446228,85.55933619],[243046.08362198,431251.71595764,85.55934477],[243046.08312607,431251.71746063,85.55935335],[243046.08263016,431251.71895599,85.55936193],[243046.0823822,431251.7197113,85.55936623],[243046.08188629,431251.72120667,85.55937481],[243046.08185577,431251.72245789,85.55986977],[243046.08182526,431251.72370148,85.5603652],[243046.08179474,431251.7249527,85.56086016],[243046.08176613,431251.72620392,85.56135559],[243046.08126831,431251.72769928,85.56136417],[243046.08077431,431251.72920227,85.56137276],[243046.0802784,431251.73069763,85.56138134],[243046.07978249,431251.73220062,85.56138992],[243046.07906914,431251.73320007,85.56090784],[243046.07835579,431251.73419952,85.56042528],[243046.07785988,431251.73570251,85.56043386],[243046.07829285,431251.73670197,85.56141615],[243046.07779694,431251.73820496,85.56142473],[243046.07730103,431251.73970032,85.56143331],[243046.0777359,431251.7407074,85.5624156],[243046.07723999,431251.74220276,85.56242466],[243046.07767487,431251.74320984,85.56340742],[243046.07717705,431251.7447052,85.563416],[243046.07668114,431251.74620819,85.56342506],[243046.07618523,431251.74771118,85.56343365],[243046.07568932,431251.74921417,85.56344223],[243046.07612228,431251.75021362,85.56442594],[243046.07562637,431251.75171661,85.56443453],[243046.07513046,431251.7532196,85.56444311],[243046.07463264,431251.7547226,85.56445169],[243046.07413673,431251.75622559,85.56446028],[243046.07457161,431251.75723267,85.56544447],[243046.07407379,431251.75873566,85.56545353],[243046.07357788,431251.76023102,85.56546211],[243046.07308197,431251.76173401,85.5654707],[243046.07283211,431251.76248932,85.56547499],[243046.0723362,431251.76399231,85.56548405],[243046.07184029,431251.7654953,85.56549263],[243046.07134247,431251.76699829,85.56550121],[243046.07084656,431251.76849365,85.5655098],[243046.07035065,431251.76999664,85.56551838],[243046.0696373,431251.77099609,85.56503487],[243046.06892395,431251.77199554,85.56455135],[243046.0682106,431251.77298737,85.56406784],[243046.06749916,431251.77398682,85.5635848],[243046.06700325,431251.77548981,85.56359386],[243046.06650734,431251.7769928,85.56360245],[243046.06601143,431251.77849579,85.56361151],[243046.06598091,431251.77975464,85.56410837],[243046.06594849,431251.78100586,85.56460476],[243046.06545258,431251.78250885,85.56461382],[243046.06495667,431251.78401184,85.5646224],[243046.06446075,431251.78551483,85.56463146],[243046.06396484,431251.78701782,85.56464004],[243046.06346893,431251.78852081,85.5646491],[243046.06254196,431251.78900909,85.5636735],[243046.06204605,431251.79051208,85.56368256],[243046.06112099,431251.79100037,85.5627079],[243046.06062508,431251.79250336,85.56271696],[243046.0596981,431251.79298401,85.56174231],[243046.05920219,431251.794487,85.56175089],[243046.05870628,431251.79598999,85.56175995],[243046.05821609,431251.79749298,85.56176996],[243046.05784225,431251.79904175,85.56181335],[243046.05747032,431251.80059814,85.56185627],[243046.05709839,431251.80214691,85.56189966],[243046.05672455,431251.80369568,85.56194258],[243046.05653954,431251.80447388,85.56196451],[243046.0561676,431251.80602264,85.56200743],[243046.05579376,431251.80757141,85.56205082],[243046.05542183,431251.80912781,85.56209373],[243046.05504799,431251.81067657,85.56213713],[243046.05467606,431251.81223297,85.56218004],[243046.05430222,431251.81378174,85.56222343],[243046.05393028,431251.81533051,85.56226683],[243046.05355835,431251.8168869,85.56230974],[243046.05294418,431251.81791687,85.56185389],[243046.05233002,431251.81894684,85.56139803],[243046.05195808,431251.82050323,85.56144094],[243046.05158424,431251.822052,85.56148434],[243046.05073166,431251.82256317,85.56052923],[243046.05035782,431251.82411194,85.56057262],[243046.04998589,431251.82566833,85.56061554],[243046.04961205,431251.8272171,85.56065893],[243046.0500927,431251.82826233,85.56165695],[243046.04971886,431251.82981873,85.56169987],[243046.04934502,431251.83137512,85.56174326],[243046.04897308,431251.83292389,85.56178665],[243046.04811859,431251.83343506,85.56083107],[243046.04750633,431251.8344574,85.56037521],[243046.04689407,431251.83548737,85.55991983],[243046.04652023,431251.83704376,85.55996275],[243046.04614639,431251.83860016,85.56000566],[243046.04553413,431251.83963013,85.55954981],[243046.04491997,431251.84065247,85.55909395],[243046.04539871,431251.84170532,85.56009197],[243046.04502678,431251.84326172,85.56013489],[243046.04465294,431251.84481049,85.5601778],[243046.0442791,431251.84636688,85.56022119],[243046.04409218,431251.84714508,85.56024265],[243046.04371834,431251.84870148,85.56028557],[243046.0433445,431251.85025787,85.56032896],[243046.04297066,431251.85181427,85.56037188],[243046.04259682,431251.85337067,85.56041527],[243046.04222488,431251.85491943,85.56045818],[243046.04184914,431251.85647583,85.56050158],[243046.04099846,431251.85697937,85.55954599],[243046.04062462,431251.85853577,85.55958891],[243046.03977203,431251.85903168,85.55863428],[243046.03939819,431251.86058807,85.5586772],[243046.03987694,431251.86164856,85.55967522],[243046.0395031,431251.86320496,85.55971861],[243046.03912735,431251.86476135,85.55976152],[243046.03875351,431251.86631775,85.55980444],[243046.03880692,431251.86762238,85.56032562],[243046.03885841,431251.868927,85.56084681],[243046.03848457,431251.87049103,85.56088972],[243046.03810883,431251.87204742,85.56093311],[243046.03725815,431251.87254333,85.55997705],[243046.0368824,431251.87409973,85.56001997],[243046.03603172,431251.87459564,85.55906439],[243046.03565788,431251.87615204,85.55910778],[243046.03504562,431251.87718201,85.55865145],[243046.03443336,431251.87821198,85.55819559],[243046.03405762,431251.87976837,85.55823851],[243046.03368378,431251.88132477,85.55828142],[243046.03330994,431251.88288116,85.55832434],[243046.03293419,431251.88443756,85.55836725],[243046.03256035,431251.88599396,85.55841017],[243046.03218651,431251.88755798,85.55845356],[243046.03157425,431251.88858032,85.55799723]]",dji_pose_mesh_ray_contour_nodes,
8,8,1,CRC,2904.375,1001.875,2900,1001,2911,1004,11,3,24,243046.16140366,431251.50765991,85.57030058,dji_pose_mesh_ray_centroid,True,True,1219946,3.050027,warp,,2904.375,1001.875,1,1,1.0,1,3.050027,3.050027,7,7,1.0,"[[2910.0,1001.5],[2909.0,1001.5],[2908.5,1002.0],[2908.0,1002.5],[2907.0,1002.5],[2906.0,1002.5],[2905.5,1003.0]]","[[243046.16330338,431251.50358582,85.57071018],[243046.16302109,431251.50432587,85.57070494],[243046.16246414,431251.50458527,85.57019472],[243046.1619072,431251.50483704,85.56968403],[243046.16162491,431251.50557709,85.56967926],[243046.16134071,431251.50631714,85.56967401],[243046.16078377,431251.50656891,85.5691638]]",dji_pose_mesh_ray_contour_nodes,
9,9,1,CRC,2845.1667,1002.8333,2844,1002,2847,1005,3,3,6,243046.14833069,431251.55250549,85.57023621,dji_pose_mesh_ray_centroid,True,True,1219995,3.049729,warp,,2845.1667,1002.8333,1,1,1.0,1,3.049729,3.049729,2,2,1.0,"[[2844.0,1002.5],[2844.5,1002.0]]","[[243046.1484127,431251.55348969,85.57060671],[243046.14885902,431251.55321503,85.57108736]]",dji_pose_mesh_ray_contour_nodes,
10,10,1,CRC,4313.649,1038.0857,4275,1032,4354,1046,79,14,490,243046.47327805,431250.462883,85.5278697,dji_pose_mesh_ray_centroid,True,True,1220259,3.249675,warp,,4313.649,1038.0857,1,1,1.0,1,3.249675,3.249675,83,83,1.0,"[[4283.5,1032.0],[4284.0,1032.5],[4285.0,1032.5],[4286.0,1032.5],[4287.0,1032.5],[4288.0,1032.5],[4289.0,1032.5],[4290.0,1032.5],[4291.0,1032.5],[4292.0,1032.5],[4293.0,1032.5],[4294.0,1032.5],[4295.0,1032.5],[4296.0,1032.5],[4297.0,1032.5],[4298.0,1032.5],[4299.0,1032.5],[4300.0,1032.5],[4301.0,1032.5],[4302.0,1032.5],[4303.0,1032.5],[4304.0,1032.5],[4305.0,1032.5],[4306.0,1032.5],[4307.0,1032.5],[4308.0,1032.5],[4308.5,1033.0],[4309.0,1033.5],[4310.0,1033.5],[4311.0,1033.5],[4311.5,1034.0],[4312.0,1034.5],[4313.0,1034.5],[4313.5,1035.0],[4314.0,1035.5],[4315.0,1035.5],[4315.5,1036.0],[4316.0,1036.5],[4317.0,1036.5],[4318.0,1036.5],[4319.0,1036.5],[4320.0,1036.5],[4321.0,1036.5],[4322.0,1036.5],[4322.5,1037.0],[4323.0,1037.5],[4323.5,1038.0],[4324.0,1038.5],[4325.0,1038.5],[4326.0,1038.5],[4327.0,1038.5],[4327.5,1038.0],[4328.0,1037.5],[4329.0,1037.5],[4330.0,1037.5],[4331.0,1037.5],[4332.0,1037.5],[4333.0,1037.5],[4334.0,1037.5],[4335.0,1037.5],[4336.0,1037.5],[4337.0,1037.5],[4338.0,1037.5],[4339.0,1037.5],[4340.0,1037.5],[4341.0,1037.5],[4342.0,1037.5],[4343.0,1037.5],[4344.0,1037.5],[4345.0,1037.5],[4345.5,1037.0],[4346.0,1036.5],[4346.5,1037.0],[4347.0,1037.5],[4348.0,1037.5],[4349.0,1037.5],[4350.0,1037.5],[4350.5,1038.0],[4351.0,1038.5],[4352.0,1038.5],[4352.5,1039.0],[4352.5,1040.0],[4353.0,1040.5]]","[[243046.47036171,431250.48455811,85.53372812],[243046.47012711,431250.48421478,85.53325462],[243046.47036743,431250.48348999,85.53325033],[243046.47060776,431250.48275757,85.53324556],[243046.47084808,431250.48202515,85.53324127],[243046.47108841,431250.48129272,85.53323698],[243046.47132874,431250.48056793,85.53323221],[243046.47156906,431250.47983551,85.53322792],[243046.47180748,431250.47910309,85.53322363],[243046.47204781,431250.47837067,85.53321886],[243046.47228813,431250.47764587,85.53321457],[243046.47252846,431250.47691345,85.53321028],[243046.47276878,431250.47618103,85.53320599],[243046.47300911,431250.47544861,85.53320122],[243046.47324944,431250.47472382,85.53319693],[243046.47348976,431250.47399139,85.53319263],[243046.47373009,431250.47325897,85.53318787],[243046.47397041,431250.47252655,85.53318357],[243046.47420883,431250.47180176,85.53317928],[243046.47445107,431250.47106934,85.53317499],[243046.47468948,431250.47033691,85.53317022],[243046.47492981,431250.46960449,85.53316593],[243046.47517014,431250.4688797,85.53316164],[243046.47541046,431250.46814728,85.53315687],[243046.47565079,431250.46741486,85.53315258],[243046.47589111,431250.46669006,85.53314829],[243046.4756546,431250.46634674,85.53267527],[243046.47542,431250.46601105,85.53220224],[243046.47566032,431250.46528625,85.53219795],[243046.47589874,431250.46455383,85.53219318],[243046.47566414,431250.46421814,85.53172064],[243046.47542763,431250.46388245,85.53124762],[243046.47566795,431250.46315002,85.53124332],[243046.47543335,431250.46281433,85.53077078],[243046.47519875,431250.46247864,85.53029823],[243046.47543907,431250.46174622,85.53029394],[243046.47520256,431250.46141052,85.5298214],[243046.47496796,431250.46107483,85.52934933],[243046.47520638,431250.46035004,85.52934456],[243046.4754467,431250.45961761,85.52934027],[243046.47568703,431250.45889282,85.52933598],[243046.47592735,431250.4581604,85.52933168],[243046.47616768,431250.45742798,85.52932739],[243046.4764061,431250.45670319,85.52932262],[243046.47617149,431250.45636749,85.52885056],[243046.47593498,431250.4560318,85.52837849],[243046.47570038,431250.45569611,85.52790689],[243046.47546577,431250.45536041,85.52743483],[243046.4757061,431250.45463562,85.52743053],[243046.47594452,431250.4539032,85.52742577],[243046.47618484,431250.45317078,85.52742195],[243046.47665977,431250.45278168,85.52788925],[243046.4771347,431250.45238495,85.52835655],[243046.47737503,431250.45165253,85.52835226],[243046.47761536,431250.45092773,85.52834797],[243046.47785378,431250.45019531,85.5283432],[243046.4780941,431250.44946289,85.52833891],[243046.47833443,431250.4487381,85.52833462],[243046.47857285,431250.44800568,85.52833033],[243046.47881317,431250.44728088,85.52832556],[243046.4790535,431250.44654846,85.52832127],[243046.47929192,431250.44581604,85.52831697],[243046.47953224,431250.44509125,85.52831268],[243046.47977257,431250.44435883,85.52830791],[243046.48001289,431250.44363403,85.52830362],[243046.48025131,431250.44290161,85.52829933],[243046.48049164,431250.44217682,85.52829504],[243046.48073196,431250.4414444,85.52829075],[243046.48097038,431250.44071198,85.52828598],[243046.48121071,431250.43998718,85.52828169],[243046.48168755,431250.43959045,85.52874947],[243046.48216248,431250.43919373,85.52921677],[243046.48192596,431250.43885803,85.5287447],[243046.48169136,431250.43852997,85.52827311],[243046.48192978,431250.43779755,85.52826881],[243046.4821701,431250.43706512,85.52826405],[243046.48241043,431250.43634033,85.52825975],[243046.48217392,431250.43600464,85.52778768],[243046.48193741,431250.43567657,85.52731609],[243046.48217773,431250.43494415,85.5273118],[243046.48194122,431250.43461609,85.52684021],[243046.48122978,431250.43467712,85.52590179],[243046.48099518,431250.43434906,85.52543068]]",dji_pose_mesh_ray_contour_nodes,
11,11,1,CRC,2764.4062,2965.3281,2758,2963,2772,2969,14,6,64,243045.19365311,431251.31686401,84.27751064,dji_pose_mesh_ray_centroid,True,True,1220089,2.036556,warp,,2764.4062,2965.3281,1,1,1.0,1,2.036556,2.036556,9,9,1.0,"[[2763.5,2968.0],[2763.0,2967.5],[2762.0,2967.5],[2761.0,2967.5],[2760.5,2967.0],[2760.0,2966.5],[2759.0,2966.5],[2758.5,2966.0],[2758.0,2965.5]]","[[243045.19265747,431251.31705475,84.27633238],[243045.19273186,431251.31735229,84.27655125],[243045.19256401,431251.31785583,84.27654886],[243045.19239426,431251.31835175,84.27654695],[243045.19246864,431251.31865692,84.27676582],[243045.19254303,431251.31895447,84.27698469],[243045.19237328,431251.31945801,84.27698231],[243045.19244766,431251.31975555,84.27720165],[243045.19252205,431251.3200531,84.27742052]]",dji_pose_mesh_ray_contour_nodes,
12,1,3,SPL,1443.5426,8.5799,1291,0,1612,24,321,24,4480,243046.57299614,431253.20296478,86.85947323,dji_pose_mesh_ray_centroid,True,True,1219834,4.582799,warp,,1443.5426,8.5799,1,1,1.0,1,4.582799,4.582799,245,245,1.0,"[[1611.0,4.5],[1610.0,4.5],[1609.5,5.0],[1609.0,5.5],[1608.0,5.5],[1607.0,5.5],[1606.0,5.5],[1605.0,5.5],[1604.5,6.0],[1604.0,6.5],[1603.0,6.5],[1602.5,7.0],[1602.0,7.5],[1601.0,7.5],[1600.0,7.5],[1599.5,8.0],[1599.0,8.5],[1598.0,8.5],[1597.0,8.5],[1596.0,8.5],[1595.0,8.5],[1594.0,8.5],[1593.0,8.5],[1592.5,9.0],[1592.0,9.5],[1591.0,9.5],[1590.0,9.5],[1589.0,9.5],[1588.0,9.5],[1587.0,9.5],[1586.0,9.5],[1585.0,9.5],[1584.0,9.5],[1583.0,9.5],[1582.0,9.5],[1581.0,9.5],[1580.0,9.5],[1579.0,9.5],[1578.0,9.5],[1577.0,9.5],[1576.0,9.5],[1575.0,9.5],[1574.0,9.5],[1573.0,9.5],[1572.0,9.5],[1571.0,9.5],[1570.0,9.5],[1569.0,9.5],[1568.0,9.5],[1567.0,9.5],[1566.0,9.5],[1565.5,9.0],[1565.0,8.5],[1564.0,8.5],[1563.0,8.5],[1562.5,8.0],[1562.0,7.5],[1561.0,7.5],[1560.0,7.5],[1559.0,7.5],[1558.0,7.5],[1557.0,7.5],[1556.5,7.0],[1556.0,6.5],[1555.0,6.5],[1554.0,6.5],[1553.5,7.0],[1553.0,7.5],[1552.0,7.5],[1551.0,7.5],[1550.0,7.5],[1549.0,7.5],[1548.0,7.5],[1547.0,7.5],[1546.0,7.5],[1545.0,7.5],[1544.0,7.5],[1543.0,7.5],[1542.0,7.5],[1541.0,7.5],[1540.5,8.0],[1540.0,8.5],[1539.0,8.5],[1538.5,8.0],[1538.0,7.5],[1537.0,7.5],[1536.0,7.5],[1535.5,8.0],[1535.5,9.0],[1535.5,10.0],[1535.5,11.0],[1535.5,12.0],[1535.0,12.5],[1534.0,12.5],[1533.0,12.5],[1532.0,12.5],[1531.0,12.5],[1530.0,12.5],[1529.0,12.5],[1528.0,12.5],[1527.0,12.5],[1526.0,12.5],[1525.5,12.0],[1525.0,11.5],[1524.0,11.5],[1523.0,11.5],[1522.0,11.5],[1521.0,11.5],[1520.0,11.5],[1519.0,11.5],[1518.0,11.5],[1517.0,11.5],[1516.0,11.5],[1515.0,11.5],[1514.0,11.5],[1513.0,11.5],[1512.5,12.0],[1512.0,12.5],[1511.0,12.5],[1510.0,12.5],[1509.5,13.0],[1509.0,13.5],[1508.0,13.5],[1507.0,13.5],[1506.0,13.5],[1505.5,14.0],[1505.0,14.5],[1504.0,14.5],[1503.0,14.5],[1502.5,15.0],[1502.0,15.5],[1501.0,15.5],[1500.0,15.5],[1499.0,15.5],[1498.0,15.5],[1497.5,16.0],[1497.0,16.5],[1496.5,17.0],[1496.0,17.5],[1495.0,17.5],[1494.5,18.0],[1494.0,18.5],[1493.0,18.5],[1492.0,18.5],[1491.0,18.5],[1490.0,18.5],[1489.0,18.5],[1488.0,18.5],[1487.0,18.5],[1486.0,18.5],[1485.0,18.5],[1484.0,18.5],[1483.0,18.5],[1482.0,18.5],[1481.0,18.5],[1480.0,18.5],[1479.0,18.5],[1478.0,18.5],[1477.0,18.5],[1476.0,18.5],[1475.0,18.5],[1474.0,18.5],[1473.0,18.5],[1472.5,18.0],[1472.0,17.5],[1471.0,17.5],[1470.0,17.5],[1469.0,17.5],[1468.5,17.0],[1468.0,16.5],[1467.0,16.5],[1466.0,16.5],[1465.5,16.0],[1465.0,15.5],[1464.0,15.5],[1463.0,15.5],[1462.5,15.0],[1462.0,14.5],[1461.0,14.5],[1460.0,14.5],[1459.5,15.0],[1459.0,15.5],[1458.0,15.5],[1457.0,15.5],[1456.0,15.5],[1455.5,15.0],[1455.0,14.5],[1454.0,14.5],[1453.0,14.5],[1452.0,14.5],[1451.5,14.0],[1451.0,13.5],[1450.0,13.5],[1449.0,13.5],[1448.0,13.5],[1447.0,13.5],[1446.0,13.5],[1445.0,13.5],[1444.5,14.0],[1444.0,14.5],[1443.0,14.5],[1442.0,14.5],[1441.0,14.5],[1440.5,15.0],[1440.0,15.5],[1439.0,15.5],[1438.0,15.5],[1437.0,15.5],[1436.0,15.5],[1435.5,16.0],[1435.0,16.5],[1434.0,16.5],[1433.0,16.5],[1432.0,16.5],[1431.0,16.5],[1430.0,16.5],[1429.0,16.5],[1428.5,17.0],[1428.0,17.5],[1427.5,18.0],[1427.0,18.5],[1426.0,18.5],[1425.0,18.5],[1424.5,19.0],[1424.0,19.5],[1423.0,19.5],[1422.0,19.5],[1421.0,19.5],[1420.0,19.5],[1419.5,20.0],[1419.0,20.5],[1418.0,20.5],[1417.0,20.5],[1416.0,20.5],[1415.5,21.0],[1415.0,21.5],[1414.0,21.5],[1413.0,21.5],[1412.0,21.5],[1411.5,22.0],[1411.0,22.5],[1410.0,22.5],[1409.0,22.5],[1408.0,22.5],[1407.5,23.0]]","[[243046.64600563,431253.047966,86.87279034],[243046.64565659,431253.04895782,86.87279224],[243046.64500141,431253.04911804,86.87196827],[243046.64428139,431253.04923248,86.87110329],[243046.64391899,431253.05021667,86.87109566],[243046.64355659,431253.05120087,86.87108803],[243046.6431942,431253.05217743,86.87108135],[243046.6428318,431253.05316162,86.87107372],[243046.64201546,431253.0532074,86.87014866],[243046.64119911,431253.05325317,86.86922455],[243046.64083576,431253.05423737,86.86921692],[243046.64001942,431253.05427551,86.86829281],[243046.63920403,431253.05432129,86.86736965],[243046.63884163,431253.05530548,86.86736202],[243046.63848019,431253.05628967,86.86735439],[243046.63766479,431253.05632782,86.86643124],[243046.6368494,431253.0563736,86.86550808],[243046.63648701,431253.05735779,86.8655014],[243046.63612843,431253.05834198,86.86549473],[243046.63577747,431253.05932617,86.86549473],[243046.63542652,431253.06031799,86.86549473],[243046.63507462,431253.06130219,86.86549377],[243046.63472366,431253.06229401,86.86549282],[243046.63391685,431253.06233978,86.86457539],[243046.63311005,431253.06239319,86.863657],[243046.63275909,431253.06337738,86.86365604],[243046.63240814,431253.0643692,86.86365604],[243046.63205624,431253.06535339,86.86365509],[243046.63170528,431253.06634521,86.86365414],[243046.63135433,431253.06732941,86.86365414],[243046.63100338,431253.06832123,86.86365318],[243046.63065243,431253.06930542,86.86365318],[243046.63030148,431253.07029724,86.86365223],[243046.62995148,431253.07128143,86.86365223],[243046.62959957,431253.07227325,86.86365128],[243046.62918568,431253.07321167,86.86361217],[243046.62876892,431253.07415771,86.86357021],[243046.62835217,431253.07509613,86.86352825],[243046.62793541,431253.07603455,86.86348724],[243046.62751865,431253.07698059,86.86344528],[243046.62710094,431253.07791901,86.86340332],[243046.62668419,431253.07885742,86.86336136],[243046.62626743,431253.07980347,86.86332035],[243046.62585068,431253.08074188,86.86327839],[243046.62543392,431253.0816803,86.86323643],[243046.62501812,431253.08262634,86.86319542],[243046.62460136,431253.08356476,86.86315441],[243046.62418365,431253.08450317,86.86311245],[243046.62376785,431253.08544922,86.86307049],[243046.6233511,431253.08638763,86.86302853],[243046.62293434,431253.08732605,86.86298752],[243046.62325668,431253.08818054,86.86382198],[243046.62357998,431253.0890274,86.8646574],[243046.62316227,431253.08997345,86.86461544],[243046.62274647,431253.09091187,86.86457443],[243046.62306881,431253.09176636,86.86540985],[243046.62339211,431253.09261322,86.86624622],[243046.62297535,431253.09355927,86.86620426],[243046.62255859,431253.09449768,86.8661623],[243046.62214184,431253.0954361,86.86612129],[243046.62172508,431253.09638214,86.86607933],[243046.62130833,431253.09732056,86.86603737],[243046.62163067,431253.09817505,86.86687374],[243046.62195301,431253.09902191,86.86770916],[243046.62153625,431253.09996796,86.86766815],[243046.6211195,431253.10090637,86.86762619],[243046.6203804,431253.10099792,86.86674786],[243046.61964035,431253.10108185,86.86587048],[243046.61922359,431253.10202026,86.86582851],[243046.61880779,431253.10296631,86.86578751],[243046.61839008,431253.10390472,86.86574554],[243046.61797333,431253.10484314,86.86570358],[243046.61755657,431253.10578918,86.86566162],[243046.61714077,431253.1067276,86.86562061],[243046.61672401,431253.10766602,86.86557865],[243046.61630726,431253.10860443,86.86553669],[243046.6158905,431253.10955048,86.86549568],[243046.61547375,431253.11048889,86.86545372],[243046.61505699,431253.11142731,86.86541176],[243046.61464119,431253.11236572,86.86537075],[243046.61390305,431253.11245728,86.86449337],[243046.6131649,431253.1125412,86.86361694],[243046.61274815,431253.11347961,86.86357498],[243046.61306953,431253.11433411,86.8644104],[243046.61339092,431253.1151886,86.86524582],[243046.61297512,431253.11612701,86.86520386],[243046.61255836,431253.11707306,86.8651619],[243046.61182022,431253.11715698,86.86428547],[243046.6107626,431253.11638641,86.86257362],[243046.60970497,431253.11561584,86.86086369],[243046.6086483,431253.11485291,86.8591547],[243046.60759163,431253.11408234,86.85744667],[243046.60685635,431253.11416626,86.85657215],[243046.60644054,431253.11510468,86.85653019],[243046.60602474,431253.11604309,86.85648918],[243046.60560989,431253.11698151,86.85644817],[243046.60519314,431253.11791992,86.85640621],[243046.60477829,431253.11885834,86.8563652],[243046.60436249,431253.11979675,86.85632324],[243046.60394669,431253.12073517,86.85628223],[243046.60353088,431253.12167358,86.85624027],[243046.60311604,431253.122612,86.85619926],[243046.60343456,431253.12346649,86.85703182],[243046.60375404,431253.12432098,86.85786438],[243046.60333824,431253.1252594,86.85782337],[243046.60292339,431253.12619781,86.85778236],[243046.60250759,431253.12713623,86.8577404],[243046.60209179,431253.12807465,86.85769939],[243046.60167599,431253.12901306,86.85765743],[243046.60126114,431253.12995148,86.85761642],[243046.60084534,431253.13088989,86.85757446],[243046.60042953,431253.13182831,86.85753345],[243046.60001373,431253.13276672,86.85749149],[243046.59959888,431253.13370514,86.85745048],[243046.59918308,431253.13464355,86.85740852],[243046.59876823,431253.13558197,86.85736752],[243046.59803391,431253.13566589,86.85649395],[243046.59729958,431253.13574219,86.85561943],[243046.59688473,431253.1366806,86.85557842],[243046.59646893,431253.13761902,86.85553646],[243046.59573555,431253.13770294,86.85466289],[243046.59500313,431253.13778687,86.85379028],[243046.59458733,431253.13871765,86.85374832],[243046.59417343,431253.13965607,86.85370827],[243046.59375763,431253.14059448,86.85366631],[243046.59302521,431253.14067841,86.85279369],[243046.59229374,431253.1407547,86.85192108],[243046.59187794,431253.14169312,86.85187912],[243046.59146309,431253.14263153,86.85183811],[243046.59073067,431253.14271545,86.85096645],[243046.5899992,431253.14279175,86.85009479],[243046.5895853,431253.14373016,86.85005283],[243046.58917046,431253.14466858,86.85001183],[243046.58875561,431253.14559937,86.84997082],[243046.58834171,431253.14653778,86.84992981],[243046.58761024,431253.1466217,86.84905815],[243046.58687973,431253.146698,86.84818745],[243046.58614922,431253.14678192,86.84731674],[243046.5854187,431253.14685822,86.84644604],[243046.58500481,431253.14779663,86.84640503],[243046.58427429,431253.14787292,86.84553432],[243046.58354473,431253.14795685,86.84466457],[243046.58313084,431253.14888763,86.84462357],[243046.58271599,431253.14982605,86.84458256],[243046.58230305,431253.15075684,86.84454155],[243046.5818882,431253.15169525,86.84450054],[243046.5814743,431253.15262604,86.84445953],[243046.58106041,431253.15356445,86.84441853],[243046.58064651,431253.15450287,86.84437752],[243046.58023262,431253.15543365,86.84433556],[243046.57981873,431253.15637207,86.84429455],[243046.57940483,431253.15730286,86.84425449],[243046.57899094,431253.15824127,86.84421349],[243046.57857704,431253.15917206,86.84417248],[243046.57816315,431253.16011047,86.84413052],[243046.57774925,431253.16104126,86.84408951],[243046.57733536,431253.16197968,86.8440485],[243046.57692146,431253.16291809,86.84400749],[243046.57650852,431253.16384888,86.84396648],[243046.57609367,431253.16478729,86.84392548],[243046.57568073,431253.16571808,86.84388447],[243046.57526588,431253.16665649,86.84384346],[243046.57485294,431253.16758728,86.84380245],[243046.5751667,431253.1684494,86.84463024],[243046.57548141,431253.16930389,86.84545898],[243046.57506752,431253.17024231,86.84541798],[243046.57465363,431253.1711731,86.84537697],[243046.57423973,431253.17211151,86.84533596],[243046.57455349,431253.172966,86.8461647],[243046.5748682,431253.17382812,86.84699345],[243046.57445431,431253.17476654,86.84695244],[243046.57404041,431253.17569733,86.84691143],[243046.57435417,431253.17655945,86.84774017],[243046.57466888,431253.17742157,86.84857082],[243046.57425404,431253.17835236,86.84852886],[243046.57384014,431253.17929077,86.84848785],[243046.5741539,431253.18015289,86.84931755],[243046.57446861,431253.18100739,86.85014725],[243046.57405472,431253.1819458,86.85010624],[243046.57363987,431253.18288422,86.85006523],[243046.57291317,431253.18295288,86.84919453],[243046.57218456,431253.18302917,86.84832382],[243046.57177067,431253.18396759,86.84828186],[243046.57135677,431253.18489838,86.84824085],[243046.57094193,431253.18583679,86.84819889],[243046.57125664,431253.18669891,86.84902954],[243046.5715704,431253.18756104,86.84985924],[243046.5711565,431253.18849182,86.84981728],[243046.57074261,431253.18943024,86.84977722],[243046.57032871,431253.19036102,86.84973526],[243046.57064152,431253.19122314,86.85056496],[243046.57095528,431253.19208527,86.85139561],[243046.57054234,431253.19302368,86.8513546],[243046.57012653,431253.19395447,86.85131264],[243046.56971359,431253.19489288,86.85127163],[243046.5692997,431253.1958313,86.85123062],[243046.5688858,431253.19676208,86.85118961],[243046.56847095,431253.1977005,86.85114765],[243046.56774426,431253.19776917,86.85027695],[243046.5670166,431253.19783783,86.84940624],[243046.56660271,431253.19877625,86.84936428],[243046.56618881,431253.19970703,86.84932327],[243046.56577492,431253.20064545,86.84928226],[243046.56504822,431253.20071411,86.84841156],[243046.56432247,431253.20078278,86.84754181],[243046.56390953,431253.20172119,86.8475008],[243046.56349564,431253.20265198,86.84745979],[243046.56308174,431253.20359039,86.84741783],[243046.56266785,431253.20452118,86.84737682],[243046.5619421,431253.20458984,86.84650707],[243046.56121635,431253.20465851,86.84563732],[243046.56090164,431253.20567322,86.8456583],[243046.5606308,431253.20671082,86.84570694],[243046.56035995,431253.20775604,86.84575653],[243046.56008911,431253.20880127,86.84580517],[243046.55981827,431253.2098465,86.84585381],[243046.55954742,431253.21088409,86.8459034],[243046.55885983,431253.21098328,86.84505749],[243046.55817318,431253.21108246,86.84421158],[243046.55748558,431253.21118164,86.84336662],[243046.55679893,431253.21127319,86.84252167],[243046.55652809,431253.21231842,86.84257126],[243046.5562582,431253.21336365,86.8426199],[243046.55557156,431253.21346283,86.84177494],[243046.55488491,431253.21355438,86.84092998],[243046.55461407,431253.21459961,86.84097862],[243046.55434322,431253.21564484,86.84102821],[243046.55407238,431253.21668243,86.84107685],[243046.55380154,431253.21772766,86.84112549],[243046.55311584,431253.21782684,86.84028149],[243046.55243015,431253.2179184,86.83943748],[243046.55215931,431253.21896362,86.83948612],[243046.55188847,431253.22000122,86.83953476],[243046.55161762,431253.22104645,86.8395834],[243046.55093288,431253.22114563,86.83873939],[243046.55024719,431253.22123718,86.83789635],[243046.54997635,431253.22228241,86.83794403],[243046.54970551,431253.22332001,86.83799267],[243046.54943466,431253.22436523,86.83804131],[243046.54875088,431253.22445679,86.83719826],[243046.54806519,431253.22455597,86.83635521],[243046.54779434,431253.22559357,86.83640385],[243046.54752445,431253.22663879,86.83645248],[243046.54725361,431253.22768402,86.83650112],[243046.54656887,431253.22777557,86.83565807]]",dji_pose_mesh_ray_contour_nodes,
13,2,3,SPL,4311.5408,22.2031,4175,0,4454,52,279,52,6938,243047.46403313,431250.38350677,86.79207325,dji_pose_mesh_ray_centroid,True,True,1212316,4.613532,warp,,4311.5408,22.2031,1,1,1.0,1,4.613532,4.613532,207,207,1.0,"[[4290.5,0.0],[4291.0,0.5],[4292.0,0.5],[4293.0,0.5],[4294.0,0.5],[4294.5,1.0],[4295.0,1.5],[4296.0,1.5],[4297.0,1.5],[4298.0,1.5],[4298.5,2.0],[4299.0,2.5],[4300.0,2.5],[4300.5,3.0],[4301.0,3.5],[4301.5,4.0],[4302.0,4.5],[4303.0,4.5],[4304.0,4.5],[4305.0,4.5],[4306.0,4.5],[4307.0,4.5],[4308.0,4.5],[4309.0,4.5],[4310.0,4.5],[4310.5,5.0],[4311.0,5.5],[4312.0,5.5],[4313.0,5.5],[4314.0,5.5],[4315.0,5.5],[4316.0,5.5],[4317.0,5.5],[4318.0,5.5],[4319.0,5.5],[4320.0,5.5],[4320.5,6.0],[4321.0,6.5],[4322.0,6.5],[4323.0,6.5],[4323.5,7.0],[4324.0,7.5],[4325.0,7.5],[4325.5,8.0],[4326.0,8.5],[4327.0,8.5],[4328.0,8.5],[4329.0,8.5],[4330.0,8.5],[4331.0,8.5],[4332.0,8.5],[4333.0,8.5],[4334.0,8.5],[4335.0,8.5],[4336.0,8.5],[4337.0,8.5],[4338.0,8.5],[4339.0,8.5],[4340.0,8.5],[4341.0,8.5],[4342.0,8.5],[4343.0,8.5],[4344.0,8.5],[4345.0,8.5],[4346.0,8.5],[4347.0,8.5],[4347.5,9.0],[4348.0,9.5],[4349.0,9.5],[4350.0,9.5],[4351.0,9.5],[4352.0,9.5],[4353.0,9.5],[4353.5,9.0],[4354.0,8.5],[4354.5,8.0],[4354.5,7.0],[4355.0,6.5],[4355.5,6.0],[4356.0,5.5],[4357.0,5.5],[4358.0,5.5],[4359.0,5.5],[4360.0,5.5],[4360.5,6.0],[4361.0,6.5],[4362.0,6.5],[4363.0,6.5],[4363.5,7.0],[4364.0,7.5],[4365.0,7.5],[4366.0,7.5],[4366.5,8.0],[4367.0,8.5],[4367.5,9.0],[4367.5,10.0],[4367.5,11.0],[4367.5,12.0],[4368.0,12.5],[4369.0,12.5],[4369.5,13.0],[4370.0,13.5],[4370.5,13.0],[4371.0,12.5],[4372.0,12.5],[4373.0,12.5],[4374.0,12.5],[4375.0,12.5],[4376.0,12.5],[4377.0,12.5],[4378.0,12.5],[4379.0,12.5],[4380.0,12.5],[4381.0,12.5],[4382.0,12.5],[4383.0,12.5],[4383.5,13.0],[4384.0,13.5],[4385.0,13.5],[4386.0,13.5],[4387.0,13.5],[4388.0,13.5],[4389.0,13.5],[4390.0,13.5],[4391.0,13.5],[4392.0,13.5],[4393.0,13.5],[4393.5,14.0],[4394.0,14.5],[4395.0,14.5],[4396.0,14.5],[4397.0,14.5],[4397.5,15.0],[4398.0,15.5],[4399.0,15.5],[4400.0,15.5],[4401.0,15.5],[4401.5,16.0],[4402.0,16.5],[4402.5,16.0],[4403.0,15.5],[4404.0,15.5],[4405.0,15.5],[4406.0,15.5],[4407.0,15.5],[4408.0,15.5],[4409.0,15.5],[4410.0,15.5],[4410.5,15.0],[4411.0,14.5],[4412.0,14.5],[4413.0,14.5],[4413.5,14.0],[4414.0,13.5],[4415.0,13.5],[4416.0,13.5],[4417.0,13.5],[4418.0,13.5],[4419.0,13.5],[4420.0,13.5],[4421.0,13.5],[4422.0,13.5],[4422.5,14.0],[4423.0,14.5],[4424.0,14.5],[4425.0,14.5],[4425.5,15.0],[4426.0,15.5],[4426.5,16.0],[4427.0,16.5],[4427.5,17.0],[4427.5,18.0],[4428.0,18.5],[4429.0,18.5],[4429.5,19.0],[4430.0,19.5],[4431.0,19.5],[4432.0,19.5],[4433.0,19.5],[4433.5,20.0],[4434.0,20.5],[4435.0,20.5],[4436.0,20.5],[4436.5,21.0],[4437.0,21.5],[4438.0,21.5],[4438.5,22.0],[4439.0,22.5],[4440.0,22.5],[4441.0,22.5],[4442.0,22.5],[4442.5,23.0],[4443.0,23.5],[4444.0,23.5],[4445.0,23.5],[4446.0,23.5],[4447.0,23.5],[4447.5,24.0],[4448.0,24.5],[4449.0,24.5],[4449.5,25.0],[4450.0,25.5],[4450.5,26.0],[4451.0,26.5],[4451.5,27.0],[4452.0,27.5],[4453.0,27.5]]","[[243047.48780918,431250.4013443,86.8297615],[243047.48726559,431250.40091705,86.82890034],[243047.48760223,431250.39994812,86.82889748],[243047.48793697,431250.39897919,86.82889366],[243047.48827267,431250.39801025,86.82888985],[243047.48773003,431250.39758301,86.82802868],[243047.48718643,431250.39715576,86.82716846],[243047.48752213,431250.39618683,86.82716465],[243047.48785782,431250.39522552,86.82716179],[243047.48819351,431250.39425659,86.82715797],[243047.48765087,431250.39382935,86.82629776],[243047.48710728,431250.3934021,86.8254385],[243047.48744392,431250.39243317,86.82543468],[243047.48690128,431250.39200592,86.82457542],[243047.48635864,431250.39157867,86.82371616],[243047.485816,431250.39115143,86.8228569],[243047.48527431,431250.39072418,86.8219986],[243047.48561001,431250.38976288,86.82199478],[243047.48594379,431250.38879395,86.82199097],[243047.48627949,431250.38783264,86.82198811],[243047.48661518,431250.38686371,86.82198429],[243047.48694992,431250.3859024,86.82198048],[243047.48728561,431250.38493347,86.82197761],[243047.48762131,431250.38396454,86.82197475],[243047.48795605,431250.38300323,86.82197094],[243047.48741341,431250.38257599,86.82111263],[243047.48687172,431250.38214874,86.82025528],[243047.48717308,431250.38118744,86.82023525],[243047.48743916,431250.38022614,86.82019806],[243047.48770428,431250.37927246,86.82016087],[243047.48797035,431250.37831116,86.82012367],[243047.48823547,431250.37734985,86.82008648],[243047.48850155,431250.37638855,86.82004929],[243047.48876667,431250.37543488,86.82001209],[243047.48903179,431250.37447357,86.8199749],[243047.48929787,431250.37351227,86.81993866],[243047.48874092,431250.37309265,86.81907368],[243047.48818398,431250.37267303,86.81820965],[243047.4884491,431250.37171173,86.8181715],[243047.48871517,431250.37075043,86.81813526],[243047.48815823,431250.37033081,86.81727123],[243047.48760223,431250.36991119,86.8164072],[243047.48786831,431250.36894989,86.81637096],[243047.48731232,431250.36853027,86.81550789],[243047.48682785,431250.36810303,86.81467915],[243047.48727417,431250.36712646,86.81472969],[243047.48772049,431250.36615753,86.81478023],[243047.48816681,431250.36518097,86.81483078],[243047.48861313,431250.36420441,86.81488132],[243047.48905945,431250.36323547,86.81493187],[243047.48950577,431250.36225891,86.81498241],[243047.48995209,431250.36128235,86.81503296],[243047.49039936,431250.36031342,86.81508446],[243047.49084473,431250.35933685,86.81513405],[243047.491292,431250.35836029,86.81518459],[243047.49173737,431250.35739136,86.81523514],[243047.49218464,431250.35641479,86.81528568],[243047.49263096,431250.35543823,86.81533718],[243047.49307728,431250.3544693,86.81538773],[243047.4935236,431250.35349274,86.81543732],[243047.49396992,431250.35251617,86.81548786],[243047.49441719,431250.35154724,86.81553936],[243047.49486351,431250.35057068,86.8155899],[243047.49530983,431250.34959412,86.81564045],[243047.49575615,431250.34861755,86.81569099],[243047.49620342,431250.34764862,86.81574154],[243047.49577713,431250.34721375,86.81494141],[243047.49535084,431250.3467865,86.81414127],[243047.49579716,431250.34580994,86.81419182],[243047.49624443,431250.344841,86.81424236],[243047.49669075,431250.34386444,86.81429291],[243047.49713612,431250.34288788,86.81434345],[243047.49758339,431250.34191132,86.814394],[243047.49845695,431250.34136963,86.81524467],[243047.49933052,431250.34082031,86.81609535],[243047.50020504,431250.34027863,86.81694698],[243047.50150681,431250.34015656,86.8185997],[243047.50238132,431250.33960724,86.81945133],[243047.5032568,431250.33905792,86.82030392],[243047.50413227,431250.33851624,86.8211565],[243047.50457954,431250.33753967,86.82120705],[243047.50502682,431250.33656311,86.82125854],[243047.50547504,431250.33558655,86.82130909],[243047.50592232,431250.33460999,86.82135963],[243047.50549316,431250.33418274,86.82055759],[243047.50506496,431250.33375549,86.81975651],[243047.50551319,431250.33277893,86.81980705],[243047.50596046,431250.33180237,86.8198576],[243047.50553226,431250.33137512,86.81905651],[243047.50510406,431250.33094788,86.81825447],[243047.50555134,431250.32997131,86.81830597],[243047.50599861,431250.32899475,86.81835651],[243047.50557041,431250.3285675,86.81755543],[243047.50514126,431250.32814026,86.81675434],[243047.50471401,431250.32771301,86.81595325],[243047.50341129,431250.32784271,86.81430244],[243047.50210857,431250.32796478,86.81265163],[243047.50080872,431250.32808685,86.81100273],[243047.50038147,431250.32765961,86.81020355],[243047.50081253,431250.32668304,86.81024647],[243047.50030231,431250.32626343,86.80940723],[243047.4997921,431250.32585144,86.80856895],[243047.50072479,431250.32529449,86.80944633],[243047.50165749,431250.32473755,86.81032371],[243047.50208092,431250.32376862,86.81036282],[243047.50250244,431250.32279205,86.81040192],[243047.50292683,431250.32182312,86.81044102],[243047.5033493,431250.32085419,86.81048012],[243047.50377178,431250.31987762,86.81051922],[243047.50419426,431250.31890869,86.81055737],[243047.50461674,431250.31793213,86.81059647],[243047.50504112,431250.3169632,86.81063652],[243047.5054636,431250.31598663,86.81067562],[243047.50588512,431250.3150177,86.81071377],[243047.50630856,431250.31404114,86.81075287],[243047.50673103,431250.3130722,86.81079197],[243047.50622082,431250.31265259,86.80995274],[243047.50570869,431250.3122406,86.8091135],[243047.50613213,431250.31126404,86.8091526],[243047.5065546,431250.3102951,86.8091917],[243047.50697708,431250.30931854,86.8092308],[243047.50740051,431250.30834961,86.8092699],[243047.50782299,431250.30737305,86.80930901],[243047.50824642,431250.30640411,86.80934811],[243047.5086689,431250.30542755,86.80938721],[243047.50909233,431250.30445862,86.80942631],[243047.50951385,431250.30348206,86.80946445],[243047.50900269,431250.30307007,86.80862522],[243047.50849152,431250.30265808,86.80778694],[243047.50891399,431250.30168152,86.80782604],[243047.50933647,431250.30071259,86.80786514],[243047.50975895,431250.29973602,86.80790329],[243047.50924873,431250.29932404,86.80706596],[243047.50873661,431250.29891205,86.80622768],[243047.50916004,431250.29794312,86.80626678],[243047.50958252,431250.29696655,86.80630493],[243047.510005,431250.29599762,86.80634403],[243047.50949287,431250.29558563,86.80550575],[243047.5089817,431250.29516602,86.80466843],[243047.50991535,431250.29460907,86.80554485],[243047.51084995,431250.29405212,86.80642223],[243047.51127243,431250.29307556,86.80646038],[243047.51169586,431250.29210663,86.80649948],[243047.51211834,431250.29113007,86.80653858],[243047.51254177,431250.29016113,86.80657768],[243047.51296425,431250.28918457,86.80661678],[243047.51338673,431250.28821564,86.80665493],[243047.5138092,431250.28723907,86.80669403],[243047.51474476,431250.28668213,86.80757141],[243047.51567936,431250.28611755,86.80844879],[243047.51610279,431250.28514862,86.80848789],[243047.51652622,431250.28417206,86.80852699],[243047.51746178,431250.28360748,86.80940437],[243047.51839828,431250.28305054,86.81028271],[243047.51882172,431250.28207397,86.81032276],[243047.51924515,431250.28109741,86.81036186],[243047.51966858,431250.28012848,86.81040001],[243047.52009201,431250.27915192,86.81043911],[243047.52051544,431250.27817535,86.81047821],[243047.52093792,431250.27720642,86.81051731],[243047.52136135,431250.27622986,86.81055641],[243047.52178478,431250.27526093,86.81059551],[243047.52127171,431250.27484894,86.80975628],[243047.52075768,431250.27443695,86.80891705],[243047.52118111,431250.27346802,86.80895615],[243047.52160358,431250.27249146,86.80899429],[243047.52109051,431250.27207947,86.80815506],[243047.52057552,431250.27167511,86.80731678],[243047.52006245,431250.27126312,86.8064785],[243047.51954937,431250.27085114,86.80564022],[243047.51903629,431250.27044678,86.80480194],[243047.51758862,431250.27059937,86.80308819],[243047.51707554,431250.27019501,86.80225086],[243047.51749802,431250.26921844,86.80228996],[243047.51698685,431250.26881409,86.80145359],[243047.51647282,431250.2684021,86.80061626],[243047.51689625,431250.26743317,86.80065536],[243047.51731873,431250.2664566,86.80069447],[243047.51774025,431250.26548767,86.80073261],[243047.51722908,431250.26508331,86.79989624],[243047.516716,431250.26467133,86.79905987],[243047.51713848,431250.26370239,86.79909897],[243047.51756096,431250.26272583,86.79913807],[243047.51704884,431250.26232147,86.7983017],[243047.51653671,431250.26191711,86.79746628],[243047.51695919,431250.26094055,86.79750442],[243047.51644707,431250.26053619,86.79666901],[243047.5159359,431250.26013184,86.79583454],[243047.51635742,431250.2591629,86.79587269],[243047.51677895,431250.25818634,86.79591179],[243047.51720142,431250.25721741,86.79594994],[243047.51669025,431250.25681305,86.79511547],[243047.51617813,431250.25640869,86.79428101],[243047.51660061,431250.25543213,86.79431915],[243047.51702213,431250.2544632,86.79435825],[243047.51744461,431250.25349426,86.7943964],[243047.51786613,431250.2525177,86.79443455],[243047.51735497,431250.25211334,86.79360104],[243047.51684284,431250.25170898,86.79276657],[243047.51726437,431250.25074005,86.79280472],[243047.5167532,431250.25033569,86.79197121],[243047.51624203,431250.24993134,86.79113769],[243047.51573086,431250.24952698,86.79030418],[243047.51521969,431250.24912262,86.78947067],[243047.51470852,431250.24871826,86.78863811],[243047.5141983,431250.2483139,86.78780556],[243047.51461983,431250.24734497,86.78784466]]",dji_pose_mesh_ray_contour_nodes,
14,3,3,SPL,4566.1816,47.0238,4457,0,4658,92,201,92,12755,243047.53636837,431250.14086914,86.76013946,dji_pose_mesh_ray_centroid,True,True,1212321,4.689002,warp,,4566.1816,47.0238,1,1,1.0,1,4.689002,4.689002,224,224,1.0,"[[4603.5,0.0],[4604.0,0.5],[4605.0,0.5],[4606.0,0.5],[4606.5,1.0],[4607.0,1.5],[4607.5,2.0],[4607.5,3.0],[4607.5,4.0],[4607.5,5.0],[4607.5,6.0],[4607.5,7.0],[4607.5,8.0],[4607.5,9.0],[4607.5,10.0],[4607.5,11.0],[4607.5,12.0],[4607.5,13.0],[4607.5,14.0],[4607.5,15.0],[4607.5,16.0],[4607.5,17.0],[4607.5,18.0],[4607.5,19.0],[4607.5,20.0],[4607.5,21.0],[4607.5,22.0],[4607.5,23.0],[4607.5,24.0],[4607.5,25.0],[4607.5,26.0],[4607.5,27.0],[4607.5,28.0],[4607.5,29.0],[4607.5,30.0],[4607.5,31.0],[4607.5,32.0],[4608.0,32.5],[4608.5,33.0],[4609.0,33.5],[4609.5,33.0],[4610.0,32.5],[4611.0,32.5],[4612.0,32.5],[4613.0,32.5],[4613.5,32.0],[4614.0,31.5],[4614.5,31.0],[4615.0,30.5],[4615.5,30.0],[4616.0,29.5],[4616.5,29.0],[4616.5,28.0],[4616.5,27.0],[4616.5,26.0],[4616.5,25.0],[4616.5,24.0],[4617.0,23.5],[4618.0,23.5],[4618.5,23.0],[4619.0,22.5],[4619.5,22.0],[4619.5,21.0],[4620.0,20.5],[4620.5,20.0],[4621.0,19.5],[4622.0,19.5],[4623.0,19.5],[4624.0,19.5],[4624.5,20.0],[4624.5,21.0],[4624.0,21.5],[4623.5,22.0],[4623.5,23.0],[4623.5,24.0],[4623.5,25.0],[4623.5,26.0],[4623.5,27.0],[4623.5,28.0],[4624.0,28.5],[4624.5,29.0],[4625.0,29.5],[4626.0,29.5],[4627.0,29.5],[4628.0,29.5],[4629.0,29.5],[4630.0,29.5],[4630.5,29.0],[4631.0,28.5],[4632.0,28.5],[4633.0,28.5],[4634.0,28.5],[4634.5,28.0],[4634.0,27.5],[4633.5,27.0],[4633.0,26.5],[4632.5,26.0],[4632.5,25.0],[4632.0,24.5],[4631.5,24.0],[4631.5,23.0],[4631.5,22.0],[4631.5,21.0],[4631.5,20.0],[4631.5,19.0],[4631.0,18.5],[4630.5,18.0],[4630.5,17.0],[4630.0,16.5],[4629.5,16.0],[4630.0,15.5],[4630.5,15.0],[4630.5,14.0],[4631.0,13.5],[4631.5,13.0],[4631.5,12.0],[4632.0,11.5],[4633.0,11.5],[4634.0,11.5],[4635.0,11.5],[4635.5,11.0],[4636.0,10.5],[4637.0,10.5],[4638.0,10.5],[4638.5,10.0],[4639.0,9.5],[4640.0,9.5],[4641.0,9.5],[4641.5,10.0],[4642.0,10.5],[4642.5,11.0],[4643.0,11.5],[4643.5,12.0],[4643.5,13.0],[4644.0,13.5],[4644.5,14.0],[4644.5,15.0],[4644.5,16.0],[4645.0,16.5],[4645.5,17.0],[4645.5,18.0],[4646.0,18.5],[4646.5,19.0],[4646.5,20.0],[4646.5,21.0],[4646.5,22.0],[4646.5,23.0],[4646.5,24.0],[4646.5,25.0],[4646.0,25.5],[4645.5,26.0],[4645.5,27.0],[4645.5,28.0],[4645.5,29.0],[4645.5,30.0],[4645.5,31.0],[4645.5,32.0],[4645.5,33.0],[4646.0,33.5],[4646.5,34.0],[4646.5,35.0],[4647.0,35.5],[4647.5,36.0],[4647.5,37.0],[4647.5,38.0],[4647.5,39.0],[4648.0,39.5],[4648.5,40.0],[4648.5,41.0],[4648.0,41.5],[4647.5,42.0],[4647.5,43.0],[4647.5,44.0],[4648.0,44.5],[4648.5,45.0],[4648.5,46.0],[4649.0,46.5],[4650.0,46.5],[4651.0,46.5],[4652.0,46.5],[4652.5,47.0],[4653.0,47.5],[4654.0,47.5],[4654.5,48.0],[4654.5,49.0],[4654.5,50.0],[4655.0,50.5],[4655.5,51.0],[4655.5,52.0],[4655.0,52.5],[4654.5,53.0],[4654.5,54.0],[4654.0,54.5],[4653.5,55.0],[4653.0,55.5],[4652.5,56.0],[4652.5,57.0],[4652.0,57.5],[4651.5,58.0],[4651.5,59.0],[4651.5,60.0],[4651.5,61.0],[4651.0,61.5],[4650.5,62.0],[4650.5,63.0],[4650.5,64.0],[4650.5,65.0],[4650.5,66.0],[4650.5,67.0],[4650.5,68.0],[4651.0,68.5],[4651.5,69.0],[4651.5,70.0],[4651.5,71.0],[4652.0,71.5],[4652.5,72.0],[4653.0,72.5],[4653.5,73.0],[4654.0,73.5],[4654.5,74.0],[4655.0,74.5],[4655.5,75.0],[4656.0,75.5],[4657.0,75.5]]","[[243047.6057148,431250.09687805,86.83481121],[243047.60520744,431250.09648895,86.83397388],[243047.60547352,431250.09552765,86.83393669],[243047.60573959,431250.09457397,86.83390045],[243047.60523224,431250.09418488,86.83306313],[243047.60472393,431250.09380341,86.83222675],[243047.60421658,431250.09341431,86.83139038],[243047.60293484,431250.09360504,86.82975483],[243047.60165501,431250.09378815,86.82812023],[243047.60037422,431250.09397888,86.82648563],[243047.59909534,431250.09416962,86.8248539],[243047.59781742,431250.09435272,86.82322216],[243047.5965395,431250.09454346,86.82159042],[243047.59526348,431250.09472656,86.81996155],[243047.59398651,431250.0949173,86.81833172],[243047.59271145,431250.0951004,86.81670475],[243047.59143734,431250.09529114,86.81507778],[243047.59016418,431250.09547424,86.81345177],[243047.58889008,431250.09566498,86.81182671],[243047.58761787,431250.09584808,86.8102026],[243047.58634758,431250.09603882,86.80857944],[243047.58507633,431250.09622192,86.80695724],[243047.58380604,431250.09640503,86.80533695],[243047.5825367,431250.09659576,86.80371571],[243047.58126831,431250.09677887,86.80209732],[243047.58000088,431250.0969696,86.80047893],[243047.5787344,431250.09715271,86.7988615],[243047.57746792,431250.09733582,86.79724503],[243047.57620239,431250.09752655,86.7956295],[243047.57493782,431250.09770966,86.79401588],[243047.5736742,431250.09789276,86.79240227],[243047.57241058,431250.09807587,86.7907896],[243047.57114887,431250.0982666,86.78917885],[243047.56988716,431250.09844971,86.78756809],[243047.5686264,431250.09863281,86.78595829],[243047.56736565,431250.09881592,86.78434944],[243047.56610584,431250.09900665,86.78274155],[243047.56560898,431250.09861755,86.78192043],[243047.56511211,431250.09823608,86.78110027],[243047.56461525,431250.09785461,86.78027916],[243047.56537724,431250.09729004,86.78106499],[243047.56613827,431250.09672546,86.78184986],[243047.56640339,431250.09577179,86.78181553],[243047.56666851,431250.09482574,86.78178024],[243047.56693172,431250.09387207,86.78174496],[243047.56769371,431250.0933075,86.78252983],[243047.56845665,431250.09273529,86.78331661],[243047.56921959,431250.09217072,86.78410244],[243047.56998062,431250.09159851,86.78488827],[243047.57074356,431250.09103394,86.78567505],[243047.57150745,431250.09046173,86.78646278],[243047.57226944,431250.08989716,86.78724861],[243047.57353115,431250.08970642,86.78885937],[243047.57479477,431250.08952332,86.79047012],[243047.57605839,431250.08933258,86.79208279],[243047.57732296,431250.08914185,86.79369545],[243047.57858753,431250.08895874,86.79530907],[243047.57935333,431250.08838654,86.79609871],[243047.57961845,431250.08743286,86.79606342],[243047.58038425,431250.08686066,86.79685307],[243047.58115005,431250.08629608,86.79764366],[243047.58191586,431250.08572388,86.7984333],[243047.58318329,431250.08553314,86.80004978],[243047.58395004,431250.08496094,86.80084133],[243047.58471775,431250.08438873,86.80163193],[243047.58548355,431250.08382416,86.80242348],[243047.58574963,431250.08287048,86.80238819],[243047.58601475,431250.08191681,86.80235195],[243047.58627987,431250.08096313,86.80231571],[243047.58577728,431250.08058167,86.80148888],[243047.5845089,431250.0807724,86.79987144],[243047.58374214,431250.0813446,86.79908085],[243047.58297539,431250.08191681,86.79829025],[243047.58170891,431250.08210754,86.79667473],[243047.58044243,431250.08229828,86.79506016],[243047.5791769,431250.08248138,86.79344654],[243047.57791233,431250.08267212,86.79183388],[243047.57664776,431250.08286285,86.79022121],[243047.57538509,431250.08305359,86.78861046],[243047.57488537,431250.08267212,86.78778839],[243047.5743866,431250.08229065,86.78696537],[243047.57388878,431250.08190918,86.7861433],[243047.57415295,431250.08096313,86.78610802],[243047.57441807,431250.08000946,86.78607273],[243047.57468224,431250.07906342,86.78603744],[243047.57460213,431250.07816315,86.78584099],[243047.57451344,431250.07727051,86.78564072],[243047.5752306,431250.07670593,86.78640556],[243047.57594872,431250.07614136,86.78717136],[243047.57585907,431250.07524872,86.78697109],[243047.57577038,431250.07434845,86.78677082],[243047.57568073,431250.07345581,86.78656959],[243047.57639885,431250.07289124,86.7873354],[243047.57720661,431250.0732193,86.78830147],[243047.57801533,431250.07355499,86.78926849],[243047.57882404,431250.07388306,86.79023647],[243047.57963276,431250.07421875,86.79120445],[243047.5811615,431250.07398224,86.79294014],[243047.58197212,431250.07431793,86.79390907],[243047.58256149,431250.07468414,86.79477501],[243047.58382797,431250.07449341,86.79638958],[243047.58509636,431250.07430267,86.7980051],[243047.58636379,431250.07410431,86.79962158],[243047.58763313,431250.07391357,86.80123806],[243047.58890247,431250.07372284,86.80285644],[243047.58940506,431250.07410431,86.80368328],[243047.5899086,431250.07447815,86.80451202],[243047.59117889,431250.07428741,86.80613136],[243047.59168243,431250.07466888,86.80696011],[243047.59218597,431250.07505035,86.80778885],[243047.59295464,431250.07447815,86.80858231],[243047.59372425,431250.07390594,86.80937481],[243047.59499741,431250.07370758,86.81099796],[243047.59576797,431250.07313538,86.81179237],[243047.59653759,431250.07256317,86.81258678],[243047.5978117,431250.07237244,86.81421089],[243047.59858227,431250.0717926,86.81500626],[243047.59884834,431250.07083893,86.81497002],[243047.59911442,431250.06988525,86.81493378],[243047.59937859,431250.06893158,86.81489754],[243047.60015011,431250.06835938,86.8156929],[243047.60092163,431250.06777954,86.81648827],[243047.60118675,431250.06682587,86.81645203],[243047.60145283,431250.06587219,86.81641579],[243047.6022234,431250.06529999,86.81721115],[243047.60299492,431250.06472015,86.81800652],[243047.60326099,431250.06376648,86.81797028],[243047.60352707,431250.06281281,86.81793404],[243047.60302067,431250.06243134,86.81710243],[243047.60251427,431250.06204987,86.81627083],[243047.60175896,431250.06171417,86.81532192],[243047.6009407,431250.06137848,86.81434441],[243047.60012341,431250.06105042,86.81336689],[243047.59858227,431250.06128693,86.81161785],[243047.59776688,431250.06095886,86.81064224],[243047.59694958,431250.0606308,86.80966663],[243047.5954113,431250.06086731,86.80792046],[243047.59387302,431250.06110382,86.80617428],[243047.59305859,431250.06077576,86.80520058],[243047.5922451,431250.06044769,86.80422783],[243047.59070969,431250.0606842,86.80248547],[243047.5898962,431250.06035614,86.80151367],[243047.58908272,431250.06002045,86.80054188],[243047.58755112,431250.06026459,86.79880238],[243047.58601856,431250.0605011,86.79706383],[243047.58448696,431250.06073761,86.79532623],[243047.58295727,431250.06097412,86.79359055],[243047.58142853,431250.06121063,86.79185581],[243047.57990074,431250.06144714,86.79012203],[243047.57918262,431250.06201172,86.78935623],[243047.57846451,431250.06257629,86.78859138],[243047.57693863,431250.06281281,86.78685951],[243047.5754137,431250.06304932,86.78512955],[243047.57388973,431250.06328583,86.78340054],[243047.57236862,431250.06352234,86.78167343],[243047.57084656,431250.06375885,86.77994728],[243047.5693264,431250.06398773,86.77822208],[243047.5678072,431250.06422424,86.77649879],[243047.5670042,431250.06389618,86.77553749],[243047.56620121,431250.06356812,86.77457714],[243047.56468391,431250.06380463,86.77285576],[243047.56388187,431250.06347656,86.77189636],[243047.56308079,431250.0631485,86.77093792],[243047.56156635,431250.06338501,86.7692194],[243047.56005287,431250.06362152,86.76750278],[243047.5585413,431250.0638504,86.76578712],[243047.55774117,431250.06352234,86.76483059],[243047.55694199,431250.06319427,86.76387405],[243047.55543232,431250.06343079,86.76216125],[243047.55472088,431250.06399536,86.76140308],[243047.55401039,431250.06455231,86.76064587],[243047.55250168,431250.06478882,86.75893497],[243047.55099487,431250.06502533,86.75722504],[243047.55019855,431250.06469727,86.75627232],[243047.54940319,431250.0643692,86.75532055],[243047.54789925,431250.06460571,86.75361347],[243047.54710388,431250.06427765,86.75266266],[243047.54701805,431250.06338501,86.75246716],[243047.54693222,431250.0625,86.75227165],[243047.54684639,431250.06161499,86.75207615],[243047.54605198,431250.06128693,86.75112534],[243047.54525757,431250.06095886,86.75017643],[243047.54517269,431250.06007385,86.74998093],[243047.54437923,431250.05974579,86.74903202],[243047.54287815,431250.0599823,86.74732971],[243047.54137993,431250.06021881,86.74562931],[243047.54058743,431250.05989075,86.74468136],[243047.53979683,431250.05957031,86.74373436],[243047.53829956,431250.05980682,86.74203682],[243047.53759384,431250.06036377,86.74128437],[243047.53688812,431250.06092072,86.74053287],[243047.53539371,431250.06115723,86.73883724],[243047.53468895,431250.06171417,86.7380867],[243047.53398323,431250.06227875,86.7373352],[243047.53327942,431250.06283569,86.73658562],[243047.53257465,431250.06339264,86.73583507],[243047.53108311,431250.06362915,86.7341423],[243047.53037834,431250.0641861,86.73339272],[243047.52967548,431250.06474304,86.73264313],[243047.52818489,431250.06497192,86.73095226],[243047.52669525,431250.06520844,86.72926235],[243047.52520752,431250.06543732,86.72757435],[243047.52450562,431250.06599426,86.72682667],[243047.52380371,431250.06655121,86.72607899],[243047.52231789,431250.06678772,86.72439289],[243047.52083206,431250.0670166,86.72270775],[243047.51934814,431250.06724548,86.72102356],[243047.51786518,431250.06748199,86.71934128],[243047.51638222,431250.06771088,86.71765995],[243047.51490307,431250.06793976,86.71597958],[243047.51412106,431250.06761932,86.71504497],[243047.51334095,431250.06729126,86.71411037],[243047.5118618,431250.06752014,86.71243286],[243047.51038361,431250.06775665,86.71075535],[243047.50960445,431250.06742859,86.70982361],[243047.50882626,431250.06710052,86.70889091],[243047.50804806,431250.06678009,86.70795917],[243047.50726986,431250.06645203,86.70702839],[243047.50649166,431250.06613159,86.7060976],[243047.50571442,431250.06580353,86.70516682],[243047.50493813,431250.06548309,86.70423698],[243047.50416088,431250.06516266,86.70330715],[243047.50338459,431250.06483459,86.70237827],[243047.50330353,431250.06395721,86.70218945]]",dji_pose_mesh_ray_contour_nodes,
15,4,3,SPL,4488.5495,6.6703,4478,4,4500,10,22,6,91,243047.56001186,431250.20915222,86.82497978,dji_pose_mesh_ray_centroid,True,True,312707,4.729761,warp,,4488.5495,6.6703,1,1,1.0,1,4.729761,4.729761,11,11,1.0,"[[4478.0,7.5],[4478.5,7.0],[4479.0,6.5],[4480.0,6.5],[4480.5,6.0],[4481.0,5.5],[4482.0,5.5],[4482.5,5.0],[4483.0,4.5],[4484.0,4.5],[4484.5,4.0]]","[[243047.55430412,431250.21961975,86.82312965],[243047.55525112,431250.21903992,86.82401371],[243047.55619812,431250.21846771,86.82489777],[243047.55662346,431250.21748352,86.82493782],[243047.55757046,431250.21691132,86.82582188],[243047.55851841,431250.21633148,86.82670689],[243047.55894375,431250.21535492,86.82674599],[243047.55989265,431250.21477509,86.82763195],[243047.56083965,431250.21420288,86.82851696],[243047.5612669,431250.21321869,86.82855701],[243047.56221485,431250.21263885,86.82944298]]",dji_pose_mesh_ray_contour_nodes,
16,5,3,SPL,4752.6154,8.0769,4750,7,4756,10,6,3,13,243047.62709808,431249.95749664,86.81255436,dji_pose_mesh_ray_centroid,True,True,1212362,4.818268,warp,,4752.6154,8.0769,1,1,1.0,1,4.818268,4.818268,3,3,1.0,"[[4750.0,7.5],[4751.0,7.5],[4751.5,7.0]]","[[243047.62682915,431249.95990753,86.8134346],[243047.62728024,431249.95892334,86.8134861],[243047.62829494,431249.95829773,86.81439209]]",dji_pose_mesh_ray_contour_nodes,
17,6,3,SPL,1254.5,20.0,1252,20,1258,21,6,1,6,243046.4996891,431253.38331604,86.84284592,dji_pose_mesh_ray_centroid,True,True,1219808,4.624844,warp,,1254.5,20.0,1,1,1.0,1,4.624844,4.624844,6,6,1.0,"[[1252.0,20.0],[1253.0,20.0],[1254.0,20.0],[1255.0,20.0],[1256.0,20.0],[1257.0,20.0]]","[[243046.49897194,431253.3859024,86.84294414],[243046.49925804,431253.38486481,86.84290504],[243046.49954605,431253.38383484,86.84286594],[243046.49983406,431253.38279724,86.84282684],[243046.50012016,431253.38175964,86.84278774],[243046.50040817,431253.38072968,86.84274864]]",dji_pose_mesh_ray_contour_nodes,
18,7,3,SPL,4614.5,24.0,4614,24,4616,25,2,1,2,243047.57805729,431250.09085846,86.79538059,dji_pose_mesh_ray_centroid,True,True,1212321,4.74767,warp,,4614.5,24.0,1,1,1.0,1,4.74767,4.74767,2,2,1.0,"[[4614.0,24.0],[4615.0,24.0]]","[[243047.57792568,431250.09133911,86.79539871],[243047.5781908,431250.09038544,86.79536343]]",dji_pose_mesh_ray_contour_nodes,
19,8,3,SPL,4665.7,28.5,4661,26,4675,32,14,6,40,243047.57285213,431250.04515839,86.78023052,dji_pose_mesh_ray_centroid,True,True,1212325,4.742949,warp,,4665.7,28.5,1,1,1.0,1,4.742949,4.742949,11,11,1.0,"[[4665.5,26.0],[4666.0,26.5],[4667.0,26.5],[4667.5,27.0],[4668.0,27.5],[4669.0,27.5],[4670.0,27.5],[4671.0,27.5],[4672.0,27.5],[4673.0,27.5],[4674.0,27.5]]","[[243047.57667255,431250.04473114,86.78458405],[243047.5758667,431250.04440308,86.78362083],[243047.57577705,431250.04351044,86.78342056],[243047.57497215,431250.04319,86.7824583],[243047.5741663,431250.04286957,86.78149605],[243047.57407761,431250.04197693,86.78129673],[243047.57398891,431250.04108429,86.78109741],[243047.57389927,431250.04019928,86.78089714],[243047.57381058,431250.03930664,86.78069782],[243047.57372189,431250.03842163,86.78049946],[243047.57363319,431250.03752899,86.78030014]]",dji_pose_mesh_ray_contour_nodes,
20,9,3,SPL,4457.0,29.0,4457,29,4458,30,1,1,1,243047.51414108,431250.24370575,86.78544331,dji_pose_mesh_ray_centroid,True,True,312707,4.66804,warp,,4457.0,29.0,1,1,1.0,1,4.66804,4.66804,1,1,1.0,"[[4457.0,29.0]]","[[243047.51414108,431250.24370575,86.78544331]]",dji_pose_mesh_ray_contour_nodes,
21,10,3,SPL,4455.0,35.5,4455,35,4456,37,1,2,2,243047.50394821,431250.24671173,86.77433109,dji_pose_mesh_ray_centroid,True,True,312707,4.653843,warp,,4455.0,35.5,1,1,1.0,1,4.653843,4.653843,2,2,1.0,"[[4455.0,35.0],[4455.0,36.0]]","[[243047.50466633,431250.24662781,86.77517891],[243047.50323105,431250.24678802,86.77348423]]",dji_pose_mesh_ray_contour_nodes,
22,11,3,SPL,825.4463,51.8469,805,48,847,57,42,9,307,243046.33597374,431253.79103851,86.80018043,dji_pose_mesh_ray_centroid,True,True,1219803,4.747387,warp,,825.4463,51.8469,1,1,1.0,1,4.747387,4.747387,21,21,1.0,"[[846.0,52.5],[845.0,52.5],[844.5,53.0],[844.0,53.5],[843.0,53.5],[842.0,53.5],[841.0,53.5],[840.5,54.0],[840.0,54.5],[839.0,54.5],[838.0,54.5],[837.0,54.5],[836.0,54.5],[835.0,54.5],[834.5,55.0],[834.0,55.5],[833.0,55.5],[832.0,55.5],[831.0,55.5],[830.0,55.5],[829.5,56.0]]","[[243046.34046555,431253.76825714,86.79775906],[243046.34021759,431253.76933289,86.79782295],[243046.33961678,431253.76938629,86.79702187],[243046.33901596,431253.76944733,86.79622078],[243046.33876801,431253.77052307,86.79628563],[243046.33851814,431253.77159882,86.79634953],[243046.33827019,431253.77268219,86.79641533],[243046.33767128,431253.7727356,86.79561424],[243046.33707047,431253.77279663,86.79481316],[243046.33682251,431253.77387238,86.79487705],[243046.33657455,431253.77494812,86.79494286],[243046.33632469,431253.77602386,86.79500675],[243046.33607674,431253.77710724,86.7950716],[243046.33582687,431253.77818298,86.79513645],[243046.33522797,431253.77823639,86.79433536],[243046.33462906,431253.77829742,86.79353523],[243046.3343792,431253.77937317,86.79359913],[243046.33413124,431253.78044891,86.79366398],[243046.33388329,431253.78152466,86.79372883],[243046.33363342,431253.7826004,86.79379272],[243046.33303452,431253.78266144,86.79299259]]",dji_pose_mesh_ray_contour_nodes,
23,12,3,SPL,151.643,139.0601,0,112,271,188,271,76,5442,243046.04188919,431254.37006378,86.66813564,dji_pose_mesh_ray_centroid,True,True,1219766,4.922075,warp,,151.643,139.0601,1,1,1.0,1,4.922075,4.922075,256,256,1.0,"[[270.0,118.5],[269.0,118.5],[268.0,119.5],[267.0,119.5],[266.0,120.5],[265.5,121.0],[264.0,121.5],[263.0,121.5],[261.0,121.5],[260.0,121.5],[259.0,122.5],[258.0,122.5],[256.5,123.0],[256.0,123.5],[254.5,124.0],[254.5,125.0],[254.5,127.0],[255.0,127.5],[255.5,129.0],[255.0,129.5],[254.0,130.5],[253.5,131.0],[253.5,133.0],[253.0,133.5],[251.0,133.5],[249.0,133.5],[248.5,134.0],[247.5,135.0],[247.0,135.5],[246.0,136.5],[245.5,137.0],[244.0,137.5],[243.0,137.5],[241.0,137.5],[240.0,137.5],[238.5,137.0],[238.0,136.5],[236.0,136.5],[235.0,136.5],[233.0,136.5],[232.0,136.5],[231.0,135.5],[230.5,135.0],[229.5,134.0],[229.0,133.5],[227.5,134.0],[227.0,134.5],[225.0,134.5],[223.0,134.5],[222.0,134.5],[220.0,134.5],[219.0,134.5],[217.0,134.5],[216.0,134.5],[214.0,134.5],[213.0,134.5],[212.0,135.5],[211.5,136.0],[210.5,137.0],[210.0,137.5],[208.0,137.5],[207.0,137.5],[205.0,137.5],[204.0,137.5],[203.0,138.5],[202.0,138.5],[201.5,140.0],[201.0,140.5],[199.0,140.5],[198.0,140.5],[196.5,141.0],[195.5,142.0],[195.0,142.5],[193.0,142.5],[192.5,143.0],[191.0,143.5],[190.5,144.0],[189.5,145.0],[189.0,145.5],[188.5,147.0],[188.0,147.5],[187.0,148.5],[186.5,149.0],[185.0,149.5],[184.0,149.5],[183.0,148.5],[182.5,148.0],[181.5,147.0],[181.0,146.5],[179.0,146.5],[178.5,147.0],[177.0,147.5],[176.5,148.0],[175.5,149.0],[174.5,150.0],[174.0,150.5],[172.0,150.5],[171.0,150.5],[170.0,151.5],[169.0,151.5],[167.0,151.5],[166.0,151.5],[164.0,151.5],[163.5,152.0],[162.0,152.5],[161.0,152.5],[159.5,153.0],[159.0,153.5],[157.5,154.0],[157.0,154.5],[155.0,154.5],[154.5,155.0],[153.0,155.5],[152.5,156.0],[151.0,156.5],[150.0,156.5],[148.5,157.0],[147.0,157.5],[146.0,157.5],[144.0,157.5],[143.5,158.0],[142.0,158.5],[141.5,159.0],[140.0,159.5],[139.0,159.5],[137.5,160.0],[137.0,160.5],[135.5,160.0],[135.0,159.5],[133.0,159.5],[132.0,159.5],[131.0,160.5],[130.0,160.5],[129.0,161.5],[128.0,161.5],[126.0,161.5],[125.5,162.0],[124.5,162.0],[124.0,161.5],[122.0,161.5],[121.0,160.5],[120.0,160.5],[118.0,160.5],[117.0,160.5],[115.5,160.0],[115.0,159.5],[113.5,159.0],[113.0,158.5],[111.0,158.5],[110.5,159.0],[109.0,159.5],[108.5,160.0],[107.5,160.0],[107.0,159.5],[105.5,159.0],[105.0,158.5],[103.5,159.0],[103.0,159.5],[102.0,160.5],[101.5,161.0],[100.0,161.5],[99.5,161.0],[98.5,160.0],[97.0,159.5],[96.0,159.5],[95.0,160.5],[94.5,161.0],[94.0,162.5],[93.5,163.0],[93.0,164.5],[92.5,165.0],[91.5,165.0],[91.5,164.0],[90.5,163.0],[90.5,162.0],[89.5,161.0],[89.5,160.0],[88.5,159.0],[88.0,158.5],[86.0,158.5],[85.5,158.0],[84.0,157.5],[83.0,157.5],[81.0,157.5],[80.0,157.5],[78.0,157.5],[77.0,158.5],[76.0,158.5],[74.0,158.5],[73.5,159.0],[72.0,159.5],[71.0,159.5],[70.0,158.5],[69.0,158.5],[67.5,158.0],[67.0,157.5],[65.5,157.0],[65.0,156.5],[63.0,156.5],[62.0,156.5],[60.0,156.5],[59.0,156.5],[57.0,156.5],[56.5,157.0],[56.0,158.5],[55.0,158.5],[53.0,158.5],[52.0,158.5],[50.0,158.5],[49.0,159.5],[48.0,159.5],[46.5,160.0],[46.0,160.5],[45.0,161.5],[44.5,162.0],[43.5,162.0],[43.0,161.5],[41.0,161.5],[40.0,161.5],[38.0,161.5],[37.0,161.5],[35.0,161.5],[34.5,162.0],[33.0,162.5],[32.5,163.0],[31.0,163.5],[30.0,163.5],[28.5,164.0],[28.0,164.5],[26.5,165.0],[26.0,165.5],[24.5,166.0],[23.0,166.5],[22.5,167.0],[21.0,167.5],[20.0,167.5],[19.0,168.5],[18.5,169.0],[17.0,169.5],[16.5,170.0],[15.5,171.0],[15.0,171.5],[14.5,173.0],[14.5,174.0],[14.5,176.0],[14.5,177.0],[13.5,178.0],[13.0,178.5],[11.5,179.0],[11.0,179.5],[10.5,181.0],[10.5,182.0],[10.5,184.0],[10.5,185.0],[9.5,186.0],[8.5,187.0]]","[[243046.09406281,431254.27202606,86.6972475],[243046.09380341,431254.27309418,86.69730377],[243046.09262657,431254.27298737,86.69571114],[243046.09236908,431254.27405548,86.6957674],[243046.09119225,431254.27394867,86.69417572],[243046.09060478,431254.27389526,86.69338036],[243046.08975792,431254.27490234,86.6926403],[243046.08949852,431254.27597046,86.69269657],[243046.08897972,431254.27809906,86.6928072],[243046.08872032,431254.27916718,86.69286346],[243046.08754539,431254.27906036,86.69127369],[243046.0872879,431254.28012848,86.691329],[243046.08644104,431254.28113556,86.6905899],[243046.08585358,431254.28108215,86.68979549],[243046.08500862,431254.28208923,86.68905735],[243046.084095,431254.28091431,86.68741417],[243046.08226967,431254.27857208,86.68413067],[243046.0819416,431254.27745056,86.68328285],[243046.08070374,431254.27516174,86.68079758],[243046.08012009,431254.27510834,86.68000603],[243046.07894897,431254.2749939,86.67842388],[243046.07836533,431254.27494049,86.67763329],[243046.07654762,431254.2726059,86.67436314],[243046.07596397,431254.27255249,86.67357349],[243046.07544708,431254.27467346,86.67368317],[243046.07493019,431254.27680206,86.67379379],[243046.07434654,431254.27674103,86.67300415],[243046.07318115,431254.27663422,86.67142582],[243046.0725975,431254.27658081,86.67063713],[243046.07143402,431254.276474,86.66906071],[243046.07085037,431254.27642059,86.66827297],[243046.07001114,431254.27742767,86.66754055],[243046.06975174,431254.27848816,86.66759491],[243046.06923485,431254.28060913,86.66770363],[243046.06897736,431254.28166962,86.66775894],[243046.06904221,431254.28385162,86.66865635],[243046.06936646,431254.28496552,86.66949844],[243046.06884766,431254.28708649,86.66960812],[243046.06858826,431254.28814697,86.66966248],[243046.06807327,431254.29027557,86.66977215],[243046.06781387,431254.29133606,86.66982651],[243046.06846046,431254.29357147,86.67151451],[243046.06878471,431254.29469299,86.67235756],[243046.0694313,431254.29693604,86.67404652],[243046.06975555,431254.29805756,86.67489147],[243046.06891441,431254.29906464,86.67415619],[243046.06833076,431254.2990036,86.67336655],[243046.06781387,431254.3011322,86.67347622],[243046.06729507,431254.30325317,86.67358589],[243046.06703758,431254.30432129,86.6736412],[243046.06651878,431254.30644989,86.67375088],[243046.06625938,431254.30751038,86.67380524],[243046.06574249,431254.30963898,86.67391586],[243046.06548309,431254.31069946,86.67397022],[243046.06496429,431254.31282806,86.67407989],[243046.0647068,431254.31389618,86.67413521],[243046.06354141,431254.31377411,86.67255497],[243046.06295967,431254.31371307,86.67176628],[243046.0617981,431254.31359863,86.67018795],[243046.06121635,431254.3135376,86.66939926],[243046.06069756,431254.31565857,86.66950798],[243046.06043816,431254.31672668,86.66956329],[243046.05992126,431254.31884766,86.66967297],[243046.05966187,431254.31991577,86.66972733],[243046.05850029,431254.3197937,86.66814995],[243046.05824089,431254.32085419,86.66820526],[243046.05675888,431254.3196106,86.66578674],[243046.05617905,431254.31954956,86.66499901],[243046.05566025,431254.32167816,86.66510773],[243046.05540276,431254.32273865,86.66516304],[243046.05456352,431254.3237381,86.66442966],[243046.05340385,431254.32361603,86.6628561],[243046.05282593,431254.32355499,86.66206932],[243046.05230713,431254.32568359,86.66217804],[243046.0517292,431254.32562256,86.66139126],[243046.05088997,431254.32662201,86.66065979],[243046.05031204,431254.32656097,86.65987396],[243046.04915428,431254.3264389,86.65830231],[243046.04857635,431254.32637787,86.65751648],[243046.04710197,431254.32512665,86.6551075],[243046.04652405,431254.32506561,86.65432358],[243046.0453701,431254.32494354,86.65275478],[243046.04479408,431254.32488251,86.65197182],[243046.04395866,431254.32588196,86.65124226],[243046.04369926,431254.32694244,86.65129662],[243046.04433632,431254.32918549,86.65297127],[243046.04465294,431254.33030701,86.65380955],[243046.0452919,431254.33255768,86.65548706],[243046.04561043,431254.3336792,86.65632629],[243046.04509163,431254.33580017,86.65643501],[243046.0445137,431254.33573914,86.65564918],[243046.04367828,431254.33673859,86.65491867],[243046.04310036,431254.33667755,86.65413475],[243046.04194832,431254.33654785,86.65256596],[243046.04079437,431254.33642578,86.65099907],[243046.04021835,431254.33636475,86.65021515],[243046.03964424,431254.33840942,86.65028572],[243046.03931236,431254.33937073,86.65028858],[243046.03819084,431254.3392868,86.64874363],[243046.03785896,431254.34024811,86.64874744],[243046.03719139,431254.34217072,86.64875412],[243046.03685951,431254.34313202,86.64875793],[243046.03619194,431254.34505463,86.64876461],[243046.03563309,431254.34500885,86.64799213],[243046.03474045,431254.34592438,86.64722443],[243046.03440666,431254.34688568,86.64722729],[243046.03351593,431254.34780121,86.64645958],[243046.03295517,431254.34776306,86.6456871],[243046.03206444,431254.34867859,86.6449194],[243046.03150558,431254.34863281,86.64414787],[243046.03083992,431254.35055542,86.6441555],[243046.03028107,431254.35050964,86.64338493],[243046.02939034,431254.35142517,86.64261723],[243046.02883148,431254.35137939,86.64184666],[243046.02794075,431254.35229492,86.6410799],[243046.02760887,431254.35325623,86.64108372],[243046.02671814,431254.35417175,86.64031696],[243046.02582741,431254.35508728,86.63955116],[243046.02549553,431254.35604858,86.63955402],[243046.02498055,431254.35816956,86.63966274],[243046.02447701,431254.35820007,86.63893032],[243046.02375031,431254.35932922,86.63827419],[243046.02324867,431254.35935211,86.63754177],[243046.02252007,431254.36048889,86.6368866],[243046.02229691,431254.36159515,86.6369648],[243046.02157021,431254.3627243,86.63630867],[243046.02106857,431254.36275482,86.63557625],[243046.02112198,431254.36493683,86.63646316],[243046.02140236,431254.36601257,86.63727188],[243046.02095413,431254.3682251,86.63742638],[243046.02072906,431254.36933136,86.63750362],[243046.01972389,431254.36938477,86.63603878],[243046.01950073,431254.37049103,86.63611603],[243046.01841927,431254.37043762,86.63459969],[243046.01813698,431254.37146759,86.63463688],[243046.0175724,431254.3735199,86.63471317],[243046.01699066,431254.37343597,86.63392639],[243046.01670837,431254.37446594,86.63396358],[243046.01700974,431254.37557983,86.63478851],[243046.01644707,431254.37763214,86.63486385],[243046.01704788,431254.37985992,86.63651371],[243046.01676559,431254.38088989,86.63655186],[243046.01620293,431254.3829422,86.6366272],[243046.01592064,431254.38397217,86.63666439],[243046.01593971,431254.38611603,86.63752842],[243046.01624107,431254.38722992,86.6383543],[243046.01625824,431254.38937378,86.63921738],[243046.0165596,431254.39048767,86.64004421],[243046.01599503,431254.39254761,86.64012051],[243046.01541328,431254.39246368,86.63933182],[243046.01454735,431254.3934021,86.63858128],[243046.0139637,431254.39331818,86.63779354],[243046.01368141,431254.39434814,86.63783073],[243046.01398277,431254.39546204,86.63865662],[243046.01400185,431254.3976059,86.6395216],[243046.01430321,431254.39872742,86.64034748],[243046.01343727,431254.39966583,86.63959694],[243046.01285362,431254.39958191,86.63880825],[243046.01168823,431254.39940643,86.63723183],[243046.01110649,431254.39931488,86.63644409],[243046.01024246,431254.4002533,86.6356945],[243046.01054192,431254.40137482,86.63651943],[243046.01114273,431254.40361023,86.6381712],[243046.0111599,431254.40575409,86.63903522],[243046.01087761,431254.40678406,86.63907337],[243046.00971413,431254.40660858,86.63749695],[243046.00913048,431254.40651703,86.63670921],[243046.00766754,431254.40522003,86.63430881],[243046.0070858,431254.40513611,86.63352203],[243046.00562477,431254.40383911,86.63112545],[243046.00504303,431254.40375519,86.63033867],[243046.00476265,431254.40477753,86.63037682],[243046.00564194,431254.40598297,86.63198662],[243046.00624084,431254.40821838,86.63363552],[243046.00712013,431254.40943146,86.63524723],[243046.00771904,431254.41166687,86.63689804],[243046.00860214,431254.41287231,86.63851261],[243046.00920105,431254.41511536,86.64016533],[243046.00950241,431254.41623688,86.64099216],[243046.00893593,431254.41829681,86.6410675],[243046.00923729,431254.41941833,86.64189529],[243046.00925446,431254.42156982,86.64276123],[243046.00897217,431254.42259979,86.64279842],[243046.00840569,431254.42465973,86.64287472],[243046.0081234,431254.42569733,86.64291286],[243046.00755882,431254.42775726,86.64298916],[243046.00639343,431254.42757416,86.64140987],[243046.00611115,431254.42860413,86.64144802],[243046.00554466,431254.43066406,86.64152336],[243046.00496292,431254.43057251,86.64073372],[243046.00409889,431254.43151093,86.63998318],[243046.0038166,431254.43254089,86.64002037],[243046.00441551,431254.43479156,86.641675],[243046.00413132,431254.43582153,86.64171314],[243046.00414848,431254.43797302,86.64257908],[243046.00444794,431254.43910217,86.64340687],[243046.0044651,431254.44126129,86.6442728],[243046.00476456,431254.44238281,86.64510155],[243046.00419998,431254.44445038,86.64517784],[243046.00391579,431254.44548035,86.64521599],[243046.0033493,431254.44754791,86.64529228],[243046.00306702,431254.44857788,86.64533043],[243046.00250053,431254.45064545,86.64540577],[243046.00191879,431254.45054626,86.64461613],[243046.00045586,431254.44922638,86.64220715],[243046.00017357,431254.45025635,86.64224434],[243045.99960709,431254.45232391,86.64232063],[243045.9993248,431254.45335388,86.64235878],[243045.99875832,431254.45542145,86.64243507],[243045.99759674,431254.45522308,86.64085484],[243045.99731255,431254.45626068,86.64089298],[243045.99644852,431254.45719147,86.64014149],[243045.99586868,431254.45709229,86.63935184],[243045.99470711,431254.45690155,86.63777447],[243045.99412727,431254.45680237,86.63698578],[243045.99384499,431254.45783997,86.63702393],[243045.99414062,431254.45896149,86.63784981],[243045.99357605,431254.46102905,86.6379261],[243045.99329376,431254.46205902,86.63796329],[243045.99272728,431254.46411896,86.63803959],[243045.99244499,431254.46514893,86.63807774],[243045.99187851,431254.46721649,86.63815308],[243045.99129868,431254.46711731,86.63736439],[243045.99043655,431254.4680481,86.63661385],[243045.98985672,431254.46794891,86.63582516],[243045.9889946,431254.46888733,86.63507557],[243045.98871231,431254.4699173,86.63511276],[243045.98785019,431254.47084808,86.63436222],[243045.98727226,431254.4707489,86.63357544],[243045.98641014,431254.47167969,86.63282585],[243045.98583221,431254.47158051,86.63203907],[243045.98497009,431254.47251129,86.63128948],[243045.98410988,431254.47344208,86.63053989],[243045.98353195,431254.4733429,86.62975407],[243045.98267174,431254.47427368,86.62900543],[243045.98238754,431254.47530365,86.62904263],[243045.9812336,431254.47510529,86.62747097],[243045.98065567,431254.4750061,86.62668514],[243045.97979736,431254.47593689,86.62593746],[243045.97921944,431254.47583771,86.62515259],[243045.9780674,431254.47563934,86.62358284],[243045.97749138,431254.47554016,86.62279892],[243045.97604561,431254.47421265,86.62040997],[243045.97517586,431254.47299194,86.61880588],[243045.97344017,431254.47053528,86.61560154],[243045.97257423,431254.46931458,86.61400032],[243045.9714241,431254.46911621,86.61243725],[243045.9708519,431254.46901703,86.61165714],[243045.9699955,431254.46994781,86.61091328],[243045.96942139,431254.46984863,86.61013222],[243045.96798325,431254.46852875,86.60775566],[243045.96711922,431254.46730804,86.60616016],[243045.96539307,431254.46486664,86.60297203],[243045.96453094,431254.46365356,86.60137939],[243045.96338844,431254.4634552,86.59982395],[243045.96224594,431254.46326447,86.59827137]]",dji_pose_mesh_ray_contour_nodes,
24,13,3,SPL,174.4333,170.2,172,168,178,174,6,6,30,243046.02323341,431254.31321716,86.61874104,dji_pose_mesh_ray_centroid,True,True,79232,4.850951,warp,,174.4333,170.2,1,1,1.0,1,4.850951,4.850951,5,5,1.0,"[[177.0,171.5],[176.5,172.0],[176.0,172.5],[175.0,172.5],[174.5,173.0]]","[[243046.02295113,431254.30925751,86.61666298],[243046.02244186,431254.3092804,86.61593056],[243046.0219326,431254.30930328,86.61519813],[243046.02166176,431254.31034088,86.61524296],[243046.0211544,431254.31036377,86.61451054]]",dji_pose_mesh_ray_contour_nodes,
25,14,3,SPL,4.1721,202.9795,0,190,12,221,12,31,244,243045.94734955,431254.44831848,86.57314968,dji_pose_mesh_ray_centroid,True,True,1219761,4.894029,warp,,4.1721,202.9795,1,1,1.0,1,4.894029,4.894029,34,34,1.0,"[[11.0,198.5],[10.5,199.0],[10.5,200.0],[10.5,201.0],[10.0,201.5],[9.5,202.0],[9.0,202.5],[8.5,203.0],[8.0,203.5],[7.0,203.5],[6.0,203.5],[5.5,204.0],[5.0,204.5],[4.0,204.5],[3.5,205.0],[3.5,206.0],[4.0,206.5],[4.5,207.0],[4.5,208.0],[4.5,209.0],[4.5,210.0],[5.0,210.5],[5.5,211.0],[5.5,212.0],[6.0,212.5],[6.5,213.0],[6.5,214.0],[6.5,215.0],[6.5,216.0],[6.5,217.0],[6.5,218.0],[6.5,219.0],[6.0,219.5],[5.5,220.0]]","[[243045.95308495,431254.44676971,86.57996178],[243045.95251846,431254.44667053,86.57919121],[243045.95166397,431254.44546509,86.57761383],[243045.95081139,431254.44425964,86.57603836],[243045.9502449,431254.44416809,86.57526875],[243045.94967842,431254.44406891,86.57449913],[243045.94911194,431254.44397736,86.57372951],[243045.94855499,431254.44390106,86.57296753],[243045.94800758,431254.4438324,86.57221127],[243045.94771576,431254.44483185,86.57223892],[243045.94742393,431254.4458313,86.57226753],[243045.94687653,431254.44577026,86.57151127],[243045.94633102,431254.4457016,86.57075596],[243045.94603729,431254.44670105,86.57078361],[243045.94549179,431254.44663239,86.5700283],[243045.9446907,431254.44549561,86.56849098],[243045.94443703,431254.44443512,86.56770802],[243045.94418335,431254.443367,86.566926],[243045.94338417,431254.44223022,86.56539059],[243045.94258499,431254.44110107,86.56385517],[243045.94178581,431254.43997192,86.56232071],[243045.94153214,431254.43890381,86.56153965],[243045.94128036,431254.43784332,86.56075954],[243045.94048119,431254.43671417,86.55922794],[243045.94022942,431254.43564606,86.55844784],[243045.93997574,431254.43458557,86.55766869],[243045.93917847,431254.43345642,86.55613804],[243045.9383831,431254.43232727,86.55460834],[243045.93758774,431254.43120575,86.5530796],[243045.93679047,431254.4300766,86.55155277],[243045.93599701,431254.42895508,86.55002594],[243045.93520164,431254.42782593,86.54850006],[243045.93465996,431254.42776489,86.54775143],[243045.93411636,431254.42769623,86.54700279]]",dji_pose_mesh_ray_contour_nodes,
26,15,3,SPL,4886.0,313.5,4885,313,4888,315,3,2,6,243047.29827309,431249.9057312,86.3541441,dji_pose_mesh_ray_centroid,True,True,1212295,4.35146,warp,,4886.0,313.5,1,1,1.0,1,4.35146,4.35146,6,6,1.0,"[[4885.0,313.0],[4886.0,313.0],[4887.0,313.0],[4885.0,314.0],[4886.0,314.0],[4887.0,314.0]]","[[243047.29855824,431249.90648651,86.35484505],[243047.29886913,431249.90560913,86.35484409],[243047.29918003,431249.90473175,86.35484409],[243047.29736614,431249.90673065,86.35344505],[243047.29767704,431249.90585327,86.3534441],[243047.29798794,431249.90497589,86.3534441]]",dji_pose_mesh_ray_contour_nodes,
27,16,3,SPL,4926.0157,368.8355,4884,326,4987,417,103,91,3689,243047.24318027,431249.88489532,86.27700615,dji_pose_mesh_ray_centroid,True,True,1212300,4.277855,warp,,4926.0157,368.8355,1,1,1.0,1,4.277855,4.277855,172,172,1.0,"[[4891.5,326.0],[4892.0,326.5],[4892.5,327.0],[4893.0,327.5],[4894.0,327.5],[4894.5,328.0],[4895.0,328.5],[4895.5,329.0],[4895.5,330.0],[4896.0,330.5],[4896.5,331.0],[4897.0,331.5],[4897.5,332.0],[4897.5,333.0],[4898.0,333.5],[4899.0,333.5],[4899.5,334.0],[4900.0,334.5],[4901.0,334.5],[4902.0,334.5],[4903.0,334.5],[4904.0,334.5],[4904.5,335.0],[4905.0,335.5],[4906.0,335.5],[4907.0,335.5],[4907.5,336.0],[4908.0,336.5],[4909.0,336.5],[4909.5,337.0],[4909.5,338.0],[4909.0,338.5],[4908.5,339.0],[4908.0,339.5],[4907.5,340.0],[4907.5,341.0],[4907.5,342.0],[4908.0,342.5],[4908.5,343.0],[4909.0,343.5],[4910.0,343.5],[4910.5,344.0],[4911.0,344.5],[4911.5,345.0],[4912.0,345.5],[4912.5,346.0],[4913.0,346.5],[4914.0,346.5],[4914.5,347.0],[4915.0,347.5],[4916.0,347.5],[4917.0,347.5],[4917.5,348.0],[4918.0,348.5],[4918.5,349.0],[4919.0,349.5],[4919.5,350.0],[4920.0,350.5],[4920.5,351.0],[4921.0,351.5],[4921.5,352.0],[4922.0,352.5],[4923.0,352.5],[4924.0,352.5],[4924.5,352.0],[4925.0,351.5],[4926.0,351.5],[4927.0,351.5],[4927.5,352.0],[4928.0,352.5],[4929.0,352.5],[4930.0,352.5],[4931.0,352.5],[4932.0,352.5],[4933.0,352.5],[4933.5,352.0],[4934.0,351.5],[4935.0,351.5],[4935.5,352.0],[4936.0,352.5],[4937.0,352.5],[4937.5,353.0],[4938.0,353.5],[4939.0,353.5],[4939.5,353.0],[4940.0,352.5],[4940.5,352.0],[4941.0,351.5],[4941.5,351.0],[4942.0,350.5],[4943.0,350.5],[4944.0,350.5],[4944.5,350.0],[4945.0,349.5],[4946.0,349.5],[4947.0,349.5],[4947.5,350.0],[4948.0,350.5],[4949.0,350.5],[4950.0,350.5],[4951.0,350.5],[4952.0,350.5],[4952.5,350.0],[4953.0,349.5],[4953.5,349.0],[4954.0,348.5],[4955.0,348.5],[4955.5,348.0],[4956.0,347.5],[4956.5,347.0],[4957.0,346.5],[4957.5,346.0],[4958.0,345.5],[4959.0,345.5],[4959.5,346.0],[4960.0,346.5],[4961.0,346.5],[4962.0,346.5],[4963.0,346.5],[4964.0,346.5],[4965.0,346.5],[4966.0,346.5],[4967.0,346.5],[4968.0,346.5],[4968.5,347.0],[4969.0,347.5],[4970.0,347.5],[4971.0,347.5],[4971.5,347.0],[4972.0,346.5],[4973.0,346.5],[4973.5,346.0],[4974.0,345.5],[4975.0,345.5],[4975.5,345.0],[4976.0,344.5],[4976.5,344.0],[4976.5,343.0],[4977.0,342.5],[4977.5,342.0],[4977.5,341.0],[4977.5,340.0],[4977.0,339.5],[4976.0,339.5],[4975.5,339.0],[4975.0,338.5],[4974.0,338.5],[4973.5,338.0],[4973.0,337.5],[4972.5,337.0],[4973.0,336.5],[4974.0,336.5],[4975.0,336.5],[4976.0,336.5],[4977.0,336.5],[4977.5,337.0],[4978.0,337.5],[4978.5,338.0],[4979.0,338.5],[4980.0,338.5],[4981.0,338.5],[4982.0,338.5],[4982.5,339.0],[4983.0,339.5],[4983.5,340.0],[4983.5,341.0],[4984.0,341.5],[4984.5,342.0],[4985.0,342.5],[4985.5,343.0],[4985.5,344.0],[4986.0,344.5]]","[[243047.28512669,431249.90395355,86.33670616],[243047.2846899,431249.90363312,86.33601189],[243047.28425312,431249.90332031,86.33531666],[243047.28381538,431249.90299988,86.33462238],[243047.28412628,431249.9021225,86.33462238],[243047.28368855,431249.90180969,86.33392811],[243047.28325272,431249.90149689,86.33323383],[243047.28281593,431249.90117645,86.33253956],[243047.28163433,431249.90142059,86.33115292],[243047.2811985,431249.90110779,86.33045959],[243047.28076172,431249.90078735,86.32976627],[243047.28032684,431249.90047455,86.32907391],[243047.27989101,431249.90016174,86.32838154],[243047.27871132,431249.90040588,86.3269968],[243047.27827644,431249.90008545,86.32630539],[243047.27858543,431249.8992157,86.32630444],[243047.2781496,431249.89889526,86.32561302],[243047.27771568,431249.89858246,86.32492161],[243047.27802372,431249.89770508,86.32492161],[243047.27833366,431249.89683533,86.32492065],[243047.2786417,431249.89595795,86.32492065],[243047.27895164,431249.89508057,86.3249197],[243047.27851582,431249.89476776,86.32422829],[243047.27808094,431249.89445496,86.32353783],[243047.27839088,431249.89357758,86.32353783],[243047.27869892,431249.89270782,86.32353687],[243047.278265,431249.89239502,86.32284641],[243047.27783012,431249.89207458,86.322155],[243047.27813911,431249.89120483,86.322155],[243047.27770424,431249.89089203,86.32146454],[243047.27652645,431249.89113617,86.32008362],[243047.27578354,431249.89170074,86.31939506],[243047.27504158,431249.89225769,86.31870556],[243047.27429867,431249.89281464,86.31801605],[243047.27355576,431249.89337921,86.31732655],[243047.27238083,431249.89362335,86.31594944],[243047.2712059,431249.89386749,86.31457233],[243047.27077293,431249.89355469,86.31388378],[243047.27033997,431249.89324188,86.31319618],[243047.26990795,431249.89292908,86.31250763],[243047.27021599,431249.89205933,86.31250763],[243047.26978397,431249.89174652,86.31182003],[243047.26935101,431249.89143372,86.31113243],[243047.26891899,431249.89112091,86.31044483],[243047.26848602,431249.89080811,86.30975819],[243047.26805401,431249.8904953,86.30907154],[243047.26762295,431249.8901825,86.30838489],[243047.26793098,431249.88930511,86.30838489],[243047.26749897,431249.88899231,86.30769825],[243047.26706696,431249.8886795,86.3070116],[243047.26737499,431249.88780975,86.3070116],[243047.26768303,431249.88694,86.30701065],[243047.26725101,431249.8866272,86.30632496],[243047.26681995,431249.88631439,86.30563927],[243047.26638889,431249.88600159,86.30495357],[243047.26595688,431249.88568878,86.30426788],[243047.26551437,431249.88538361,86.30357838],[243047.26502991,431249.88508606,86.30287266],[243047.26454735,431249.88478088,86.30216885],[243047.26406384,431249.88448334,86.30146408],[243047.26358032,431249.88418579,86.30075932],[243047.26309776,431249.88388062,86.3000555],[243047.26344204,431249.88300323,86.30006885],[243047.26378727,431249.88212585,86.30008316],[243047.26461601,431249.88154602,86.30080128],[243047.2654438,431249.88096619,86.30151939],[243047.26577091,431249.88009644,86.30152702],[243047.26607895,431249.87921906,86.30152607],[243047.26564789,431249.87891388,86.30084228],[243047.26516724,431249.8786087,86.30013943],[243047.26551247,431249.87773132,86.30015278],[243047.26583195,431249.87686157,86.30015755],[243047.26613903,431249.87599182,86.30015659],[243047.26644707,431249.87512207,86.30015659],[243047.26675415,431249.87425232,86.30015659],[243047.26749325,431249.87368774,86.30084038],[243047.26823139,431249.8731308,86.30152416],[243047.26853943,431249.87226105,86.30152416],[243047.26810741,431249.87194824,86.30083942],[243047.26767731,431249.87163544,86.30015564],[243047.26798439,431249.87076569,86.30015469],[243047.26755333,431249.87046051,86.2994709],[243047.26712227,431249.87014771,86.29878712],[243047.26742935,431249.86927795,86.29878712],[243047.26816845,431249.86872101,86.29946995],[243047.26890659,431249.86815643,86.30015373],[243047.26964569,431249.86759186,86.30083847],[243047.27038479,431249.86703491,86.30152225],[243047.27112389,431249.86647034,86.30220699],[243047.27186394,431249.86590576,86.30289078],[243047.27217102,431249.86503601,86.30289078],[243047.27247906,431249.86416626,86.30289078],[243047.27321815,431249.86360168,86.30357552],[243047.27395916,431249.86304474,86.30426025],[243047.27426624,431249.86217499,86.30426025],[243047.27457428,431249.86129761,86.3042593],[243047.27414227,431249.86099243,86.30357456],[243047.2737093,431249.86068726,86.30288887],[243047.27401733,431249.85980988,86.30288887],[243047.27432442,431249.85894012,86.30288887],[243047.27463245,431249.85807037,86.30288792],[243047.27494049,431249.85720062,86.30288792],[243047.27568054,431249.85663605,86.30357265],[243047.27642155,431249.85607147,86.30425835],[243047.27716064,431249.8555069,86.30494308],[243047.27790165,431249.85494232,86.30562782],[243047.27820969,431249.85407257,86.30562782],[243047.27895069,431249.853508,86.30631351],[243047.2796917,431249.85294342,86.30699921],[243047.28043365,431249.85237885,86.3076849],[243047.28117561,431249.85181427,86.30837154],[243047.28191757,431249.85124969,86.30905724],[243047.28265953,431249.85068512,86.30974388],[243047.28296757,431249.84981537,86.30974388],[243047.28253365,431249.84950256,86.30905724],[243047.28209972,431249.84919739,86.30837059],[243047.28240776,431249.84832764,86.30837059],[243047.2827158,431249.84745789,86.30836964],[243047.28302383,431249.84658051,86.30836964],[243047.28333187,431249.84571075,86.30836868],[243047.28363991,431249.844841,86.30836868],[243047.28394794,431249.84397125,86.30836868],[243047.28425503,431249.84309387,86.30836773],[243047.28456402,431249.84222412,86.30836773],[243047.28412914,431249.84191895,86.30768108],[243047.28369522,431249.84161377,86.30699539],[243047.28400326,431249.84074402,86.30699444],[243047.28431129,431249.83986664,86.30699444],[243047.28505421,431249.83930206,86.30768108],[243047.28579617,431249.83873749,86.30836678],[243047.2861042,431249.83786774,86.30836678],[243047.28684711,431249.83729553,86.30905247],[243047.28758907,431249.83673096,86.30973911],[243047.28789806,431249.83586121,86.30973911],[243047.28864098,431249.835289,86.31042576],[243047.28938484,431249.83472443,86.3111124],[243047.29012871,431249.83415222,86.3118],[243047.29130745,431249.83389282,86.3131752],[243047.29205227,431249.83332062,86.3138628],[243047.29279613,431249.83275604,86.3145504],[243047.29397774,431249.83248901,86.31592751],[243047.29515934,431249.83222961,86.31730556],[243047.29559612,431249.83252716,86.31799507],[243047.29528809,431249.83340454,86.31799507],[243047.29572487,431249.83370972,86.31868458],[243047.29616165,431249.83401489,86.31937408],[243047.29585266,431249.83488464,86.31937504],[243047.29628944,431249.83518982,86.32006454],[243047.29672623,431249.835495,86.32075405],[243047.29716492,431249.83580017,86.32144546],[243047.29791069,431249.8352356,86.32213497],[243047.29821968,431249.83435822,86.32213497],[243047.29852867,431249.83348846,86.32213497],[243047.29883766,431249.83261108,86.32213402],[243047.29914665,431249.8317337,86.32213402],[243047.29870796,431249.83142853,86.32144356],[243047.29827118,431249.83113098,86.3207531],[243047.29783344,431249.83082581,86.32006264],[243047.29739571,431249.83052063,86.31937313],[243047.2977047,431249.82964325,86.31937218],[243047.29801369,431249.8287735,86.31937218],[243047.29832268,431249.82789612,86.31937218],[243047.29788494,431249.82759094,86.31868267],[243047.2974472,431249.82728577,86.31799316],[243047.29701042,431249.82698822,86.31730366],[243047.29582882,431249.82724762,86.31592655],[243047.29539108,431249.82695007,86.31523704],[243047.29495525,431249.8266449,86.31454849],[243047.29451847,431249.82633972,86.31385994],[243047.29408264,431249.82603455,86.31317234],[243047.29290199,431249.82630157,86.31179714],[243047.29246616,431249.8259964,86.31110954]]",dji_pose_mesh_ray_contour_nodes,
28,17,3,SPL,5028.0,354.0,5026,354,5031,355,5,1,5,243047.29419804,431249.79197693,86.29807663,dji_pose_mesh_ray_centroid,True,True,1212295,4.350883,warp,,5028.0,354.0,1,1,1.0,1,4.350883,4.350883,5,5,1.0,"[[5026.0,354.0],[5027.0,354.0],[5028.0,354.0],[5029.0,354.0],[5030.0,354.0]]","[[243047.29358292,431249.79371643,86.29807663],[243047.29389095,431249.79284668,86.29807663],[243047.29419804,431249.79197693,86.29807663],[243047.29450512,431249.79110718,86.29807663],[243047.2948122,431249.79023743,86.29807568]]",dji_pose_mesh_ray_contour_nodes,
29,18,3,SPL,5047.8727,361.1818,5044,358,5054,366,10,8,55,243047.29185677,431249.77670288,86.28827572,dji_pose_mesh_ray_centroid,True,True,1212295,4.34867,warp,,5047.8727,361.1818,1,1,1.0,1,4.34867,4.34867,10,10,1.0,"[[5053.0,361.5],[5052.5,362.0],[5052.0,362.5],[5051.5,363.0],[5051.0,363.5],[5050.0,363.5],[5049.5,364.0],[5049.0,364.5],[5048.0,364.5],[5047.5,365.0]]","[[243047.29305553,431249.77233887,86.28784084],[243047.29231644,431249.77291107,86.28716183],[243047.29157543,431249.77349091,86.28648186],[243047.29083633,431249.77406311,86.28580189],[243047.29009724,431249.77463531,86.28512287],[243047.28979015,431249.77550507,86.28512287],[243047.28905106,431249.77607727,86.28444385],[243047.28831196,431249.77664948,86.28376484],[243047.28800488,431249.77751923,86.28376484],[243047.28726673,431249.77809143,86.28308582]]",dji_pose_mesh_ray_contour_nodes,
30,19,3,SPL,5100.1172,387.7344,5091,384,5110,393,19,9,128,243047.27683163,431249.73905945,86.25240707,dji_pose_mesh_ray_centroid,True,True,1212295,4.331137,warp,,5100.1172,387.7344,1,1,1.0,1,4.331137,4.331137,12,12,1.0,"[[5109.0,389.5],[5108.5,390.0],[5108.0,390.5],[5107.0,390.5],[5106.5,391.0],[5106.0,391.5],[5105.0,391.5],[5104.0,391.5],[5103.0,391.5],[5102.0,391.5],[5101.0,391.5],[5100.5,392.0]]","[[243047.27741909,431249.73193359,86.25001526],[243047.27675247,431249.73249054,86.24937057],[243047.27602196,431249.73307037,86.24870205],[243047.27571774,431249.73392487,86.24870205],[243047.27498531,431249.7345047,86.24803352],[243047.2742548,431249.7350769,86.24736595],[243047.27395153,431249.73593903,86.24736595],[243047.27364731,431249.73680115,86.24736595],[243047.27334309,431249.73765564,86.24736595],[243047.27303982,431249.73851776,86.2473669],[243047.2727356,431249.73937988,86.2473669],[243047.27200508,431249.73995209,86.24669933]]",dji_pose_mesh_ray_contour_nodes,
31,20,3,SPL,864.2911,389.5023,841,386,890,397,49,11,213,243046.04673004,431253.45042419,86.28462219,dji_pose_mesh_ray_centroid,True,True,314662,4.135529,warp,,864.2911,389.5023,1,1,1.0,1,4.135529,4.135529,58,58,1.0,"[[880.5,396.0],[880.0,395.5],[879.5,395.0],[879.0,394.5],[878.5,394.0],[878.5,393.0],[878.5,392.0],[878.0,391.5],[877.5,391.0],[877.0,390.5],[876.0,390.5],[875.0,390.5],[874.0,390.5],[873.0,390.5],[872.0,390.5],[871.5,390.0],[871.0,389.5],[870.0,389.5],[869.5,389.0],[869.0,388.5],[868.0,388.5],[867.0,388.5],[866.0,388.5],[865.0,388.5],[864.0,388.5],[863.0,388.5],[862.0,388.5],[861.5,389.0],[861.0,389.5],[860.0,389.5],[859.0,389.5],[858.0,389.5],[857.0,389.5],[856.0,389.5],[855.5,390.0],[855.0,390.5],[854.0,390.5],[853.0,390.5],[852.0,390.5],[851.0,390.5],[850.0,390.5],[849.5,391.0],[849.0,391.5],[848.5,392.0],[848.0,392.5],[847.5,393.0],[847.0,393.5],[846.5,394.0],[846.0,394.5],[845.0,394.5],[844.0,394.5],[843.5,394.0],[843.0,393.5],[842.0,393.5],[841.5,393.0],[841.5,392.0],[841.5,391.0],[841.0,390.5]]","[[243046.04640007,431253.43078613,86.27562904],[243046.0466404,431253.43161774,86.27631092],[243046.04688263,431253.43245697,86.2769928],[243046.04712486,431253.43328857,86.27767467],[243046.04736519,431253.43412781,86.27835655],[243046.04813957,431253.43489075,86.27970982],[243046.04891205,431253.43566132,86.28106403],[243046.04915428,431253.43650055,86.28174686],[243046.04939651,431253.43733215,86.28243065],[243046.04963875,431253.43817139,86.28311443],[243046.04934883,431253.43907166,86.28312683],[243046.04905891,431253.43997955,86.28313827],[243046.048769,431253.44087982,86.28315067],[243046.04848099,431253.44178772,86.28316307],[243046.04819107,431253.44268799,86.28317547],[243046.0484333,431253.44352722,86.28385925],[243046.04867554,431253.44436646,86.28454304],[243046.04838562,431253.44526672,86.28455543],[243046.04862785,431253.44610596,86.28523922],[243046.04887009,431253.44694519,86.28592396],[243046.04858017,431253.44784546,86.28593636],[243046.04829025,431253.44875336,86.28594875],[243046.04800034,431253.44965363,86.28596115],[243046.04771042,431253.45056152,86.28597259],[243046.0474205,431253.45146179,86.28598595],[243046.04713058,431253.45236969,86.28599739],[243046.04684067,431253.45326996,86.28600979],[243046.04631042,431253.45333862,86.28533745],[243046.04577827,431253.45340729,86.28466606],[243046.04548836,431253.45430756,86.28467751],[243046.04519844,431253.45521545,86.2846899],[243046.04490852,431253.45611572,86.2847023],[243046.04461861,431253.45702362,86.2847147],[243046.0443306,431253.45792389,86.2847271],[243046.04379845,431253.45799255,86.28405476],[243046.0432682,431253.45805359,86.28338337],[243046.04297638,431253.45895386,86.28339481],[243046.04268837,431253.45986176,86.28340721],[243046.04239845,431253.46076202,86.28341961],[243046.04210854,431253.46166992,86.28343201],[243046.04181862,431253.46257019,86.2834444],[243046.04128838,431253.46263885,86.28277206],[243046.04075813,431253.46269989,86.28210068],[243046.04022789,431253.46276093,86.28143024],[243046.03969574,431253.46282959,86.28075886],[243046.0391655,431253.46289062,86.28008747],[243046.03863716,431253.46295166,86.27941704],[243046.03810692,431253.46302032,86.2787466],[243046.03757668,431253.46308136,86.27807617],[243046.03728676,431253.46398926,86.27808857],[243046.03699875,431253.46488953,86.27810097],[243046.03723717,431253.46572876,86.27878284],[243046.0374794,431253.46656799,86.27946567],[243046.03718948,431253.46746826,86.27947807],[243046.03742981,431253.46831512,86.2801609],[243046.03820038,431253.46909332,86.28151512],[243046.03897095,431253.46987152,86.28287029],[243046.03921127,431253.47071075,86.28355408]]",dji_pose_mesh_ray_contour_nodes,
32,21,3,SPL,5068.4951,395.068,5047,387,5086,408,39,21,309,243047.25790119,431249.76854706,86.2423048,dji_pose_mesh_ray_centroid,True,True,1212300,4.303815,warp,,5068.4951,395.068,1,1,1.0,1,4.303815,4.303815,53,53,1.0,"[[5080.5,407.0],[5080.0,406.5],[5079.0,406.5],[5078.5,406.0],[5078.0,405.5],[5077.5,405.0],[5077.0,404.5],[5076.0,404.5],[5075.5,404.0],[5075.0,403.5],[5074.0,403.5],[5073.5,403.0],[5073.0,402.5],[5072.5,402.0],[5072.5,401.0],[5072.0,400.5],[5071.5,400.0],[5071.0,399.5],[5070.0,399.5],[5069.0,399.5],[5068.0,399.5],[5067.0,399.5],[5066.5,399.0],[5066.0,398.5],[5065.0,398.5],[5064.5,398.0],[5064.0,397.5],[5063.5,397.0],[5063.5,396.0],[5063.0,395.5],[5062.5,395.0],[5062.0,394.5],[5061.0,394.5],[5060.0,394.5],[5059.0,394.5],[5058.0,394.5],[5057.0,394.5],[5056.5,394.0],[5056.0,393.5],[5055.5,393.0],[5055.0,392.5],[5054.0,392.5],[5053.5,392.0],[5053.0,391.5],[5052.0,391.5],[5051.5,391.0],[5051.0,390.5],[5050.0,390.5],[5049.0,390.5],[5048.5,390.0],[5048.0,389.5],[5047.5,389.0],[5047.0,388.5]]","[[243047.2466116,431249.76187897,86.22599888],[243047.24708366,431249.76215363,86.2266798],[243047.24674511,431249.76301575,86.22666645],[243047.24721718,431249.76329803,86.22734737],[243047.2476902,431249.76357269,86.2280283],[243047.24816227,431249.76384735,86.22871017],[243047.24863529,431249.76412201,86.22939205],[243047.24829674,431249.76499176,86.2293787],[243047.24876976,431249.76526642,86.23006058],[243047.24924183,431249.76554108,86.23074245],[243047.24890327,431249.76641083,86.23073006],[243047.2493763,431249.76668549,86.23141193],[243047.24984932,431249.76696014,86.23209476],[243047.2503233,431249.7672348,86.2327776],[243047.25161076,431249.766922,86.23415661],[243047.25208473,431249.76720428,86.23484039],[243047.25255871,431249.76747894,86.23552418],[243047.25303268,431249.7677536,86.23620701],[243047.25269413,431249.76862335,86.23619461],[243047.25235367,431249.7694931,86.23618126],[243047.25201321,431249.77035522,86.23616791],[243047.25167274,431249.77122498,86.23615456],[243047.25214767,431249.77149963,86.23683929],[243047.2526226,431249.77178192,86.23752308],[243047.25228214,431249.77264404,86.23751068],[243047.25275707,431249.77292633,86.23819447],[243047.253232,431249.77320099,86.2388792],[243047.25370693,431249.77348328,86.2395649],[243047.25499725,431249.77317047,86.24094772],[243047.25547218,431249.77345276,86.24163341],[243047.25594807,431249.77372742,86.24231911],[243047.256423,431249.7740097,86.24300575],[243047.25608349,431249.77487183,86.2429924],[243047.25574303,431249.77574158,86.24297905],[243047.25540161,431249.77661133,86.2429657],[243047.25506115,431249.77748108,86.24295235],[243047.25472164,431249.77835083,86.24293995],[243047.25519657,431249.77862549,86.24362564],[243047.25567245,431249.77890778,86.24431229],[243047.25614738,431249.77919006,86.24499798],[243047.25662422,431249.77946472,86.24568558],[243047.25628281,431249.78033447,86.24567223],[243047.25675964,431249.78061676,86.24635887],[243047.25723553,431249.78089142,86.24704647],[243047.25689507,431249.78176117,86.24703312],[243047.25737,431249.78204346,86.24772072],[243047.25784779,431249.78232574,86.24840832],[243047.25750637,431249.7831955,86.24839497],[243047.25716496,431249.78406525,86.24838161],[243047.25764275,431249.7843399,86.24907017],[243047.25811863,431249.78462219,86.24975777],[243047.25859547,431249.78490448,86.25044632],[243047.25907326,431249.78518677,86.25113487]]",dji_pose_mesh_ray_contour_nodes,
33,22,3,SPL,4644.5579,396.4842,4637,391,4653,403,16,12,95,243047.13438225,431250.13206482,86.24309826,dji_pose_mesh_ray_centroid,True,True,1212307,4.123803,warp,,4644.5579,396.4842,1,1,1.0,1,4.123803,4.123803,21,21,1.0,"[[4648.5,402.0],[4648.0,401.5],[4647.0,401.5],[4646.5,401.0],[4646.5,400.0],[4646.0,399.5],[4645.5,399.0],[4645.5,398.0],[4645.0,397.5],[4644.5,398.0],[4644.0,398.5],[4643.0,398.5],[4642.0,398.5],[4641.0,398.5],[4640.0,398.5],[4639.5,398.0],[4639.0,397.5],[4638.0,397.5],[4637.5,397.0],[4637.5,396.0],[4637.0,395.5]]","[[243047.12853432,431250.12976837,86.23540497],[243047.12900066,431250.13009644,86.23609447],[243047.12855911,431250.13098145,86.23604202],[243047.12902546,431250.13131714,86.23673153],[243047.13040066,431250.13110352,86.23816204],[243047.130867,431250.13143158,86.23885155],[243047.1313343,431250.13176727,86.23954201],[243047.13271046,431250.13155365,86.24097443],[243047.13317871,431250.13188934,86.24166489],[243047.13226891,431250.13243866,86.24092197],[243047.1313591,431250.13298798,86.24018002],[243047.1309185,431250.13386536,86.24012852],[243047.13047695,431250.13475037,86.24007606],[243047.1300354,431250.13562775,86.24002457],[243047.12959385,431250.13651276,86.23997307],[243047.1300602,431250.13684082,86.24066353],[243047.1305275,431250.13717651,86.24135399],[243047.13008595,431250.13806152,86.24130154],[243047.13055325,431250.13839722,86.24199295],[243047.1319294,431250.13818359,86.24342632],[243047.13239765,431250.13851929,86.24411774]]",dji_pose_mesh_ray_contour_nodes,
34,23,3,SPL,4667.7956,404.0939,4656,393,4677,414,21,21,181,243047.13224983,431250.11353302,86.232687,dji_pose_mesh_ray_centroid,True,True,1212304,4.120889,warp,,4667.7956,404.0939,1,1,1.0,1,4.120889,4.120889,33,33,1.0,"[[4667.5,413.0],[4667.0,412.5],[4666.5,412.0],[4666.0,411.5],[4665.0,411.5],[4664.5,411.0],[4664.0,410.5],[4663.5,410.0],[4663.5,409.0],[4663.5,408.0],[4664.0,407.5],[4664.5,407.0],[4665.0,406.5],[4665.5,406.0],[4665.5,405.0],[4666.0,404.5],[4666.5,404.0],[4666.0,403.5],[4665.5,403.0],[4665.5,402.0],[4665.0,401.5],[4664.5,401.0],[4664.0,400.5],[4663.5,400.0],[4663.0,399.5],[4662.0,399.5],[4661.0,399.5],[4660.5,399.0],[4660.0,398.5],[4659.0,398.5],[4658.0,398.5],[4657.0,398.5],[4656.0,398.5]]","[[243047.12027359,431250.11568451,86.22013283],[243047.12079048,431250.11600494,86.22083664],[243047.12130833,431250.11632538,86.2215414],[243047.12182522,431250.11664581,86.22224522],[243047.12152863,431250.11750031,86.22224808],[243047.12204647,431250.11782074,86.22295284],[243047.12256432,431250.1181488,86.22365761],[243047.12308216,431250.11846924,86.22436237],[243047.1244154,431250.11825562,86.2257719],[243047.12575054,431250.11804199,86.22718143],[243047.12656593,431250.11750793,86.22788525],[243047.12738323,431250.11697388,86.22859001],[243047.12819958,431250.11643982,86.22929382],[243047.12901592,431250.11590576,86.22999859],[243047.13035393,431250.11569214,86.23141193],[243047.13117123,431250.11515808,86.2321167],[243047.13198948,431250.11462402,86.23282242],[243047.13251114,431250.11494446,86.233531],[243047.13303185,431250.11526489,86.23423958],[243047.13437176,431250.11505127,86.23565578],[243047.13489342,431250.11537933,86.23636532],[243047.13541508,431250.11569977,86.23707485],[243047.13593769,431250.1160202,86.23778439],[243047.13645935,431250.11634827,86.23849487],[243047.13698196,431250.1166687,86.23920536],[243047.13668346,431250.11753082,86.23920822],[243047.13638592,431250.11838531,86.23921013],[243047.13690758,431250.11871338,86.23992062],[243047.13743019,431250.11903381,86.24063206],[243047.13713264,431250.11989594,86.24063396],[243047.1368351,431250.12075043,86.24063778],[243047.13653564,431250.12161255,86.24063969],[243047.1362381,431250.12247467,86.24064159]]",dji_pose_mesh_ray_contour_nodes,
35,24,3,SPL,818.7792,416.897,788,399,856,432,68,33,1019,243046.01260567,431253.47024536,86.24829388,dji_pose_mesh_ray_centroid,True,True,314662,4.113316,warp,,818.7792,416.897,1,1,1.0,1,4.113316,4.113316,68,68,1.0,"[[855.0,416.5],[854.5,417.0],[854.0,417.5],[853.0,417.5],[852.0,417.5],[851.0,417.5],[850.5,417.0],[850.0,416.5],[849.0,416.5],[848.0,416.5],[847.0,416.5],[846.5,417.0],[846.0,417.5],[845.5,417.0],[845.0,416.5],[844.0,416.5],[843.0,416.5],[842.0,416.5],[841.0,416.5],[840.0,416.5],[839.0,416.5],[838.5,417.0],[838.0,417.5],[837.5,418.0],[837.0,418.5],[836.0,418.5],[835.5,419.0],[835.5,420.0],[835.0,420.5],[834.5,421.0],[834.0,421.5],[833.0,421.5],[832.5,422.0],[832.0,422.5],[831.0,422.5],[830.5,423.0],[830.0,423.5],[829.0,423.5],[828.0,423.5],[827.5,424.0],[827.0,424.5],[826.0,424.5],[825.0,424.5],[824.0,424.5],[823.5,425.0],[823.0,425.5],[822.5,426.0],[822.0,426.5],[821.0,426.5],[820.5,427.0],[820.0,427.5],[819.0,427.5],[818.0,427.5],[817.5,428.0],[817.0,428.5],[816.0,428.5],[815.0,428.5],[814.0,428.5],[813.5,429.0],[813.0,429.5],[812.0,429.5],[811.0,429.5],[810.0,429.5],[809.5,430.0],[809.0,430.5],[808.0,430.5],[807.0,430.5],[806.5,431.0]]","[[243046.02333069,431253.43804169,86.24839401],[243046.02280617,431253.43811035,86.24773216],[243046.02228165,431253.43817902,86.24707031],[243046.02199364,431253.43907166,86.24708271],[243046.02170563,431253.43997192,86.24709415],[243046.02141762,431253.44087219,86.24710655],[243046.02165604,431253.44169617,86.24777985],[243046.02189064,431253.44252777,86.24845314],[243046.02160454,431253.44342804,86.24846554],[243046.02131653,431253.44432831,86.24847698],[243046.02102852,431253.44522095,86.24848938],[243046.020504,431253.44528961,86.24782753],[243046.01997948,431253.44535065,86.24716568],[243046.02021599,431253.44618225,86.24783897],[243046.0204525,431253.44701385,86.24851322],[243046.02016449,431253.44791412,86.24852467],[243046.01987839,431253.44881439,86.24853611],[243046.01958847,431253.44970703,86.24854851],[243046.01930237,431253.4506073,86.24855995],[243046.01901436,431253.45150757,86.24857235],[243046.01872635,431253.45240021,86.24858379],[243046.01820183,431253.45246887,86.24792194],[243046.01767921,431253.45252991,86.24726009],[243046.01715469,431253.45259857,86.24659824],[243046.01663208,431253.45265961,86.24593735],[243046.01634407,431253.45355988,86.24594879],[243046.01582146,431253.45362091,86.24528789],[243046.01506233,431253.45285034,86.2439537],[243046.01453972,431253.45291901,86.24329281],[243046.01401711,431253.45298004,86.24263191],[243046.01349449,431253.45304871,86.24197197],[243046.01320648,431253.45394135,86.24198341],[243046.01268387,431253.45401001,86.24132347],[243046.01216316,431253.45407104,86.24066353],[243046.01187515,431253.45497131,86.24067497],[243046.01135254,431253.45503235,86.24001503],[243046.01083183,431253.45509338,86.23935509],[243046.01054382,431253.45599365,86.23936748],[243046.01025581,431253.45688629,86.23937893],[243046.00973511,431253.45695496,86.23871994],[243046.00921249,431253.45701599,86.23806],[243046.00892639,431253.45790863,86.23807239],[243046.00863838,431253.4588089,86.23808384],[243046.00835228,431253.45970154,86.23809528],[243046.00783157,431253.4597702,86.23743629],[243046.00730896,431253.45983124,86.23677731],[243046.00678825,431253.45989227,86.23611832],[243046.00626755,431253.45995331,86.23545933],[243046.00597954,431253.46085358,86.23547173],[243046.00545883,431253.46091461,86.23481274],[243046.00493813,431253.46097565,86.2341547],[243046.00465202,431253.46187592,86.23416614],[243046.00436401,431253.46276855,86.23417759],[243046.00384521,431253.46282959,86.23351955],[243046.00332451,431253.46289062,86.23286152],[243046.0030365,431253.46379089,86.23287392],[243046.0027504,431253.46468353,86.23288536],[243046.00246429,431253.46557617,86.2328968],[243046.00194359,431253.46564484,86.23223972],[243046.00142479,431253.46570587,86.23158169],[243046.00113678,431253.46659851,86.23159313],[243046.00084877,431253.46749115,86.23160458],[243046.00056267,431253.46838379,86.23161697],[243046.00004387,431253.46845245,86.23095989],[243045.99953842,431253.46852875,86.23031044],[243045.99925041,431253.46942139,86.23032093],[243045.99895096,431253.47029877,86.2303257],[243045.99845314,431253.47038269,86.22968006]]",dji_pose_mesh_ray_contour_nodes,
36,25,3,SPL,860.8438,405.375,858,403,865,409,7,6,32,243046.03351212,431253.44130707,86.26323223,dji_pose_mesh_ray_centroid,True,True,314662,4.113131,warp,,860.8438,405.375,1,1,1.0,1,4.113131,4.113131,4,4,1.0,"[[862.5,403.0],[863.0,403.5],[863.5,404.0],[864.0,404.5]]","[[243046.03581047,431253.44164276,86.26640701],[243046.03557205,431253.44081116,86.265728],[243046.03533173,431253.43997192,86.26504898],[243046.03509331,431253.43914032,86.26437092]]",dji_pose_mesh_ray_contour_nodes,
37,26,3,SPL,4644.8169,413.8732,4638,411,4653,418,15,7,71,243047.11068153,431250.13552094,86.21832371,dji_pose_mesh_ray_centroid,True,True,1212307,4.092721,warp,,4644.8169,413.8732,1,1,1.0,1,4.092721,4.092721,14,14,1.0,"[[4652.0,413.5],[4651.5,414.0],[4651.0,414.5],[4650.5,415.0],[4650.0,415.5],[4649.5,416.0],[4649.0,416.5],[4648.0,416.5],[4647.0,416.5],[4646.0,416.5],[4645.0,416.5],[4644.0,416.5],[4643.0,416.5],[4642.5,417.0]]","[[243047.11433983,431250.12914276,86.2192173],[243047.11343956,431250.12968445,86.21848297],[243047.11253929,431250.13023376,86.21774864],[243047.11163998,431250.13077545,86.21701622],[243047.11073971,431250.13131714,86.21628284],[243047.10983944,431250.13186646,86.21554947],[243047.10894108,431250.13240814,86.21481705],[243047.10850334,431250.13328552,86.2147665],[243047.10806561,431250.13415527,86.21471596],[243047.10762691,431250.13503265,86.21466541],[243047.10718918,431250.13591003,86.21461487],[243047.10675144,431250.13678741,86.21456432],[243047.10631466,431250.13765717,86.21451378],[243047.10541534,431250.13819885,86.21378136]]",dji_pose_mesh_ray_contour_nodes,
38,27,3,SPL,4928.2812,423.25,4925,421,4933,426,8,5,32,243047.17629623,431249.89737701,86.20245171,dji_pose_mesh_ray_centroid,True,True,1212301,4.188527,warp,,4928.2812,423.25,1,1,1.0,1,4.188527,4.188527,5,5,1.0,"[[4930.5,421.0],[4931.0,421.5],[4931.5,422.0],[4931.5,423.0],[4932.0,423.5]]","[[243047.17947006,431249.89495087,86.20539474],[243047.17901134,431249.89465332,86.20472145],[243047.17855358,431249.8943634,86.20404816],[243047.17738914,431249.89460754,86.2027216],[243047.17693138,431249.89431763,86.20204925]]",dji_pose_mesh_ray_contour_nodes,
39,28,3,SPL,4872.386,451.307,4859,446,4885,458,26,12,228,243047.12993813,431249.95090485,86.16653919,dji_pose_mesh_ray_centroid,True,True,1212304,4.123488,warp,,4872.386,451.307,1,1,1.0,1,4.123488,4.123488,22,22,1.0,"[[4859.0,447.5],[4860.0,447.5],[4861.0,447.5],[4862.0,447.5],[4863.0,447.5],[4863.5,447.0],[4864.0,446.5],[4865.0,446.5],[4866.0,446.5],[4867.0,446.5],[4867.5,447.0],[4868.0,447.5],[4869.0,447.5],[4870.0,447.5],[4871.0,447.5],[4871.5,447.0],[4872.0,446.5],[4873.0,446.5],[4874.0,446.5],[4875.0,446.5],[4876.0,446.5],[4876.5,446.0]]","[[243047.1310339,431249.96118927,86.1717844],[243047.13132572,431249.96035004,86.17178154],[243047.1315937,431249.9595108,86.1717701],[243047.13184261,431249.95867157,86.17175198],[243047.13209152,431249.95783997,86.17173386],[243047.13278675,431249.95730591,86.17237854],[243047.13348293,431249.95677185,86.17302418],[243047.13373089,431249.95594025,86.1730051],[243047.13397884,431249.95510101,86.17298698],[243047.13422775,431249.95426941,86.17296886],[243047.13377953,431249.95396423,86.17230511],[243047.13333225,431249.95366669,86.17164135],[243047.13358021,431249.95282745,86.17162323],[243047.13382816,431249.95199585,86.17160511],[243047.13407612,431249.95115662,86.17158604],[243047.13477325,431249.95062256,86.17223167],[243047.13546848,431249.9500885,86.17287636],[243047.13571644,431249.9492569,86.17285728],[243047.13596535,431249.94841766,86.17283916],[243047.1362133,431249.94758606,86.17282104],[243047.13646126,431249.94674683,86.17280292],[243047.13715839,431249.9462204,86.17344761]]",dji_pose_mesh_ray_contour_nodes,
40,29,3,SPL,4875.4167,472.0525,4865,462,4887,485,22,23,324,243047.10371399,431249.95384979,86.13836002,dji_pose_mesh_ray_centroid,True,True,1212304,4.089382,warp,,4875.4167,472.0525,1,1,1.0,1,4.089382,4.089382,29,29,1.0,"[[4875.5,484.0],[4875.0,483.5],[4874.0,483.5],[4873.5,483.0],[4873.0,482.5],[4872.5,482.0],[4872.5,481.0],[4872.0,480.5],[4871.5,480.0],[4871.5,479.0],[4871.0,478.5],[4870.5,478.0],[4870.0,477.5],[4869.5,477.0],[4869.0,476.5],[4868.5,476.0],[4868.0,475.5],[4867.5,475.0],[4867.5,474.0],[4867.5,473.0],[4867.0,472.5],[4866.5,472.0],[4866.5,471.0],[4866.5,470.0],[4866.5,469.0],[4866.0,468.5],[4865.5,468.0],[4865.5,467.0],[4865.0,466.5]]","[[243047.08829784,431249.95691681,86.12231636],[243047.08879757,431249.9571991,86.12298584],[243047.08850765,431249.9580307,86.1229887],[243047.08900642,431249.95832062,86.12365818],[243047.08950615,431249.95861053,86.12432861],[243047.09000492,431249.95889282,86.12499905],[243047.09129333,431249.95863342,86.12633896],[243047.09179401,431249.95892334,86.12701035],[243047.09229469,431249.95920563,86.12768173],[243047.09358501,431249.95894623,86.12902355],[243047.09408569,431249.95923615,86.12969589],[243047.09458637,431249.95951843,86.13036823],[243047.09508705,431249.95980835,86.13104057],[243047.09558868,431249.96009827,86.13171387],[243047.09608936,431249.96038055,86.13238621],[243047.09659195,431249.96067047,86.13306045],[243047.09709358,431249.96096039,86.13373375],[243047.09759521,431249.96125031,86.134408],[243047.09888935,431249.96098328,86.13575363],[243047.10018539,431249.96072388,86.13710117],[243047.10068798,431249.96101379,86.13777542],[243047.10119152,431249.96130371,86.13845062],[243047.10248852,431249.96104431,86.13980007],[243047.10378647,431249.96077728,86.14114952],[243047.10508537,431249.96051788,86.14249992],[243047.10558987,431249.9608078,86.14317703],[243047.10609436,431249.96109772,86.14385414],[243047.10739422,431249.96083832,86.14520645],[243047.10790062,431249.96112061,86.14588451]]",dji_pose_mesh_ray_contour_nodes,
41,30,3,SPL,4667.9091,465.1818,4666,464,4671,467,5,3,11,243047.05200481,431250.12624359,86.14804554,dji_pose_mesh_ray_centroid,True,True,1212307,4.015597,warp,,4667.9091,465.1818,1,1,1.0,1,4.015597,4.015597,3,3,1.0,"[[4666.0,464.5],[4667.0,464.5],[4667.5,464.0]]","[[243047.05208397,431250.12773895,86.14888668],[243047.05251312,431250.12687683,86.14893436],[243047.05338669,431250.12634277,86.14964199]]",dji_pose_mesh_ray_contour_nodes,
42,31,3,SPL,5026.0,469.0,5026,469,5027,470,1,1,1,243047.15052986,431249.82711792,86.14181423,dji_pose_mesh_ray_centroid,True,True,1212300,4.159307,warp,,5026.0,469.0,1,1,1.0,1,4.159307,4.159307,1,1,1.0,"[[5026.0,469.0]]","[[243047.15052986,431249.82711792,86.14181423]]",dji_pose_mesh_ray_contour_nodes,
43,32,3,SPL,4976.1548,486.3452,4971,482,4983,492,12,10,84,243047.11438179,431249.87369537,86.11896038,dji_pose_mesh_ray_centroid,True,True,1212304,4.108764,warp,,4976.1548,486.3452,1,1,1.0,1,4.108764,4.108764,11,11,1.0,"[[4982.0,486.5],[4981.5,487.0],[4981.0,487.5],[4980.5,488.0],[4980.0,488.5],[4979.5,489.0],[4979.0,489.5],[4978.0,489.5],[4977.5,490.0],[4977.0,490.5],[4976.5,491.0]]","[[243047.11587048,431249.8688736,86.11874104],[243047.11507797,431249.86943054,86.11807442],[243047.11444759,431249.86995697,86.11746502],[243047.1138382,431249.87047577,86.1168623],[243047.1132288,431249.8710022,86.11625957],[243047.11262035,431249.871521,86.11565781],[243047.11201096,431249.87203979,86.11505604],[243047.1117115,431249.8728714,86.11505413],[243047.11110306,431249.87339783,86.11445236],[243047.11049461,431249.87391663,86.11385059],[243047.10988617,431249.87443542,86.11324882]]",dji_pose_mesh_ray_contour_nodes,
44,33,3,SPL,5019.3331,524.447,4974,482,5067,564,93,82,5181,243047.0913763,431249.84597778,86.07317257,dji_pose_mesh_ray_centroid,True,True,1212302,4.078819,warp,,5019.3331,524.447,1,1,1.0,1,4.078819,4.078819,175,175,1.0,"[[5007.5,482.0],[5007.5,483.0],[5008.0,483.5],[5009.0,483.5],[5009.5,484.0],[5010.0,484.5],[5010.5,485.0],[5010.5,486.0],[5010.5,487.0],[5010.5,488.0],[5010.5,489.0],[5010.5,490.0],[5011.0,490.5],[5012.0,490.5],[5012.5,491.0],[5013.0,491.5],[5013.5,492.0],[5014.0,492.5],[5015.0,492.5],[5016.0,492.5],[5017.0,492.5],[5017.5,493.0],[5018.0,493.5],[5018.5,493.0],[5019.0,492.5],[5020.0,492.5],[5021.0,492.5],[5022.0,492.5],[5022.5,492.0],[5023.0,491.5],[5024.0,491.5],[5024.5,491.0],[5024.5,490.0],[5025.0,489.5],[5025.5,489.0],[5025.5,488.0],[5026.0,487.5],[5027.0,487.5],[5028.0,487.5],[5028.5,487.0],[5029.0,486.5],[5030.0,486.5],[5030.5,487.0],[5031.0,487.5],[5031.5,488.0],[5032.0,488.5],[5032.5,489.0],[5032.5,490.0],[5033.0,490.5],[5033.5,491.0],[5034.0,491.5],[5035.0,491.5],[5036.0,491.5],[5037.0,491.5],[5037.5,492.0],[5038.0,492.5],[5038.5,492.0],[5038.0,491.5],[5037.5,491.0],[5037.5,490.0],[5038.0,489.5],[5038.5,489.0],[5038.5,488.0],[5039.0,487.5],[5040.0,487.5],[5040.5,487.0],[5041.0,486.5],[5042.0,486.5],[5043.0,486.5],[5043.5,486.0],[5044.0,485.5],[5045.0,485.5],[5046.0,485.5],[5047.0,485.5],[5047.5,486.0],[5048.0,486.5],[5049.0,486.5],[5049.5,487.0],[5050.0,487.5],[5051.0,487.5],[5052.0,487.5],[5052.5,488.0],[5053.0,488.5],[5053.5,489.0],[5053.0,489.5],[5052.5,490.0],[5052.0,490.5],[5051.0,490.5],[5050.0,490.5],[5049.0,490.5],[5048.5,491.0],[5048.0,491.5],[5047.0,491.5],[5046.5,492.0],[5046.0,492.5],[5045.5,493.0],[5045.5,494.0],[5046.0,494.5],[5046.5,495.0],[5046.5,496.0],[5046.5,497.0],[5046.5,498.0],[5046.0,498.5],[5045.5,499.0],[5045.5,500.0],[5045.0,500.5],[5044.5,501.0],[5044.5,502.0],[5044.5,503.0],[5045.0,503.5],[5045.5,504.0],[5045.5,505.0],[5046.0,505.5],[5046.5,506.0],[5047.0,506.5],[5047.5,507.0],[5048.0,507.5],[5048.5,508.0],[5048.5,509.0],[5049.0,509.5],[5049.5,510.0],[5050.0,510.5],[5050.5,511.0],[5051.0,511.5],[5051.5,512.0],[5052.0,512.5],[5052.5,513.0],[5053.0,513.5],[5054.0,513.5],[5054.5,514.0],[5055.0,514.5],[5056.0,514.5],[5056.5,515.0],[5057.0,515.5],[5057.5,516.0],[5058.0,516.5],[5058.5,517.0],[5058.5,518.0],[5058.0,518.5],[5057.5,519.0],[5057.5,520.0],[5057.0,520.5],[5056.5,521.0],[5056.5,522.0],[5057.0,522.5],[5057.5,523.0],[5058.0,523.5],[5058.5,524.0],[5059.0,524.5],[5059.5,525.0],[5059.5,526.0],[5059.5,527.0],[5059.0,527.5],[5058.5,528.0],[5058.5,529.0],[5058.5,530.0],[5058.5,531.0],[5058.5,532.0],[5058.5,533.0],[5058.0,533.5],[5057.5,534.0],[5058.0,534.5],[5058.5,535.0],[5059.0,535.5],[5059.5,536.0],[5060.0,536.5],[5061.0,536.5],[5061.5,537.0],[5062.0,537.5],[5062.5,538.0],[5063.0,538.5],[5063.5,539.0],[5064.0,539.5],[5065.0,539.5],[5066.0,539.5]]","[[243047.1285696,431249.84641266,86.1245203],[243047.12744141,431249.84667206,86.12324142],[243047.12699986,431249.84638977,86.12259388],[243047.12724495,431249.8455658,86.12257671],[243047.12680435,431249.84528351,86.12192917],[243047.12636375,431249.84500885,86.12128258],[243047.12592316,431249.84472656,86.12063599],[243047.12475586,431249.84499359,86.11934566],[243047.12375832,431249.84522247,86.11811542],[243047.12283707,431249.8454361,86.11691093],[243047.12191677,431249.84564972,86.11570835],[243047.12099648,431249.84585571,86.11450577],[243047.12068653,431249.84555054,86.11390591],[243047.12095165,431249.84471893,86.11389542],[243047.12060356,431249.84442139,86.1132822],[243047.12025547,431249.84411621,86.11266899],[243047.11990643,431249.84381104,86.11205578],[243047.11955833,431249.84351349,86.11144257],[243047.11979008,431249.84269714,86.11142063],[243047.12002087,431249.84187317,86.1113987],[243047.12025166,431249.84105682,86.11137676],[243047.11990452,431249.84075928,86.1107645],[243047.11955643,431249.8404541,86.11015129],[243047.12013531,431249.8399353,86.11074257],[243047.12071514,431249.83942413,86.11133289],[243047.12094593,431249.83860779,86.11131096],[243047.12115288,431249.83779144,86.11128044],[243047.12133789,431249.83698273,86.11124325],[243047.12186432,431249.83647919,86.11181545],[243047.12238979,431249.83597565,86.11238766],[243047.12257481,431249.83516693,86.11234951],[243047.1231184,431249.83466339,86.11292839],[243047.1243372,431249.83437347,86.11423302],[243047.12510872,431249.83381653,86.1148901],[243047.12587929,431249.83325195,86.11554813],[243047.12709999,431249.83296967,86.11685371],[243047.12787247,431249.83240509,86.1175127],[243047.12819576,431249.83156586,86.11752224],[243047.12851906,431249.83072662,86.11753178],[243047.12929058,431249.83016205,86.11818981],[243047.13006401,431249.82959747,86.1188488],[243047.13038731,431249.82875824,86.11885834],[243047.12993813,431249.82847595,86.11820984],[243047.12948895,431249.82820129,86.11756134],[243047.12903881,431249.82792664,86.11691189],[243047.12859058,431249.82764435,86.11626339],[243047.12814236,431249.82736969,86.11561584],[243047.12692261,431249.82765961,86.11431026],[243047.12647438,431249.82737732,86.11366272],[243047.1260252,431249.82710266,86.11301517],[243047.12557697,431249.826828,86.11236763],[243047.12590027,431249.82598877,86.11237717],[243047.12622356,431249.82514954,86.11238766],[243047.12654591,431249.8243103,86.11239719],[243047.12609768,431249.82403564,86.11174965],[243047.12565041,431249.82376099,86.11110306],[243047.12642097,431249.82319641,86.11175919],[243047.1268692,431249.82347107,86.11240673],[243047.12731743,431249.82374573,86.11305332],[243047.12853718,431249.82345581,86.1143589],[243047.12930965,431249.82289124,86.11501598],[243047.13008213,431249.82232666,86.11567402],[243047.13130283,431249.82204437,86.1169796],[243047.13207531,431249.8214798,86.11763859],[243047.13239956,431249.82064056,86.11764812],[243047.13317204,431249.82006836,86.11830711],[243047.13394547,431249.81950378,86.11896515],[243047.13426876,431249.81866455,86.11897469],[243047.13459301,431249.81782532,86.11898518],[243047.13536549,431249.81726074,86.11964416],[243047.13614082,431249.81669617,86.12030315],[243047.13646412,431249.8158493,86.12031269],[243047.13678741,431249.81501007,86.12032223],[243047.13711166,431249.81417084,86.12033272],[243047.13666058,431249.81389618,86.11968327],[243047.13620949,431249.81362152,86.11903381],[243047.13653374,431249.81278229,86.11904335],[243047.1360836,431249.81250763,86.1183939],[243047.13563347,431249.81223297,86.1177454],[243047.13595676,431249.81138611,86.11775494],[243047.13628006,431249.81054688,86.11776447],[243047.13582993,431249.81027222,86.11711597],[243047.13537979,431249.80999756,86.11646748],[243047.13492966,431249.8097229,86.11581898],[243047.13415718,431249.8102951,86.11516094],[243047.1333847,431249.81085968,86.11450386],[243047.13261223,431249.81142426,86.11384582],[243047.13228893,431249.81226349,86.11383629],[243047.13196564,431249.81310272,86.11382675],[243047.13164234,431249.81394196,86.11381721],[243047.13087082,431249.81450653,86.11316013],[243047.1300993,431249.81507111,86.11250305],[243047.12977505,431249.81591034,86.11249351],[243047.12900448,431249.81647491,86.11183643],[243047.12823296,431249.81703949,86.11118031],[243047.12746239,431249.81760406,86.11052418],[243047.12624359,431249.81789398,86.10922146],[243047.12579536,431249.81761932,86.10857582],[243047.12534809,431249.81734467,86.10792923],[243047.12413216,431249.81763458,86.10662937],[243047.12291527,431249.8179245,86.10532951],[243047.12170029,431249.81821442,86.10403061],[243047.12093163,431249.81877899,86.10337639],[243047.12016296,431249.81934357,86.10272217],[243047.11919117,431249.81957245,86.10150814],[243047.11866665,431249.82007599,86.1009388],[243047.11814213,431249.82057953,86.1003685],[243047.11727905,431249.82078552,86.09919262],[243047.11641598,431249.82099152,86.09801674],[243047.11607647,431249.82068634,86.09740925],[243047.11573792,431249.82038879,86.09680366],[243047.11487579,431249.82059479,86.09562874],[243047.11453724,431249.82029724,86.09502315],[243047.11419868,431249.81999207,86.09441757],[243047.11386013,431249.81969452,86.09381199],[243047.11352158,431249.81939697,86.09320641],[243047.11318302,431249.81909943,86.09260082],[243047.11284542,431249.81880188,86.09199619],[243047.11198425,431249.81900024,86.09082317],[243047.11164665,431249.8187027,86.09021854],[243047.11130905,431249.81840515,86.08961391],[243047.1109705,431249.8181076,86.08900928],[243047.1106329,431249.81781006,86.08840561],[243047.11029434,431249.81751251,86.08780098],[243047.1099577,431249.81720734,86.0871973],[243047.10962009,431249.81690979,86.08659363],[243047.10928249,431249.81661224,86.08598995],[243047.10894585,431249.8163147,86.08538723],[243047.10912991,431249.81551361,86.08535004],[243047.1087923,431249.81521606,86.08474731],[243047.10845566,431249.81491852,86.08414364],[243047.10863972,431249.81411743,86.0841074],[243047.10830307,431249.81381989,86.08350372],[243047.10796547,431249.81351471,86.082901],[243047.10762882,431249.81321716,86.08229828],[243047.10729218,431249.81291962,86.08169651],[243047.10695457,431249.81262207,86.08109379],[243047.10609722,431249.81282806,86.07992649],[243047.10557747,431249.8133316,86.07936096],[243047.10505581,431249.81383514,86.07879639],[243047.10419941,431249.81404114,86.07763004],[243047.103652,431249.81455231,86.07705593],[243047.10307884,431249.81507111,86.07647324],[243047.10216236,431249.81528473,86.07528782],[243047.10181904,431249.81499481,86.07468414],[243047.10147572,431249.81469727,86.07408142],[243047.10113335,431249.81439972,86.0734787],[243047.10079002,431249.81410217,86.07287598],[243047.10044765,431249.81381226,86.07227325],[243047.10010529,431249.81351471,86.07167053],[243047.09918976,431249.81373596,86.07048702],[243047.09827518,431249.81394958,86.06930447],[243047.09770393,431249.81446838,86.06872368],[243047.09713173,431249.81497955,86.06814289],[243047.09621906,431249.81520081,86.06696129],[243047.09530544,431249.81542206,86.06577969],[243047.09439278,431249.81563568,86.06459904],[243047.09348011,431249.81585693,86.06341934],[243047.09256935,431249.81607819,86.06223965],[243047.09199905,431249.81658936,86.06166077],[243047.09142876,431249.81710815,86.06108189],[243047.09108829,431249.81681061,86.06048202],[243047.09074783,431249.81651306,86.05988216],[243047.09040737,431249.81621552,86.05928326],[243047.09006691,431249.8159256,86.05868435],[243047.08972549,431249.81562805,86.05808449],[243047.08995533,431249.81481934,86.05806446],[243047.08961487,431249.81452942,86.05746555],[243047.08927441,431249.81423187,86.05686665],[243047.08893394,431249.81393433,86.05626774],[243047.08859444,431249.81364441,86.05566978],[243047.08825397,431249.81334686,86.05507088],[243047.08791447,431249.81305695,86.05447292],[243047.08814335,431249.81224823,86.05445194],[243047.08837223,431249.81143951,86.05443191]]",dji_pose_mesh_ray_contour_nodes,
45,34,3,SPL,4649.7768,517.6147,4632,503,4669,530,37,27,475,243046.98720264,431250.15072632,86.08054543,dji_pose_mesh_ray_centroid,True,True,1220282,3.92925,warp,,4649.7768,517.6147,1,1,1.0,1,3.92925,3.92925,76,76,1.0,"[[4649.5,503.0],[4650.0,503.5],[4650.5,504.0],[4651.0,504.5],[4651.5,505.0],[4652.0,505.5],[4652.5,506.0],[4653.0,506.5],[4654.0,506.5],[4654.5,506.0],[4655.0,505.5],[4655.5,505.0],[4656.0,504.5],[4657.0,504.5],[4658.0,504.5],[4658.5,505.0],[4658.5,506.0],[4658.0,506.5],[4657.5,507.0],[4657.0,507.5],[4656.5,508.0],[4656.5,509.0],[4656.5,510.0],[4656.5,511.0],[4657.0,511.5],[4657.5,512.0],[4658.0,512.5],[4658.5,513.0],[4658.5,514.0],[4658.0,514.5],[4657.0,514.5],[4656.0,514.5],[4655.5,514.0],[4655.0,513.5],[4654.0,513.5],[4653.0,513.5],[4652.5,513.0],[4652.0,512.5],[4651.0,512.5],[4650.5,512.0],[4650.0,511.5],[4649.0,511.5],[4648.0,511.5],[4647.5,512.0],[4647.5,513.0],[4648.0,513.5],[4648.5,514.0],[4649.0,514.5],[4649.5,515.0],[4650.0,515.5],[4650.5,516.0],[4651.0,516.5],[4651.5,517.0],[4652.0,517.5],[4652.5,518.0],[4653.0,518.5],[4654.0,518.5],[4655.0,518.5],[4656.0,518.5],[4656.5,519.0],[4657.0,519.5],[4658.0,519.5],[4659.0,519.5],[4659.5,519.0],[4660.0,518.5],[4661.0,518.5],[4662.0,518.5],[4663.0,518.5],[4664.0,518.5],[4665.0,518.5],[4665.5,519.0],[4666.0,519.5],[4666.5,520.0],[4667.0,520.5],[4667.5,521.0],[4668.0,521.5]]","[[243047.00121117,431250.14876556,86.09834003],[243047.00080681,431250.1484375,86.09770489],[243047.00040245,431250.14810944,86.09707069],[243046.99999905,431250.14778137,86.09643555],[243046.99959469,431250.14744568,86.09580135],[243046.99926853,431250.14710999,86.09519482],[243046.99894524,431250.14676666,86.09458923],[243046.99862099,431250.14642334,86.09398365],[243046.99891663,431250.14559174,86.0939846],[243046.99953651,431250.14510345,86.09459019],[243047.0001564,431250.14461517,86.09519768],[243047.00077724,431250.14412689,86.09580421],[243047.00139809,431250.14363861,86.09641075],[243047.00169373,431250.14280701,86.0964117],[243047.00199032,431250.1419754,86.09641266],[243047.00166512,431250.14163971,86.09580612],[243047.00072002,431250.14178467,86.09459305],[243047.00009918,431250.14227295,86.09398651],[243046.99947834,431250.14276886,86.09337997],[243046.99885941,431250.14325714,86.09277439],[243046.99823952,431250.14374542,86.09216785],[243046.99729538,431250.14389038,86.09095764],[243046.9963522,431250.14404297,86.08974647],[243046.99540901,431250.14418793,86.08853722],[243046.99508572,431250.1438446,86.08793259],[243046.99476242,431250.14350891,86.08732891],[243046.99443913,431250.14316559,86.08672428],[243046.99411583,431250.1428299,86.08612061],[243046.9931736,431250.14297485,86.0849123],[243046.99255562,431250.14346313,86.08430862],[243046.99225998,431250.14429474,86.08430767],[243046.99196529,431250.14511871,86.08430672],[243046.99228764,431250.14546204,86.08491039],[243046.99261189,431250.14579773,86.08551407],[243046.99231625,431250.14662933,86.08551311],[243046.99202061,431250.14746094,86.08551311],[243046.9923439,431250.14779663,86.08611584],[243046.9926672,431250.14813995,86.08672047],[243046.99237251,431250.14896393,86.08671951],[243046.99269485,431250.14930725,86.08732414],[243046.99301815,431250.14965057,86.08792782],[243046.99272251,431250.15047455,86.08792686],[243046.99242783,431250.15130615,86.08792591],[243046.99180889,431250.15179443,86.08732128],[243046.99086761,431250.15193939,86.08611298],[243046.99054527,431250.15159607,86.0855093],[243046.99022293,431250.15126038,86.08490562],[243046.98989964,431250.15091705,86.08430195],[243046.98957729,431250.15057373,86.08369923],[243046.98925495,431250.15023804,86.08309555],[243046.98893166,431250.14989471,86.08249283],[243046.98861027,431250.14955139,86.08189011],[243046.98828793,431250.1492157,86.08128738],[243046.98796558,431250.14887238,86.08068562],[243046.9876442,431250.14852905,86.08008289],[243046.9873209,431250.14819336,86.07948112],[243046.98761654,431250.14736176,86.07948112],[243046.98791027,431250.14653778,86.07948208],[243046.98820591,431250.14571381,86.07948303],[243046.98788452,431250.14537048,86.07888126],[243046.98756218,431250.14502716,86.07827949],[243046.98785686,431250.14420319,86.07827949],[243046.98815155,431250.14337921,86.07828045],[243046.98876858,431250.14289093,86.07888317],[243046.9893856,431250.14240265,86.07948589],[243046.98968029,431250.14157104,86.07948589],[243046.98997498,431250.14074707,86.07948685],[243046.99026966,431250.13991547,86.0794878],[243046.99056435,431250.13909149,86.07948875],[243046.99085999,431250.13826752,86.07948875],[243046.99053764,431250.13792419,86.07888699],[243046.99021435,431250.1375885,86.07828522],[243046.98989201,431250.13724518,86.07768345],[243046.98957062,431250.13690948,86.07708168],[243046.98924828,431250.13656616,86.07648087],[243046.98892593,431250.13623047,86.0758791]]",dji_pose_mesh_ray_contour_nodes,
46,35,3,SPL,4665.625,542.25,4665,541,4668,545,3,4,8,243046.96886158,431250.1412735,86.05104732,dji_pose_mesh_ray_centroid,True,True,1220282,3.903955,warp,,4665.625,542.25,1,1,1.0,1,3.903955,3.903955,4,4,1.0,"[[4667.0,542.5],[4666.5,543.0],[4666.0,543.5],[4665.5,544.0]]","[[243046.96903229,431250.1401825,86.05075073],[243046.96842289,431250.14066315,86.05015564],[243046.96781158,431250.14115143,86.04955959],[243046.96720123,431250.14163208,86.04896545]]",dji_pose_mesh_ray_contour_nodes,
47,36,3,SPL,903.0943,563.5126,870,548,927,581,57,33,954,243045.93120575,431253.29079437,86.06029797,dji_pose_mesh_ray_centroid,True,True,1219846,3.87601,warp,,903.0943,563.5126,1,1,1.0,1,3.87601,3.87601,75,75,1.0,"[[870.0,571.5],[870.5,571.0],[871.0,570.5],[871.5,570.0],[872.0,569.5],[872.5,569.0],[873.0,568.5],[874.0,568.5],[875.0,568.5],[875.5,568.0],[876.0,567.5],[876.5,567.0],[877.0,566.5],[878.0,566.5],[878.5,566.0],[879.0,565.5],[880.0,565.5],[880.5,565.0],[881.0,564.5],[882.0,564.5],[883.0,564.5],[884.0,564.5],[885.0,564.5],[885.5,564.0],[886.0,563.5],[886.5,563.0],[886.5,562.0],[887.0,561.5],[887.5,561.0],[888.0,560.5],[888.5,560.0],[889.0,559.5],[889.5,559.0],[890.0,558.5],[891.0,558.5],[892.0,558.5],[892.5,558.0],[893.0,557.5],[893.5,557.0],[893.5,556.0],[893.5,555.0],[893.5,554.0],[894.0,553.5],[895.0,553.5],[895.5,553.0],[896.0,552.5],[896.5,552.0],[897.0,551.5],[898.0,551.5],[898.5,551.0],[899.0,550.5],[899.5,550.0],[900.0,549.5],[901.0,549.5],[901.5,549.0],[902.0,548.5],[903.0,548.5],[904.0,548.5],[905.0,548.5],[906.0,548.5],[906.5,549.0],[907.0,549.5],[908.0,549.5],[909.0,549.5],[910.0,549.5],[911.0,549.5],[911.5,549.0],[912.0,548.5],[913.0,548.5],[914.0,548.5],[915.0,548.5],[916.0,548.5],[917.0,548.5],[918.0,548.5],[918.5,548.0]]","[[243045.9166851,431253.31395721,86.05092621],[243045.91716194,431253.31386566,86.05153084],[243045.91764069,431253.31377411,86.05213451],[243045.91811943,431253.31368256,86.05273914],[243045.91859818,431253.313591,86.05334282],[243045.91907692,431253.31350708,86.05394745],[243045.91955566,431253.31341553,86.05455208],[243045.91983032,431253.31254578,86.05454063],[243045.92010307,431253.31168365,86.05452919],[243045.92058182,431253.3115921,86.05513382],[243045.92106056,431253.31150055,86.05573845],[243045.92154121,431253.311409,86.05634403],[243045.92201996,431253.31131744,86.05694962],[243045.92229271,431253.31045532,86.05693722],[243045.92277336,431253.31036377,86.0575428],[243045.92325211,431253.31027222,86.05814838],[243045.92352676,431253.3094101,86.05813694],[243045.92400551,431253.30931854,86.05874252],[243045.92448616,431253.30922699,86.05934811],[243045.92476082,431253.30836487,86.05933666],[243045.92503357,431253.30749512,86.05932522],[243045.92530632,431253.306633,86.05931282],[243045.92557907,431253.30577087,86.05930138],[243045.92605972,431253.30567932,86.05990791],[243045.92654037,431253.30558777,86.0605135],[243045.92702103,431253.30549622,86.06112003],[243045.92770958,431253.30617523,86.0623455],[243045.92819023,431253.30608368,86.06295204],[243045.92867088,431253.30599213,86.06355858],[243045.92915154,431253.30590057,86.06416607],[243045.92963409,431253.30580902,86.06477356],[243045.93011475,431253.30570984,86.06538105],[243045.93059731,431253.30561829,86.06598854],[243045.93107796,431253.30552673,86.06659603],[243045.93135262,431253.30466461,86.06658459],[243045.93162537,431253.30379486,86.06657219],[243045.93210793,431253.30370331,86.06718063],[243045.93258858,431253.30361176,86.06778812],[243045.93307114,431253.3035202,86.06839657],[243045.9337616,431253.30419922,86.0696249],[243045.93445206,431253.30488586,86.07085419],[243045.93514442,431253.30556488,86.07208443],[243045.93562698,431253.30547333,86.07269382],[243045.93590164,431253.30460358,86.07268143],[243045.9363842,431253.30451202,86.07329082],[243045.93686676,431253.30442047,86.07390022],[243045.93734932,431253.30432892,86.07451057],[243045.93783379,431253.30423737,86.07511997],[243045.93810844,431253.30336761,86.07510853],[243045.938591,431253.30327606,86.07571793],[243045.93907547,431253.30318451,86.07632828],[243045.93955803,431253.30309296,86.07693863],[243045.9400425,431253.3030014,86.07754898],[243045.94031715,431253.30213165,86.07753754],[243045.94079971,431253.3020401,86.07814789],[243045.94128418,431253.30194855,86.07875919],[243045.94155884,431253.3010788,86.0787468],[243045.9418335,431253.30020905,86.07873535],[243045.94210815,431253.29933929,86.07872295],[243045.94238281,431253.29847717,86.07871151],[243045.942173,431253.29769897,86.07808876],[243045.9419632,431253.29692841,86.07746601],[243045.94223595,431253.29605865,86.07745457],[243045.9425106,431253.2951889,86.07744217],[243045.94278526,431253.29431915,86.07742977],[243045.94305992,431253.29345703,86.07741833],[243045.94354439,431253.29335785,86.07802868],[243045.94402885,431253.2932663,86.07863903],[243045.94430161,431253.29239655,86.07862759],[243045.94457626,431253.29153442,86.07861614],[243045.94485092,431253.29066467,86.07860374],[243045.94512558,431253.28979492,86.0785923],[243045.94540024,431253.28892517,86.0785799],[243045.9456749,431253.28806305,86.07856846],[243045.94615936,431253.28796387,86.07917881]]",dji_pose_mesh_ray_contour_nodes,
48,37,3,SPL,4679.3965,559.7895,4667,552,4693,573,26,21,285,243046.95666885,431250.13257599,86.03027058,dji_pose_mesh_ray_centroid,True,True,1220282,3.887228,warp,,4679.3965,559.7895,1,1,1.0,1,3.887228,3.887228,48,48,1.0,"[[4674.5,572.0],[4674.0,571.5],[4673.0,571.5],[4672.5,571.0],[4672.0,570.5],[4671.5,570.0],[4671.5,569.0],[4672.0,568.5],[4672.5,568.0],[4673.0,567.5],[4674.0,567.5],[4674.5,567.0],[4675.0,566.5],[4676.0,566.5],[4677.0,566.5],[4678.0,566.5],[4678.5,566.0],[4679.0,565.5],[4679.5,565.0],[4679.5,564.0],[4679.5,563.0],[4679.5,562.0],[4679.5,561.0],[4679.0,560.5],[4678.0,560.5],[4677.0,560.5],[4676.0,560.5],[4675.5,561.0],[4675.0,561.5],[4674.5,562.0],[4674.5,563.0],[4674.0,563.5],[4673.5,563.0],[4673.0,562.5],[4672.5,562.0],[4672.5,561.0],[4672.0,560.5],[4671.5,560.0],[4671.0,559.5],[4670.5,559.0],[4670.0,558.5],[4669.5,558.0],[4669.0,557.5],[4668.5,557.0],[4668.5,556.0],[4668.0,555.5],[4667.5,555.0],[4667.0,554.5]]","[[243046.94403172,431250.13838959,86.01590633],[243046.94434357,431250.13872528,86.01649189],[243046.9440527,431250.13954163,86.01649189],[243046.9443655,431250.13987732,86.01707745],[243046.94467735,431250.14021301,86.01766396],[243046.9449892,431250.14054871,86.01825046],[243046.94590664,431250.14039612,86.01942444],[243046.94651031,431250.13991547,86.0200119],[243046.94711399,431250.13943481,86.02059936],[243046.94771767,431250.13895416,86.02118778],[243046.94800949,431250.13813782,86.02118874],[243046.94861317,431250.13764954,86.0217762],[243046.9492178,431250.13716888,86.02236462],[243046.94950867,431250.13635254,86.02236462],[243046.94979954,431250.13553619,86.02236557],[243046.95009136,431250.13471985,86.02236652],[243046.95069599,431250.1342392,86.02295494],[243046.95130062,431250.13375092,86.02354336],[243046.95190525,431250.13327026,86.02413177],[243046.95282459,431250.13311768,86.02530861],[243046.95374393,431250.13297272,86.0264864],[243046.95466423,431250.13282013,86.02766418],[243046.95558453,431250.13267517,86.02884293],[243046.95589828,431250.13301086,86.0294323],[243046.95560646,431250.13382721,86.0294323],[243046.95531559,431250.13464355,86.02943134],[243046.95502377,431250.13546753,86.02943134],[243046.95441818,431250.13594818,86.02884102],[243046.95381165,431250.13642883,86.02825069],[243046.95320606,431250.13691711,86.02766132],[243046.95228672,431250.13706207,86.02648258],[243046.95168114,431250.13754272,86.02589416],[243046.9519949,431250.13787842,86.02648258],[243046.95230865,431250.13821411,86.027071],[243046.95262337,431250.1385498,86.02766037],[243046.95354271,431250.13840485,86.02883911],[243046.95385742,431250.13874054,86.02942848],[243046.95417213,431250.13907623,86.03001785],[243046.95448589,431250.13941193,86.03060722],[243046.95480061,431250.13974762,86.03119659],[243046.95511436,431250.14008331,86.03178692],[243046.95542908,431250.14041901,86.03237629],[243046.95574474,431250.1407547,86.03296661],[243046.9560585,431250.14109039,86.03355694],[243046.95698071,431250.14093781,86.03473854],[243046.95729637,431250.14128113,86.03532982],[243046.95761108,431250.14161682,86.0359211],[243046.95792675,431250.14195251,86.03651142]]",dji_pose_mesh_ray_contour_nodes,
49,38,3,SPL,5094.3889,570.2778,5093,568,5097,574,4,6,18,243047.06707001,431249.79538727,86.01795864,dji_pose_mesh_ray_centroid,True,True,1212302,4.050606,warp,,5094.3889,570.2778,1,1,1.0,1,4.050606,4.050606,4,4,1.0,"[[5096.0,571.5],[5095.5,572.0],[5095.0,572.5],[5094.5,573.0]]","[[243047.0663414,431249.79437256,86.01651192],[243047.06577873,431249.79488373,86.01594353],[243047.06521797,431249.7953949,86.01537514],[243047.06465626,431249.79590607,86.0148077]]",dji_pose_mesh_ray_contour_nodes,
50,39,3,SPL,4688.6452,573.9032,4685,572,4693,578,8,6,31,243046.94640255,431250.1271286,86.01368427,dji_pose_mesh_ray_centroid,True,True,1220282,3.873216,warp,,4688.6452,573.9032,1,1,1.0,1,3.873216,3.873216,7,7,1.0,"[[4688.5,577.0],[4688.0,576.5],[4687.5,576.0],[4687.0,575.5],[4686.0,575.5],[4685.5,575.0],[4685.0,574.5]]","[[243046.94352818,431250.12771606,86.01005936],[243046.94384003,431250.12804413,86.01064396],[243046.94415188,431250.12837982,86.01122951],[243046.94446373,431250.12871552,86.01181412],[243046.94417381,431250.12952423,86.01181316],[243046.94448471,431250.12985992,86.01239777],[243046.94479656,431250.13019562,86.01298332]]",dji_pose_mesh_ray_contour_nodes,
51,40,3,SPL,5083.7634,585.201,5070,574,5103,598,33,24,393,243047.05132294,431249.80716705,86.00095653,dji_pose_mesh_ray_centroid,True,True,1212302,4.028238,warp,,5083.7634,585.201,1,1,1.0,1,4.028238,4.028238,59,59,1.0,"[[5070.5,574.0],[5071.0,574.5],[5072.0,574.5],[5072.5,575.0],[5073.0,575.5],[5074.0,575.5],[5075.0,575.5],[5075.5,576.0],[5076.0,576.5],[5077.0,576.5],[5078.0,576.5],[5079.0,576.5],[5079.5,577.0],[5080.0,577.5],[5081.0,577.5],[5082.0,577.5],[5082.5,578.0],[5083.0,578.5],[5083.5,579.0],[5084.0,579.5],[5084.5,580.0],[5085.0,580.5],[5085.5,581.0],[5085.5,582.0],[5086.0,582.5],[5086.5,583.0],[5087.0,583.5],[5088.0,583.5],[5088.5,584.0],[5089.0,584.5],[5090.0,584.5],[5091.0,584.5],[5091.5,584.0],[5092.0,583.5],[5092.5,583.0],[5093.0,582.5],[5093.5,582.0],[5093.5,581.0],[5093.5,580.0],[5093.5,579.0],[5093.5,578.0],[5093.5,577.0],[5093.5,576.0],[5093.5,575.0],[5094.0,574.5],[5094.5,575.0],[5095.0,575.5],[5096.0,575.5],[5096.5,576.0],[5097.0,576.5],[5098.0,576.5],[5098.5,577.0],[5098.5,578.0],[5099.0,578.5],[5099.5,579.0],[5100.0,579.5],[5100.5,580.0],[5101.0,580.5],[5102.0,580.5]]","[[243047.05829906,431249.81533813,86.01412868],[243047.05796528,431249.81504822,86.01354122],[243047.05819321,431249.81424713,86.01352119],[243047.05786037,431249.81395721,86.01293373],[243047.05752754,431249.8136673,86.01234627],[243047.05775452,431249.81286621,86.01232624],[243047.05798149,431249.81206512,86.01230621],[243047.05764961,431249.81177521,86.01171875],[243047.05731678,431249.81147766,86.01113224],[243047.05754375,431249.8106842,86.01111221],[243047.05777168,431249.80988312,86.01109219],[243047.05799961,431249.80908203,86.01107216],[243047.05766678,431249.80879211,86.01048565],[243047.05733299,431249.80849457,86.00989819],[243047.05755997,431249.80770111,86.00987911],[243047.0577879,431249.80690002,86.00985908],[243047.05745506,431249.80661011,86.00927257],[243047.05712223,431249.80631256,86.00868607],[243047.05679035,431249.80602264,86.00809956],[243047.05645752,431249.80573273,86.00751305],[243047.05612469,431249.80544281,86.00692749],[243047.05579281,431249.80515289,86.00634098],[243047.05545998,431249.80486298,86.00575542],[243047.05456829,431249.80508423,86.00460434],[243047.05423641,431249.80479431,86.00401878],[243047.05390453,431249.80450439,86.00343323],[243047.05357265,431249.80421448,86.00284862],[243047.05379963,431249.80341339,86.0028286],[243047.0534687,431249.80312347,86.002244],[243047.05313683,431249.80283356,86.00165939],[243047.0533638,431249.80203247,86.00163937],[243047.05359077,431249.80123901,86.00162029],[243047.05414963,431249.80072784,86.00218487],[243047.05470848,431249.80021667,86.0027504],[243047.05526829,431249.79971313,86.00331593],[243047.05582714,431249.79920197,86.00388145],[243047.05638599,431249.7986908,86.00444698],[243047.05727863,431249.79846954,86.00559807],[243047.05817032,431249.79824829,86.00674915],[243047.05906391,431249.79802704,86.00790214],[243047.05995655,431249.79780579,86.00905418],[243047.06084919,431249.79759216,86.01020813],[243047.06174374,431249.79737091,86.01136208],[243047.06263924,431249.79714966,86.01251698],[243047.06319904,431249.79663849,86.01308441],[243047.06286621,431249.79634857,86.01249695],[243047.06253242,431249.79605865,86.01190948],[243047.06276035,431249.79525757,86.01188946],[243047.06242561,431249.79496765,86.01130295],[243047.06209278,431249.79467773,86.01071548],[243047.06231976,431249.79387665,86.01069546],[243047.06198692,431249.79358673,86.01010895],[243047.06109238,431249.79380798,86.00895596],[243047.0607605,431249.7935257,86.00836945],[243047.06042671,431249.79323578,86.00778294],[243047.06009388,431249.79294586,86.00719738],[243047.05976105,431249.79265594,86.00661182],[243047.05942822,431249.79236603,86.00602531],[243047.05965614,431249.79156494,86.00600624]]",dji_pose_mesh_ray_contour_nodes,
52,41,3,SPL,4920.7571,597.749,4912,589,4934,606,22,17,247,243046.99818707,431249.94108582,85.98813152,dji_pose_mesh_ray_centroid,True,True,78892,3.946507,warp,,4920.7571,597.749,1,1,1.0,1,3.946507,3.946507,23,23,1.0,"[[4919.5,589.0],[4920.0,589.5],[4920.5,590.0],[4921.0,590.5],[4921.5,591.0],[4922.0,591.5],[4922.5,592.0],[4923.0,592.5],[4923.5,593.0],[4924.0,593.5],[4924.5,594.0],[4925.0,594.5],[4926.0,594.5],[4927.0,594.5],[4927.5,595.0],[4928.0,595.5],[4929.0,595.5],[4930.0,595.5],[4931.0,595.5],[4931.5,596.0],[4932.0,596.5],[4932.5,597.0],[4933.0,597.5]]","[[243047.0054245,431249.94049072,85.99813938],[243047.00513554,431249.94017792,85.99756718],[243047.00484562,431249.93986511,85.99699497],[243047.00455761,431249.93954468,85.99642277],[243047.00426865,431249.93923187,85.99585056],[243047.00397968,431249.93891907,85.99527836],[243047.00369072,431249.93860626,85.99470711],[243047.00340176,431249.93828583,85.9941349],[243047.00311279,431249.93797302,85.99356365],[243047.00282478,431249.93766022,85.9929924],[243047.00253582,431249.93734741,85.99242115],[243047.00224781,431249.93703461,85.9918499],[243047.00253963,431249.93621826,85.99185181],[243047.00283241,431249.93540192,85.99185276],[243047.0025444,431249.93508911,85.99128246],[243047.00225544,431249.93477631,85.99071121],[243047.00254822,431249.93395996,85.99071217],[243047.00284004,431249.93315125,85.99071407],[243047.00313187,431249.9323349,85.99071503],[243047.00284386,431249.93202209,85.99014473],[243047.00255489,431249.93170929,85.98957443],[243047.00226688,431249.93139648,85.98900318],[243047.00197887,431249.93108368,85.98843384]]",dji_pose_mesh_ray_contour_nodes,
53,42,3,SPL,4889.7245,595.4388,4885,590,4896,601,11,11,98,243046.99112511,431249.96590424,85.99072552,dji_pose_mesh_ray_centroid,True,True,78892,3.935861,warp,,4889.7245,595.4388,1,1,1.0,1,3.935861,3.935861,8,8,1.0,"[[4890.5,590.0],[4891.0,590.5],[4891.5,591.0],[4892.0,591.5],[4892.5,592.0],[4893.0,592.5],[4894.0,592.5],[4895.0,592.5]]","[[243046.99606895,431249.96430206,85.9969511],[243046.9957819,431249.96398163,85.9963789],[243046.99549389,431249.96366119,85.99580669],[243046.99520588,431249.96334839,85.99523544],[243046.99491787,431249.96302795,85.99466324],[243046.99462986,431249.96270752,85.99409199],[243046.99492264,431249.9618988,85.99409294],[243046.99521446,431249.96108246,85.99409485]]",dji_pose_mesh_ray_contour_nodes,
54,43,3,SPL,4691.8387,599.1129,4688,593,4696,606,8,13,62,243046.92439651,431250.12830353,85.98434162,dji_pose_mesh_ray_centroid,True,True,1220282,3.843271,warp,,4691.8387,599.1129,1,1,1.0,1,3.843271,3.843271,12,12,1.0,"[[4688.0,599.5],[4688.5,599.0],[4688.5,598.0],[4689.0,597.5],[4689.5,597.0],[4690.0,596.5],[4690.5,596.0],[4691.0,595.5],[4691.5,595.0],[4692.0,594.5],[4692.5,594.0],[4692.5,593.0]]","[[243046.92293835,431250.13146973,85.98389149],[243046.92353535,431250.13098907,85.98447037],[243046.92443848,431250.13084412,85.98562717],[243046.92503548,431250.13036346,85.98620605],[243046.92563248,431250.12988281,85.98678589],[243046.92622948,431250.12940216,85.98736477],[243046.92682552,431250.12892151,85.9879446],[243046.92742348,431250.12844086,85.98852444],[243046.92802048,431250.12796021,85.98910427],[243046.92861843,431250.12747955,85.9896841],[243046.92921638,431250.1269989,85.99026394],[243046.93012238,431250.12685394,85.99142361]]",dji_pose_mesh_ray_contour_nodes,
55,44,3,SPL,4685.5057,615.3678,4682,605,4691,623,9,18,87,243046.90794086,431250.13581848,85.96561241,dji_pose_mesh_ray_centroid,True,True,1220282,3.82091,warp,,4685.5057,615.3678,1,1,1.0,1,3.82091,3.82091,18,18,1.0,"[[4686.5,605.0],[4686.5,606.0],[4686.5,607.0],[4686.5,608.0],[4686.5,609.0],[4686.5,610.0],[4686.5,611.0],[4687.0,611.5],[4687.5,612.0],[4687.5,613.0],[4687.5,614.0],[4687.5,615.0],[4688.0,615.5],[4688.5,616.0],[4689.0,616.5],[4689.5,617.0],[4689.5,618.0],[4690.0,618.5]]","[[243046.91754341,431250.13349915,85.97753906],[243046.91664219,431250.1336441,85.97638607],[243046.91574192,431250.13378906,85.97523403],[243046.91484261,431250.13393402,85.97408199],[243046.91394329,431250.13408661,85.97293091],[243046.91304398,431250.13423157,85.97177982],[243046.91214561,431250.13437653,85.97062969],[243046.91184044,431250.13404846,85.97005558],[243046.91153622,431250.1337204,85.96948147],[243046.91063786,431250.13386536,85.96833229],[243046.90974045,431250.13401031,85.96718407],[243046.90884399,431250.13415527,85.96603584],[243046.90853977,431250.13382721,85.96546268],[243046.90823555,431250.13349915,85.96488953],[243046.90793133,431250.13316345,85.96431637],[243046.90762711,431250.13283539,85.96374321],[243046.90673161,431250.13298035,85.96259689],[243046.90642738,431250.13265228,85.96202469]]",dji_pose_mesh_ray_contour_nodes,
56,45,3,SPL,5076.9872,647.9201,4993,607,5171,692,178,85,6484,243046.99480915,431249.82597351,85.93005085,dji_pose_mesh_ray_centroid,True,True,1212302,3.950739,warp,,5076.9872,647.9201,1,1,1.0,1,3.950739,3.950739,222,222,1.0,"[[5140.5,691.0],[5140.0,690.5],[5139.0,690.5],[5138.0,690.5],[5137.0,690.5],[5136.0,690.5],[5135.0,690.5],[5134.0,690.5],[5133.0,690.5],[5132.0,690.5],[5131.0,690.5],[5130.0,690.5],[5129.5,690.0],[5129.0,689.5],[5128.0,689.5],[5127.0,689.5],[5126.5,689.0],[5126.0,688.5],[5125.0,688.5],[5124.5,688.0],[5124.0,687.5],[5123.0,687.5],[5122.0,687.5],[5121.5,687.0],[5121.0,686.5],[5120.0,686.5],[5119.5,686.0],[5119.0,685.5],[5118.0,685.5],[5117.5,685.0],[5117.0,684.5],[5116.5,684.0],[5116.0,683.5],[5115.0,683.5],[5114.5,683.0],[5114.0,682.5],[5113.0,682.5],[5112.0,682.5],[5111.0,682.5],[5110.0,682.5],[5109.0,682.5],[5108.5,682.0],[5108.0,681.5],[5107.0,681.5],[5106.5,681.0],[5106.0,680.5],[5105.5,681.0],[5105.0,681.5],[5104.0,681.5],[5103.0,681.5],[5102.0,681.5],[5101.0,681.5],[5100.0,681.5],[5099.0,681.5],[5098.0,681.5],[5097.5,681.0],[5097.0,680.5],[5096.0,680.5],[5095.0,680.5],[5094.5,680.0],[5094.0,679.5],[5093.5,679.0],[5093.0,678.5],[5092.0,678.5],[5091.5,678.0],[5091.0,677.5],[5090.0,677.5],[5089.5,677.0],[5089.0,676.5],[5088.0,676.5],[5087.0,676.5],[5086.0,676.5],[5085.5,676.0],[5085.0,675.5],[5084.5,675.0],[5084.5,674.0],[5084.0,673.5],[5083.5,673.0],[5083.0,672.5],[5082.0,672.5],[5081.0,672.5],[5080.0,672.5],[5079.0,672.5],[5078.0,672.5],[5077.0,672.5],[5076.0,672.5],[5075.0,672.5],[5074.0,672.5],[5073.5,672.0],[5073.0,671.5],[5072.0,671.5],[5071.0,671.5],[5070.0,671.5],[5069.5,671.0],[5069.0,670.5],[5068.0,670.5],[5067.0,670.5],[5066.5,670.0],[5066.0,669.5],[5065.0,669.5],[5064.0,669.5],[5063.5,670.0],[5063.0,670.5],[5062.0,670.5],[5061.0,670.5],[5060.0,670.5],[5059.0,670.5],[5058.0,670.5],[5057.0,670.5],[5056.5,670.0],[5056.0,669.5],[5055.0,669.5],[5054.5,669.0],[5054.0,668.5],[5053.0,668.5],[5052.5,668.0],[5052.0,667.5],[5051.0,667.5],[5050.5,667.0],[5050.0,666.5],[5049.0,666.5],[5048.5,666.0],[5048.0,665.5],[5047.5,665.0],[5047.0,664.5],[5046.0,664.5],[5045.5,664.0],[5045.0,663.5],[5044.5,663.0],[5044.5,662.0],[5044.0,661.5],[5043.5,661.0],[5043.5,660.0],[5043.5,659.0],[5043.0,658.5],[5042.5,658.0],[5042.0,657.5],[5041.5,657.0],[5041.0,656.5],[5040.0,656.5],[5039.0,656.5],[5038.0,656.5],[5037.5,656.0],[5037.0,655.5],[5036.0,655.5],[5035.0,655.5],[5034.5,655.0],[5034.0,654.5],[5033.0,654.5],[5032.0,654.5],[5031.5,654.0],[5031.0,653.5],[5030.0,653.5],[5029.0,653.5],[5028.5,653.0],[5028.0,652.5],[5027.0,652.5],[5026.0,652.5],[5025.0,652.5],[5024.5,652.0],[5024.0,651.5],[5023.0,651.5],[5022.0,651.5],[5021.0,651.5],[5020.0,651.5],[5019.5,651.0],[5019.0,650.5],[5018.0,650.5],[5017.0,650.5],[5016.5,650.0],[5016.0,649.5],[5015.5,649.0],[5015.0,648.5],[5014.5,648.0],[5014.0,647.5],[5013.0,647.5],[5012.5,647.0],[5012.0,646.5],[5011.0,646.5],[5010.0,646.5],[5009.5,646.0],[5009.0,645.5],[5008.5,645.0],[5008.0,644.5],[5007.0,644.5],[5006.5,644.0],[5006.0,643.5],[5005.5,643.0],[5005.0,642.5],[5004.5,642.0],[5004.5,641.0],[5004.5,640.0],[5005.0,639.5],[5005.5,639.0],[5005.5,638.0],[5006.0,637.5],[5006.5,637.0],[5006.5,636.0],[5006.5,635.0],[5006.5,634.0],[5006.5,633.0],[5006.0,632.5],[5005.5,632.0],[5005.5,631.0],[5005.0,630.5],[5004.5,630.0],[5004.0,629.5],[5003.5,629.0],[5003.0,628.5],[5002.5,628.0],[5002.0,627.5],[5001.0,627.5],[5000.0,627.5],[4999.0,627.5],[4998.0,627.5],[4997.0,627.5],[4996.5,627.0],[4996.0,626.5],[4995.0,626.5],[4994.0,626.5],[4993.5,626.0],[4993.0,625.5]]","[[243046.97212887,431249.78549194,85.88136291],[243046.97244167,431249.78577423,85.88191795],[243046.97221947,431249.78655243,85.88193512],[243046.97199726,431249.78733063,85.88195229],[243046.9717741,431249.78810883,85.88196945],[243046.9715519,431249.78888702,85.88198662],[243046.97132874,431249.78966522,85.88200378],[243046.97110558,431249.79044342,85.88202095],[243046.97088432,431249.79122162,85.88203812],[243046.97066021,431249.79199982,85.88205528],[243046.970438,431249.79277802,85.88207245],[243046.9702158,431249.79355621,85.88208961],[243046.9705286,431249.7938385,85.88264465],[243046.97084236,431249.79412079,85.88320065],[243046.97061825,431249.79489899,85.88321686],[243046.97039604,431249.79567719,85.88323498],[243046.97070885,431249.79595947,85.88379002],[243046.97102261,431249.79624176,85.88434601],[243046.97079945,431249.79701996,85.88436317],[243046.9711132,431249.79730225,85.88491821],[243046.97142601,431249.7975769,85.8854742],[243046.97120285,431249.79836273,85.88549137],[243046.97098064,431249.79914093,85.88550949],[243046.9712944,431249.79942322,85.88606548],[243046.97160721,431249.79970551,85.88662147],[243046.97138405,431249.8004837,85.88663864],[243046.97169781,431249.80076599,85.88719463],[243046.97201157,431249.80104828,85.88775063],[243046.97178841,431249.80182648,85.88776875],[243046.97210217,431249.80210876,85.88832474],[243046.97241592,431249.80239105,85.88888168],[243046.97272968,431249.80267334,85.88943863],[243046.97304344,431249.80295563,85.88999557],[243046.97282124,431249.80373383,85.89001274],[243046.97313404,431249.80402374,85.89056969],[243046.97344875,431249.80430603,85.89112759],[243046.97322559,431249.80508423,85.89114475],[243046.97300243,431249.80586243,85.89116192],[243046.97277927,431249.80664062,85.89118004],[243046.97255611,431249.80742645,85.8911972],[243046.97233295,431249.80820465,85.89121437],[243046.97264671,431249.80848694,85.89177227],[243046.97296047,431249.80876923,85.89232922],[243046.97273731,431249.80955505,85.89234638],[243046.97305202,431249.80983734,85.89290428],[243046.97336578,431249.81011963,85.89346218],[243046.97282887,431249.81061554,85.8929224],[243046.97229099,431249.81111145,85.89238167],[243046.97206783,431249.81189728,85.89239883],[243046.97184467,431249.81267548,85.89241695],[243046.97162151,431249.81345367,85.89243412],[243046.97139835,431249.81423187,85.89245129],[243046.97117519,431249.8150177,85.89246941],[243046.97095203,431249.8157959,85.89248657],[243046.97072887,431249.8165741,85.89250374],[243046.97104263,431249.81686401,85.89306164],[243046.97135639,431249.8171463,85.89361954],[243046.97113228,431249.8179245,85.8936367],[243046.97091007,431249.81871033,85.89365482],[243046.97122288,431249.81899261,85.89421272],[243046.97153759,431249.81928253,85.89477158],[243046.97185135,431249.81956482,85.89532948],[243046.97216606,431249.81984711,85.89588833],[243046.9719429,431249.82063293,85.89590549],[243046.97225666,431249.82091522,85.89646435],[243046.97257137,431249.82120514,85.8970232],[243046.97234821,431249.82198334,85.89704037],[243046.97266293,431249.82227325,85.89759922],[243046.97297668,431249.82255554,85.89815903],[243046.97275352,431249.82333374,85.89817619],[243046.97252941,431249.82411957,85.89819336],[243046.97230625,431249.82489777,85.89821148],[243046.97262096,431249.82518768,85.89877033],[243046.97293472,431249.82546997,85.89933014],[243046.97324944,431249.82575989,85.89988995],[243046.97410297,431249.82555389,85.90099144],[243046.97441769,431249.82583618,85.9015522],[243046.97473335,431249.8261261,85.90211201],[243046.97504807,431249.82640839,85.90267181],[243046.97482491,431249.82719421,85.90268993],[243046.97460175,431249.82797241,85.90270805],[243046.97437668,431249.82875824,85.90272522],[243046.97415352,431249.82954407,85.90274239],[243046.97392941,431249.83032227,85.90276051],[243046.97370625,431249.83110809,85.90277863],[243046.97348213,431249.83188629,85.90279579],[243046.97325897,431249.83267212,85.90281391],[243046.97303391,431249.83345795,85.90283108],[243046.97334957,431249.83374023,85.90339184],[243046.97366428,431249.83403015,85.90395164],[243046.97344017,431249.83481598,85.90396976],[243046.97321701,431249.83559418,85.90398788],[243046.9729929,431249.83638,85.90400505],[243046.97330856,431249.83666992,85.90456581],[243046.97362328,431249.83695984,85.90512657],[243046.97339916,431249.83773804,85.90514469],[243046.97317505,431249.83852386,85.90516281],[243046.97349072,431249.83881378,85.90572357],[243046.97380543,431249.8391037,85.90628433],[243046.97358131,431249.8398819,85.90630245],[243046.97335815,431249.84066772,85.90632057],[243046.97281837,431249.84116364,85.90577698],[243046.97227955,431249.84165955,85.90523338],[243046.97205544,431249.84243774,85.90525055],[243046.97183132,431249.84322357,85.90526867],[243046.97160721,431249.8440094,85.90528583],[243046.97138405,431249.8447876,85.90530395],[243046.97115993,431249.84557343,85.90532207],[243046.97093582,431249.84635925,85.90533924],[243046.97125053,431249.84664917,85.90590095],[243046.9715662,431249.84693909,85.90646172],[243046.97134113,431249.84771729,85.90647984],[243046.9716568,431249.8480072,85.90704155],[243046.97197247,431249.84829712,85.90760326],[243046.97174835,431249.84908295,85.90762043],[243046.97206306,431249.84937286,85.9081831],[243046.97237873,431249.84966278,85.90874481],[243046.97215462,431249.85044861,85.90876293],[243046.97247028,431249.85073853,85.90932465],[243046.972785,431249.85102844,85.90988636],[243046.97256088,431249.85181427,85.90990448],[243046.9728756,431249.85210419,85.91046715],[243046.97319221,431249.8523941,85.91102982],[243046.97350693,431249.85268402,85.91159248],[243046.97382355,431249.85297394,85.91215515],[243046.97359848,431249.85375977,85.91217327],[243046.9739151,431249.85404968,85.91273594],[243046.97422981,431249.8543396,85.91329861],[243046.97454643,431249.85463715,85.91386223],[243046.97540283,431249.85443115,85.91497135],[243046.97571945,431249.85472107,85.91553497],[243046.97603512,431249.85501099,85.91609859],[243046.97689247,431249.85481262,85.91720867],[243046.97774982,431249.85460663,85.9183197],[243046.9780674,431249.85489655,85.91888428],[243046.97838306,431249.85518646,85.91944885],[243046.97870064,431249.85548401,85.92001343],[243046.97901821,431249.85577393,85.92057896],[243046.97933388,431249.85606384,85.92114353],[243046.97910976,431249.85684967,85.92116165],[243046.97888565,431249.8576355,85.92117977],[243046.97865963,431249.85842133,85.92119789],[243046.9789772,431249.85871887,85.92176247],[243046.97929478,431249.85900879,85.92232799],[243046.97906971,431249.85979462,85.92234611],[243046.97884464,431249.86058044,85.92236423],[243046.97916222,431249.86087799,85.92292976],[243046.97947979,431249.86116791,85.92349529],[243046.97925472,431249.86195374,85.92351341],[243046.97902966,431249.86273956,85.92353153],[243046.97934723,431249.86303711,85.92409706],[243046.9796648,431249.86332703,85.92466354],[243046.97943974,431249.86411285,85.92468166],[243046.97921467,431249.86489868,85.92469978],[243046.97953224,431249.86519623,85.92526627],[243046.97984982,431249.86548615,85.92583179],[243046.97962475,431249.8662796,85.92584991],[243046.97939968,431249.86706543,85.92586803],[243046.97917557,431249.86785126,85.92588711],[243046.97949219,431249.8681488,85.92645359],[243046.97981071,431249.86843872,85.92702007],[243046.97958469,431249.86922455,85.92703819],[243046.97936058,431249.87001801,85.92705631],[243046.97913456,431249.87080383,85.92707443],[243046.97891045,431249.87158966,85.92709255],[243046.97922802,431249.87188721,85.92765903],[243046.97954464,431249.87217712,85.92822552],[243046.97932053,431249.87297058,85.92824459],[243046.97909451,431249.87375641,85.92826271],[243046.97941303,431249.87404633,85.92882919],[243046.97973061,431249.87434387,85.92939663],[243046.98004818,431249.87464142,85.92996407],[243046.98036671,431249.87493134,85.9305315],[243046.98068428,431249.87522888,85.93109989],[243046.98100185,431249.87552643,85.93166733],[243046.98077679,431249.87631226,85.93168545],[243046.98109531,431249.8766098,85.93225384],[243046.98141384,431249.87689972,85.93282127],[243046.98118877,431249.87769318,85.93284035],[243046.98096275,431249.878479,85.93285751],[243046.98128128,431249.87877655,85.93342686],[243046.98159885,431249.8790741,85.93399525],[243046.98191738,431249.87936401,85.93456364],[243046.98223591,431249.87966156,85.93513203],[243046.98201084,431249.88045502,85.93515015],[243046.98232937,431249.88074493,85.93571949],[243046.9826479,431249.88104248,85.93628883],[243046.98296642,431249.88134003,85.93685722],[243046.98328495,431249.88163757,85.93742657],[243046.98360348,431249.88193512,85.93799591],[243046.98446751,431249.88173676,85.93911743],[243046.98533249,431249.88153839,85.94023895],[243046.98587608,431249.88104248,85.94079018],[243046.98642063,431249.88054657,85.94134235],[243046.98728561,431249.88034821,85.94246483],[243046.98783112,431249.87985229,85.94301701],[243046.98837662,431249.87936401,85.94356918],[243046.9892416,431249.87915802,85.94469261],[243046.99010754,431249.87895966,85.94581699],[243046.99097443,431249.87876129,85.94694138],[243046.99184036,431249.87856293,85.94806671],[243046.9921608,431249.87886047,85.94863892],[243046.99248219,431249.87915802,85.94921112],[243046.99335003,431249.87895966,85.95033741],[243046.99367046,431249.8792572,85.95090961],[243046.99399185,431249.87955475,85.95148277],[243046.99431324,431249.87985229,85.95205593],[243046.99463463,431249.88014221,85.95262909],[243046.99495602,431249.88043976,85.95320225],[243046.99527645,431249.8807373,85.95377541],[243046.99559784,431249.88103485,85.95434856],[243046.99537182,431249.88182831,85.95436764],[243046.9951458,431249.88262177,85.95438576],[243046.99491978,431249.88341522,85.95440483],[243046.99469376,431249.88420868,85.9544239],[243046.99446869,431249.88500214,85.95444202],[243046.99478912,431249.88529968,85.95501614],[243046.99511051,431249.88559723,85.95559025],[243046.99488449,431249.88639069,85.95560837],[243046.99465847,431249.88718414,85.95562744],[243046.99494457,431249.88748932,85.95619011],[243046.99523067,431249.88779449,85.95675278]]",dji_pose_mesh_ray_contour_nodes,
57,46,3,SPL,4701.9231,614.1346,4699,609,4706,619,7,10,52,243046.91377068,431250.12238312,85.96703815,dji_pose_mesh_ray_centroid,True,True,1220282,3.828906,warp,,4701.9231,614.1346,1,1,1.0,1,3.828906,3.828906,8,8,1.0,"[[4701.5,609.0],[4702.0,609.5],[4702.5,610.0],[4703.0,610.5],[4703.5,611.0],[4704.0,611.5],[4704.5,612.0],[4705.0,612.5]]","[[243046.91826534,431250.12195587,85.97294044],[243046.91795921,431250.12162781,85.97236443],[243046.91765308,431250.12129974,85.97178936],[243046.91734695,431250.12096405,85.97121525],[243046.91704082,431250.12063599,85.97064018],[243046.91673565,431250.12030792,85.97006607],[243046.91642952,431250.11997986,85.969491],[243046.91612434,431250.11965179,85.96891689]]",dji_pose_mesh_ray_contour_nodes,
58,47,3,SPL,4914.863,629.3783,4895,609,4931,648,36,39,460,243046.969244,431249.95161438,85.95227814,dji_pose_mesh_ray_centroid,True,True,78892,3.906705,warp,,4914.863,629.3783,1,1,1.0,1,3.906705,3.906705,60,60,1.0,"[[4930.0,616.5],[4929.5,617.0],[4929.5,618.0],[4929.5,619.0],[4929.5,620.0],[4929.0,620.5],[4928.5,621.0],[4928.5,622.0],[4928.0,622.5],[4927.5,623.0],[4927.0,623.5],[4926.0,623.5],[4925.0,623.5],[4924.0,623.5],[4923.5,624.0],[4923.0,624.5],[4922.0,624.5],[4921.5,625.0],[4922.0,625.5],[4922.5,626.0],[4922.5,627.0],[4923.0,627.5],[4923.5,628.0],[4924.0,628.5],[4924.5,629.0],[4924.5,630.0],[4924.0,630.5],[4923.5,631.0],[4923.0,631.5],[4922.5,632.0],[4922.0,632.5],[4921.5,633.0],[4921.0,633.5],[4920.5,634.0],[4920.0,634.5],[4919.5,635.0],[4919.5,636.0],[4919.0,636.5],[4918.5,637.0],[4918.5,638.0],[4918.5,639.0],[4918.0,639.5],[4917.5,640.0],[4917.5,641.0],[4918.0,641.5],[4918.5,642.0],[4918.5,643.0],[4918.5,644.0],[4918.0,644.5],[4917.5,645.0],[4917.0,645.5],[4916.0,645.5],[4915.0,645.5],[4914.5,645.0],[4914.0,644.5],[4913.5,645.0],[4913.0,645.5],[4912.0,645.5],[4911.5,646.0],[4911.5,647.0]]","[[243046.98468018,431249.93703461,85.9668293],[243046.98410416,431249.93753052,85.96626282],[243046.98324394,431249.93771362,85.96513176],[243046.98238468,431249.93789673,85.96400166],[243046.98152542,431249.93808746,85.96287155],[243046.98095036,431249.93858337,85.96230507],[243046.98037624,431249.93907928,85.96173954],[243046.97951794,431249.93926239,85.96061134],[243046.97894287,431249.9397583,85.96004581],[243046.97836971,431249.94025421,85.95948124],[243046.9777956,431249.94075012,85.95891571],[243046.97750473,431249.94155884,85.95891476],[243046.97721481,431249.94235992,85.95891285],[243046.9769249,431249.94316864,85.9589119],[243046.97635174,431249.94366455,85.95834732],[243046.97577763,431249.94416046,85.95778274],[243046.97548771,431249.94496918,85.95778179],[243046.9749136,431249.94546509,85.95721722],[243046.97463036,431249.94515228,85.95665455],[243046.97434807,431249.94483948,85.95609188],[243046.97349167,431249.94502258,85.95496464],[243046.97320843,431249.94470978,85.95440292],[243046.97292614,431249.94439697,85.95384026],[243046.97264385,431249.94408417,85.95327854],[243046.97236156,431249.94377136,85.95271683],[243046.97150612,431249.94395447,85.95159149],[243046.97093296,431249.94445038,85.95102882],[243046.97036171,431249.94493866,85.95046616],[243046.96978951,431249.94543457,85.94990349],[243046.9692173,431249.94593048,85.94934082],[243046.96864605,431249.94642639,85.94877815],[243046.9680748,431249.94691467,85.94821644],[243046.96750355,431249.94741058,85.94765377],[243046.9669323,431249.94790649,85.94709206],[243046.96636105,431249.94839478,85.94653034],[243046.96579075,431249.94889069,85.94596863],[243046.96493816,431249.94907379,85.94484615],[243046.96436691,431249.94956207,85.94428539],[243046.96379757,431249.95005798,85.94372463],[243046.96294594,431249.95024109,85.94260406],[243046.96209526,431249.95041656,85.9414835],[243046.96152496,431249.95091248,85.94092274],[243046.96095467,431249.95140076,85.94036198],[243046.9601059,431249.95158386,85.93924332],[243046.95982456,431249.95127106,85.93868446],[243046.95954418,431249.95095825,85.93812561],[243046.95869446,431249.95114136,85.9370079],[243046.95784664,431249.95131683,85.9358902],[243046.9572773,431249.95181274,85.93533134],[243046.95670891,431249.95230103,85.93477249],[243046.95614052,431249.95278931,85.93421364],[243046.95585155,431249.95359802,85.93421173],[243046.95556355,431249.95439911,85.93421078],[243046.95584202,431249.95471191,85.93476772],[243046.9561224,431249.95502472,85.93532562],[243046.95555401,431249.95552063,85.93476677],[243046.95496082,431249.95601654,85.93420029],[243046.95462322,431249.95682526,85.93418312],[243046.95399094,431249.9573288,85.93360424],[243046.95306587,431249.95752716,85.9324646]]",dji_pose_mesh_ray_contour_nodes,
59,48,3,SPL,4991.0,622.0,4991,622,4992,623,1,1,1,243046.99766636,431249.88872528,85.96069813,dji_pose_mesh_ray_centroid,True,True,78892,3.948558,warp,,4991.0,622.0,1,1,1.0,1,3.948558,3.948558,1,1,1.0,"[[4991.0,622.0]]","[[243046.99766636,431249.88872528,85.96069813]]",dji_pose_mesh_ray_contour_nodes,
60,49,3,SPL,4698.6667,628.1961,4695,624,4703,633,8,9,51,243046.90025425,431250.12709808,85.95094967,dji_pose_mesh_ray_centroid,True,True,1220282,3.810579,warp,,4698.6667,628.1961,1,1,1.0,1,3.810579,3.810579,10,10,1.0,"[[4695.0,629.5],[4695.5,629.0],[4695.5,628.0],[4695.5,627.0],[4696.0,626.5],[4696.5,626.0],[4696.5,625.0],[4697.0,624.5],[4698.0,624.5],[4698.5,624.0]]","[[243046.89804173,431250.13024139,85.94946194],[243046.89863014,431250.12976837,85.95003128],[243046.89952087,431250.12962341,85.95117092],[243046.90041256,431250.12947083,85.95231152],[243046.90100193,431250.1289978,85.95288277],[243046.9015913,431250.12851715,85.95345306],[243046.90248394,431250.12837219,85.95459461],[243046.90307331,431250.12789917,85.95516586],[243046.90336132,431250.12709045,85.95516682],[243046.90395069,431250.1266098,85.95573807]]",dji_pose_mesh_ray_contour_nodes,
61,50,3,SPL,4986.5,625.0,4984,624,4990,627,6,3,14,243046.99377537,431249.89295197,85.95730782,dji_pose_mesh_ray_centroid,True,True,78892,3.943043,warp,,4986.5,625.0,1,1,1.0,1,3.943043,3.943043,2,2,1.0,"[[4984.0,624.5],[4984.5,624.0]]","[[243046.99348068,431249.89487457,85.95786762],[243046.99405575,431249.89437103,85.9584322]]",dji_pose_mesh_ray_contour_nodes,
62,51,3,SPL,4902.0,637.0,4902,637,4903,638,1,1,1,243046.95902348,431249.96334839,85.94370174,dji_pose_mesh_ray_centroid,True,True,78892,3.892318,warp,,4902.0,637.0,1,1,1.0,1,3.892318,3.892318,1,1,1.0,"[[4902.0,637.0]]","[[243046.95902348,431249.96334839,85.94370174]]",dji_pose_mesh_ray_contour_nodes,
63,52,3,SPL,4693.2014,662.7674,4684,649,4708,675,24,26,288,243046.86715412,431250.13669586,85.91156101,dji_pose_mesh_ray_centroid,True,True,1212308,3.766149,warp,,4693.2014,662.7674,1,1,1.0,1,3.766149,3.766149,38,38,1.0,"[[4689.5,649.0],[4690.0,649.5],[4690.5,650.0],[4691.0,650.5],[4691.5,651.0],[4691.5,652.0],[4692.0,652.5],[4692.5,653.0],[4692.5,654.0],[4693.0,654.5],[4693.5,655.0],[4693.5,656.0],[4693.5,657.0],[4693.5,658.0],[4694.0,658.5],[4694.5,659.0],[4694.5,660.0],[4694.5,661.0],[4695.0,661.5],[4696.0,661.5],[4696.5,662.0],[4697.0,662.5],[4698.0,662.5],[4698.5,663.0],[4699.0,663.5],[4700.0,663.5],[4701.0,663.5],[4701.5,664.0],[4702.0,664.5],[4703.0,664.5],[4703.5,665.0],[4704.0,665.5],[4705.0,665.5],[4705.5,666.0],[4706.0,666.5],[4706.5,667.0],[4706.5,668.0],[4707.0,668.5]]","[[243046.87884331,431250.13755798,85.92724037],[243046.87852573,431250.13723755,85.92667007],[243046.87820721,431250.13690948,85.92610073],[243046.87788963,431250.13658905,85.92553043],[243046.87757301,431250.13626099,85.92496109],[243046.87664223,431250.13641357,85.92381859],[243046.87632465,431250.13609314,85.92324924],[243046.87600708,431250.13576508,85.92268085],[243046.8750782,431250.13591766,85.92153931],[243046.87476063,431250.13559723,85.92097092],[243046.87444401,431250.13526917,85.92040253],[243046.87351513,431250.13542175,85.91926193],[243046.8725872,431250.13557434,85.91812229],[243046.87165928,431250.13573456,85.9169836],[243046.87134266,431250.13540649,85.91641617],[243046.87102699,431250.13508606,85.91584873],[243046.87010002,431250.13523865,85.91471195],[243046.86917305,431250.13539124,85.91357422],[243046.86885834,431250.13506317,85.91300774],[243046.86915302,431250.13426971,85.91301155],[243046.86883736,431250.13394165,85.91244507],[243046.86852169,431250.13362122,85.91187954],[243046.86881638,431250.13282013,85.91188335],[243046.86850071,431250.13249969,85.91131687],[243046.868186,431250.13217163,85.91075134],[243046.86848068,431250.13137817,85.91075516],[243046.86877632,431250.13057709,85.91075897],[243046.8684597,431250.13025665,85.91019344],[243046.86814499,431250.12992859,85.90962791],[243046.86843967,431250.12913513,85.90963173],[243046.86812496,431250.12880707,85.9090662],[243046.8678093,431250.12848663,85.90850067],[243046.86810398,431250.12768555,85.90850544],[243046.86778927,431250.12736511,85.90793991],[243046.8674736,431250.12704468,85.90737534],[243046.86715889,431250.12672424,85.90680981],[243046.86623478,431250.12687683,85.90567684],[243046.86592007,431250.1265564,85.90511227]]",dji_pose_mesh_ray_contour_nodes,
64,53,3,SPL,4713.2381,675.4286,4711,673,4716,679,5,6,21,243046.86135387,431250.12265778,85.89729977,dji_pose_mesh_ray_centroid,True,True,1220285,3.7587,warp,,4713.2381,675.4286,1,1,1.0,1,3.7587,3.7587,5,5,1.0,"[[4712.5,678.0],[4712.0,677.5],[4711.5,677.0],[4711.5,676.0],[4711.0,675.5]]","[[243046.8587122,431250.12365723,85.89437866],[243046.85904789,431250.12397003,85.89494801],[243046.85938454,431250.12429047,85.8955164],[243046.86032867,431250.12413025,85.89665222],[243046.86064243,431250.12445068,85.89721489]]",dji_pose_mesh_ray_contour_nodes,
65,54,3,SPL,4731.6207,676.6207,4729,674,4736,680,7,6,29,243046.86528683,431250.10826111,85.89591122,dji_pose_mesh_ray_centroid,True,True,1220285,3.764324,warp,,4731.6207,676.6207,1,1,1.0,1,3.764324,3.764324,7,7,1.0,"[[4735.0,675.5],[4734.5,676.0],[4734.5,677.0],[4734.0,677.5],[4733.5,678.0],[4733.0,678.5],[4732.5,679.0]]","[[243046.86728191,431250.10540009,85.89717865],[243046.8666687,431250.10587311,85.89661121],[243046.8657198,431250.10604095,85.89547443],[243046.86510754,431250.10652161,85.89490795],[243046.86449528,431250.10700226,85.89434051],[243046.86388302,431250.10747528,85.89377403],[243046.86327076,431250.10795593,85.89320755]]",dji_pose_mesh_ray_contour_nodes,
66,55,3,SPL,4750.0,679.5,4750,678,4751,682,1,4,4,243046.86761379,431250.09416199,85.89260769,dji_pose_mesh_ray_centroid,True,True,1220285,3.767881,warp,,4750.0,679.5,1,1,1.0,1,3.767881,3.767881,4,4,1.0,"[[4750.0,678.0],[4750.0,679.0],[4750.0,680.0],[4750.0,681.0]]","[[243046.86903763,431250.09391022,85.89431095],[243046.86808872,431250.09407806,85.89317512],[243046.86713886,431250.09424591,85.89204121],[243046.86618996,431250.09441376,85.89090729]]",dji_pose_mesh_ray_contour_nodes,
67,56,3,SPL,4629.3636,681.0909,4628,680,4632,683,4,3,11,243046.83155537,431250.19026184,85.89060211,dji_pose_mesh_ray_centroid,True,True,1212308,3.71838,warp,,4629.3636,681.0909,1,1,1.0,1,3.71838,3.71838,2,2,1.0,"[[4630.5,680.0],[4631.0,680.5]]","[[243046.83288288,431250.18920898,85.89183426],[243046.83257294,431250.18888092,85.8912735]]",dji_pose_mesh_ray_contour_nodes,
68,57,3,SPL,4921.9484,697.6852,4900,681,4943,715,43,34,775,243046.90820408,431249.95929718,85.87497044,dji_pose_mesh_ray_centroid,True,True,1220286,3.825714,warp,,4921.9484,697.6852,1,1,1.0,1,3.825714,3.825714,50,50,1.0,"[[4920.5,681.0],[4921.0,681.5],[4922.0,681.5],[4922.5,682.0],[4923.0,682.5],[4924.0,682.5],[4925.0,682.5],[4926.0,682.5],[4926.5,682.0],[4927.0,681.5],[4928.0,681.5],[4929.0,681.5],[4929.5,682.0],[4930.0,682.5],[4930.5,683.0],[4930.0,683.5],[4929.5,684.0],[4929.5,685.0],[4929.5,686.0],[4929.5,687.0],[4929.0,687.5],[4928.5,688.0],[4928.0,688.5],[4927.5,689.0],[4927.5,690.0],[4928.0,690.5],[4928.5,691.0],[4929.0,691.5],[4930.0,691.5],[4931.0,691.5],[4931.5,692.0],[4932.0,692.5],[4933.0,692.5],[4934.0,692.5],[4935.0,692.5],[4936.0,692.5],[4937.0,692.5],[4937.5,692.0],[4938.0,691.5],[4938.5,692.0],[4939.0,692.5],[4939.5,693.0],[4940.0,693.5],[4940.5,694.0],[4940.5,695.0],[4941.0,695.5],[4941.5,696.0],[4941.5,697.0],[4941.5,698.0],[4942.0,698.5]]","[[243046.92489719,431249.95681763,85.89418316],[243046.9245615,431249.95652008,85.89361668],[243046.92491627,431249.95571136,85.89363861],[243046.92457485,431249.95541382,85.89307022],[243046.92423344,431249.9551239,85.89250183],[243046.9245882,431249.95430756,85.89252377],[243046.92494202,431249.95349884,85.8925457],[243046.92529583,431249.95269012,85.89256763],[243046.92599106,431249.95217133,85.89315796],[243046.92661667,431249.95166779,85.89372635],[243046.92695141,431249.95085907,85.89374256],[243046.92728615,431249.95005798,85.89375877],[243046.92699909,431249.94974518,85.8932066],[243046.92671013,431249.94944,85.89265442],[243046.92637062,431249.94915009,85.89208698],[243046.92567635,431249.94966125,85.89149761],[243046.92498112,431249.95018005,85.89090729],[243046.92394543,431249.95040131,85.88975048],[243046.92291069,431249.95062256,85.88859463],[243046.92187691,431249.95084381,85.88743877],[243046.92118263,431249.95136261,85.88685036],[243046.92048931,431249.95187378,85.88626194],[243046.91979599,431249.95239258,85.88567352],[243046.91910362,431249.95290375,85.88508606],[243046.91807175,431249.953125,85.88393307],[243046.91773224,431249.95283508,85.88336658],[243046.91739273,431249.95253754,85.88280106],[243046.91705418,431249.95223999,85.88223553],[243046.91740704,431249.95143127,85.88225746],[243046.9177599,431249.95062256,85.8822794],[243046.91742039,431249.95033264,85.88171387],[243046.91708183,431249.9500351,85.88114929],[243046.91743469,431249.94922638,85.88117027],[243046.91778755,431249.94841766,85.88119221],[243046.91814041,431249.94760895,85.88121319],[243046.91849327,431249.94680023,85.88123512],[243046.91884613,431249.94599152,85.88125706],[243046.9195385,431249.94547272,85.88184357],[243046.92022991,431249.94496155,85.88243008],[243046.91989136,431249.944664,85.8818655],[243046.91955185,431249.94437408,85.88129997],[243046.91921329,431249.94407654,85.8807354],[243046.91887283,431249.94378662,85.88016987],[243046.91853428,431249.9434967,85.87960529],[243046.91750336,431249.94371796,85.87845421],[243046.9171648,431249.94342041,85.87789059],[243046.91682625,431249.94313049,85.87732601],[243046.91579533,431249.94335175,85.87617683],[243046.91476727,431249.943573,85.87502861],[243046.91442871,431249.94328308,85.87446499]]",dji_pose_mesh_ray_contour_nodes,
69,58,3,SPL,4730.383,690.1489,4726,688,4736,694,10,6,47,243046.85214901,431250.11145782,85.88059521,dji_pose_mesh_ray_centroid,True,True,1220285,3.746973,warp,,4730.383,690.1489,1,1,1.0,1,3.746973,3.746973,6,6,1.0,"[[4728.5,693.0],[4728.0,692.5],[4727.5,692.0],[4727.0,691.5],[4726.5,691.0],[4726.0,690.5]]","[[243046.84894848,431250.11340332,85.87738514],[243046.84928131,431250.11372375,85.87794876],[243046.84961414,431250.11403656,85.87851334],[243046.84994793,431250.11434937,85.87907791],[243046.85028172,431250.11466217,85.87964249],[243046.8506155,431250.11497498,85.88020706]]",dji_pose_mesh_ray_contour_nodes,
70,59,3,SPL,4640.8889,690.8889,4632,689,4651,695,19,6,54,243046.82601833,431250.1824646,85.87965298,dji_pose_mesh_ray_centroid,True,True,1212308,3.711068,warp,,4640.8889,690.8889,1,1,1.0,1,3.711068,3.711068,22,22,1.0,"[[4650.0,690.5],[4649.5,691.0],[4649.0,691.5],[4648.0,691.5],[4647.0,691.5],[4646.5,692.0],[4646.0,692.5],[4645.0,692.5],[4644.0,692.5],[4643.5,692.0],[4643.0,691.5],[4642.0,691.5],[4641.0,691.5],[4640.0,691.5],[4639.0,691.5],[4638.0,691.5],[4637.5,692.0],[4637.0,692.5],[4636.0,692.5],[4635.5,693.0],[4635.0,693.5],[4634.5,694.0]]","[[243046.82903671,431250.17517853,85.88012314],[243046.8284359,431250.17565155,85.87956142],[243046.82783604,431250.17611694,85.87899971],[243046.82754326,431250.1769104,85.87899589],[243046.82725143,431250.17770386,85.87899208],[243046.82665062,431250.17816925,85.87843132],[243046.82605076,431250.17863464,85.87786961],[243046.82575798,431250.1794281,85.87786674],[243046.82546616,431250.18022156,85.87786293],[243046.82577324,431250.18054962,85.87841988],[243046.82608128,431250.18087769,85.87897778],[243046.8257885,431250.18167114,85.87897301],[243046.82549572,431250.1824646,85.87897015],[243046.8252039,431250.18325806,85.87896633],[243046.82491112,431250.18405151,85.87896252],[243046.82461834,431250.18484497,85.8789587],[243046.82401848,431250.18531036,85.87839699],[243046.82341957,431250.18577576,85.87783623],[243046.82312679,431250.18656921,85.87783241],[243046.82252789,431250.18703461,85.87727165],[243046.82192802,431250.1875,85.87671089],[243046.82132912,431250.18796539,85.87615013]]",dji_pose_mesh_ray_contour_nodes,
71,60,3,SPL,5167.1562,694.375,5164,692,5171,699,7,7,32,243046.97519398,431249.76551819,85.87722206,dji_pose_mesh_ray_centroid,True,True,1212302,3.931886,warp,,5167.1562,694.375,1,1,1.0,1,3.931886,3.931886,7,7,1.0,"[[5170.0,694.5],[5169.5,695.0],[5169.5,696.0],[5169.0,696.5],[5168.5,697.0],[5168.0,697.5],[5167.5,698.0]]","[[243046.97572041,431249.76333618,85.87703705],[243046.97518444,431249.76383972,85.87650108],[243046.97433662,431249.76406097,85.87541103],[243046.97380161,431249.76455688,85.87487507],[243046.9732666,431249.7650528,85.8743391],[243046.97273254,431249.76555634,85.87380409],[243046.97219658,431249.76605225,85.87326813]]",dji_pose_mesh_ray_contour_nodes,
72,61,3,SPL,5158.6154,708.6923,5157,706,5161,712,4,6,13,243046.96119118,431249.77529907,85.86181068,dji_pose_mesh_ray_centroid,True,True,1212302,3.912271,warp,,5158.6154,708.6923,1,1,1.0,1,3.912271,3.912271,5,5,1.0,"[[5158.5,706.0],[5159.0,706.5],[5159.5,707.0],[5159.5,708.0],[5160.0,708.5]]","[[243046.96343613,431249.77479553,85.86472988],[243046.96312523,431249.77452087,85.86417961],[243046.96281433,431249.77423859,85.86362934],[243046.96197128,431249.77445984,85.86254501],[243046.96166039,431249.77417755,85.8619957]]",dji_pose_mesh_ray_contour_nodes,
73,62,3,SPL,4941.2,709.4,4940,709,4943,711,3,2,5,243046.90297031,431249.9463501,85.86197281,dji_pose_mesh_ray_centroid,True,True,1220286,3.819771,warp,,4941.2,709.4,1,1,1.0,1,3.819771,3.819771,2,2,1.0,"[[4940.5,710.0],[4940.0,709.5]]","[[243046.90211296,431249.94704437,85.86127377],[243046.9024477,431249.94733429,85.86183357]]",dji_pose_mesh_ray_contour_nodes,
74,63,3,SPL,4608.0,717.5,4608,717,4609,719,1,2,2,243046.79247665,431250.21206665,85.84995556,dji_pose_mesh_ray_centroid,True,True,1212308,3.666523,warp,,4608.0,717.5,1,1,1.0,1,3.666523,3.666523,2,2,1.0,"[[4608.0,717.0],[4608.0,718.0]]","[[243046.79292297,431250.21199799,85.85050678],[243046.79203033,431250.21212769,85.84940338]]",dji_pose_mesh_ray_contour_nodes,
75,64,3,SPL,4614.3644,727.839,4608,723,4623,734,15,11,118,243046.78511333,431250.20841217,85.83859634,dji_pose_mesh_ray_centroid,True,True,1212308,3.656808,warp,,4614.3644,727.839,1,1,1.0,1,3.656808,3.656808,19,19,1.0,"[[4622.0,730.5],[4621.5,731.0],[4621.0,731.5],[4620.0,731.5],[4619.0,731.5],[4618.5,731.0],[4618.0,730.5],[4617.0,730.5],[4616.0,730.5],[4615.5,731.0],[4615.0,731.5],[4614.5,732.0],[4614.0,732.5],[4613.0,732.5],[4612.0,732.5],[4611.0,732.5],[4610.0,732.5],[4609.0,732.5],[4608.5,733.0]]","[[243046.78495979,431250.20276642,85.8357048],[243046.78437042,431250.20323181,85.83515453],[243046.78378201,431250.20368958,85.83460426],[243046.783494,431250.2044754,85.8346014],[243046.78320408,431250.2052536,85.83459759],[243046.78350258,431250.20558167,85.83514404],[243046.78380299,431250.20590973,85.8356905],[243046.78351307,431250.20669556,85.83568668],[243046.78322315,431250.20748138,85.83568287],[243046.78263474,431250.20793915,85.8351326],[243046.78204727,431250.20839691,85.83458328],[243046.78145885,431250.20885468,85.83403397],[243046.78087044,431250.20931244,85.8334837],[243046.78058147,431250.21009827,85.83347988],[243046.78029251,431250.21088409,85.83347702],[243046.78000355,431250.21166992,85.83347321],[243046.77971458,431250.21245575,85.83346939],[243046.77942467,431250.21323395,85.83346558],[243046.7788372,431250.21369171,85.83291626]]",dji_pose_mesh_ray_contour_nodes,
76,65,3,SPL,4608.1813,755.1484,4591,744,4624,768,33,24,364,243046.75894356,431250.21685028,85.80871296,dji_pose_mesh_ray_centroid,True,True,1220285,3.622372,warp,,4608.1813,755.1484,1,1,1.0,1,3.622372,3.622372,49,49,1.0,"[[4611.5,744.0],[4611.5,745.0],[4612.0,745.5],[4612.5,746.0],[4612.5,747.0],[4613.0,747.5],[4613.5,748.0],[4614.0,748.5],[4614.5,749.0],[4615.0,749.5],[4615.5,750.0],[4616.0,750.5],[4616.5,751.0],[4617.0,751.5],[4617.5,752.0],[4618.0,752.5],[4618.5,752.0],[4619.0,751.5],[4619.5,751.0],[4620.0,750.5],[4620.5,751.0],[4621.0,751.5],[4621.5,752.0],[4621.5,753.0],[4621.5,754.0],[4621.5,755.0],[4621.0,755.5],[4620.5,756.0],[4620.0,756.5],[4619.0,756.5],[4618.0,756.5],[4617.5,757.0],[4617.0,757.5],[4616.5,758.0],[4616.5,759.0],[4616.5,760.0],[4616.5,761.0],[4617.0,761.5],[4617.5,762.0],[4618.0,762.5],[4618.5,763.0],[4618.5,764.0],[4619.0,764.5],[4619.5,765.0],[4620.0,765.5],[4620.5,766.0],[4621.0,766.5],[4622.0,766.5],[4623.0,766.5]]","[[243046.76992893,431250.21278381,85.82089901],[243046.76902199,431250.21291351,85.81980228],[243046.76870346,431250.21259308,85.81925392],[243046.76838493,431250.21227264,85.81870556],[243046.76747894,431250.21240234,85.81760979],[243046.76716042,431250.21208191,85.81706142],[243046.76684284,431250.21176147,85.81651401],[243046.76652527,431250.21143341,85.81596565],[243046.7662077,431250.21111298,85.81541729],[243046.76589012,431250.21079254,85.81486988],[243046.76557255,431250.21047211,85.81432247],[243046.76525593,431250.21014404,85.81377506],[243046.76493835,431250.20982361,85.81322765],[243046.76462078,431250.20950317,85.81268024],[243046.76430416,431250.20918274,85.81213379],[243046.76398754,431250.2088623,85.81158638],[243046.76457405,431250.20840454,85.81213188],[243046.76516151,431250.20794678,85.81267738],[243046.76574898,431250.20748901,85.81322288],[243046.76633739,431250.20703125,85.81376839],[243046.76601982,431250.20671082,85.81322098],[243046.76570225,431250.20639038,85.81267452],[243046.76538563,431250.20606995,85.81212711],[243046.76448059,431250.20620728,85.81103516],[243046.76357746,431250.20633698,85.80994415],[243046.76267338,431250.2064743,85.80885315],[243046.76208687,431250.20693207,85.8083086],[243046.76150036,431250.20738983,85.80776501],[243046.7609148,431250.20783997,85.80722046],[243046.76064491,431250.20861816,85.80722237],[243046.76037502,431250.20939636,85.80722427],[243046.75978851,431250.20985413,85.80667973],[243046.75920296,431250.21031189,85.80613613],[243046.75861645,431250.21076202,85.80559254],[243046.75771618,431250.21089935,85.80450439],[243046.75681496,431250.21102905,85.80341625],[243046.75591564,431250.21116638,85.80232906],[243046.75559998,431250.21084595,85.80178451],[243046.75528526,431250.21052551,85.80124092],[243046.7549696,431250.21020508,85.80069733],[243046.75465488,431250.20988464,85.80015278],[243046.75375557,431250.21001434,85.7990675],[243046.75344181,431250.20969391,85.7985239],[243046.7531271,431250.20937347,85.79798126],[243046.75281239,431250.20905304,85.79743767],[243046.75249767,431250.2087326,85.79689503],[243046.75218391,431250.20841217,85.79635239],[243046.75245285,431250.20763397,85.79635048],[243046.75272179,431250.2068634,85.79634857]]",dji_pose_mesh_ray_contour_nodes,
77,66,3,SPL,5030.1891,946.0048,4587,747,5280,1152,693,405,174077,243046.70872688,431249.92739868,85.61124134,dji_pose_mesh_ray_centroid,True,True,1220290,3.576991,warp,,5030.1891,946.0048,1,1,1.0,1,3.576991,3.576991,256,256,1.0,"[[4852.5,1151.0],[4848.0,1147.5],[4843.0,1144.5],[4839.0,1140.5],[4840.5,1135.0],[4838.0,1128.5],[4837.0,1122.5],[4842.0,1123.5],[4849.0,1124.5],[4852.5,1120.0],[4860.0,1118.5],[4867.0,1117.5],[4872.0,1120.5],[4872.0,1125.5],[4867.0,1128.5],[4865.5,1133.0],[4871.0,1136.5],[4878.0,1135.5],[4883.0,1132.5],[4888.5,1130.0],[4891.5,1124.0],[4886.5,1121.0],[4891.0,1117.5],[4894.0,1119.5],[4898.0,1122.5],[4903.0,1119.5],[4908.5,1117.0],[4914.0,1115.5],[4920.5,1114.0],[4924.0,1109.5],[4928.0,1105.5],[4935.0,1103.5],[4939.0,1099.5],[4944.5,1099.0],[4943.0,1092.5],[4938.5,1095.0],[4931.0,1095.5],[4926.0,1098.5],[4920.5,1096.0],[4920.5,1088.0],[4916.5,1083.0],[4911.0,1084.5],[4905.0,1084.5],[4897.0,1084.5],[4891.0,1084.5],[4885.5,1082.0],[4878.5,1080.0],[4875.5,1075.0],[4871.0,1071.5],[4866.0,1068.5],[4861.0,1065.5],[4853.0,1064.5],[4846.0,1063.5],[4838.0,1063.5],[4830.5,1064.0],[4823.5,1065.0],[4816.5,1067.0],[4809.0,1067.5],[4803.5,1065.0],[4797.0,1063.5],[4791.5,1061.0],[4799.0,1059.5],[4806.0,1058.5],[4807.0,1054.5],[4809.5,1050.0],[4816.0,1047.5],[4823.0,1046.5],[4830.5,1046.0],[4833.5,1041.0],[4832.5,1034.0],[4836.0,1028.5],[4841.0,1025.5],[4845.5,1022.0],[4849.5,1018.0],[4856.0,1016.5],[4863.0,1014.5],[4868.5,1012.0],[4871.0,1010.5],[4870.5,1017.0],[4874.5,1021.0],[4880.0,1024.5],[4885.0,1023.5],[4888.5,1019.0],[4893.5,1021.0],[4898.5,1024.0],[4903.0,1027.5],[4912.0,1027.5],[4916.0,1025.5],[4919.5,1021.0],[4923.0,1022.5],[4922.5,1029.0],[4923.0,1035.5],[4928.0,1038.5],[4933.0,1041.5],[4939.5,1043.0],[4947.0,1043.5],[4952.0,1045.5],[4958.0,1045.5],[4962.0,1049.5],[4968.0,1049.5],[4973.5,1052.0],[4975.0,1048.5],[4970.5,1045.0],[4973.0,1039.5],[4975.5,1034.0],[4974.5,1027.0],[4972.5,1020.0],[4972.5,1014.0],[4976.0,1009.5],[4977.5,1003.0],[4982.5,1001.0],[4988.0,1004.5],[4988.0,1010.5],[4987.0,1016.5],[4987.0,1021.5],[4991.5,1024.0],[4991.5,1015.0],[4991.5,1007.0],[4992.5,1000.0],[4995.5,1000.0],[5002.0,999.5],[5008.0,996.5],[5015.5,997.0],[5021.5,998.0],[5027.0,995.5],[5032.5,997.0],[5035.5,997.0],[5034.5,990.0],[5033.0,983.5],[5030.0,978.5],[5024.0,975.5],[5018.5,973.0],[5014.5,969.0],[5010.5,972.0],[5005.5,971.0],[5001.0,975.5],[4994.0,974.5],[4989.0,977.5],[4985.0,975.5],[4979.5,973.0],[4977.0,967.5],[4979.5,962.0],[4976.5,958.0],[4973.0,955.5],[4969.5,955.0],[4963.0,957.5],[4957.5,955.0],[4953.0,951.5],[4947.0,949.5],[4944.0,944.5],[4939.5,947.0],[4937.5,953.0],[4937.0,958.5],[4932.5,962.0],[4934.0,968.5],[4932.0,974.5],[4926.0,976.5],[4921.0,979.5],[4915.0,981.5],[4909.5,984.0],[4906.0,989.5],[4903.5,995.0],[4900.0,997.5],[4894.0,995.5],[4887.5,994.0],[4882.0,991.5],[4876.5,988.0],[4871.0,985.5],[4865.5,983.0],[4862.0,978.5],[4857.5,982.0],[4851.5,980.0],[4853.0,975.5],[4853.0,972.5],[4847.5,972.0],[4843.0,968.5],[4837.5,965.0],[4834.0,960.5],[4827.0,961.5],[4821.0,961.5],[4815.5,959.0],[4811.5,954.0],[4808.5,949.0],[4804.5,945.0],[4800.5,948.0],[4803.5,953.0],[4797.0,955.5],[4790.0,954.5],[4786.5,950.0],[4785.5,943.0],[4783.0,941.5],[4776.0,941.5],[4770.0,939.5],[4765.5,936.0],[4762.5,931.0],[4761.5,924.0],[4758.5,918.0],[4755.0,913.5],[4752.5,915.0],[4748.0,918.5],[4742.5,918.0],[4736.0,915.5],[4730.0,915.5],[4724.0,913.5],[4719.0,910.5],[4713.5,908.0],[4707.0,905.5],[4703.5,910.0],[4701.5,916.0],[4697.5,919.0],[4691.5,920.0],[4687.0,924.5],[4680.0,923.5],[4673.0,924.5],[4667.0,926.5],[4666.0,930.5],[4671.0,933.5],[4666.0,936.5],[4660.0,936.5],[4655.5,933.0],[4655.5,927.0],[4655.5,918.0],[4652.0,913.5],[4646.0,915.5],[4643.0,919.5],[4641.5,925.0],[4642.5,931.0],[4646.5,935.0],[4643.0,937.5],[4638.0,934.5],[4635.5,929.0],[4638.0,925.5],[4632.0,925.5],[4629.0,930.5],[4625.5,935.0],[4620.0,933.5],[4614.0,934.5],[4613.0,938.5],[4618.5,941.0],[4623.5,944.0],[4620.0,948.5],[4611.0,948.5],[4605.0,946.5],[4599.0,944.5],[4604.0,942.5],[4607.5,938.0],[4607.5,929.0],[4607.5,921.0],[4607.5,913.0],[4607.5,905.0],[4607.5,898.0],[4607.0,890.5],[4602.0,891.5],[4596.0,889.5],[4591.5,886.0],[4587.0,881.5]]","[[243046.51718712,431250.08792877,85.42171097],[243046.51971054,431250.09040833,85.42506075],[243046.52166939,431250.09333038,85.42795372],[243046.52381992,431250.09555817,85.43159485],[243046.52788067,431250.09376526,85.43648052],[243046.53136349,431250.09474945,85.44221878],[243046.53499317,431250.09470367,85.44754457],[243046.53589058,431250.09120178,85.44671249],[243046.53740978,431250.08625031,85.44590378],[243046.54146385,431250.08312225,85.44995403],[243046.54478931,431250.0774765,85.45138073],[243046.54763222,431250.07225037,85.45235586],[243046.54720783,431250.0690155,85.44973707],[243046.54390812,431250.06967926,85.44528198],[243046.54037571,431250.07370758,85.44255495],[243046.53680992,431250.07541656,85.4385128],[243046.53443909,431250.072258,85.43512058],[243046.53667545,431250.06716919,85.43596935],[243046.54047775,431250.06308746,85.43874168],[243046.54380131,431250.05876923,85.44101858],[243046.54976654,431250.05555725,85.44660425],[243046.55109406,431250.05859375,85.44940042],[243046.55448151,431250.05491638,85.45251036],[243046.55372715,431250.0530777,85.45068645],[243046.55206203,431250.05077362,85.44787216],[243046.55554104,431250.04673767,85.45059252],[243046.55854607,431250.04246521,85.45281506],[243046.56075859,431250.03835297,85.45411921],[243046.56309319,431250.03355408,85.45539761],[243046.56707096,431250.03038788,85.45944452],[243046.57072067,431250.02696228,85.46302366],[243046.57361031,431250.021698,85.46477318],[243046.57726955,431250.01825714,85.4683609],[243046.57879162,431250.01428223,85.46876717],[243046.58304787,431250.01435089,85.47467947],[243046.58032799,431250.01792908,85.47244692],[243046.57837868,431250.02333069,85.47205734],[243046.57520485,431250.02732849,85.46937847],[243046.57579041,431250.0308609,85.47169352],[243046.58142471,431250.02967072,85.47896862],[243046.58410168,431250.0317688,85.48356342],[243046.58186722,431250.03590393,85.48224258],[243046.58058643,431250.04017639,85.48229504],[243046.57887745,431250.04587555,85.48236465],[243046.57759571,431250.05014801,85.48241711],[243046.57815647,431250.05371094,85.48474264],[243046.57721901,431250.05859375,85.48645258],[243046.57970047,431250.06009674,85.49096918],[243046.58064079,431250.06292725,85.49409676],[243046.58106613,431250.06620026,85.4967618],[243046.58149147,431250.06947327,85.49942923],[243046.57951927,431250.07524872,85.50021362],[243046.57788086,431250.08027649,85.50101471],[243046.57521152,431250.08618927,85.50088119],[243046.57236195,431250.09179688,85.50029755],[243046.56933308,431250.09709167,85.49926376],[243046.56561184,431250.1025238,85.49731541],[243046.56276894,431250.10811615,85.49673367],[243046.56269169,431250.11183929,85.4989357],[243046.56164932,431250.11642456,85.5002203],[243046.56159306,431250.12014771,85.50242996],[243046.56498909,431250.11444855,85.503901],[243046.56801891,431250.10915375,85.50493669],[243046.57113743,431250.10788727,85.50863218],[243046.57511234,431250.10544586,85.51282024],[243046.57903385,431250.10030365,85.51523781],[243046.58207798,431250.09498596,85.51628113],[243046.58494091,431250.0893631,85.51687193],[243046.58945751,431250.0864563,85.52155018],[243046.59405231,431250.08624268,85.52802753],[243046.59911442,431250.08287811,85.53320551],[243046.60292339,431250.07874298,85.5360899],[243046.6069231,431250.0749054,85.53943682],[243046.61111736,431250.07135773,85.54324913],[243046.61438274,431250.06629181,85.54477024],[243046.61817741,431250.06077576,85.5467701],[243046.62182522,431250.05630493,85.54921532],[243046.62374592,431250.05422211,85.55066967],[243046.61892891,431250.05553436,85.54456139],[243046.61742783,431250.05312347,85.54088783],[243046.61679173,431250.0495224,85.53771305],[243046.61919403,431250.04564667,85.53873634],[243046.62359047,431250.04236603,85.54300928],[243046.62355518,431250.03898621,85.54115915],[243046.62246037,431250.03582764,85.53829861],[243046.62089729,431250.03311157,85.53497839],[243046.62283802,431250.02661896,85.53489304],[243046.62514973,431250.02342987,85.536726],[243046.62916946,431250.0202179,85.54090929],[243046.62883568,431250.01792145,85.53946924],[243046.62401581,431250.01928711,85.53339052],[243046.61942482,431250.01992035,85.52731943],[243046.61833668,431250.0167923,85.52447844],[243046.61724949,431250.01365662,85.52164173],[243046.61756706,431250.00922394,85.52018785],[243046.61881828,431250.00392151,85.5196538],[243046.61845207,431250.0006485,85.51775169],[243046.61974049,431249.99634552,85.5176959],[243046.61772156,431249.99411011,85.51395273],[243046.61900806,431249.98980713,85.51389742],[243046.61839104,431249.98627472,85.51153421],[243046.62123013,431249.9846344,85.51475906],[243046.62278461,431249.98729706,85.51804399],[243046.62729073,431249.98462677,85.52312756],[243046.63180637,431249.98194122,85.52822304],[243046.63666821,431249.98152924,85.53476524],[243046.64133072,431249.98183441,85.54133749],[243046.64570808,431249.98085785,85.54697037],[243046.64975548,431249.97759247,85.55117083],[243046.65484524,431249.97544861,85.55728674],[243046.65739536,431249.97149658,85.55912733],[243046.65601349,431249.9681015,85.55576706],[243046.65161419,431249.96909332,85.55011177],[243046.6470108,431249.97080231,85.54448128],[243046.643363,431249.97162628,85.53979254],[243046.64251137,431249.96879578,85.53740883],[243046.64907646,431249.96731567,85.54584646],[243046.65493488,431249.96598816,85.55337477],[243046.66029453,431249.96409607,85.55997372],[243046.66094208,431249.96192932,85.55994415],[243046.66271591,431249.95713806,85.56035233],[243046.66622353,431249.9522934,85.56313181],[243046.66747761,431249.94694519,85.56258392],[243046.66803646,431249.94277954,85.5615778],[243046.67107105,431249.93836975,85.5638895],[243046.67115211,431249.93464661,85.56241512],[243046.67180061,431249.93247986,85.56238508],[243046.67676163,431249.93198395,85.56902885],[243046.6812582,431249.93193817,85.57522249],[243046.68432522,431249.9332428,85.58001757],[243046.68525791,431249.93708038,85.58294296],[243046.68592739,431249.94065094,85.58538961],[243046.68804359,431249.94287109,85.58926058],[243046.68493462,431249.94629669,85.58642864],[243046.68459511,431249.94976044,85.58743763],[243046.68026543,431249.95380402,85.583179],[243046.67948914,431249.95872498,85.58420658],[243046.67617226,431249.96286774,85.58139086],[243046.67679024,431249.96544647,85.58334303],[243046.67745495,431249.96903229,85.58579063],[243046.68100834,431249.96993256,85.59108734],[243046.68566036,431249.9671936,85.59634495],[243046.68800068,431249.96871185,85.60022688],[243046.68911171,431249.97084808,85.60267401],[243046.68872261,431249.97332764,85.60319328],[243046.68543243,431249.97849274,85.60085106],[243046.68610477,431249.98210144,85.60332012],[243046.687747,431249.9848175,85.60674858],[243046.68793774,431249.98888397,85.60874701],[243046.69103909,431249.99027252,85.61362267],[243046.68817616,431249.99397278,85.61124754],[243046.68323803,431249.99641418,85.6054635],[243046.67901325,431249.99766541,85.6001606],[243046.67541885,431250.00151825,85.59683657],[243046.67090416,431250.00145721,85.59057379],[243046.66601181,431250.00387573,85.58484411],[243046.66322327,431250.00856781,85.58299208],[243046.65991497,431250.01268005,85.58017588],[243046.65713215,431250.01735687,85.57832718],[243046.65408993,431250.0217514,85.57599831],[243046.64927673,431250.02514648,85.57079554],[243046.64469147,431250.02780914,85.56559515],[243046.64209938,431250.0307312,85.56325912],[243046.64226437,431250.03478241,85.56521559],[243046.64122009,431250.03942871,85.56653547],[243046.64115334,431250.04319,85.5688014],[243046.64181042,431250.04681396,85.57201862],[243046.64174271,431250.05058289,85.57428932],[243046.64167595,431250.05435944,85.57656193],[243046.64374161,431250.05634308,85.5807786],[243046.63966942,431250.0602417,85.57736206],[243046.63906956,431250.06446838,85.57915163],[243046.64284229,431250.06269073,85.58346701],[243046.64501953,431250.06226349,85.58632946],[243046.64350128,431250.06633759,85.58670187],[243046.64450359,431250.06922913,85.5899601],[243046.64516449,431250.07288361,85.59320402],[243046.64724064,431250.07489014,85.59744883],[243046.64411354,431250.08031464,85.59635448],[243046.64205742,431250.0848465,85.59623814],[243046.64199066,431250.08864594,85.59852886],[243046.64425755,431250.09098053,85.60325336],[243046.64687252,431250.09255981,85.60800695],[243046.64841843,431250.09503174,85.61178493],[243046.64485455,431250.0984726,85.60881281],[243046.64224052,431250.09688568,85.60405827],[243046.63819504,431250.1021347,85.60152864],[243046.63652229,431250.10728455,85.60235262],[243046.6392374,431250.10920715,85.60676813],[243046.64469814,431250.10889435,85.6136694],[243046.64528465,431250.11051941,85.61515522],[243046.64349174,431250.1157074,85.61516666],[243046.64359093,431250.11985779,85.61715364],[243046.64530373,431250.12267303,85.62062597],[243046.64863682,431250.1241684,85.62559128],[243046.65413952,431250.12387848,85.63255787],[243046.65831852,431250.12522125,85.63855219],[243046.66113949,431250.12717438,85.64306211],[243046.65925312,431250.1292572,85.64156389],[243046.65520096,431250.13312531,85.63807011],[243046.65419674,431250.13715363,85.63857937],[243046.65458584,431250.14163971,85.64109135],[243046.65303898,431250.14611053,85.64110184],[243046.65314388,431250.1503067,85.64311504],[243046.65433311,431250.15361786,85.64613152],[243046.65498161,431250.15737152,85.64865208],[243046.65537167,431250.16188049,85.65117645],[243046.65074444,431250.16512299,85.64665985],[243046.64527893,431250.16744232,85.6406498],[243046.64177895,431250.1708374,85.63765621],[243046.63941097,431250.17544556,85.63666725],[243046.63456059,431250.17939758,85.63218498],[243046.6335783,431250.18447876,85.63319349],[243046.63095856,431250.18981934,85.63220835],[243046.62777901,431250.19454956,85.63022613],[243046.62425518,431250.19581604,85.62624884],[243046.62309361,431250.19248962,85.62326145],[243046.61936855,431250.19659424,85.62029505],[243046.61826229,431250.20097351,85.62041283],[243046.62005615,431250.20385742,85.6239171],[243046.6244669,431250.20316315,85.62976122],[243046.63177681,431250.20201874,85.63872719],[243046.63456917,431250.20404816,85.64323807],[243046.63137913,431250.20878601,85.64124489],[243046.62784481,431250.21144867,85.63738012],[243046.62353134,431250.21317291,85.63203716],[243046.61929131,431250.21311951,85.62616205],[243046.6170435,431250.21064758,85.62217808],[243046.61461067,431250.21348572,85.61982918],[243046.61594868,431250.21679688,85.62285852],[243046.61955643,431250.21800995,85.62827253],[243046.62256145,431250.21578979,85.63162994],[243046.62152863,431250.2201767,85.63176918],[243046.61733627,431250.22293091,85.6269598],[243046.61343288,431250.22598267,85.62265873],[243046.61358643,431250.22984314,85.62424421],[243046.61182022,431250.23433685,85.62340832],[243046.60871983,431250.23549652,85.61954117],[243046.60783863,431250.23175812,85.61698818],[243046.6065073,431250.2284317,85.61396599],[243046.60262489,431250.23147583,85.60968876],[243046.60107803,431250.23803711,85.60989094],[243046.60150337,431250.24219513,85.61196184],[243046.60192966,431250.24636841,85.61403513],[243046.604249,431250.24250031,85.61586189],[243046.60813999,431250.23946381,85.62015247],[243046.61473656,431250.23849487,85.62891865],[243046.62062263,431250.23763275,85.63674068],[243046.62652969,431250.23677063,85.64459038],[243046.63245869,431250.23590088,85.65246868],[243046.63766289,431250.23513794,85.65938473],[243046.64317131,431250.23468781,85.66683197],[243046.6415596,431250.23848724,85.66596031],[243046.6420145,431250.2427063,85.66809368],[243046.64385319,431250.24565887,85.67168426],[243046.64644527,431250.24850464,85.67628002]]",dji_pose_mesh_ray_contour_nodes,
78,67,3,SPL,4714.0,755.0,4714,755,4715,756,1,1,1,243046.78764725,431250.13456726,85.80870151,dji_pose_mesh_ray_centroid,True,True,1220285,3.66195,warp,,4714.0,755.0,1,1,1.0,1,3.66195,3.66195,1,1,1.0,"[[4714.0,755.0]]","[[243046.78764725,431250.13456726,85.80870151]]",dji_pose_mesh_ray_contour_nodes,
79,68,3,SPL,4766.6607,763.8036,4762,760,4772,768,10,8,56,243046.79384041,431250.09508514,85.79903984,dji_pose_mesh_ray_centroid,True,True,1220285,3.671707,warp,,4766.6607,763.8036,1,1,1.0,1,3.671707,3.671707,9,9,1.0,"[[4765.5,760.0],[4766.0,760.5],[4767.0,760.5],[4768.0,760.5],[4769.0,760.5],[4769.5,761.0],[4770.0,761.5],[4770.5,762.0],[4771.0,762.5]]","[[243046.79698849,431250.0953598,85.80317306],[243046.79666805,431250.09505463,85.80262852],[243046.79693699,431250.09427643,85.80262756],[243046.79720688,431250.09349823,85.80262566],[243046.79747581,431250.09272766,85.80262375],[243046.79715538,431250.09242249,85.80208015],[243046.79683495,431250.09211731,85.80153561],[243046.79651451,431250.09181213,85.80099201],[243046.79619408,431250.09150696,85.80044842]]",dji_pose_mesh_ray_contour_nodes,
80,69,3,SPL,4625.0,762.6923,4624,761,4627,766,3,5,13,243046.75668335,431250.20479584,85.80047703,dji_pose_mesh_ray_centroid,True,True,1220285,3.619639,warp,,4625.0,762.6923,1,1,1.0,1,3.619639,3.619639,2,2,1.0,"[[4624.5,765.0],[4624.0,764.5]]","[[243046.75447369,431250.20549774,85.79797268],[243046.7547884,431250.20581818,85.79851627]]",dji_pose_mesh_ray_contour_nodes,
81,70,3,SPL,4618.7594,796.5038,4608,769,4649,829,41,60,927,243046.72486115,431250.21413422,85.76408863,dji_pose_mesh_ray_centroid,True,True,1220285,3.578093,warp,,4618.7594,796.5038,1,1,1.0,1,3.578093,3.578093,134,134,1.0,"[[4648.0,780.5],[4647.5,781.0],[4647.0,781.5],[4646.0,781.5],[4645.5,782.0],[4645.0,782.5],[4644.0,782.5],[4643.0,782.5],[4642.5,783.0],[4642.0,783.5],[4641.0,783.5],[4640.5,784.0],[4640.0,784.5],[4639.5,784.0],[4639.0,783.5],[4638.0,783.5],[4637.0,783.5],[4636.0,783.5],[4635.0,783.5],[4634.5,784.0],[4634.0,784.5],[4633.0,784.5],[4632.0,784.5],[4631.5,784.0],[4631.0,783.5],[4630.0,783.5],[4629.0,783.5],[4628.0,783.5],[4627.0,783.5],[4626.0,783.5],[4625.5,783.0],[4625.0,782.5],[4624.5,782.0],[4624.0,781.5],[4623.5,781.0],[4623.0,780.5],[4622.5,780.0],[4622.0,779.5],[4621.0,779.5],[4620.5,780.0],[4620.5,781.0],[4620.5,782.0],[4621.0,782.5],[4621.5,783.0],[4622.0,783.5],[4623.0,783.5],[4623.5,784.0],[4623.0,784.5],[4622.5,785.0],[4622.0,785.5],[4621.5,786.0],[4621.0,786.5],[4620.5,787.0],[4620.0,787.5],[4619.5,788.0],[4619.0,788.5],[4618.5,789.0],[4618.5,790.0],[4618.5,791.0],[4619.0,791.5],[4619.5,792.0],[4619.5,793.0],[4619.0,793.5],[4618.5,794.0],[4618.5,795.0],[4618.5,796.0],[4618.5,797.0],[4618.5,798.0],[4618.5,799.0],[4619.0,799.5],[4619.5,800.0],[4620.0,800.5],[4620.5,801.0],[4620.5,802.0],[4620.5,803.0],[4620.0,803.5],[4619.5,804.0],[4619.5,805.0],[4619.5,806.0],[4619.5,807.0],[4619.5,808.0],[4619.5,809.0],[4620.0,809.5],[4620.5,810.0],[4621.0,810.5],[4621.5,811.0],[4621.5,812.0],[4622.0,812.5],[4622.5,813.0],[4623.0,813.5],[4623.5,814.0],[4624.0,814.5],[4625.0,814.5],[4626.0,814.5],[4627.0,814.5],[4627.5,815.0],[4628.0,815.5],[4629.0,815.5],[4629.5,816.0],[4630.0,816.5],[4630.5,817.0],[4630.0,817.5],[4629.5,818.0],[4629.0,818.5],[4628.5,819.0],[4628.0,819.5],[4627.5,820.0],[4627.0,820.5],[4626.5,821.0],[4626.0,821.5],[4625.0,821.5],[4624.5,822.0],[4624.0,822.5],[4623.0,822.5],[4622.5,823.0],[4622.0,823.5],[4621.0,823.5],[4620.5,824.0],[4620.0,824.5],[4619.0,824.5],[4618.5,825.0],[4618.0,825.5],[4617.5,826.0],[4617.5,827.0],[4617.0,827.5],[4616.0,827.5],[4615.5,827.0],[4615.0,826.5],[4614.0,826.5],[4613.0,826.5],[4612.5,827.0],[4612.0,827.5],[4611.0,827.5],[4610.5,828.0]]","[[243046.74690437,431250.18943024,85.78118992],[243046.74632454,431250.189888,85.780653],[243046.74574375,431250.19034576,85.78011608],[243046.74547577,431250.19111633,85.78011799],[243046.74489594,431250.19156647,85.77958107],[243046.74431515,431250.19202423,85.77904415],[243046.74404716,431250.1927948,85.77904606],[243046.74377918,431250.19356537,85.77904797],[243046.74319935,431250.19402313,85.77851105],[243046.74261951,431250.1944809,85.77797413],[243046.74235153,431250.19525146,85.77797604],[243046.74177265,431250.1957016,85.77744007],[243046.74119282,431250.19615936,85.77690411],[243046.74150372,431250.19647217,85.77744102],[243046.74181557,431250.1967926,85.7779789],[243046.74154758,431250.19756317,85.7779808],[243046.7412796,431250.19833374,85.77798271],[243046.74101162,431250.19910431,85.77798367],[243046.74074364,431250.19988251,85.77798557],[243046.7401638,431250.20033264,85.77744961],[243046.73958397,431250.20079041,85.77691269],[243046.73931599,431250.20156097,85.7769146],[243046.73904896,431250.20233154,85.7769165],[243046.73935986,431250.20264435,85.77745342],[243046.73967075,431250.20296478,85.77799129],[243046.73940277,431250.20373535,85.7779932],[243046.73913479,431250.20450592,85.77799511],[243046.73886681,431250.20528412,85.77799606],[243046.73859787,431250.20605469,85.77799797],[243046.73833084,431250.20682526,85.77799988],[243046.73864174,431250.20714569,85.77853775],[243046.73895264,431250.20746613,85.77907562],[243046.73926449,431250.20777893,85.77961445],[243046.73957539,431250.20809937,85.78015232],[243046.73988724,431250.2084198,85.78069115],[243046.74019909,431250.20874023,85.78122997],[243046.74050999,431250.20906067,85.7817688],[243046.74082184,431250.2093811,85.78230762],[243046.74055386,431250.21015167,85.78230953],[243046.73997402,431250.21060181,85.78177166],[243046.73908234,431250.21073914,85.78069591],[243046.7381916,431250.21086884,85.77962017],[243046.73788071,431250.2105484,85.7790823],[243046.73756981,431250.21022797,85.77854443],[243046.73725891,431250.20991516,85.77800655],[243046.73752594,431250.20913696,85.77800465],[243046.73721504,431250.20882416,85.77746677],[243046.73663712,431250.20927429,85.77693081],[243046.73605824,431250.20972443,85.77639389],[243046.73548031,431250.21017456,85.77585888],[243046.73490143,431250.21063232,85.77532291],[243046.73432255,431250.21108246,85.77478695],[243046.73374557,431250.21153259,85.77425194],[243046.73316669,431250.21198273,85.77371597],[243046.73258972,431250.21244049,85.77318096],[243046.7320118,431250.21289062,85.77264595],[243046.73143482,431250.21334076,85.77211094],[243046.7305479,431250.21347046,85.77103996],[243046.72966099,431250.21360779,85.76996994],[243046.729352,431250.21328735,85.76943397],[243046.72904301,431250.21296692,85.76889896],[243046.72815704,431250.21309662,85.76782894],[243046.72758102,431250.21354675,85.76729584],[243046.727005,431250.21400452,85.76676178],[243046.72612095,431250.21413422,85.76569366],[243046.72523594,431250.21426392,85.7646265],[243046.72435284,431250.21439362,85.76355934],[243046.72346878,431250.21453094,85.76249218],[243046.72258663,431250.21466064,85.76142693],[243046.72227955,431250.21434021,85.76089287],[243046.72197151,431250.21401978,85.76035976],[243046.72166443,431250.21370697,85.75982666],[243046.72135639,431250.21338654,85.75929356],[243046.7204752,431250.21351624,85.75822926],[243046.719594,431250.21364594,85.75716495],[243046.71902084,431250.21409607,85.75663471],[243046.71844673,431250.2145462,85.75610352],[243046.71757317,431250.2146759,85.75504303],[243046.71670723,431250.2148056,85.75398445],[243046.71584225,431250.2149353,85.75292683],[243046.71497822,431250.215065,85.75187015],[243046.71411419,431250.2151947,85.75081348],[243046.71381474,431250.21487427,85.75028419],[243046.71351528,431250.21455383,85.74975586],[243046.71321583,431250.21424103,85.74922657],[243046.71291637,431250.21392059,85.74869823],[243046.7120533,431250.21405029,85.74764347],[243046.7117548,431250.21372986,85.74711513],[243046.71145535,431250.21340942,85.7465868],[243046.71115685,431250.21309662,85.74605942],[243046.71085835,431250.21277618,85.74553108],[243046.71055889,431250.21245575,85.74500275],[243046.71082401,431250.21169281,85.74500084],[243046.71108818,431250.21092987,85.74499893],[243046.71135235,431250.2101593,85.74499702],[243046.71105289,431250.2098465,85.74446964],[243046.71075535,431250.20952606,85.74394226],[243046.71101952,431250.20876312,85.74394035],[243046.71072102,431250.20844269,85.74341297],[243046.71042252,431250.20812988,85.74288654],[243046.71012402,431250.20780945,85.74235916],[243046.70956135,431250.20825958,85.74183369],[243046.70899868,431250.20870209,85.74130917],[243046.70843697,431250.20915222,85.74078464],[243046.7078743,431250.20960236,85.74026012],[243046.70731258,431250.21004486,85.7397356],[243046.70675087,431250.210495,85.73921204],[243046.70618916,431250.2109375,85.73868751],[243046.70562744,431250.21138763,85.73816299],[243046.70506668,431250.21183777,85.73763943],[243046.70480156,431250.21260071,85.73764133],[243046.7042408,431250.21304321,85.73711777],[243046.70368004,431250.21349335,85.7365942],[243046.70341587,431250.21425629,85.73659611],[243046.70285511,431250.21469879,85.73607254],[243046.70229435,431250.21514893,85.73554897],[243046.70203018,431250.21591187,85.73555088],[243046.70146942,431250.21635437,85.73502827],[243046.70090866,431250.2168045,85.7345047],[243046.70064545,431250.21756744,85.73450661],[243046.70008469,431250.21800995,85.73398399],[243046.69952488,431250.21846008,85.73346138],[243046.69896507,431250.21890259,85.73293781],[243046.69810963,431250.21903229,85.73189163],[243046.69754982,431250.21947479,85.73136902],[243046.69728565,431250.22023773,85.73137093],[243046.69758224,431250.22055817,85.73189545],[243046.69787788,431250.22087097,85.73241997],[243046.69761467,431250.22163391,85.73242187],[243046.6973505,431250.22239685,85.73242378],[243046.6967907,431250.22284698,85.73190117],[243046.69623184,431250.22328949,85.73137855],[243046.69596863,431250.22405243,85.73138046],[243046.69540882,431250.22449493,85.7308588]]",dji_pose_mesh_ray_contour_nodes,
82,71,3,SPL,4432.1096,816.3579,4340,772,4500,853,160,81,6156,243046.66371155,431250.35896301,85.74497223,dji_pose_mesh_ray_centroid,True,True,1220277,3.496719,warp,,4432.1096,816.3579,1,1,1.0,1,3.496719,3.496719,256,256,1.0,"[[4340.0,792.5],[4341.0,792.5],[4343.0,792.5],[4344.5,793.0],[4345.5,794.0],[4346.0,794.5],[4347.0,795.5],[4348.0,796.5],[4349.0,797.5],[4350.5,798.0],[4351.0,798.5],[4352.0,799.5],[4352.5,801.0],[4353.5,802.0],[4354.0,802.5],[4355.5,803.0],[4356.5,804.0],[4357.5,805.0],[4359.0,805.5],[4360.0,805.5],[4361.5,805.0],[4362.5,804.0],[4363.0,802.5],[4364.0,801.5],[4364.5,801.0],[4366.0,800.5],[4367.0,801.5],[4367.5,803.0],[4368.0,803.5],[4368.5,805.0],[4368.5,807.0],[4368.5,809.0],[4370.0,809.5],[4370.5,810.0],[4372.0,810.5],[4373.5,811.0],[4374.5,812.0],[4375.5,813.0],[4375.5,814.0],[4376.5,815.0],[4376.5,817.0],[4375.5,818.0],[4375.0,818.5],[4374.5,820.0],[4373.5,821.0],[4374.0,822.5],[4374.5,824.0],[4375.0,824.5],[4376.0,825.5],[4377.0,826.5],[4378.0,827.5],[4379.5,828.0],[4380.0,828.5],[4382.0,828.5],[4383.0,827.5],[4384.5,827.0],[4385.0,826.5],[4387.0,826.5],[4388.0,827.5],[4390.0,827.5],[4391.5,827.0],[4392.0,826.5],[4393.0,825.5],[4394.0,824.5],[4395.0,823.5],[4395.5,823.0],[4397.0,822.5],[4399.0,822.5],[4400.0,823.5],[4402.0,823.5],[4403.0,823.5],[4404.0,822.5],[4406.0,822.5],[4407.5,822.0],[4408.5,821.0],[4409.0,820.5],[4410.0,819.5],[4410.5,821.0],[4410.5,823.0],[4411.0,823.5],[4411.5,825.0],[4412.0,826.5],[4412.5,828.0],[4413.0,829.5],[4413.5,830.0],[4414.0,831.5],[4416.0,831.5],[4418.0,831.5],[4420.0,831.5],[4420.5,831.0],[4421.5,830.0],[4421.5,828.0],[4421.5,826.0],[4422.0,825.5],[4422.5,824.0],[4424.0,823.5],[4425.0,822.5],[4426.5,822.0],[4427.0,821.5],[4428.0,820.5],[4428.5,819.0],[4429.5,818.0],[4430.5,817.0],[4430.5,816.0],[4429.5,815.0],[4429.5,813.0],[4428.0,812.5],[4427.0,812.5],[4425.0,812.5],[4424.0,811.5],[4422.0,811.5],[4420.0,811.5],[4419.0,811.5],[4418.0,812.5],[4416.5,813.0],[4415.0,813.5],[4414.5,814.0],[4414.5,816.0],[4413.0,816.5],[4412.0,817.5],[4411.0,816.5],[4410.5,816.0],[4410.5,814.0],[4410.0,812.5],[4409.5,811.0],[4408.5,810.0],[4408.0,809.5],[4406.5,809.0],[4405.0,808.5],[4403.0,808.5],[4402.5,808.0],[4401.0,807.5],[4399.5,808.0],[4398.5,809.0],[4398.5,811.0],[4398.0,811.5],[4397.5,813.0],[4396.0,813.5],[4395.0,812.5],[4393.0,812.5],[4392.5,812.0],[4391.0,811.5],[4389.5,811.0],[4388.5,810.0],[4388.0,809.5],[4387.0,808.5],[4385.5,808.0],[4384.0,807.5],[4383.0,806.5],[4382.5,806.0],[4381.0,805.5],[4379.0,805.5],[4377.5,805.0],[4376.0,804.5],[4375.5,804.0],[4376.5,803.0],[4377.0,801.5],[4378.5,802.0],[4379.0,802.5],[4381.0,802.5],[4382.0,801.5],[4383.0,800.5],[4384.0,799.5],[4384.5,799.0],[4385.5,798.0],[4386.5,797.0],[4387.5,796.0],[4388.0,795.5],[4389.0,794.5],[4390.0,795.5],[4390.5,797.0],[4390.5,799.0],[4390.0,799.5],[4389.5,801.0],[4389.5,803.0],[4388.5,804.0],[4388.5,806.0],[4389.0,806.5],[4391.0,806.5],[4392.5,806.0],[4394.0,805.5],[4394.5,805.0],[4395.5,804.0],[4397.0,803.5],[4399.0,803.5],[4400.0,802.5],[4401.0,802.5],[4403.0,802.5],[4404.0,801.5],[4405.0,800.5],[4406.5,800.0],[4407.0,799.5],[4408.0,798.5],[4409.5,798.0],[4411.0,797.5],[4412.0,797.5],[4413.0,796.5],[4415.0,796.5],[4417.0,796.5],[4419.0,796.5],[4419.5,796.0],[4419.5,794.0],[4420.0,792.5],[4421.0,791.5],[4422.0,790.5],[4422.5,790.0],[4423.0,788.5],[4424.0,787.5],[4425.0,786.5],[4426.0,786.5],[4428.0,786.5],[4430.0,786.5],[4431.0,787.5],[4432.0,788.5],[4432.5,789.0],[4433.5,790.0],[4435.0,790.5],[4436.0,791.5],[4436.5,792.0],[4437.5,793.0],[4439.0,793.5],[4441.0,793.5],[4442.5,793.0],[4443.0,792.5],[4443.0,791.5],[4442.5,790.0],[4442.0,788.5],[4441.0,787.5],[4440.0,787.5],[4439.5,786.0],[4438.5,785.0],[4437.0,784.5],[4436.5,784.0],[4435.0,783.5],[4434.0,782.5],[4432.5,782.0],[4431.5,781.0],[4431.0,780.5],[4430.0,779.5],[4428.0,779.5],[4426.0,779.5],[4424.0,779.5],[4423.0,779.5],[4421.0,779.5],[4419.0,779.5],[4417.5,779.0],[4417.0,778.5],[4415.5,778.0],[4415.5,776.0],[4416.5,775.0],[4417.5,774.0],[4418.0,773.5],[4419.5,773.0],[4421.0,772.5],[4423.0,772.5],[4424.5,772.0]]","[[243046.66187096,431250.42762756,85.77114201],[243046.66209602,431250.42685699,85.7711277],[243046.66254711,431250.42531586,85.77110004],[243046.66247749,431250.42420197,85.77055073],[243046.66190624,431250.42350769,85.76948547],[243046.661623,431250.42315674,85.76895428],[243046.66105747,431250.42246246,85.76789188],[243046.66049194,431250.42176056,85.76682949],[243046.65992737,431250.42106628,85.7657671],[243046.65987015,431250.41995239,85.76522255],[243046.65958786,431250.41960144,85.76469231],[243046.65902328,431250.41890717,85.76363182],[243046.65795231,431250.41863251,85.76205635],[243046.65738773,431250.41793823,85.76099682],[243046.6571064,431250.41758728,85.76046753],[243046.65704918,431250.41647339,85.75992393],[243046.65648556,431250.41577911,85.75886631],[243046.65592289,431250.41508484,85.75780868],[243046.65586662,431250.41397095,85.75726604],[243046.65609074,431250.41320801,85.75725174],[243046.6568222,431250.41201782,85.75775337],[243046.65783405,431250.41117859,85.75878334],[243046.65912914,431250.41069031,85.7603426],[243046.6601429,431250.40985107,85.76137352],[243046.6606493,431250.40943146,85.76188946],[243046.66138077,431250.40824127,85.76239109],[243046.66081715,431250.407547,85.76133156],[243046.65974522,431250.40727997,85.759758],[243046.65946388,431250.40692902,85.75922871],[243046.65839386,431250.40666199,85.7576561],[243046.65681934,431250.40680695,85.75557041],[243046.65524578,431250.40695953,85.75348663],[243046.65518856,431250.40584564,85.7529459],[243046.65490723,431250.40550232,85.75241852],[243046.65485096,431250.40438843,85.75187683],[243046.65479469,431250.40328217,85.7513361],[243046.65423298,431250.40259552,85.75028229],[243046.65367222,431250.40190125,85.74922943],[243046.65288639,431250.40197754,85.74818993],[243046.65232563,431250.40129089,85.74713802],[243046.65075779,431250.40144348,85.74506283],[243046.64975071,431250.40228271,85.74403954],[243046.64924622,431250.40270233,85.74352741],[243046.64796066,431250.40319061,85.74198055],[243046.64695358,431250.40402985,85.74095821],[243046.6458931,431250.40376282,85.73939896],[243046.64483261,431250.40349579,85.73784065],[243046.64455414,431250.40314484,85.73731708],[243046.64399719,431250.40245819,85.73626995],[243046.64344025,431250.40177155,85.73522377],[243046.6428833,431250.4010849,85.73417759],[243046.64282894,431250.39998627,85.73364162],[243046.64255142,431250.39964294,85.73311901],[243046.64299774,431250.39811707,85.73309231],[243046.64400101,431250.39727783,85.73410988],[243046.64472675,431250.39610291,85.73460674],[243046.64522839,431250.39568329,85.735116],[243046.64567661,431250.39415741,85.7350893],[243046.64511871,431250.39347076,85.73404312],[243046.64556599,431250.39195251,85.73401642],[243046.64629173,431250.39076996,85.73451233],[243046.64679432,431250.39035034,85.73502159],[243046.64779854,431250.38951111,85.73604107],[243046.64880371,431250.38867188,85.73706055],[243046.64980984,431250.38783264,85.73808098],[243046.65031242,431250.38741302,85.73859119],[243046.65103912,431250.38623047,85.73908806],[243046.6514864,431250.38470459,85.7390604],[243046.65092754,431250.38401794,85.73801327],[243046.65137482,431250.38249969,85.73798656],[243046.65159893,431250.38173676,85.73797321],[243046.65260506,431250.38088989,85.73899364],[243046.65305233,431250.37937164,85.73896599],[243046.65377903,431250.37818909,85.73946285],[243046.65478706,431250.37734222,85.74048424],[243046.6552906,431250.37692261,85.74099541],[243046.65629768,431250.37607574,85.74201679],[243046.65523338,431250.37581635,85.74045753],[243046.6536665,431250.37598419,85.73838901],[243046.65338707,431250.37564087,85.73786545],[243046.65232468,431250.37538147,85.7363081],[243046.65126324,431250.37512207,85.73475361],[243046.6502037,431250.37486267,85.73319912],[243046.64914322,431250.3746109,85.73164558],[243046.64886379,431250.37426758,85.73112392],[243046.64780617,431250.37400818,85.7295723],[243046.64825249,431250.37248993,85.72954559],[243046.64869785,431250.37097168,85.72951889],[243046.64914513,431250.36945343,85.72949219],[243046.64964676,431250.36902618,85.7300005],[243046.65065002,431250.36818695,85.73101711],[243046.6522131,431250.3680191,85.733078],[243046.65377712,431250.36785126,85.73514175],[243046.65427971,431250.36743164,85.73565102],[243046.65556622,431250.3669281,85.73719311],[243046.65629292,431250.36574554,85.73768997],[243046.6573,431250.36489868,85.7387104],[243046.65802765,431250.36371613,85.73920631],[243046.65853119,431250.36328888,85.73971653],[243046.65953922,431250.36244202,85.74073791],[243046.66082764,431250.36193848,85.74228382],[243046.66183758,431250.36109161,85.74330521],[243046.66284657,431250.36024475,85.7443285],[243046.66363335,431250.36016083,85.74536514],[243046.66419601,431250.36083221,85.74641514],[243046.66577053,431250.36066437,85.74849129],[243046.6658287,431250.36177063,85.74903107],[243046.66560459,431250.36253357,85.74904442],[243046.66515636,431250.36405945,85.74907207],[243046.66571999,431250.36473846,85.75012398],[243046.66527271,431250.36626434,85.75015163],[243046.66482449,431250.36779022,85.75017929],[243046.66460037,431250.36855316,85.75019264],[243046.66358852,431250.36940002,85.74916744],[243046.66285992,431250.37059021,85.74866867],[243046.6621294,431250.37177277,85.7481699],[243046.66162491,431250.37220001,85.74765778],[243046.6600523,431250.37236023,85.74558258],[243046.65932369,431250.37354279,85.74508476],[243046.6583147,431250.37438965,85.74406147],[243046.65887642,431250.37506866,85.74511147],[243046.6591568,431250.37541199,85.74563694],[243046.66072941,431250.37525177,85.74771213],[243046.66179752,431250.37551117,85.74927711],[243046.66286564,431250.37577057,85.75084305],[243046.66342926,431250.37644958,85.7518959],[243046.66371059,431250.37679291,85.75242329],[243046.66376877,431250.37789917,85.75296402],[243046.66382599,431250.37900543,85.75350475],[243046.66337776,431250.38053131,85.75353241],[243046.66366005,431250.38087463,85.75405979],[243046.66371727,431250.3819809,85.75460148],[243046.66298771,431250.38317108,85.75410175],[243046.66197491,431250.38401031,85.75307369],[243046.66040039,431250.38417053,85.75099373],[243046.65989494,431250.38459015,85.75048065],[243046.65860271,431250.38509369,85.74892807],[243046.65787411,431250.38628387,85.7484293],[243046.65843582,431250.38696289,85.74948215],[243046.65798759,431250.3884964,85.74950981],[243046.65826893,431250.38883209,85.75003624],[243046.65832615,431250.38994598,85.75057697],[243046.65838242,431250.39105225,85.75111675],[243046.65894604,431250.39173889,85.75217152],[243046.65922642,431250.39208221,85.75269794],[243046.65978909,431250.39276886,85.75375271],[243046.65984726,431250.39387512,85.7542944],[243046.65990448,431250.39498138,85.75483608],[243046.66046715,431250.39567566,85.7558918],[243046.66074944,431250.39601898,85.75642014],[243046.66080666,431250.39712524,85.75696182],[243046.66035843,431250.39865875,85.75698948],[243046.66041565,431250.39976501,85.75753212],[243046.66047287,431250.40087891,85.75807381],[243046.6607542,431250.40122223,85.7586031],[243046.66176796,431250.400383,85.75963306],[243046.66306496,431250.39988708,85.76119328],[243046.66300583,431250.39877319,85.76064968],[243046.66272354,431250.39842987,85.76012039],[243046.66317272,431250.39689636,85.76009273],[243046.66418743,431250.39605713,85.76112366],[243046.66520214,431250.39521027,85.76215458],[243046.6662178,431250.3943634,85.76318645],[243046.66672516,431250.39394379,85.76370239],[243046.66774082,431250.39310455,85.76473427],[243046.66875744,431250.39225769,85.7657671],[243046.6697731,431250.39141083,85.76679993],[243046.67028236,431250.39099121,85.76731682],[243046.67129993,431250.39014435,85.7683506],[243046.67073154,431250.3894577,85.76728916],[243046.66965675,431250.38919067,85.76571083],[243046.6680727,431250.38934326,85.76361847],[243046.66756535,431250.38977051,85.76310253],[243046.6662674,431250.39026642,85.76154137],[243046.66468811,431250.39042664,85.75945282],[243046.6636734,431250.39126587,85.75842285],[243046.66209602,431250.39142609,85.75633717],[243046.66181374,431250.39108276,85.75580883],[243046.66226292,431250.38954926,85.75578117],[243046.66299343,431250.3883667,85.75628185],[243046.6637249,431250.38717651,85.75678253],[243046.6642313,431250.3867569,85.75729656],[243046.66524506,431250.38591003,85.75832558],[243046.66597652,431250.38471985,85.75882721],[243046.6664257,431250.38319397,85.75879955],[243046.66744041,431250.38234711,85.75982952],[243046.66766453,431250.38158417,85.75981522],[243046.66811275,431250.38005066,85.75978756],[243046.66912842,431250.3792038,85.76081753],[243046.67014408,431250.37835693,85.76184845],[243046.6708765,431250.37716675,85.76235008],[243046.67138481,431250.37674713,85.76286602],[243046.67240047,431250.37589264,85.76389694],[243046.67313385,431250.37470245,85.76439953],[243046.67386723,431250.37351227,85.76490211],[243046.67409134,431250.37274933,85.76488781],[243046.67510891,431250.37190247,85.76592064],[243046.67555809,431250.37036896,85.76589203],[243046.67600727,431250.36883545,85.76586437],[243046.67645645,431250.36730194,85.76583672],[243046.67696571,431250.36687469,85.76635265],[243046.67855263,431250.36670685,85.76844692],[243046.67988777,431250.36619568,85.77002144],[243046.68093109,431250.36534119,85.77106285],[243046.68197441,431250.36448669,85.77210522],[243046.68249702,431250.36405945,85.77262592],[243046.68383884,431250.36354828,85.77420425],[243046.68488407,431250.36269379,85.77524757],[243046.6859293,431250.36183929,85.77629185],[243046.68615437,431250.36106873,85.77627754],[243046.6866045,431250.35953522,85.77624989],[243046.68705463,431250.35799408,85.77622127],[243046.68645954,431250.35731506,85.77514934],[243046.68586445,431250.35663605,85.77407837],[243046.6855669,431250.35630035,85.7735424],[243046.68497181,431250.35562134,85.77247143],[243046.68489933,431250.35451508,85.77192306],[243046.68430519,431250.35383606,85.77085304],[243046.68400764,431250.35350037,85.77031803],[243046.68341351,431250.35282135,85.76924896],[243046.68334198,431250.35171509,85.7687006],[243046.68379116,431250.35018921,85.76867294],[243046.68453789,431250.34899139,85.76917934],[243046.68505955,431250.34856415,85.76970005],[243046.68587875,431250.3484726,85.77075481],[243046.68699551,431250.34871674,85.77234554],[243046.68811417,431250.34896851,85.77393722],[243046.68871021,431250.34963989,85.7750082],[243046.68848515,431250.35041046,85.77502251],[243046.68960476,431250.3506546,85.77661705],[243046.69020081,431250.35133362,85.77768898],[243046.69027424,431250.35243988,85.7782402],[243046.69057274,431250.3527832,85.77877617],[243046.69064617,431250.35388947,85.77932739],[243046.69124317,431250.35456848,85.78040218],[243046.6913166,431250.35567474,85.78095341],[243046.69191456,431250.35635376,85.7820282],[243046.69221306,431250.35669708,85.78256607],[243046.69281101,431250.3573761,85.78364181],[243046.69235992,431250.35891724,85.78367043],[243046.69190979,431250.36045074,85.78369808],[243046.6914587,431250.36199188,85.78372669],[243046.69123268,431250.36276245,85.783741],[243046.69078159,431250.36429596,85.78376961],[243046.69033146,431250.3658371,85.78379822],[243046.69040394,431250.36695099,85.78435039],[243046.69070339,431250.36728668,85.78488922],[243046.69077682,431250.36840057,85.7854414],[243046.69242477,431250.3682251,85.78756905],[243046.69347572,431250.36737061,85.78861904],[243046.69452667,431250.36651611,85.78966904],[243046.69505215,431250.36608887,85.79019356],[243046.69580364,431250.36488342,85.79070568],[243046.69655514,431250.36368561,85.79121685],[243046.69700718,431250.36214447,85.79118729],[243046.69775867,431250.36094666,85.79169941]]",dji_pose_mesh_ray_contour_nodes,
83,72,3,SPL,4374.5,773.5,4372,773,4378,775,6,2,10,243046.68522453,431250.39962769,85.79081917,dji_pose_mesh_ray_centroid,True,True,1220279,3.52597,warp,,4374.5,773.5,1,1,1.0,1,3.52597,3.52597,2,2,1.0,"[[4372.0,773.5],[4372.5,773.0]]","[[243046.684659,431250.40155792,85.79085445],[243046.68518353,431250.40113068,85.79138088]]",dji_pose_mesh_ray_contour_nodes,
84,73,3,SPL,4400.7939,785.4493,4386,779,4418,792,32,13,296,243046.68133831,431250.38034821,85.7777462,dji_pose_mesh_ray_centroid,True,True,1220279,3.520419,warp,,4400.7939,785.4493,1,1,1.0,1,3.520419,3.520419,35,35,1.0,"[[4391.5,779.0],[4392.0,779.5],[4393.0,779.5],[4394.0,779.5],[4395.0,779.5],[4396.0,779.5],[4396.5,780.0],[4397.0,780.5],[4398.0,780.5],[4398.5,781.0],[4399.0,781.5],[4399.5,782.0],[4400.0,782.5],[4401.0,782.5],[4402.0,782.5],[4403.0,782.5],[4404.0,782.5],[4404.5,782.0],[4405.0,781.5],[4406.0,781.5],[4407.0,781.5],[4407.5,781.0],[4408.0,780.5],[4409.0,780.5],[4410.0,780.5],[4411.0,780.5],[4412.0,780.5],[4413.0,780.5],[4414.0,780.5],[4414.5,781.0],[4415.0,781.5],[4415.5,782.0],[4416.0,782.5],[4416.5,783.0],[4417.0,783.5]]","[[243046.68453789,431250.38696289,85.78472137],[243046.68423939,431250.38661957,85.78418255],[243046.68446541,431250.385849,85.78416824],[243046.68469143,431250.38507843,85.78415394],[243046.6849165,431250.38430786,85.78413963],[243046.68514252,431250.38353729,85.78412533],[243046.68484402,431250.38319397,85.78358746],[243046.68454647,431250.38285065,85.78304958],[243046.68477154,431250.38208008,85.78303528],[243046.68447399,431250.38173676,85.78249741],[243046.68417549,431250.38139343,85.78195953],[243046.68387794,431250.38105011,85.78142166],[243046.68357944,431250.38070679,85.78088379],[243046.68380547,431250.37994385,85.78086948],[243046.68403053,431250.37917328,85.78085613],[243046.6842556,431250.37840271,85.78084087],[243046.68448162,431250.37763214,85.78082752],[243046.68500519,431250.3772049,85.78135014],[243046.68552876,431250.37677765,85.7818737],[243046.68575382,431250.37600708,85.7818594],[243046.68597984,431250.37524414,85.78184509],[243046.68650341,431250.37481689,85.78236961],[243046.68702698,431250.37438965,85.78289318],[243046.687253,431250.37361908,85.78287888],[243046.68747902,431250.37284851,85.78286457],[243046.68770409,431250.37207794,85.78285027],[243046.68792915,431250.37130737,85.78283596],[243046.68815517,431250.3705368,85.78282165],[243046.68838024,431250.36977386,85.78280735],[243046.68808174,431250.36943054,85.78226948],[243046.68778419,431250.36908722,85.78173256],[243046.68748474,431250.3687439,85.78119469],[243046.68718719,431250.3684082,85.78065681],[243046.68688869,431250.36806488,85.7801199],[243046.68659115,431250.36772156,85.77958298]]",dji_pose_mesh_ray_contour_nodes,
85,74,3,SPL,4229.957,785.871,4225,782,4238,794,13,12,93,243046.64112854,431250.51209259,85.77934456,dji_pose_mesh_ray_centroid,True,True,1220278,3.472012,warp,,4229.957,785.871,1,1,1.0,1,3.472012,3.472012,19,19,1.0,"[[4237.0,785.5],[4236.5,786.0],[4236.5,787.0],[4236.0,787.5],[4235.5,787.0],[4235.0,786.5],[4234.0,786.5],[4233.0,786.5],[4232.5,787.0],[4232.0,787.5],[4231.5,788.0],[4231.0,788.5],[4230.5,789.0],[4230.5,790.0],[4230.0,790.5],[4229.5,791.0],[4229.0,791.5],[4228.5,792.0],[4228.5,793.0]]","[[243046.64324474,431250.50662231,85.77970314],[243046.64275837,431250.5070343,85.77918911],[243046.64204884,431250.50708008,85.77815819],[243046.64156151,431250.50749207,85.77764416],[243046.64178562,431250.50785065,85.77816105],[243046.64200878,431250.50821686,85.77867889],[243046.64174557,431250.50899506,85.77868175],[243046.64148235,431250.50976562,85.77868557],[243046.64099598,431250.51017761,85.77817154],[243046.64051056,431250.5105896,85.77765751],[243046.64002419,431250.51099396,85.77714443],[243046.63953781,431250.51140594,85.7766304],[243046.63905334,431250.51181793,85.77611732],[243046.63834476,431250.51186371,85.77508736],[243046.63785934,431250.51226807,85.77457428],[243046.63736439,431250.51268005,85.77405834],[243046.63683224,431250.51309204,85.77353191],[243046.63630104,431250.51350403,85.77300549],[243046.63550949,431250.5135498,85.77195168]]",dji_pose_mesh_ray_contour_nodes,
86,75,3,SPL,4309.5753,790.0548,4305,786,4316,796,11,10,73,243046.65699768,431250.4508667,85.77415657,dji_pose_mesh_ray_centroid,True,True,1220279,3.489976,warp,,4309.5753,790.0548,1,1,1.0,1,3.489976,3.489976,11,11,1.0,"[[4315.0,790.5],[4314.5,791.0],[4314.0,791.5],[4313.0,791.5],[4312.5,792.0],[4312.0,792.5],[4311.5,793.0],[4311.0,793.5],[4310.5,794.0],[4310.0,794.5],[4309.5,795.0]]","[[243046.6578598,431250.44671631,85.77360821],[243046.65734005,431250.44713593,85.77308655],[243046.6568203,431250.44755554,85.77256489],[243046.65659428,431250.44832611,85.77257824],[243046.65607452,431250.4487381,85.77205658],[243046.65555477,431250.44915771,85.77153492],[243046.65503597,431250.44957733,85.77101326],[243046.65452766,431250.44999695,85.77049541],[243046.65402031,431250.45040894,85.76997757],[243046.65351295,431250.45082855,85.76945972],[243046.6530056,431250.45124054,85.76894188]]",dji_pose_mesh_ray_contour_nodes,
87,76,3,SPL,4785.8222,788.8667,4781,786,4791,792,10,6,45,243046.77633286,431250.08440399,85.77199173,dji_pose_mesh_ray_centroid,True,True,1220285,3.649676,warp,,4785.8222,788.8667,1,1,1.0,1,3.649676,3.649676,7,7,1.0,"[[4785.5,786.0],[4786.0,786.5],[4787.0,786.5],[4788.0,786.5],[4789.0,786.5],[4789.5,787.0],[4790.0,787.5]]","[[243046.77882385,431250.08417511,85.77506447],[243046.77850723,431250.08387756,85.77452755],[243046.77877617,431250.08310699,85.77452564],[243046.77904415,431250.08233643,85.77452469],[243046.77931118,431250.08156586,85.77452278],[243046.77899551,431250.08126068,85.77398586],[243046.77867889,431250.08095551,85.77344894]]",dji_pose_mesh_ray_contour_nodes,
88,77,3,SPL,4330.0,788.2,4329,787,4332,791,3,4,10,243046.66312122,431250.43501282,85.77583218,dji_pose_mesh_ray_centroid,True,True,1220279,3.497569,warp,,4330.0,788.2,1,1,1.0,1,3.497569,3.497569,2,2,1.0,"[[4329.5,790.0],[4329.0,789.5]]","[[243046.66154003,431250.43552399,85.77393341],[243046.66183472,431250.43587494,85.77447033]]",dji_pose_mesh_ray_contour_nodes,
89,78,3,SPL,4366.1333,791.5333,4364,790,4369,794,5,4,15,243046.66854954,431250.4074707,85.77179718,dji_pose_mesh_ray_centroid,True,True,1220279,3.504005,warp,,4366.1333,791.5333,1,1,1.0,1,3.504005,3.504005,3,3,1.0,"[[4364.0,791.5],[4364.5,791.0],[4364.5,790.0]]","[[243046.66809654,431250.40910339,85.77186203],[243046.66861725,431250.40868378,85.77238369],[243046.66943359,431250.40860748,85.77344131]]",dji_pose_mesh_ray_contour_nodes,
90,79,3,SPL,4520.4911,795.5982,4513,790,4530,803,17,13,112,243046.69993877,431250.28955841,85.76536274,dji_pose_mesh_ray_centroid,True,True,1220277,3.544721,warp,,4520.4911,795.5982,1,1,1.0,1,3.544721,3.544721,23,23,1.0,"[[4529.0,793.5],[4528.5,794.0],[4528.0,794.5],[4527.0,794.5],[4526.0,794.5],[4525.0,794.5],[4524.5,795.0],[4524.0,795.5],[4523.0,795.5],[4522.5,796.0],[4522.5,797.0],[4522.5,798.0],[4522.5,799.0],[4523.0,799.5],[4523.5,800.0],[4523.0,800.5],[4522.0,800.5],[4521.0,800.5],[4520.5,801.0],[4520.0,801.5],[4519.0,801.5],[4518.0,801.5],[4517.5,802.0]]","[[243046.70354652,431250.28283691,85.76744556],[243046.70302296,431250.28327179,85.76692581],[243046.70249939,431250.28370667,85.76640701],[243046.70227528,431250.2844696,85.76642036],[243046.70205116,431250.28523254,85.76643467],[243046.70182705,431250.28599548,85.76644897],[243046.70131493,431250.28643036,85.76593208],[243046.70080376,431250.28686523,85.7654171],[243046.70057869,431250.28762817,85.76543045],[243046.70006847,431250.28806305,85.76491547],[243046.6992712,431250.28816223,85.76387024],[243046.69847393,431250.28826904,85.76282597],[243046.69767666,431250.28836823,85.76178265],[243046.69739056,431250.28804016,85.76125336],[243046.69710445,431250.2877121,85.76072502],[243046.69659519,431250.28813934,85.76021099],[243046.69637108,431250.28890228,85.76022434],[243046.69614697,431250.28966522,85.76023865],[243046.6956377,431250.2901001,85.75972462],[243046.69512749,431250.29053497,85.75920963],[243046.69490433,431250.29129791,85.75922394],[243046.69468021,431250.29206085,85.75923729],[243046.69417095,431250.2924881,85.75872326]]",dji_pose_mesh_ray_contour_nodes,
91,80,3,SPL,4353.0,792.5,4353,792,4354,794,1,2,2,243046.6648016,431250.41763306,85.77095985,dji_pose_mesh_ray_centroid,True,True,1220279,3.499289,warp,,4353.0,792.5,1,1,1.0,1,3.499289,3.499289,2,2,1.0,"[[4353.0,792.0],[4353.0,793.0]]","[[243046.66520882,431250.41759491,85.77148819],[243046.66439438,431250.4176712,85.77043152]]",dji_pose_mesh_ray_contour_nodes,
92,81,3,SPL,4240.0,793.0,4240,793,4241,794,1,1,1,243046.6386261,431250.50465393,85.77194118,dji_pose_mesh_ray_centroid,True,True,1220276,3.46799,warp,,4240.0,793.0,1,1,1.0,1,3.46799,3.46799,1,1,1.0,"[[4240.0,793.0]]","[[243046.6386261,431250.50465393,85.77194118]]",dji_pose_mesh_ray_contour_nodes,
93,82,3,SPL,4773.25,794.625,4772,793,4775,797,3,4,8,243046.76780796,431250.09502411,85.76585388,dji_pose_mesh_ray_centroid,True,True,1220285,3.638117,warp,,4773.25,794.625,1,1,1.0,1,3.638117,3.638117,3,3,1.0,"[[4772.5,796.0],[4772.5,795.0],[4772.0,794.5]]","[[243046.7663765,431250.0958252,85.76438713],[243046.767272,431250.09566498,85.76545429],[243046.76758575,431250.09597015,85.7659893]]",dji_pose_mesh_ray_contour_nodes,
94,83,3,SPL,4505.7273,796.8182,4504,796,4509,799,5,3,11,243046.69565964,431250.30096436,85.76429367,dji_pose_mesh_ray_centroid,True,True,1220277,3.53897,warp,,4505.7273,796.8182,1,1,1.0,1,3.53897,3.53897,3,3,1.0,"[[4508.0,797.5],[4507.0,797.5],[4506.5,798.0]]","[[243046.69562531,431250.29929352,85.7635498],[243046.69540119,431250.30005646,85.76356411],[243046.69489098,431250.30049133,85.76304817]]",dji_pose_mesh_ray_contour_nodes,
95,84,3,SPL,4318.8885,817.7098,4284,801,4347,831,63,30,951,243046.63728523,431250.44551086,85.74511051,dji_pose_mesh_ray_centroid,True,True,1220277,3.463491,warp,,4318.8885,817.7098,1,1,1.0,1,3.463491,3.463491,64,64,1.0,"[[4284.0,815.5],[4285.0,815.5],[4286.0,815.5],[4287.0,815.5],[4288.0,815.5],[4289.0,815.5],[4290.0,815.5],[4291.0,815.5],[4292.0,815.5],[4293.0,815.5],[4293.5,815.0],[4294.0,814.5],[4294.5,814.0],[4295.0,813.5],[4295.5,813.0],[4296.0,812.5],[4297.0,812.5],[4298.0,812.5],[4298.5,813.0],[4299.0,813.5],[4300.0,813.5],[4300.5,814.0],[4301.0,814.5],[4302.0,814.5],[4303.0,814.5],[4304.0,814.5],[4305.0,814.5],[4305.5,815.0],[4306.0,815.5],[4306.5,815.0],[4307.0,814.5],[4307.5,814.0],[4308.0,813.5],[4309.0,813.5],[4310.0,813.5],[4310.5,814.0],[4311.0,814.5],[4312.0,814.5],[4313.0,814.5],[4313.5,814.0],[4314.0,813.5],[4315.0,813.5],[4315.5,813.0],[4316.0,812.5],[4316.5,812.0],[4317.0,811.5],[4317.5,811.0],[4318.0,810.5],[4318.5,810.0],[4318.5,809.0],[4318.5,808.0],[4318.0,807.5],[4317.5,807.0],[4317.0,806.5],[4316.5,806.0],[4316.5,805.0],[4317.0,804.5],[4317.5,804.0],[4318.0,803.5],[4318.5,803.0],[4319.0,802.5],[4319.5,802.0],[4320.0,801.5],[4320.5,801.0]]","[[243046.63123131,431250.47206879,85.7478981],[243046.63145065,431250.47130585,85.74788284],[243046.63167095,431250.47053528,85.74786758],[243046.6318903,431250.46977234,85.74785328],[243046.6321106,431250.4690094,85.74783802],[243046.63233089,431250.46823883,85.74782276],[243046.63255119,431250.46747589,85.7478075],[243046.63277149,431250.46671295,85.7477932],[243046.63299084,431250.46594238,85.74777794],[243046.63321018,431250.46517944,85.74776268],[243046.63370514,431250.46476746,85.74827385],[243046.63420486,431250.46435547,85.74878502],[243046.6347084,431250.46394348,85.74929905],[243046.63521099,431250.46352386,85.74981213],[243046.63571453,431250.46311188,85.7503252],[243046.63621807,431250.46269989,85.75083923],[243046.63644218,431250.46193695,85.75082588],[243046.63666725,431250.46116638,85.75081158],[243046.63638878,431250.46081543,85.75028419],[243046.63611031,431250.46046448,85.74975777],[243046.63633442,431250.45970154,85.74974346],[243046.63605595,431250.45934296,85.74921608],[243046.63577747,431250.458992,85.74868965],[243046.63600159,431250.45822906,85.7486763],[243046.63622665,431250.45746613,85.74866295],[243046.63645172,431250.45669556,85.74864864],[243046.63667583,431250.45593262,85.74863529],[243046.63639736,431250.45558167,85.74810791],[243046.63611889,431250.45523071,85.74758148],[243046.63662148,431250.45481873,85.74809456],[243046.63712502,431250.45439911,85.74860764],[243046.63762856,431250.45398712,85.74912071],[243046.6381321,431250.45357513,85.74963379],[243046.63835621,431250.45280457,85.74962044],[243046.63858128,431250.45204163,85.74960613],[243046.63830185,431250.45169067,85.7490797],[243046.63802338,431250.45133972,85.74855328],[243046.63824844,431250.45057678,85.74853897],[243046.63847256,431250.44980621,85.74852562],[243046.6389761,431250.44939423,85.7490387],[243046.63947868,431250.44898224,85.74955177],[243046.63970375,431250.44821167,85.74953842],[243046.64020824,431250.44779968,85.7500515],[243046.64071083,431250.44738007,85.75056457],[243046.64121532,431250.44696808,85.75107861],[243046.64171982,431250.44655609,85.75159168],[243046.64222336,431250.44613647,85.75210571],[243046.6427269,431250.44572449,85.75261974],[243046.64323235,431250.44530487,85.75313377],[243046.64401531,431250.44524384,85.75417519],[243046.64480114,431250.44517517,85.75521851],[243046.64508057,431250.44552612,85.75574589],[243046.64536095,431250.44587708,85.75627518],[243046.64564133,431250.44622803,85.75680351],[243046.64592171,431250.44657898,85.75733185],[243046.64670658,431250.44651031,85.75837612],[243046.64721203,431250.44609833,85.75889111],[243046.64771748,431250.44567871,85.75940704],[243046.64822292,431250.44526672,85.75992203],[243046.64872932,431250.44484711,85.76043796],[243046.64923477,431250.44443512,85.7609539],[243046.64974022,431250.4440155,85.76146984],[243046.65024662,431250.44359589,85.76198578],[243046.65075302,431250.4431839,85.76250172]]",dji_pose_mesh_ray_contour_nodes,
96,85,3,SPL,4504.875,805.125,4504,804,4507,807,3,3,8,243046.68886375,431250.30243683,85.75564289,dji_pose_mesh_ray_centroid,True,True,1220277,3.529953,warp,,4504.875,805.125,1,1,1.0,1,3.529953,3.529953,2,2,1.0,"[[4505.5,804.0],[4506.0,804.5]]","[[243046.68989658,431250.30184937,85.75680542],[243046.68961143,431250.30151367,85.75627804]]",dji_pose_mesh_ray_contour_nodes,
97,86,3,SPL,4158.0,812.5938,4155,810,4162,816,7,6,32,243046.60105896,431250.56882477,85.75147629,dji_pose_mesh_ray_centroid,True,True,1220276,3.422808,warp,,4158.0,812.5938,1,1,1.0,1,3.422808,3.422808,4,4,1.0,"[[4155.0,811.5],[4155.5,811.0],[4156.0,810.5],[4156.5,810.0]]","[[243046.60110188,431250.5710907,85.7526207],[243046.60162735,431250.57069397,85.75314236],[243046.60215187,431250.57028961,85.75366402],[243046.60267639,431250.56988525,85.75418568]]",dji_pose_mesh_ray_contour_nodes,
98,87,3,SPL,4520.0,815.52,4512,811,4530,821,18,10,100,243046.68401146,431250.29195404,85.74464512,dji_pose_mesh_ray_centroid,True,True,1220277,3.523614,warp,,4520.0,815.52,1,1,1.0,1,3.523614,3.523614,20,20,1.0,"[[4523.5,820.0],[4523.5,819.0],[4523.0,818.5],[4522.0,818.5],[4521.5,818.0],[4521.0,817.5],[4520.0,817.5],[4519.0,817.5],[4518.5,818.0],[4518.0,818.5],[4517.0,818.5],[4516.0,818.5],[4515.0,818.5],[4514.5,818.0],[4514.0,817.5],[4513.5,817.0],[4513.0,816.5],[4512.5,816.0],[4512.5,815.0],[4512.0,814.5]]","[[243046.68125439,431250.28974152,85.73996448],[243046.68204308,431250.28964233,85.74099731],[243046.68232632,431250.2899704,85.74152088],[243046.68210316,431250.29073334,85.74153423],[243046.6823864,431250.2910614,85.74205875],[243046.68266964,431250.29138947,85.74258232],[243046.68244648,431250.2921524,85.74259567],[243046.68222332,431250.29291534,85.74260998],[243046.68171787,431250.29334259,85.74209881],[243046.68121147,431250.29376984,85.74158859],[243046.68098831,431250.29453278,85.74160194],[243046.68076515,431250.29529572,85.74161625],[243046.68054199,431250.29605103,85.7416296],[243046.68082523,431250.29638672,85.74215317],[243046.68110752,431250.29671478,85.74267673],[243046.68139172,431250.29704285,85.74320126],[243046.68167496,431250.29737854,85.74372578],[243046.6819582,431250.2977066,85.7442503],[243046.68274784,431250.29760742,85.74528599],[243046.68303108,431250.29793549,85.74581051]]",dji_pose_mesh_ray_contour_nodes,
99,88,3,SPL,4193.1556,816.7111,4188,812,4200,822,12,10,90,243046.60732841,431250.54192352,85.74715424,dji_pose_mesh_ray_centroid,True,True,1220276,3.428934,warp,,4193.1556,816.7111,1,1,1.0,1,3.428934,3.428934,10,10,1.0,"[[4193.5,812.0],[4194.0,812.5],[4195.0,812.5],[4195.5,813.0],[4196.0,813.5],[4196.5,814.0],[4197.0,814.5],[4197.5,815.0],[4198.0,815.5],[4199.0,815.5]]","[[243046.61110115,431250.5414505,85.7520647],[243046.61084461,431250.54109192,85.75154304],[243046.6111145,431250.54032135,85.75154209],[243046.61085796,431250.53995514,85.75101948],[243046.61060238,431250.53958893,85.75049782],[243046.61034679,431250.53923035,85.74997616],[243046.61009026,431250.53886414,85.7494545],[243046.60983467,431250.53850555,85.74893284],[243046.60957909,431250.53813934,85.74841118],[243046.60984898,431250.53736877,85.74841118]]",dji_pose_mesh_ray_contour_nodes,
100,89,3,SPL,4552.7143,812.4286,4551,812,4555,814,4,2,7,243046.69348717,431250.26678467,85.74732685,dji_pose_mesh_ray_centroid,True,True,314757,3.53654,warp,,4552.7143,812.4286,1,1,1.0,1,3.53654,3.53654,2,2,1.0,"[[4551.5,813.0],[4551.0,812.5]]","[[243046.69267559,431250.26778412,85.74672604],[243046.69297218,431250.26810455,85.74725437]]",dji_pose_mesh_ray_contour_nodes,
101,90,3,SPL,4752.5769,816.4231,4750,813,4756,820,6,7,26,243046.74291515,431250.11436462,85.74273968,dji_pose_mesh_ray_centroid,True,True,1220285,3.60509,warp,,4752.5769,816.4231,1,1,1.0,1,3.60509,3.60509,8,8,1.0,"[[4750.5,813.0],[4751.0,813.5],[4752.0,813.5],[4752.5,814.0],[4753.0,814.5],[4754.0,814.5],[4754.5,815.0],[4755.0,815.5]]","[[243046.74538994,431250.11541748,85.74636078],[243046.74508095,431250.1151123,85.74583054],[243046.74534702,431250.11434937,85.74582958],[243046.74503708,431250.11404419,85.74530029],[243046.74472809,431250.11373901,85.744771],[243046.74499321,431250.11297607,85.7447691],[243046.74468517,431250.1126709,85.74423981],[243046.74437523,431250.11236572,85.74371052]]",dji_pose_mesh_ray_contour_nodes,
102,91,3,SPL,4763.4643,816.0357,4760,813,4767,820,7,7,28,243046.74615097,431250.10597229,85.74313259,dji_pose_mesh_ray_centroid,True,True,1220285,3.609691,warp,,4763.4643,816.0357,1,1,1.0,1,3.609691,3.609691,10,10,1.0,"[[4764.5,819.0],[4764.0,818.5],[4763.0,818.5],[4762.5,818.0],[4762.0,817.5],[4761.5,817.0],[4761.0,816.5],[4760.5,816.0],[4760.5,815.0],[4760.0,814.5]]","[[243046.74380589,431250.10565186,85.74000263],[243046.74411488,431250.10595703,85.74053097],[243046.74384975,431250.10671997,85.74053192],[243046.74415779,431250.10702515,85.74106026],[243046.74446774,431250.10733032,85.74158859],[243046.74477673,431250.10762787,85.74211693],[243046.74508572,431250.10793304,85.74264622],[243046.74539471,431250.10823822,85.74317455],[243046.74627972,431250.108078,85.74423122],[243046.74658871,431250.10838318,85.74475956]]",dji_pose_mesh_ray_contour_nodes,
103,92,3,SPL,4769.5,813.0,4769,813,4771,814,2,1,2,243046.75044346,431250.10086823,85.74633121,dji_pose_mesh_ray_centroid,True,True,1220285,3.615479,warp,,4769.5,813.0,1,1,1.0,1,3.615479,3.615479,2,2,1.0,"[[4769.0,813.0],[4770.0,813.0]]","[[243046.75030994,431250.10125732,85.74633217],[243046.75057602,431250.10048676,85.74633121]]",dji_pose_mesh_ray_contour_nodes,
104,93,3,SPL,4570.8197,818.7377,4566,814,4576,823,10,9,61,243046.69286537,431250.25366974,85.74064827,dji_pose_mesh_ray_centroid,True,True,314757,3.535875,warp,,4570.8197,818.7377,1,1,1.0,1,3.535875,3.535875,12,12,1.0,"[[4566.0,820.5],[4566.5,820.0],[4566.5,819.0],[4567.0,818.5],[4567.5,818.0],[4567.5,817.0],[4568.0,816.5],[4568.5,816.0],[4568.5,815.0],[4569.0,814.5],[4570.0,814.5],[4570.5,814.0]]","[[243046.69008446,431250.25756073,85.73880577],[243046.69064426,431250.25711823,85.73933029],[243046.69149971,431250.25700378,85.74038124],[243046.69206047,431250.25656128,85.74090576],[243046.69262028,431250.25611877,85.74143028],[243046.69347668,431250.25600433,85.74248218],[243046.69403839,431250.25556183,85.74300766],[243046.6945982,431250.25511932,85.74353218],[243046.6954565,431250.25499725,85.74458504],[243046.69601727,431250.25455475,85.74511147],[243046.69628143,431250.25379181,85.74510956],[243046.69684315,431250.2533493,85.74563503]]",dji_pose_mesh_ray_contour_nodes,
105,94,3,SPL,1273.474,954.099,1094,815,1383,1036,289,221,21395,243045.78632545,431252.76807404,85.62651443,dji_pose_mesh_ray_centroid,True,True,1219555,3.311889,warp,,1273.474,954.099,1,1,1.0,1,3.311889,3.311889,256,256,1.0,"[[1094.0,1005.5],[1095.5,1004.0],[1096.5,1002.0],[1097.5,999.0],[1097.5,996.0],[1098.5,993.0],[1100.0,991.5],[1103.0,990.5],[1104.5,989.0],[1106.0,987.5],[1108.0,985.5],[1108.5,983.0],[1108.5,979.0],[1109.0,976.5],[1110.5,974.0],[1110.5,971.0],[1112.0,968.5],[1113.5,967.0],[1115.0,965.5],[1117.0,963.5],[1118.5,962.0],[1120.0,959.5],[1121.5,958.0],[1124.0,956.5],[1126.0,955.5],[1127.5,953.0],[1128.0,950.5],[1128.5,948.0],[1129.5,945.0],[1129.5,942.0],[1129.5,938.0],[1130.0,935.5],[1131.5,933.0],[1132.5,931.0],[1133.5,928.0],[1135.0,926.5],[1137.5,926.0],[1136.5,923.0],[1135.5,921.0],[1135.5,917.0],[1136.5,915.0],[1138.5,913.0],[1138.5,910.0],[1138.5,906.0],[1137.5,904.0],[1137.5,901.0],[1138.5,898.0],[1138.5,895.0],[1137.5,892.0],[1136.5,890.0],[1136.5,886.0],[1136.5,883.0],[1138.0,880.5],[1139.5,879.0],[1140.5,877.0],[1141.5,874.0],[1141.5,871.0],[1142.0,867.5],[1143.0,865.5],[1145.0,863.5],[1146.5,862.0],[1148.5,860.0],[1150.0,858.5],[1151.5,858.0],[1151.5,862.0],[1151.5,865.0],[1151.5,869.0],[1151.5,872.0],[1151.5,876.0],[1151.5,879.0],[1151.5,883.0],[1151.5,886.0],[1151.5,889.0],[1151.5,893.0],[1151.5,896.0],[1151.5,900.0],[1151.5,903.0],[1151.5,907.0],[1151.5,910.0],[1151.5,914.0],[1151.5,917.0],[1151.5,920.0],[1151.5,924.0],[1151.5,927.0],[1151.5,931.0],[1151.5,934.0],[1151.5,938.0],[1150.5,940.0],[1149.5,942.0],[1150.0,945.5],[1151.0,947.5],[1151.5,951.0],[1151.5,954.0],[1151.5,958.0],[1151.5,961.0],[1151.5,965.0],[1151.5,968.0],[1151.5,971.0],[1151.5,975.0],[1151.5,978.0],[1151.5,982.0],[1151.5,985.0],[1152.0,988.5],[1154.0,987.5],[1157.5,988.0],[1160.0,988.5],[1162.0,989.5],[1165.0,990.5],[1167.0,989.5],[1170.0,988.5],[1173.0,988.5],[1176.5,989.0],[1179.0,989.5],[1182.0,990.5],[1184.0,989.5],[1186.0,988.5],[1190.0,988.5],[1191.5,987.0],[1193.0,984.5],[1194.5,983.0],[1197.0,981.5],[1199.0,980.5],[1202.0,981.5],[1204.0,982.5],[1206.0,981.5],[1207.5,979.0],[1208.5,977.0],[1210.5,975.0],[1212.0,973.5],[1215.0,972.5],[1216.5,971.0],[1219.0,969.5],[1221.5,969.0],[1224.0,968.5],[1227.0,967.5],[1230.0,967.5],[1233.0,968.5],[1234.5,970.0],[1237.0,971.5],[1238.5,973.0],[1241.5,974.0],[1244.0,974.5],[1246.5,974.0],[1249.0,972.5],[1251.5,972.0],[1255.0,971.5],[1258.0,971.5],[1261.5,972.0],[1264.0,972.5],[1268.0,972.5],[1270.0,973.5],[1272.0,974.5],[1276.0,974.5],[1278.0,975.5],[1282.0,975.5],[1284.0,974.5],[1286.5,973.0],[1288.5,972.0],[1290.5,970.0],[1291.5,968.0],[1293.5,967.0],[1296.0,967.5],[1298.0,968.5],[1301.0,969.5],[1303.5,969.0],[1305.5,967.0],[1306.5,965.0],[1306.0,961.5],[1303.5,961.0],[1301.5,960.0],[1300.5,957.0],[1301.5,955.0],[1304.0,953.5],[1305.0,951.5],[1304.5,949.0],[1303.0,947.5],[1302.5,945.0],[1301.0,942.5],[1301.0,940.5],[1304.0,939.5],[1306.0,940.5],[1308.5,939.0],[1309.0,937.5],[1307.0,935.5],[1304.0,935.5],[1302.5,934.0],[1301.5,931.0],[1300.5,929.0],[1299.5,926.0],[1298.0,924.5],[1297.5,921.0],[1298.5,919.0],[1299.5,916.0],[1300.5,914.0],[1299.5,912.0],[1298.5,909.0],[1297.5,907.0],[1296.5,904.0],[1295.0,902.5],[1293.5,900.0],[1292.5,898.0],[1293.5,895.0],[1294.5,893.0],[1296.0,891.5],[1298.5,890.0],[1298.5,887.0],[1300.0,884.5],[1301.5,883.0],[1302.5,880.0],[1301.5,878.0],[1298.0,877.5],[1295.0,877.5],[1292.5,877.0],[1291.0,874.5],[1291.5,873.0],[1293.5,871.0],[1295.5,870.0],[1299.0,869.5],[1301.0,868.5],[1304.5,868.0],[1306.5,868.0],[1308.5,869.0],[1310.0,871.5],[1313.0,871.5],[1315.5,872.0],[1318.0,871.5],[1322.0,871.5],[1325.0,871.5],[1328.0,870.5],[1331.0,870.5],[1333.0,869.5],[1335.0,867.5],[1337.0,866.5],[1338.5,864.0],[1338.5,861.0],[1338.5,857.0],[1339.5,855.0],[1341.5,853.0],[1342.5,851.0],[1343.5,849.0],[1344.5,846.0],[1345.5,844.0],[1346.5,841.0],[1346.0,838.5],[1343.0,837.5],[1341.0,836.5],[1340.5,833.0],[1341.5,831.0],[1343.0,829.5],[1346.0,828.5],[1348.0,827.5],[1349.5,825.0],[1350.5,823.0],[1351.5,820.0],[1351.5,817.0],[1353.5,815.0]]","[[243045.70859146,431252.87837219,85.57545471],[243045.70981789,431252.87799072,85.57692099],[243045.71119118,431252.87823486,85.57887888],[243045.7131176,431252.87897491,85.58181858],[243045.71478271,431252.88047791,85.58476305],[243045.71671677,431252.88121796,85.58771086],[243045.71795082,431252.88083649,85.58918619],[243045.71930504,431252.87906647,85.59016943],[243045.720541,431252.878685,85.59164667],[243045.72177696,431252.87830353,85.59312439],[243045.72342682,431252.87778473,85.59509659],[243045.72495842,431252.87866211,85.59756517],[243045.72719765,431252.88066864,85.60152101],[243045.72873116,431252.88153839,85.60399675],[243045.73053551,431252.88166046,85.60647535],[243045.73222351,431252.88317108,85.60945415],[243045.73403168,431252.88328552,85.61193895],[243045.73527908,431252.88290405,85.61343098],[243045.73652649,431252.88251495,85.61492395],[243045.7381916,431252.88200378,85.61691666],[243045.73944092,431252.88161469,85.61841202],[243045.74125671,431252.88173676,85.62090731],[243045.74250984,431252.88134766,85.62240601],[243045.74403191,431252.88020325,85.6239047],[243045.74513626,431252.87918091,85.62490463],[243045.74695778,431252.87929535,85.62740755],[243045.74851418,431252.88018036,85.62991381],[243045.75007248,431252.88105774,85.63242245],[243045.75205231,431252.88181305,85.63543749],[243045.75376511,431252.8833313,85.63845682],[243045.75605202,431252.88536072,85.64248896],[243045.75761986,431252.88625336,85.64501286],[243045.75964546,431252.88653564,85.64760399],[243045.76122856,431252.88693237,85.64968586],[243045.76348877,431252.88793182,85.65281677],[243045.76486206,431252.88763428,85.65437412],[243045.76580429,431252.88594818,85.65487289],[243045.76758575,431252.88853455,85.65803337],[243045.76869202,431252.89051819,85.66014576],[243045.77108192,431252.89263153,85.66424751],[243045.77243423,431252.89282227,85.66625977],[243045.77396393,431252.89215088,85.66824055],[243045.77573204,431252.8937149,85.67131615],[243045.77809334,431252.89579773,85.67542362],[243045.77910042,431252.89769745,85.67751503],[243045.78087425,431252.8992691,85.68060493],[243045.78282928,431252.89997864,85.68366337],[243045.78461075,431252.90155792,85.68676186],[243045.78621864,431252.9039917,85.68989944],[243045.78723145,431252.90589905,85.69200611],[243045.78961563,431252.90801239,85.69615364],[243045.79140663,431252.90959167,85.69927025],[243045.79316711,431252.90962219,85.70181751],[243045.79432869,431252.90911865,85.70332527],[243045.79570389,431252.90931702,85.70537281],[243045.7976799,431252.91004181,85.70846653],[243045.79948044,431252.91162872,85.7116003],[243045.80167389,431252.91305542,85.71524334],[243045.80305672,431252.91325378,85.71730232],[243045.80461693,431252.9125824,85.71932602],[243045.80578613,431252.91207886,85.72084522],[243045.80744553,431252.91149902,85.72290802],[243045.80871773,431252.91108704,85.72446728],[243045.8093853,431252.91013336,85.72497463],[243045.80696297,431252.90801239,85.72077084],[243045.80514908,431252.90641785,85.71762276],[243045.80273438,431252.90429688,85.71343327],[243045.80092621,431252.90270996,85.71029663],[243045.79851913,431252.90059662,85.70612049],[243045.7967186,431252.89901733,85.70299435],[243045.79431915,431252.89691162,85.69883251],[243045.79252434,431252.89533234,85.69571686],[243045.79073143,431252.89376068,85.69260597],[243045.78834343,431252.8916626,85.68846512],[243045.78655815,431252.89009857,85.68536377],[243045.78417778,431252.88800812,85.68123627],[243045.78239822,431252.88644409,85.67814636],[243045.78002739,431252.88436127,85.67403316],[243045.77825165,431252.88280487,85.6709528],[243045.77588844,431252.88072968,85.66685295],[243045.77412033,431252.87917328,85.66378403],[243045.77235413,431252.87762451,85.66071796],[243045.77000237,431252.87555695,85.65663815],[243045.76824188,431252.87401581,85.65358353],[243045.76603508,431252.87207794,85.64956474],[243045.76436424,431252.8706131,85.64654922],[243045.76208878,431252.8686142,85.64251661],[243045.76066399,431252.86836243,85.64049673],[243045.7592392,431252.86811829,85.63847923],[243045.75739861,431252.86599731,85.63496637],[243045.75655556,431252.86425781,85.63296604],[243045.75471878,431252.86214447,85.62946224],[243045.75302505,431252.86065674,85.62646103],[243045.75077057,431252.8586731,85.62246513],[243045.74908066,431252.85719299,85.61947393],[243045.7468338,431252.85521698,85.61549139],[243045.74514961,431252.85374451,85.61250925],[243045.74346924,431252.8522644,85.6095314],[243045.74123192,431252.85030365,85.60556745],[243045.73955536,431252.84883118,85.60259914],[243045.73732567,431252.84687042,85.59864807],[243045.73565483,431252.84540558,85.5956893],[243045.73385239,431252.84333038,85.59224558],[243045.73497963,431252.84233856,85.59324121],[243045.7356987,431252.83950043,85.59276915],[243045.73613358,431252.83740997,85.59229135],[243045.73614883,431252.83544159,85.59131908],[243045.73644829,431252.83273315,85.59035301],[243045.73757362,431252.83174133,85.59134769],[243045.73898506,431252.83000183,85.59234905],[243045.73984146,431252.82778168,85.59236622],[243045.74056053,431252.82494354,85.59189415],[243045.74099541,431252.82285309,85.59141684],[243045.74129295,431252.82015228,85.59045029],[243045.7424221,431252.81915283,85.59144545],[243045.74354935,431252.81815338,85.59244108],[243045.74468994,431252.81519318,85.59246397],[243045.74595642,431252.81480408,85.59394979],[243045.74778175,431252.81489563,85.5964222],[243045.74905014,431252.8144989,85.5979104],[243045.75060463,431252.81336975,85.59940577],[243045.75173569,431252.8123703,85.60040522],[243045.75203323,431252.80966187,85.59943485],[243045.75204468,431252.80769348,85.59845924],[243045.75317574,431252.80669403,85.59945822],[243045.7550087,431252.80677795,85.60193729],[243045.75639534,431252.80697632,85.60391378],[243045.75801086,431252.80638123,85.60587883],[243045.75922394,431252.80593872,85.60735369],[243045.76057053,431252.80412292,85.6083374],[243045.76178551,431252.80367279,85.60981417],[243045.76326942,431252.80246735,85.61129141],[243045.76421165,431252.80079651,85.61178398],[243045.76515388,431252.7991333,85.61227655],[243045.76650429,431252.79730988,85.61326218],[243045.76730919,431252.79503632,85.61326218],[243045.7675724,431252.79229736,85.6122756],[243045.76716042,431252.79046631,85.6107974],[243045.76701736,431252.78787994,85.60931969],[243045.76660728,431252.78605652,85.6078434],[243045.76686859,431252.7833252,85.60685921],[243045.76726913,431252.78119659,85.60636711],[243045.76821136,431252.77953339,85.60685873],[243045.76969528,431252.77831268,85.60833406],[243045.77063751,431252.77664948,85.60882616],[243045.77184868,431252.7742157,85.60931778],[243045.77265549,431252.77194214,85.60931778],[243045.77332306,431252.76905823,85.60882521],[243045.77372169,431252.76692963,85.60833263],[243045.77479553,431252.76389313,85.60833216],[243045.7747879,431252.76192474,85.60734796],[243045.77478027,431252.75995636,85.60636425],[243045.7758522,431252.75691986,85.60636425],[243045.77584457,431252.75495148,85.60538053],[243045.77691841,431252.75192261,85.60538053],[243045.77799797,431252.75085449,85.6063633],[243045.77948761,431252.74962616,85.60783815],[243045.78056908,431252.74855804,85.60882235],[243045.78219795,431252.74794006,85.61079168],[243045.7835598,431252.74807739,85.61276293],[243045.78464317,431252.74700928,85.61374903],[243045.78504181,431252.74488068,85.6132555],[243045.78503227,431252.74291229,85.61226892],[243045.78529167,431252.7401886,85.6112833],[243045.78623581,431252.73851013,85.6117754],[243045.7878685,431252.73788452,85.6137476],[243045.78923416,431252.73802185,85.6157217],[243045.79101944,431252.73996735,85.6191802],[243045.7906208,431252.74209595,85.61967516],[243045.79063225,431252.74406433,85.6206646],[243045.79201317,431252.74617767,85.62363529],[243045.79338264,431252.746315,85.62561798],[243045.79488182,431252.74508667,85.62710571],[243045.7962532,431252.745224,85.62909174],[243045.7974987,431252.74672699,85.63157654],[243045.79792213,431252.74855042,85.63306856],[243045.79916954,431252.75006104,85.63555813],[243045.80014801,431252.75233459,85.63805008],[243045.80125427,431252.75324249,85.64004564],[243045.80261993,431252.75140381,85.64104366],[243045.80260658,431252.74942017,85.64004517],[243045.80411339,431252.7481842,85.64154243],[243045.80508232,431252.74848175,85.64304113],[243045.80565262,431252.75091553,85.64504147],[243045.80484009,431252.75321198,85.64504147],[243045.80526733,431252.75504303,85.6465435],[243045.80666542,431252.75717163,85.64954853],[243045.80750656,431252.7588501,85.65155506],[243045.80890846,431252.7609787,85.65456676],[243045.80933762,431252.76281738,85.65607452],[243045.81115532,431252.76480103,85.65959644],[243045.81254578,431252.76494598,85.6616106],[243045.81449509,431252.76555634,85.66463661],[243045.81588745,431252.76570129,85.66665554],[243045.81673813,431252.76738739,85.66867733],[243045.81814957,431252.76953888,85.67171192],[243045.81900215,431252.77122498,85.67373753],[243045.8204174,431252.77338409,85.67677975],[243045.82085228,431252.77523041,85.67830276],[243045.82185173,431252.77754211,85.6808424],[243045.82270813,431252.77923584,85.68287659],[243045.82467461,431252.77985382,85.68593121],[243045.82607841,431252.78001404,85.68796921],[243045.82733727,431252.77954865,85.6894989],[243045.82886887,431252.77831268,85.6910305],[243045.83057022,431252.77970123,85.69409561],[243045.83239937,431252.77970886,85.69665337],[243045.83366203,431252.77924347,85.69818878],[243045.83564377,431252.77986145,85.70126343],[243045.8365097,431252.78157043,85.70331573],[243045.8358345,431252.78451538,85.70382976],[243045.83501244,431252.78684235,85.70382976],[243045.83461189,431252.78900909,85.7043438],[243045.83562469,431252.79134369,85.70691299],[243045.83661652,431252.79165649,85.70845604],[243045.83830833,431252.79104614,85.71051502],[243045.83942795,431252.78996277,85.71154499],[243045.84067535,431252.78747559,85.71205997],[243045.84179688,431252.78639221,85.71308994],[243045.84304428,431252.78390503,85.71360493],[243045.8435936,431252.78234863,85.71360493],[243045.84357071,431252.78033447,85.712574],[243045.84255219,431252.77799988,85.70999813],[243045.84337425,431252.77567291,85.70999718],[243045.8437748,431252.77349854,85.70948219],[243045.84474754,431252.77178955,85.70999718],[243045.84584618,431252.76868439,85.70999718],[243045.8465538,431252.76626587,85.70995522],[243045.84778023,431252.76425934,85.71092224],[243045.84843826,431252.76179504,85.71086216],[243045.84944344,431252.76061249,85.71185017],[243045.85101891,431252.75988007,85.71386814],[243045.85202599,431252.75869751,85.7148571],[243045.85377884,431252.75860596,85.7174015],[243045.85548782,431252.75997925,85.72049522],[243045.85777283,431252.7618103,85.72462749],[243045.85913467,431252.76190948,85.72667599],[243045.86071968,431252.76117706,85.72870541],[243045.86208534,431252.76127625,85.73075676],[243045.863451,431252.7613678,85.73281097],[243045.86539268,431252.76191711,85.73590469],[243045.86676216,431252.7620163,85.73796272],[243045.86870956,431252.76257324,85.74106312],[243045.87003899,431252.76413727,85.74367809],[243045.86995506,431252.76707458,85.74478245],[243045.87009048,431252.76919556,85.74586773],[243045.87200165,431252.77122498,85.7495327],[243045.87337685,431252.77132416,85.75160313],[243045.87457657,431252.77077484,85.7531414],[243045.87581635,431252.76875305,85.75412464],[243045.87683868,431252.76756287,85.75512981],[243045.87861824,431252.76747894,85.75771809],[243045.87999916,431252.7675705,85.75979423],[243045.88196373,431252.76813507,85.76292419],[243045.88370895,431252.76953125,85.76607895],[243045.88554382,431252.7689743,85.76822758]]",dji_pose_mesh_ray_contour_nodes,
106,95,3,SPL,4390.7778,816.4444,4389,816,4394,818,5,2,9,243046.65439129,431250.3904953,85.7454443,dji_pose_mesh_ray_centroid,True,True,1220277,3.484787,warp,,4390.7778,816.4444,1,1,1.0,1,3.484787,3.484787,2,2,1.0,"[[4393.0,816.5],[4392.5,817.0]]","[[243046.65484619,431250.3888092,85.74535656],[243046.6543417,431250.38922882,85.74484444]]",dji_pose_mesh_ray_contour_nodes,
107,96,3,SPL,4135.164,845.5096,4051,817,4215,881,164,64,4957,243046.56948757,431250.58746338,85.71741867,dji_pose_mesh_ray_centroid,True,True,1220276,3.382332,warp,,4135.164,845.5096,1,1,1.0,1,3.382332,3.382332,176,176,1.0,"[[4214.0,829.5],[4213.5,830.0],[4213.0,830.5],[4212.0,830.5],[4211.0,830.5],[4210.0,830.5],[4209.0,830.5],[4208.0,830.5],[4207.0,830.5],[4206.5,831.0],[4206.0,831.5],[4205.0,831.5],[4204.5,832.0],[4204.0,832.5],[4203.5,833.0],[4203.0,833.5],[4202.5,834.0],[4202.0,834.5],[4201.0,834.5],[4200.0,834.5],[4199.0,834.5],[4198.0,834.5],[4197.0,834.5],[4196.0,834.5],[4195.5,834.0],[4195.0,833.5],[4194.0,833.5],[4193.5,834.0],[4193.0,834.5],[4192.0,834.5],[4191.5,835.0],[4191.0,835.5],[4190.0,835.5],[4189.0,835.5],[4188.5,835.0],[4188.0,834.5],[4187.0,834.5],[4186.5,834.0],[4186.0,833.5],[4185.0,833.5],[4184.5,834.0],[4184.0,834.5],[4183.0,834.5],[4182.5,835.0],[4182.0,835.5],[4181.5,836.0],[4181.0,836.5],[4180.5,837.0],[4180.5,838.0],[4181.0,838.5],[4182.0,838.5],[4183.0,838.5],[4184.0,838.5],[4185.0,838.5],[4186.0,838.5],[4187.0,838.5],[4188.0,838.5],[4188.5,838.0],[4189.0,837.5],[4190.0,837.5],[4190.5,838.0],[4191.0,838.5],[4192.0,838.5],[4192.5,839.0],[4193.0,839.5],[4193.5,840.0],[4194.0,840.5],[4194.5,841.0],[4195.0,841.5],[4195.5,842.0],[4195.5,843.0],[4195.5,844.0],[4195.5,845.0],[4195.5,846.0],[4195.5,847.0],[4195.0,847.5],[4194.5,848.0],[4194.0,848.5],[4193.5,849.0],[4193.0,849.5],[4192.5,850.0],[4192.0,850.5],[4191.0,850.5],[4190.5,851.0],[4190.0,851.5],[4189.5,852.0],[4189.5,853.0],[4189.0,853.5],[4188.5,854.0],[4188.0,854.5],[4187.5,855.0],[4187.0,855.5],[4186.0,855.5],[4185.0,855.5],[4184.0,855.5],[4183.0,855.5],[4182.5,856.0],[4182.0,856.5],[4181.0,856.5],[4180.0,856.5],[4179.5,857.0],[4179.0,857.5],[4178.0,857.5],[4177.0,857.5],[4176.0,857.5],[4175.0,857.5],[4174.0,857.5],[4173.0,857.5],[4172.5,858.0],[4172.5,859.0],[4172.5,860.0],[4172.5,861.0],[4172.0,861.5],[4171.5,862.0],[4171.5,863.0],[4171.5,864.0],[4171.0,864.5],[4170.5,865.0],[4170.0,865.5],[4169.0,865.5],[4168.0,865.5],[4167.0,865.5],[4166.0,865.5],[4165.0,865.5],[4164.0,865.5],[4163.5,866.0],[4163.0,866.5],[4162.0,866.5],[4161.0,866.5],[4160.0,866.5],[4159.0,866.5],[4158.0,866.5],[4157.0,866.5],[4156.5,867.0],[4156.0,867.5],[4155.0,867.5],[4154.5,868.0],[4154.0,868.5],[4153.0,868.5],[4152.5,869.0],[4152.0,869.5],[4151.0,869.5],[4150.5,870.0],[4150.0,870.5],[4149.0,870.5],[4148.5,871.0],[4148.0,871.5],[4147.5,872.0],[4147.0,872.5],[4146.5,873.0],[4146.0,873.5],[4145.5,874.0],[4145.0,874.5],[4144.0,874.5],[4143.5,875.0],[4143.0,875.5],[4142.0,875.5],[4141.0,875.5],[4140.5,876.0],[4140.0,876.5],[4139.0,876.5],[4138.0,876.5],[4137.0,876.5],[4136.0,876.5],[4135.0,876.5],[4134.0,876.5],[4133.5,877.0],[4133.0,877.5],[4132.0,877.5],[4131.5,878.0],[4131.0,878.5],[4130.0,878.5],[4129.0,878.5],[4128.5,879.0],[4128.0,879.5],[4127.5,880.0]]","[[243046.60298252,431250.526474,85.73386002],[243046.60245991,431250.52687836,85.73334312],[243046.60193729,431250.52729034,85.73282623],[243046.60166836,431250.52805328,85.73282719],[243046.60139942,431250.52882385,85.73282814],[243046.60113049,431250.52958679,85.73282814],[243046.6008625,431250.53035736,85.73282909],[243046.60059357,431250.5311203,85.73283005],[243046.60032463,431250.53189087,85.732831],[243046.59980297,431250.53229523,85.73231411],[243046.59928131,431250.53269958,85.73179817],[243046.59901237,431250.53347015,85.73179817],[243046.59849072,431250.53387451,85.73128223],[243046.59796906,431250.53427887,85.73076534],[243046.59744644,431250.53468323,85.7302494],[243046.59692478,431250.53508759,85.72973347],[243046.59640408,431250.53549194,85.72921753],[243046.59588242,431250.5358963,85.72870159],[243046.59561443,431250.53666687,85.72870254],[243046.5953455,431250.53742981,85.7287035],[243046.59507656,431250.53820038,85.7287035],[243046.59480858,431250.53896332,85.72870445],[243046.5945406,431250.53973389,85.72870541],[243046.59427166,431250.54049683,85.72870636],[243046.59452438,431250.54085541,85.72922325],[243046.59477806,431250.54122162,85.72974014],[243046.59450912,431250.54198456,85.7297411],[243046.59398746,431250.54238892,85.72922516],[243046.59346676,431250.54279327,85.72870922],[243046.59319878,431250.54356384,85.72871017],[243046.59267712,431250.5439682,85.72819424],[243046.59215641,431250.54437256,85.7276783],[243046.59188843,431250.5451355,85.72767925],[243046.59162045,431250.54590607,85.72768021],[243046.59187222,431250.54626465,85.7281971],[243046.59212494,431250.54663086,85.72871304],[243046.591856,431250.5473938,85.72871399],[243046.59210873,431250.54775238,85.72923088],[243046.59236145,431250.54811859,85.72974777],[243046.59209347,431250.54888153,85.72974873],[243046.59157181,431250.54928589,85.72923279],[243046.5910511,431250.54969025,85.72871685],[243046.59078312,431250.55046082,85.7287178],[243046.59026241,431250.55086517,85.72820187],[243046.58974171,431250.5512619,85.72768593],[243046.58922195,431250.55166626,85.72717094],[243046.58870125,431250.55207062,85.72665501],[243046.5881815,431250.55247498,85.72614002],[243046.58740902,431250.55251312,85.7251091],[243046.58715725,431250.55215454,85.72459316],[243046.58742619,431250.55138397,85.72459221],[243046.58769417,431250.55062103,85.72459125],[243046.58796215,431250.54985809,85.7245903],[243046.58823013,431250.54908752,85.72458935],[243046.58849812,431250.54832458,85.72458839],[243046.5887661,431250.54756165,85.72458744],[243046.58903503,431250.54679108,85.72458744],[243046.58955479,431250.54638672,85.72510147],[243046.59007549,431250.54598236,85.72561741],[243046.59034348,431250.54521942,85.72561645],[243046.59009075,431250.54486084,85.72510052],[243046.58983898,431250.54449463,85.72458458],[243046.59010696,431250.54373169,85.72458363],[243046.58985519,431250.54336548,85.72406769],[243046.58960342,431250.5430069,85.7235527],[243046.58935165,431250.54264832,85.72303677],[243046.58909988,431250.5422821,85.72252178],[243046.58884811,431250.54192352,85.7220068],[243046.5885973,431250.54156494,85.72149181],[243046.58834457,431250.54119873,85.72097683],[243046.58757401,431250.54124451,85.71994781],[243046.58680344,431250.54128265,85.71891975],[243046.58603382,431250.54132843,85.71789169],[243046.58526421,431250.54137421,85.71686459],[243046.58449459,431250.54141235,85.71583843],[243046.58397675,431250.54181671,85.71532536],[243046.58345795,431250.54222107,85.71481228],[243046.5829401,431250.54262543,85.71430016],[243046.58242226,431250.54302216,85.71378803],[243046.58190441,431250.54342651,85.71327591],[243046.58138657,431250.54383087,85.71276379],[243046.58086872,431250.54423523,85.71225166],[243046.58060074,431250.54499817,85.71225166],[243046.58008385,431250.54540253,85.71174049],[243046.57956696,431250.54579926,85.71122837],[243046.57904911,431250.54620361,85.7107172],[243046.57828236,431250.54624939,85.70969295],[243046.57776546,431250.54664612,85.70918179],[243046.57724857,431250.54705048,85.70867062],[243046.57673168,431250.54745483,85.70815945],[243046.57621574,431250.54785156,85.70764828],[243046.57569885,431250.54825592,85.70713711],[243046.57543182,431250.54901886,85.70713806],[243046.57516479,431250.5497818,85.70713901],[243046.57489777,431250.55054474,85.70713997],[243046.57463074,431250.55130768,85.70714092],[243046.5741148,431250.55170441,85.70662975],[243046.57359791,431250.55210876,85.70611954],[243046.57333183,431250.5528717,85.70612049],[243046.57306385,431250.55363464,85.70612049],[243046.57254887,431250.55403137,85.70561027],[243046.57203293,431250.55443573,85.70510006],[243046.5717659,431250.55519867,85.70510101],[243046.57149887,431250.55596161,85.70510197],[243046.57123184,431250.55671692,85.70510292],[243046.57096481,431250.55747986,85.70510387],[243046.57069778,431250.5582428,85.70510483],[243046.57043076,431250.55900574,85.70510483],[243046.56991577,431250.5594101,85.70459461],[243046.56915283,431250.55944824,85.70357418],[243046.56838894,431250.55948639,85.70255375],[243046.567626,431250.55952454,85.70153332],[243046.56711102,431250.55992126,85.70102406],[243046.56659698,431250.56031799,85.70051479],[243046.565835,431250.56035614,85.69949532],[243046.56507301,431250.56039429,85.69847679],[243046.56455898,431250.56079865,85.69796848],[243046.56404495,431250.56119537,85.69746017],[243046.56353188,431250.5615921,85.69695187],[243046.56326389,431250.56235504,85.69695187],[243046.56299782,431250.56311798,85.69695282],[243046.56273174,431250.56387329,85.69695377],[243046.56246471,431250.56463623,85.69695473],[243046.56219864,431250.56539917,85.69695568],[243046.56193256,431250.56616211,85.69695663],[243046.56141949,431250.56655884,85.69644833],[243046.56090546,431250.56695557,85.69594002],[243046.56063843,431250.56771851,85.69594097],[243046.56037235,431250.56847382,85.69594097],[243046.56010628,431250.56923676,85.69594192],[243046.5598402,431250.56999969,85.69594288],[243046.55957317,431250.570755,85.69594383],[243046.5593071,431250.57151794,85.69594479],[243046.55879402,431250.57191467,85.69543648],[243046.55828094,431250.5723114,85.69492817],[243046.55801487,431250.57307434,85.69492912],[243046.55750179,431250.57347107,85.69442177],[243046.55698872,431250.5738678,85.69391346],[243046.55672264,431250.57463074,85.69391441],[243046.55621052,431250.57502747,85.69340706],[243046.55569744,431250.57542419,85.6928997],[243046.55543137,431250.57618713,85.6928997],[243046.55491924,431250.57658386,85.69239235],[243046.55440998,431250.57698059,85.69188595],[243046.55414772,431250.5777359,85.69188786],[243046.55363846,431250.57813263,85.69138145],[243046.55313015,431250.57852936,85.69087601],[243046.55262089,431250.57892609,85.69036961],[243046.55211258,431250.57932281,85.6898632],[243046.55160427,431250.57971954,85.68935776],[243046.55109596,431250.58011627,85.68885231],[243046.55058765,431250.580513,85.68834591],[243046.55007935,431250.58090973,85.68784046],[243046.54981709,431250.58166504,85.68784237],[243046.54930973,431250.58206177,85.68733692],[243046.54880142,431250.5824585,85.68683243],[243046.54853916,431250.58322144,85.68683338],[243046.5482769,431250.58397675,85.68683529],[243046.54776955,431250.58437347,85.68633079],[243046.54726219,431250.5847702,85.68582535],[243046.54699898,431250.58552551,85.68582725],[243046.54673767,431250.58628845,85.68582916],[243046.54647541,431250.58704376,85.68583107],[243046.5462122,431250.58779907,85.68583202],[243046.54594994,431250.58856201,85.68583393],[243046.54568863,431250.58931732,85.68583584],[243046.54518127,431250.58971405,85.68533134],[243046.54467392,431250.59011078,85.6848259],[243046.54441166,431250.59086609,85.6848278],[243046.5439043,431250.59126282,85.68432331],[243046.5433979,431250.59165955,85.68381882],[243046.54313564,431250.59241486,85.68382072],[243046.54287338,431250.59317017,85.68382263],[243046.54236698,431250.59356689,85.68331814],[243046.54186058,431250.59396362,85.68281364],[243046.54135418,431250.59435272,85.68230915]]",dji_pose_mesh_ray_contour_nodes,
108,97,3,SPL,4530.8,826.76,4529,824,4534,830,5,6,25,243046.67755699,431250.28488922,85.73289299,dji_pose_mesh_ray_centroid,True,True,1220277,3.515177,warp,,4530.8,826.76,1,1,1.0,1,3.515177,3.515177,4,4,1.0,"[[4531.5,824.0],[4532.0,824.5],[4532.5,825.0],[4533.0,825.5]]","[[243046.67988396,431250.28408051,85.73572731],[243046.67960262,431250.28375244,85.73520565],[243046.67931938,431250.28342438,85.73468304],[243046.67903709,431250.28309631,85.73416138]]",dji_pose_mesh_ray_contour_nodes,
109,98,3,SPL,4516.4286,826.7143,4516,825,4518,829,2,4,7,243046.67439175,431250.29579163,85.73313236,dji_pose_mesh_ray_centroid,True,True,1220277,3.510876,warp,,4516.4286,826.7143,1,1,1.0,1,3.510876,3.510876,2,2,1.0,"[[4516.5,825.0],[4517.0,825.5]]","[[243046.6757555,431250.29556274,85.73489857],[243046.67547417,431250.29523468,85.73437595]]",dji_pose_mesh_ray_contour_nodes,
110,99,3,SPL,4309.0,832.0,4309,832,4310,833,1,1,1,243046.62404919,431250.45396423,85.73048782,dji_pose_mesh_ray_centroid,True,True,314761,3.446156,warp,,4309.0,832.0,1,1,1.0,1,3.446156,3.446156,1,1,1.0,"[[4309.0,832.0]]","[[243046.62404919,431250.45396423,85.73048782]]",dji_pose_mesh_ray_contour_nodes,
111,100,3,SPL,4210.0385,847.4145,4199,838,4223,859,24,21,234,243046.5880661,431250.53032684,85.7154007,dji_pose_mesh_ray_centroid,True,True,1220276,3.402396,warp,,4210.0385,847.4145,1,1,1.0,1,3.402396,3.402396,38,38,1.0,"[[4222.0,842.5],[4221.5,843.0],[4221.0,843.5],[4220.5,844.0],[4220.0,844.5],[4219.5,845.0],[4219.0,845.5],[4218.5,846.0],[4218.0,846.5],[4217.5,847.0],[4217.0,847.5],[4216.0,847.5],[4215.0,847.5],[4214.0,847.5],[4213.0,847.5],[4212.5,848.0],[4212.0,848.5],[4211.0,848.5],[4210.5,849.0],[4210.0,849.5],[4209.0,849.5],[4208.5,850.0],[4209.0,850.5],[4209.5,851.0],[4210.0,851.5],[4210.5,852.0],[4210.5,853.0],[4211.0,853.5],[4211.5,854.0],[4212.0,854.5],[4212.5,855.0],[4212.5,856.0],[4212.0,856.5],[4211.0,856.5],[4210.5,857.0],[4210.0,857.5],[4209.0,857.5],[4208.5,858.0]]","[[243046.59505844,431250.52095795,85.72043991],[243046.59453869,431250.5213623,85.71992588],[243046.59401894,431250.52176666,85.71941185],[243046.59349823,431250.52217102,85.71889877],[243046.59297943,431250.52257538,85.71838474],[243046.59245968,431250.52298737,85.71787167],[243046.59193897,431250.52339172,85.71735859],[243046.59142017,431250.52379608,85.71684551],[243046.59090137,431250.52420044,85.71633244],[243046.59038162,431250.5246048,85.71581936],[243046.58986282,431250.52500916,85.71530724],[243046.58959484,431250.52577209,85.71530819],[243046.58932781,431250.52654266,85.71530819],[243046.58905983,431250.5273056,85.71530914],[243046.5887928,431250.52806854,85.7153101],[243046.588274,431250.5284729,85.71479797],[243046.5877552,431250.52887726,85.7142849],[243046.58748722,431250.5296402,85.71428585],[243046.58696938,431250.53004456,85.71377373],[243046.58645058,431250.53044891,85.7132616],[243046.58618259,431250.53121185,85.7132616],[243046.58566475,431250.53161621,85.71274948],[243046.58541489,431250.53125763,85.71223736],[243046.58516312,431250.53089905,85.71172428],[243046.58491325,431250.53054047,85.71121216],[243046.58466339,431250.53018188,85.71069908],[243046.58389473,431250.53022766,85.70967579],[243046.58364391,431250.52986908,85.70916367],[243046.58339405,431250.5295105,85.70865154],[243046.58314323,431250.52915192,85.70813942],[243046.58289337,431250.52879333,85.7076273],[243046.58212662,431250.52883148,85.70660496],[243046.58160877,431250.52923584,85.70609474],[243046.5813427,431250.52999878,85.7060957],[243046.58082581,431250.53040314,85.70558548],[243046.58030891,431250.5308075,85.70507431],[243046.58004189,431250.53157043,85.70507526],[243046.57952499,431250.53197479,85.70456505]]",dji_pose_mesh_ray_contour_nodes,
112,101,3,SPL,4549.9747,840.5063,4542,838,4558,844,16,6,79,243046.67101955,431250.27180481,85.71852589,dji_pose_mesh_ray_centroid,True,True,1220281,3.506788,warp,,4549.9747,840.5063,1,1,1.0,1,3.506788,3.506788,7,7,1.0,"[[4546.5,843.0],[4546.0,842.5],[4545.0,842.5],[4544.0,842.5],[4543.0,842.5],[4542.5,842.0],[4542.0,841.5]]","[[243046.66831589,431250.27468872,85.71602726],[243046.66859531,431250.27501678,85.71654415],[243046.66837311,431250.27577209,85.7165575],[243046.6681509,431250.2765274,85.71657085],[243046.6679287,431250.27728271,85.71658421],[243046.66820908,431250.27760315,85.7171011],[243046.6684885,431250.27793121,85.71761894]]",dji_pose_mesh_ray_contour_nodes,
113,102,3,SPL,4580.4028,847.375,4574,844,4587,852,13,8,72,243046.67108536,431250.24976349,85.71076012,dji_pose_mesh_ray_centroid,True,True,1220281,3.507721,warp,,4580.4028,847.375,1,1,1.0,1,3.507721,3.507721,12,12,1.0,"[[4576.5,844.0],[4577.0,844.5],[4578.0,844.5],[4579.0,844.5],[4580.0,844.5],[4581.0,844.5],[4582.0,844.5],[4583.0,844.5],[4584.0,844.5],[4585.0,844.5],[4585.5,845.0],[4586.0,845.5]]","[[243046.67297745,431250.25231934,85.71428394],[243046.67268276,431250.2519989,85.71376324],[243046.67285728,431250.25125122,85.71373749],[243046.6730938,431250.25049591,85.7137289],[243046.67335606,431250.24973297,85.713727],[243046.67361927,431250.24897766,85.71372509],[243046.67388153,431250.24821472,85.71372318],[243046.67414379,431250.24745941,85.71372127],[243046.67440605,431250.24669647,85.71371937],[243046.67466831,431250.24593353,85.71371746],[243046.67437744,431250.24562073,85.71319771],[243046.67408466,431250.24530029,85.71267796]]",dji_pose_mesh_ray_contour_nodes,
114,103,3,SPL,4481.72,856.0,4480,852,4484,861,4,9,25,243046.64383602,431250.32485962,85.70361805,dji_pose_mesh_ray_centroid,True,True,1220277,3.470418,warp,,4481.72,856.0,1,1,1.0,1,3.470418,3.470418,7,7,1.0,"[[4482.5,860.0],[4482.0,859.5],[4481.0,859.5],[4480.5,859.0],[4480.5,858.0],[4480.5,857.0],[4480.0,856.5]]","[[243046.64091587,431250.324646,85.69954491],[243046.64119148,431250.32497406,85.70005894],[243046.64096928,431250.32572937,85.70007133],[243046.64124584,431250.32605743,85.70058536],[243046.64201832,431250.32596588,85.70160103],[243046.64279175,431250.32587433,85.70261764],[243046.64306736,431250.32620239,85.70313168]]",dji_pose_mesh_ray_contour_nodes,
115,104,3,SPL,1156.8438,866.3594,1154,861,1161,873,7,12,64,243045.8056221,431252.90138245,85.71613312,dji_pose_mesh_ray_centroid,True,True,1219854,3.43277,warp,,1156.8438,866.3594,1,1,1.0,1,3.43277,3.43277,8,8,1.0,"[[1160.0,868.5],[1159.5,869.0],[1159.5,870.0],[1159.0,870.5],[1158.5,871.0],[1158.0,871.5],[1157.0,871.5],[1156.5,872.0]]","[[243045.80509377,431252.89770508,85.71385288],[243045.80467224,431252.89785004,85.71333599],[243045.80406761,431252.89732361,85.71228981],[243045.80364609,431252.89746094,85.71177292],[243045.80322266,431252.89759827,85.71125603],[243045.80280113,431252.8977356,85.71074009],[243045.8025589,431252.89854431,85.71075249],[243045.80213737,431252.89868164,85.7102356]]",dji_pose_mesh_ray_contour_nodes,
116,105,3,SPL,4381.0,862.0,4381,862,4382,863,1,1,1,243046.61692238,431250.40139008,85.69883347,dji_pose_mesh_ray_centroid,True,True,314761,3.435386,warp,,4381.0,862.0,1,1,1.0,1,3.435386,3.435386,1,1,1.0,"[[4381.0,862.0]]","[[243046.61692238,431250.40139008,85.69883347]]",dji_pose_mesh_ray_contour_nodes,
117,106,3,SPL,4581.9412,869.2353,4580,868,4585,872,5,4,17,243046.65478897,431250.25095367,85.68867683,dji_pose_mesh_ray_centroid,True,True,1220281,3.486282,warp,,4581.9412,869.2353,1,1,1.0,1,3.486282,3.486282,3,3,1.0,"[[4584.0,870.5],[4583.0,870.5],[4582.5,871.0]]","[[243046.65419292,431250.2495575,85.68735695],[243046.65402031,431250.25029755,85.68738174],[243046.65355587,431250.25072479,85.68689346]]",dji_pose_mesh_ray_contour_nodes,
118,107,3,SPL,4571.6914,878.679,4568,874,4578,886,10,12,81,243046.64590645,431250.25955963,85.67947578,dji_pose_mesh_ray_centroid,True,True,1220281,3.474279,warp,,4571.6914,878.679,1,1,1.0,1,3.474279,3.474279,14,14,1.0,"[[4577.0,878.5],[4576.5,879.0],[4576.5,880.0],[4576.0,880.5],[4575.5,881.0],[4575.0,881.5],[4574.0,881.5],[4573.5,882.0],[4573.0,882.5],[4572.5,883.0],[4572.0,883.5],[4571.5,884.0],[4571.0,884.5],[4570.5,885.0]]","[[243046.64696121,431250.25559998,85.67952347],[243046.64649963,431250.25602722,85.67903614],[243046.64574909,431250.2561264,85.67803669],[243046.64528751,431250.25655365,85.67755032],[243046.64482498,431250.25697327,85.67706299],[243046.64436436,431250.25740051,85.67657661],[243046.64418983,431250.25814056,85.67660141],[243046.64372921,431250.25856018,85.67611504],[243046.64326763,431250.25898743,85.67562771],[243046.64280605,431250.25940704,85.67514133],[243046.64234543,431250.25983429,85.67465496],[243046.64188385,431250.26025391,85.67416859],[243046.64142323,431250.26067352,85.67368317],[243046.64096165,431250.26110077,85.67319679]]",dji_pose_mesh_ray_contour_nodes,
119,108,3,SPL,4524.67,892.1386,4515,877,4538,904,23,27,303,243046.62555695,431250.29605865,85.66665649,dji_pose_mesh_ray_centroid,True,True,1220277,3.446841,warp,,4524.67,892.1386,1,1,1.0,1,3.446841,3.446841,49,49,1.0,"[[4517.5,877.0],[4518.0,877.5],[4518.5,878.0],[4519.0,878.5],[4519.5,879.0],[4519.5,880.0],[4520.0,880.5],[4520.5,881.0],[4521.0,881.5],[4521.5,882.0],[4521.5,883.0],[4522.0,883.5],[4522.5,884.0],[4523.0,884.5],[4523.5,885.0],[4524.0,885.5],[4524.5,886.0],[4525.0,886.5],[4525.5,887.0],[4526.0,887.5],[4527.0,887.5],[4528.0,887.5],[4528.5,887.0],[4529.0,886.5],[4529.5,886.0],[4530.0,885.5],[4531.0,885.5],[4532.0,885.5],[4532.5,886.0],[4532.5,887.0],[4532.0,887.5],[4531.5,888.0],[4531.5,889.0],[4531.0,889.5],[4530.5,890.0],[4531.0,890.5],[4531.5,891.0],[4531.5,892.0],[4532.0,892.5],[4532.5,893.0],[4533.0,893.5],[4533.5,894.0],[4534.0,894.5],[4534.5,895.0],[4535.0,895.5],[4536.0,895.5],[4536.5,896.0],[4536.5,897.0],[4537.0,897.5]]","[[243046.6355629,431250.29994202,85.68192387],[243046.63528919,431250.29962158,85.6814146],[243046.63501644,431250.29929352,85.68090534],[243046.63474178,431250.29896545,85.68039608],[243046.63446903,431250.29863739,85.67988682],[243046.63370228,431250.29873657,85.6788826],[243046.63342857,431250.29841614,85.67837334],[243046.63315582,431250.29808807,85.67786503],[243046.63288307,431250.29776001,85.67735672],[243046.63260937,431250.29743958,85.67684841],[243046.63184357,431250.29753113,85.67584515],[243046.63157082,431250.29721069,85.67533684],[243046.63129902,431250.29688263,85.67482948],[243046.63102627,431250.29656219,85.67432213],[243046.63075352,431250.29623413,85.67381477],[243046.63048077,431250.29590607,85.67330742],[243046.63020802,431250.29558563,85.67280006],[243046.62993622,431250.29525757,85.67229271],[243046.62966442,431250.29493713,85.67178631],[243046.62939167,431250.29460907,85.67127895],[243046.62961197,431250.29386139,85.67126656],[243046.62983227,431250.29311371,85.67125416],[243046.63032436,431250.29268646,85.67174911],[243046.63081741,431250.29226685,85.67224312],[243046.63131046,431250.2918396,85.67273807],[243046.63180256,431250.29141998,85.67323303],[243046.63202286,431250.2906723,85.67322063],[243046.63224316,431250.28992462,85.67320824],[243046.63197041,431250.28959656,85.67270088],[243046.63120556,431250.28969574,85.67169952],[243046.63071346,431250.29012299,85.67120552],[243046.63022041,431250.2905426,85.67071056],[243046.62945652,431250.29064178,85.66971016],[243046.62896442,431250.29106903,85.66921616],[243046.62847233,431250.29148865,85.66872215],[243046.62820053,431250.29116821,85.6682167],[243046.62792873,431250.29084778,85.6677103],[243046.62716579,431250.29094696,85.66671085],[243046.626894,431250.2906189,85.66620541],[243046.62662315,431250.29029846,85.66569996],[243046.62635136,431250.2899704,85.66519451],[243046.62608051,431250.28964996,85.66468906],[243046.62580872,431250.2893219,85.66418457],[243046.62553692,431250.28900146,85.66367912],[243046.62526608,431250.28868103,85.66317463],[243046.62548637,431250.28793335,85.66316223],[243046.62521458,431250.28761292,85.66265774],[243046.62445354,431250.2877121,85.66166115],[243046.6241827,431250.28738403,85.66115665]]",dji_pose_mesh_ray_contour_nodes,
120,109,3,SPL,4601.0,905.5,4601,905,4602,907,1,2,2,243046.63096428,431250.24073792,85.65213013,dji_pose_mesh_ray_centroid,True,True,1220281,3.455679,warp,,4601.0,905.5,1,1,1.0,1,3.455679,3.455679,2,2,1.0,"[[4601.0,905.0],[4601.0,906.0]]","[[243046.63133526,431250.24068451,85.65262413],[243046.6305933,431250.24079132,85.65163708]]",dji_pose_mesh_ray_contour_nodes,
121,110,3,SPL,4541.8182,915.803,4537,912,4548,921,11,9,66,243046.6113596,431250.28562927,85.64293814,dji_pose_mesh_ray_centroid,True,True,1220277,3.42861,warp,,4541.8182,915.803,1,1,1.0,1,3.42861,3.42861,10,10,1.0,"[[4540.5,920.0],[4540.0,919.5],[4539.5,919.0],[4539.0,918.5],[4538.5,918.0],[4538.5,917.0],[4538.0,916.5],[4537.5,916.0],[4537.5,915.0],[4537.0,914.5]]","[[243046.60790539,431250.28702545,85.63881111],[243046.60817242,431250.28735352,85.63931036],[243046.60843945,431250.28767395,85.63980961],[243046.60870743,431250.28799438,85.64030886],[243046.60897541,431250.28831482,85.64080811],[243046.60972977,431250.28821564,85.64179516],[243046.60999775,431250.28853607,85.64229488],[243046.61026573,431250.28885651,85.64279509],[243046.61102009,431250.28875732,85.64378309],[243046.61128902,431250.28907776,85.64428329]]",dji_pose_mesh_ray_contour_nodes,
122,111,3,SPL,4736.5556,922.1111,4734,920,4740,926,6,6,27,243046.64927673,431250.14217377,85.63448381,dji_pose_mesh_ray_centroid,True,True,314757,3.483994,warp,,4736.5556,922.1111,1,1,1.0,1,3.483994,3.483994,6,6,1.0,"[[4737.5,925.0],[4737.0,924.5],[4736.0,924.5],[4735.5,924.0],[4735.0,923.5],[4734.0,923.5]]","[[243046.64714241,431250.14188385,85.63160181],[243046.6474247,431250.1421814,85.63210106],[243046.64716816,431250.14292908,85.63210249],[243046.64745045,431250.14322662,85.63260174],[243046.64773273,431250.1435318,85.63310099],[243046.64747524,431250.14427185,85.63310289]]",dji_pose_mesh_ray_contour_nodes,
123,112,3,SPL,4597.2719,936.9825,4590,933,4606,943,16,10,114,243046.60712337,431250.2468338,85.62137556,dji_pose_mesh_ray_centroid,True,True,1220281,3.424457,warp,,4597.2719,936.9825,1,1,1.0,1,3.424457,3.424457,12,12,1.0,"[[4595.5,942.0],[4595.0,941.5],[4594.0,941.5],[4593.5,941.0],[4593.0,940.5],[4592.5,940.0],[4592.0,939.5],[4591.5,939.0],[4591.5,938.0],[4591.0,937.5],[4590.5,937.0],[4590.0,936.5]]","[[243046.60315037,431250.24865723,85.61653995],[243046.60342979,431250.24897003,85.61703682],[243046.60325718,431250.24970245,85.61705923],[243046.60353661,431250.25001526,85.61755657],[243046.60381508,431250.25032806,85.61805344],[243046.60409451,431250.25064087,85.61855078],[243046.60437393,431250.25095367,85.61904812],[243046.60465336,431250.25126648,85.61954546],[243046.60538387,431250.2511673,85.62051773],[243046.60566425,431250.2514801,85.62101555],[243046.60594273,431250.25179291,85.62151337],[243046.60622311,431250.25210571,85.62201166]]",dji_pose_mesh_ray_contour_nodes,
124,113,3,SPL,4953.2831,965.6566,4940,956,4970,976,30,20,332,243046.67722034,431249.98693085,85.59310341,dji_pose_mesh_ray_centroid,True,True,1220290,3.530147,warp,,4953.2831,965.6566,1,1,1.0,1,3.530147,3.530147,34,34,1.0,"[[4946.5,956.0],[4947.0,956.5],[4948.0,956.5],[4949.0,956.5],[4950.0,956.5],[4951.0,956.5],[4952.0,956.5],[4953.0,956.5],[4954.0,956.5],[4954.5,957.0],[4955.0,957.5],[4955.5,958.0],[4955.5,959.0],[4956.0,959.5],[4956.5,960.0],[4956.5,961.0],[4956.5,962.0],[4957.0,962.5],[4957.5,963.0],[4958.0,963.5],[4959.0,963.5],[4960.0,963.5],[4961.0,963.5],[4962.0,963.5],[4963.0,963.5],[4964.0,963.5],[4965.0,963.5],[4966.0,963.5],[4966.5,963.0],[4967.0,962.5],[4967.5,963.0],[4968.0,963.5],[4968.5,964.0],[4969.0,964.5]]","[[243046.68295574,431249.99031067,85.60247135],[243046.68269062,431249.99002838,85.60198355],[243046.68290901,431249.98929596,85.60197306],[243046.6831274,431249.98856354,85.60196257],[243046.68334579,431249.98783112,85.60195208],[243046.68356323,431249.98710632,85.60194159],[243046.68378162,431249.9863739,85.60193109],[243046.68400002,431249.98564148,85.6019206],[243046.68421841,431249.98490906,85.60191011],[243046.68395329,431249.98462677,85.60142231],[243046.68368721,431249.98434448,85.60093498],[243046.68342304,431249.98405457,85.60044813],[243046.68267441,431249.98422241,85.59948397],[243046.68240929,431249.98394012,85.59899712],[243046.68214512,431249.98365784,85.59851026],[243046.68139744,431249.98381805,85.59754801],[243046.68064976,431249.9839859,85.59658527],[243046.68038654,431249.98370361,85.59609938],[243046.68012238,431249.9834137,85.595613],[243046.67985725,431249.98313141,85.59512711],[243046.68007469,431249.98240662,85.59511661],[243046.68029213,431249.98167419,85.59510612],[243046.68051052,431249.98094177,85.59509563],[243046.68072891,431249.98021698,85.59508514],[243046.68094635,431249.97948456,85.59507465],[243046.68116379,431249.97875214,85.59506416],[243046.68138218,431249.97802734,85.59505367],[243046.68159962,431249.97729492,85.59504366],[243046.68208218,431249.97684479,85.59551907],[243046.68256474,431249.97640228,85.59599447],[243046.68229961,431249.97612,85.59550858],[243046.68203449,431249.97583771,85.59502268],[243046.68177128,431249.97555542,85.59453678],[243046.68150616,431249.97527313,85.59405088]]",dji_pose_mesh_ray_contour_nodes,
125,114,3,SPL,838.7819,990.0585,691,968,944,1023,253,55,3297,243045.65004158,431253.08002472,85.59099817,dji_pose_mesh_ray_centroid,True,True,1219583,3.410346,warp,,838.7819,990.0585,1,1,1.0,1,3.410346,3.410346,256,256,1.0,"[[943.0,990.5],[942.5,991.0],[942.0,991.5],[941.0,991.5],[940.5,992.0],[940.0,992.5],[939.0,993.5],[938.5,994.0],[938.0,994.5],[937.0,994.5],[936.5,995.0],[936.0,995.5],[934.0,995.5],[933.5,996.0],[933.0,996.5],[932.0,996.5],[931.0,996.5],[930.0,996.5],[929.0,995.5],[928.0,995.5],[927.5,995.0],[927.0,994.5],[926.0,994.5],[925.0,994.5],[923.0,994.5],[922.0,994.5],[921.0,994.5],[920.5,994.0],[920.0,993.5],[918.5,993.0],[918.0,992.5],[917.0,992.5],[916.0,992.5],[915.0,992.5],[914.0,992.5],[912.0,992.5],[911.0,992.5],[910.5,993.0],[910.0,993.5],[909.0,993.5],[908.0,993.5],[906.0,993.5],[905.5,993.0],[905.0,992.5],[904.0,992.5],[903.0,992.5],[902.0,992.5],[900.5,992.0],[900.0,991.5],[899.0,991.5],[898.0,991.5],[897.0,991.5],[896.0,991.5],[894.5,991.0],[894.0,990.5],[893.0,990.5],[892.0,990.5],[891.0,990.5],[889.0,990.5],[888.5,991.0],[888.0,991.5],[887.0,991.5],[886.0,991.5],[885.5,992.0],[884.0,992.5],[883.0,992.5],[882.5,993.0],[882.0,993.5],[881.0,993.5],[880.0,993.5],[878.0,993.5],[877.0,993.5],[876.5,994.0],[876.0,994.5],[875.0,994.5],[874.0,994.5],[873.0,995.5],[872.0,995.5],[871.0,995.5],[870.5,996.0],[870.0,996.5],[869.0,996.5],[867.0,996.5],[866.0,996.5],[865.0,996.5],[864.0,996.5],[863.5,996.0],[862.0,995.5],[861.0,995.5],[860.0,995.5],[859.0,995.5],[858.0,995.5],[857.0,995.5],[855.0,995.5],[854.0,995.5],[853.0,995.5],[852.0,995.5],[851.0,995.5],[850.0,995.5],[848.0,995.5],[847.0,995.5],[846.0,995.5],[845.0,995.5],[844.0,995.5],[843.5,996.0],[842.0,996.5],[841.0,996.5],[840.0,996.5],[839.0,996.5],[838.5,996.0],[838.0,995.5],[836.5,995.0],[836.0,994.5],[835.0,994.5],[834.5,994.0],[834.0,993.5],[832.0,993.5],[831.0,993.5],[830.0,993.5],[829.0,993.5],[828.0,993.5],[827.0,993.5],[825.0,993.5],[824.0,993.5],[823.0,993.5],[822.0,993.5],[821.0,993.5],[820.0,993.5],[818.5,993.0],[818.0,992.5],[817.0,992.5],[816.0,992.5],[815.0,992.5],[814.0,992.5],[812.5,993.0],[812.0,993.5],[811.0,993.5],[810.0,993.5],[809.5,994.0],[809.0,994.5],[807.0,994.5],[806.0,994.5],[805.0,994.5],[804.5,995.0],[804.0,995.5],[802.0,995.5],[801.0,995.5],[800.0,995.5],[799.0,995.5],[798.0,995.5],[797.5,996.0],[796.0,996.5],[795.5,997.0],[795.0,997.5],[794.0,997.5],[793.5,998.0],[793.0,998.5],[791.5,999.0],[791.0,999.5],[790.0,999.5],[789.5,1000.0],[789.0,1000.5],[788.0,1000.5],[787.0,1001.5],[786.0,1001.5],[785.0,1001.5],[784.5,1002.0],[784.0,1002.5],[783.0,1002.5],[781.5,1003.0],[781.0,1003.5],[780.0,1003.5],[779.0,1003.5],[778.0,1003.5],[777.0,1004.5],[776.0,1004.5],[775.0,1004.5],[774.0,1004.5],[773.0,1004.5],[772.0,1004.5],[771.0,1003.5],[770.0,1003.5],[769.0,1003.5],[768.5,1003.0],[768.0,1002.5],[767.5,1003.0],[767.5,1005.0],[767.5,1006.0],[767.5,1007.0],[767.0,1007.5],[766.0,1007.5],[765.0,1007.5],[763.5,1008.0],[763.0,1008.5],[762.0,1008.5],[761.0,1008.5],[760.0,1008.5],[759.0,1008.5],[757.5,1009.0],[757.0,1009.5],[756.0,1009.5],[755.0,1009.5],[754.5,1010.0],[753.0,1010.5],[752.0,1010.5],[751.0,1010.5],[750.0,1010.5],[749.0,1010.5],[748.0,1010.5],[746.0,1010.5],[745.0,1010.5],[744.0,1010.5],[743.0,1010.5],[742.0,1010.5],[741.0,1010.5],[739.0,1010.5],[738.0,1010.5],[737.0,1010.5],[736.0,1010.5],[735.0,1010.5],[734.0,1010.5],[732.0,1010.5],[731.5,1011.0],[731.0,1011.5],[730.0,1011.5],[729.5,1012.0],[729.0,1012.5],[727.5,1013.0],[727.0,1013.5],[726.5,1014.0],[726.0,1014.5],[725.0,1014.5],[724.0,1015.5],[723.0,1015.5],[722.0,1015.5],[721.0,1015.5],[720.5,1016.0],[720.0,1016.5],[718.0,1016.5],[717.5,1017.0],[717.0,1017.5],[716.0,1017.5],[715.5,1018.0],[715.0,1018.5],[713.0,1018.5],[712.0,1018.5],[711.0,1018.5],[710.5,1019.0],[710.0,1019.5],[709.0,1019.5],[707.5,1020.0],[707.0,1020.5],[706.0,1020.5],[705.5,1021.0],[705.0,1021.5],[703.5,1022.0]]","[[243045.67669106,431253.00007629,85.59022856],[243045.67628479,431253.00019073,85.58973646],[243045.67587852,431253.00030518,85.58924437],[243045.6756115,431253.00106049,85.58924532],[243045.67520523,431253.00117493,85.58875322],[243045.67479897,431253.00128937,85.58826113],[243045.67398643,431253.00151825,85.58727837],[243045.67358017,431253.00163269,85.58678675],[243045.6731739,431253.00174713,85.5862956],[243045.67290878,431253.00250244,85.5862956],[243045.67250252,431253.00261688,85.58580446],[243045.67209625,431253.00272369,85.58531332],[243045.6715641,431253.00423431,85.58531427],[243045.67115784,431253.00434875,85.58482313],[243045.67075348,431253.0044632,85.58433247],[243045.67048645,431253.00521851,85.58433247],[243045.67022133,431253.00597382,85.58433294],[243045.66995621,431253.00672913,85.58433342],[243045.67023468,431253.00801849,85.58531618],[243045.66996765,431253.0087738,85.58531618],[243045.6701088,431253.00941467,85.5858078],[243045.67024612,431253.01005554,85.58629942],[243045.669981,431253.01081085,85.5862999],[243045.66971397,431253.01156616,85.5862999],[243045.66920471,431253.01309967,85.586308],[243045.66896439,431253.01387787,85.58631706],[243045.66872406,431253.0146637,85.5863266],[243045.66892242,431253.0153656,85.58683777],[243045.66912079,431253.0160675,85.58734941],[243045.66908073,431253.01754761,85.5878706],[243045.6692791,431253.01824951,85.58838224],[243045.66903877,431253.01902771,85.58839178],[243045.66879845,431253.01981354,85.58840084],[243045.66855812,431253.02059174,85.5884099],[243045.66831779,431253.02137756,85.58841944],[243045.66783905,431253.02294159,85.58843756],[243045.66759872,431253.02371979,85.58844709],[243045.66716003,431253.02380371,85.58794403],[243045.66672134,431253.02388,85.58744144],[243045.66648293,431253.02466583,85.5874505],[243045.6662426,431253.02544403,85.58745956],[243045.66576195,431253.02700806,85.58747816],[243045.66596031,431253.02770996,85.58799028],[243045.66615868,431253.02841187,85.58850193],[243045.66591835,431253.02919769,85.58851147],[243045.66567802,431253.02997589,85.58852053],[243045.6654377,431253.03076172,85.58852959],[243045.66539764,431253.03224945,85.58905125],[243045.6655941,431253.03295135,85.58956337],[243045.66535378,431253.03373718,85.58957291],[243045.66511536,431253.03451538,85.58958197],[243045.66483498,431253.03525543,85.58957767],[243045.66453552,431253.03598022,85.58956718],[243045.66439247,431253.03736877,85.59005451],[243045.66454887,431253.03803253,85.59055328],[243045.66424942,431253.03875732,85.59054279],[243045.66394997,431253.03948212,85.59053183],[243045.66365051,431253.04020691,85.59052134],[243045.66305351,431253.04165649,85.59049988],[243045.66259766,431253.04171753,85.58999109],[243045.66214371,431253.04177856,85.58948231],[243045.66184425,431253.04250336,85.58947134],[243045.6615448,431253.04322815,85.58946085],[243045.66109085,431253.04328156,85.58895206],[243045.66033745,431253.04406738,85.58843279],[243045.66003799,431253.04479218,85.5884223],[243045.65958405,431253.04485321,85.58791351],[243045.65913391,431253.04491425,85.58740711],[243045.65888023,431253.04568481,85.5874114],[243045.65862465,431253.04644775,85.58741522],[243045.65811539,431253.04798889,85.5874238],[243045.6578598,431253.04875183,85.58742762],[243045.65745163,431253.04885864,85.58693457],[243045.65704155,431253.04895782,85.58644199],[243045.65678596,431253.04972839,85.58644581],[243045.65653229,431253.05049133,85.5864501],[243045.65571404,431253.05070496,85.58546448],[243045.65546036,431253.0514679,85.58546829],[243045.65520477,431253.05223846,85.58547258],[243045.6547966,431253.05233765,85.58498001],[243045.65438843,431253.05244446,85.58448744],[243045.65413284,431253.0532074,85.58449173],[243045.65362358,431253.05474091,85.58449984],[243045.6533699,431253.05551147,85.58450413],[243045.65311432,431253.05627441,85.58450794],[243045.65285873,431253.05704498,85.58451223],[243045.65301323,431253.05770874,85.5850091],[243045.65291023,431253.05913544,85.58550978],[243045.65265656,431253.05990601,85.58551407],[243045.65240097,431253.06066895,85.58551788],[243045.65214539,431253.06143951,85.58552217],[243045.6518898,431253.06220245,85.58552647],[243045.65163612,431253.06297302,85.58553076],[243045.65112495,431253.06450653,85.58553886],[243045.65087128,431253.06526947,85.58554316],[243045.65061569,431253.06604004,85.58554697],[243045.65036011,431253.06680298,85.58555126],[243045.65010643,431253.06757355,85.58555508],[243045.64985085,431253.06833649,85.58555937],[243045.64934158,431253.06987762,85.58556795],[243045.649086,431253.07064056,85.58557177],[243045.64883041,431253.07141113,85.58557606],[243045.64857674,431253.07217407,85.58557987],[243045.64832115,431253.07294464,85.58558416],[243045.64791298,431253.07304382,85.58509159],[243045.64725113,431253.07391357,85.58460331],[243045.64699554,431253.07467651,85.58460712],[243045.64674187,431253.07544708,85.58461142],[243045.64648628,431253.07621002,85.58461523],[243045.64663887,431253.07688141,85.58511209],[243045.64679146,431253.07754517,85.58560896],[243045.64668846,431253.07897949,85.58611011],[243045.64684105,431253.07964325,85.58660746],[243045.64658546,431253.08041382,85.58661127],[243045.64673805,431253.08107758,85.58710861],[243045.64689064,431253.08174896,85.58760595],[243045.64638138,431253.08328247,85.58761406],[243045.64612579,431253.08405304,85.58761835],[243045.64587021,431253.08481598,85.58762264],[243045.64561653,431253.08558655,85.58762693],[243045.64535904,431253.08634949,85.58763075],[243045.64510536,431253.08712006,85.58763504],[243045.64459419,431253.08865356,85.58764315],[243045.64433861,431253.08942413,85.58764744],[243045.64408493,431253.09018707,85.58765173],[243045.64382935,431253.09095764,85.58765554],[243045.64357376,431253.09172821,85.58765984],[243045.64331818,431253.09249115,85.58766413],[243045.64321518,431253.09392548,85.58816576],[243045.64336777,431253.09459686,85.5886631],[243045.64311218,431253.09536743,85.58866739],[243045.6428566,431253.09613037,85.58867168],[243045.64260292,431253.09690094,85.58867598],[243045.64234734,431253.09767151,85.58867979],[243045.64168549,431253.09853363,85.58819056],[243045.64127731,431253.09863281,85.58769703],[243045.64102173,431253.09940338,85.58770132],[243045.64076614,431253.10016632,85.58770561],[243045.64035988,431253.1002655,85.58721209],[243045.63995361,431253.10036469,85.58671904],[243045.63944244,431253.10189819,85.58672714],[243045.63918686,431253.10266876,85.58673143],[243045.63893318,431253.1034317,85.58673573],[243045.63852501,431253.10353088,85.58624268],[243045.63811874,431253.10363007,85.58574963],[243045.63760948,431253.10516357,85.58575773],[243045.6373539,431253.10593414,85.58576202],[243045.63709831,431253.10669708,85.58576632],[243045.63684273,431253.10746765,85.58577013],[243045.63658905,431253.10823059,85.58577442],[243045.63618279,431253.10832977,85.58528185],[243045.63552094,431253.10919189,85.58479309],[243045.63511467,431253.10929108,85.58430052],[243045.6347084,431253.10939026,85.58380794],[243045.63445473,431253.1101532,85.58381224],[243045.63404846,431253.11025238,85.58331966],[243045.6336422,431253.11035156,85.58282757],[243045.63298225,431253.11121368,85.58233929],[243045.63257599,431253.11130524,85.58184719],[243045.6323204,431253.11207581,85.58185148],[243045.63191605,431253.11217499,85.58135939],[243045.63150978,431253.11226654,85.58086777],[243045.6312561,431253.11303711,85.58087158],[243045.63044548,431253.11322784,85.57988834],[243045.6301899,431253.11399078,85.57989263],[243045.62993431,431253.11476135,85.57989645],[243045.62952995,431253.11485291,85.57940531],[243045.6291256,431253.11495209,85.57891369],[243045.62887192,431253.11571503,85.57891798],[243045.62821198,431253.11657715,85.57843065],[243045.62780762,431253.11667633,85.57793951],[243045.62755203,431253.11743927,85.5779438],[243045.62729645,431253.11820984,85.57794762],[243045.62704277,431253.11897278,85.57795191],[243045.62623405,431253.11916351,85.5769701],[243045.62597847,431253.11992645,85.57697391],[243045.62572479,431253.12069702,85.57697821],[243045.62547112,431253.12145996,85.5769825],[243045.62521553,431253.12223053,85.57698631],[243045.62495995,431253.12299347,85.5769906],[243045.6252594,431253.12433624,85.57798052],[243045.62500572,431253.12509918,85.57798481],[243045.62475014,431253.12586975,85.57798862],[243045.62490082,431253.12654114,85.57848406],[243045.62504959,431253.12721252,85.57897949],[243045.62464523,431253.12730408,85.57848787],[243045.62353897,431253.12615204,85.57651615],[243045.62298393,431253.1255722,85.57553053],[243045.62243271,431253.125,85.57454586],[243045.62202835,431253.12509155,85.57405567],[243045.62177467,431253.12586212,85.57405949],[243045.62151909,431253.12662506,85.57406378],[243045.62086105,431253.12748718,85.5735774],[243045.6204586,431253.12757874,85.57308769],[243045.62020302,431253.12834167,85.57309151],[243045.61994934,431253.12911224,85.5730958],[243045.61969376,431253.12987518,85.57309961],[243045.61944008,431253.13063812,85.57310343],[243045.61878204,431253.13150024,85.57261801],[243045.61837959,431253.1315918,85.57212782],[243045.61812592,431253.13235474,85.57213211],[243045.61787033,431253.13312531,85.57213592],[243045.61746788,431253.13321686,85.57164669],[243045.61681175,431253.13407898,85.57116079],[243045.61655617,431253.13484192,85.57116461],[243045.61630249,431253.13560486,85.5711689],[243045.61604881,431253.1363678,85.57117319],[243045.61579323,431253.13713837,85.57117701],[243045.61553955,431253.13790131,85.5711813],[243045.61503029,431253.13942719,85.5711894],[243045.61477661,431253.14019775,85.57119322],[243045.61452103,431253.14096069,85.57119703],[243045.61426735,431253.14172363,85.57120132],[243045.61401367,431253.1424942,85.57120562],[243045.61375809,431253.14325714,85.57120943],[243045.61324883,431253.14478302,85.57121754],[243045.61299515,431253.14555359,85.57122183],[243045.61274147,431253.14631653,85.57122564],[243045.61248589,431253.14707947,85.57122946],[243045.61223221,431253.14784241,85.57123375],[243045.61197662,431253.14861298,85.57123756],[243045.61146927,431253.15013885,85.57124567],[243045.61106682,431253.15023041,85.57075643],[243045.61066437,431253.15032196,85.57026672],[243045.61041069,431253.15109253,85.57027101],[243045.61000824,431253.15118408,85.56978178],[243045.60960579,431253.15127563,85.56929254],[243045.60895157,431253.15213013,85.5688076],[243045.60854912,431253.15222168,85.56831837],[243045.60814857,431253.15231323,85.56782961],[243045.60774612,431253.15240479,85.56734085],[243045.60749245,431253.15316772,85.56734467],[243045.60668945,431253.15335083,85.56636763],[243045.6064949,431253.1541748,85.56639147],[243045.60631561,431253.15502167,85.56642055],[243045.60613632,431253.1558609,85.56644964],[243045.60577202,431253.1559906,85.56597328],[243045.60540581,431253.1561203,85.5654974],[243045.60504723,431253.15781403,85.56555557],[243045.60468292,431253.1579361,85.56507921],[243045.60431862,431253.1580658,85.56460333],[243045.60413933,431253.15891266,85.56463242],[243045.60377502,431253.15904236,85.56415606],[243045.60341072,431253.15917206,85.56368017],[243045.60305214,431253.16085815,85.56373787],[243045.60287285,431253.16170502,85.56376696],[243045.60269356,431253.16254425,85.56379604],[243045.60232925,431253.16267395,85.56332016],[243045.60196495,431253.16280365,85.56284428],[243045.60178566,431253.16364288,85.56287336],[243045.60124207,431253.16461945,85.56242657],[243045.60087776,431253.16474915,85.56195116],[243045.60069847,431253.16558838,85.56197977],[243045.60033417,431253.16571808,85.56150436],[243045.59996986,431253.16584778,85.56102896],[243045.59942627,431253.16681671,85.56058216]]",dji_pose_mesh_ray_contour_nodes,
126,115,3,SPL,1513.4661,1011.6127,1479,975,1536,1052,57,77,3124,243045.80983353,431252.55492401,85.56732178,dji_pose_mesh_ray_centroid,True,True,1219878,3.188098,warp,,1513.4661,1011.6127,1,1,1.0,1,3.188098,3.188098,102,102,1.0,"[[1529.5,1051.0],[1529.0,1050.5],[1528.0,1050.5],[1527.5,1050.0],[1527.0,1049.5],[1526.0,1049.5],[1525.5,1049.0],[1525.0,1048.5],[1524.5,1049.0],[1524.0,1049.5],[1523.0,1049.5],[1522.0,1049.5],[1521.5,1049.0],[1521.0,1048.5],[1520.0,1048.5],[1519.5,1048.0],[1519.0,1047.5],[1518.0,1047.5],[1517.0,1047.5],[1516.0,1047.5],[1515.5,1047.0],[1515.0,1046.5],[1514.0,1046.5],[1513.0,1046.5],[1512.0,1046.5],[1511.0,1046.5],[1510.5,1046.0],[1510.0,1045.5],[1509.0,1045.5],[1508.5,1046.0],[1508.0,1046.5],[1507.0,1046.5],[1506.0,1046.5],[1505.5,1046.0],[1505.0,1045.5],[1504.5,1045.0],[1504.0,1044.5],[1503.5,1044.0],[1503.0,1043.5],[1502.5,1043.0],[1502.0,1042.5],[1501.5,1042.0],[1501.0,1041.5],[1500.0,1041.5],[1499.5,1041.0],[1499.0,1040.5],[1498.0,1040.5],[1497.5,1040.0],[1497.0,1039.5],[1496.5,1039.0],[1496.0,1038.5],[1495.5,1038.0],[1495.0,1037.5],[1494.5,1037.0],[1494.5,1036.0],[1494.0,1035.5],[1493.5,1035.0],[1493.0,1034.5],[1492.5,1034.0],[1492.5,1033.0],[1492.0,1032.5],[1491.5,1032.0],[1491.5,1031.0],[1491.5,1030.0],[1491.5,1029.0],[1491.5,1028.0],[1491.5,1027.0],[1491.5,1026.0],[1491.0,1025.5],[1490.5,1025.0],[1490.5,1024.0],[1490.5,1023.0],[1490.0,1022.5],[1489.5,1022.0],[1489.5,1021.0],[1489.5,1020.0],[1490.0,1019.5],[1490.5,1019.0],[1490.5,1018.0],[1490.5,1017.0],[1490.5,1016.0],[1490.5,1015.0],[1490.0,1014.5],[1489.5,1014.0],[1489.5,1013.0],[1489.5,1012.0],[1489.0,1011.5],[1488.5,1011.0],[1488.5,1010.0],[1488.0,1009.5],[1487.5,1009.0],[1487.0,1008.5],[1486.0,1008.5],[1485.0,1008.5],[1484.0,1008.5],[1483.5,1009.0],[1483.0,1009.5],[1482.0,1009.5],[1481.0,1009.5],[1480.0,1009.5],[1479.5,1009.0],[1479.0,1008.5]]","[[243045.792202,431252.52694702,85.52954721],[243045.79236031,431252.52752686,85.53002691],[243045.79214859,431252.52830505,85.53004217],[243045.7923069,431252.52889252,85.53052235],[243045.79246712,431252.52947235,85.53100204],[243045.79225349,431252.53025818,85.5310173],[243045.79241371,431252.53083801,85.53149748],[243045.79257202,431252.53142548,85.53197765],[243045.792202,431252.53161621,85.53151274],[243045.79183006,431252.53181458,85.53104734],[243045.79161644,431252.53259277,85.5310626],[243045.79140472,431252.5333786,85.53107738],[243045.79156303,431252.53395844,85.53155756],[243045.79172325,431252.5345459,85.53203821],[243045.79150963,431252.5353241,85.53205299],[243045.79166985,431252.53591156,85.53253365],[243045.79182816,431252.53649902,85.5330143],[243045.79161644,431252.53727722,85.53302908],[243045.79140282,431252.53805542,85.53304434],[243045.7911911,431252.53884125,85.5330596],[243045.79134941,431252.53942108,85.53354025],[243045.79150963,431252.54000854,85.5340209],[243045.79129601,431252.54079437,85.53403616],[243045.79108429,431252.54157257,85.53405142],[243045.79087257,431252.54235077,85.53406668],[243045.79065895,431252.5431366,85.53408146],[243045.79081726,431252.54372406,85.53456259],[243045.79097748,431252.54430389,85.53504372],[243045.79076385,431252.54508972,85.53505897],[243045.79039383,431252.54528046,85.5345931],[243045.7900219,431252.54547882,85.53412724],[243045.78980827,431252.54625702,85.53414202],[243045.78959656,431252.54704285,85.53415728],[243045.78975487,431252.54763031,85.5346384],[243045.78991318,431252.54821777,85.53511953],[243045.79007339,431252.54880524,85.53560066],[243045.7902317,431252.54938507,85.53608227],[243045.79039192,431252.54997253,85.53656387],[243045.79055023,431252.55056,85.53704548],[243045.79071045,431252.55114746,85.53752708],[243045.79086876,431252.55173492,85.53800869],[243045.79102707,431252.55232239,85.53849077],[243045.79118729,431252.55290985,85.53897285],[243045.79097366,431252.55369568,85.53898811],[243045.79113388,431252.55428314,85.5394702],[243045.79129219,431252.55487061,85.53995275],[243045.79108047,431252.55565643,85.53996801],[243045.79123878,431252.5562439,85.54045057],[243045.791399,431252.55683136,85.54093313],[243045.79155731,431252.55741882,85.54141569],[243045.79171753,431252.55800629,85.54189825],[243045.79187584,431252.55860138,85.54238129],[243045.79203606,431252.55918884,85.54286432],[243045.79219627,431252.55977631,85.54334736],[243045.79272842,431252.56017303,85.54429865],[243045.79288673,431252.5607605,85.54478216],[243045.79304695,431252.56134796,85.54526615],[243045.79320717,431252.56194305,85.54574966],[243045.79336739,431252.56253052,85.54623318],[243045.79389954,431252.56292725,85.5471859],[243045.79405975,431252.56351471,85.54766989],[243045.79421997,431252.5641098,85.54815388],[243045.79475212,431252.56450653,85.54910755],[243045.79528618,431252.56490326,85.55006123],[243045.79582024,431252.56529999,85.55101538],[243045.79635429,431252.56569672,85.55197],[243045.79688835,431252.56609344,85.55292511],[243045.79742241,431252.56649017,85.55388069],[243045.79758263,431252.56707764,85.55436611],[243045.79774284,431252.56767273,85.55485201],[243045.79827881,431252.56806946,85.55580807],[243045.79881287,431252.56846619,85.5567646],[243045.79897308,431252.56906128,85.55725098],[243045.79913521,431252.56965637,85.55773783],[243045.79967117,431252.5700531,85.55869532],[243045.80020714,431252.57044983,85.55965328],[243045.80058098,431252.57025909,85.5601244],[243045.80095673,431252.57006073,85.56059551],[243045.80149269,431252.57045746,85.56155443],[243045.80202866,431252.57086182,85.56251335],[243045.80256462,431252.57125854,85.56347322],[243045.80310249,431252.5716629,85.5644331],[243045.80326462,431252.57225037,85.56492138],[243045.80342484,431252.57284546,85.56540918],[243045.80396271,431252.57324982,85.56637001],[243045.80450058,431252.57364655,85.56733131],[243045.8046627,431252.57424164,85.56782007],[243045.80482483,431252.57483673,85.56830883],[243045.8053627,431252.57523346,85.56927109],[243045.80552483,431252.57582855,85.56976032],[243045.80568695,431252.57642365,85.57024956],[243045.80584908,431252.57701874,85.57073927],[243045.80563354,431252.57781219,85.570755],[243045.80541992,431252.57859802,85.57077122],[243045.8052063,431252.57938385,85.57078695],[243045.80483055,431252.57958221,85.57031345],[243045.8044529,431252.57977295,85.56984043],[243045.80423927,431252.58056641,85.56985617],[243045.80402565,431252.58135223,85.56987238],[243045.80381203,431252.58213806,85.56988811],[243045.80397415,431252.58273315,85.57037783],[243045.80413628,431252.58333588,85.57086706]]",dji_pose_mesh_ray_contour_nodes,
127,116,3,SPL,4894.6,1004.6,4893,1001,4897,1011,4,10,25,243046.63573265,431250.03572083,85.55659246,dji_pose_mesh_ray_centroid,True,True,1220290,3.472582,warp,,4894.6,1004.6,1,1,1.0,1,3.472582,3.472582,8,8,1.0,"[[4893.5,1010.0],[4893.5,1009.0],[4893.5,1008.0],[4893.5,1007.0],[4893.5,1006.0],[4893.5,1005.0],[4893.5,1004.0],[4893.0,1003.5]]","[[243046.63155365,431250.03733826,85.55150557],[243046.63228321,431250.03718567,85.55244875],[243046.63301182,431250.03703308,85.55339241],[243046.63374138,431250.03688049,85.55433607],[243046.63447094,431250.03673553,85.55528021],[243046.63520145,431250.03658295,85.5562253],[243046.63593197,431250.03643036,85.55717039],[243046.63618946,431250.03672028,85.55764818]]",dji_pose_mesh_ray_contour_nodes,
128,117,3,SPL,331.0158,1015.0632,312,1012,347,1020,35,8,190,243045.51213455,431253.46120453,85.57024002,dji_pose_mesh_ray_centroid,True,True,314565,3.59395,warp,,331.0158,1015.0632,1,1,1.0,1,3.59395,3.59395,22,22,1.0,"[[327.5,1019.0],[327.0,1018.5],[326.0,1018.5],[325.0,1018.5],[324.0,1018.5],[323.0,1018.5],[322.5,1018.0],[322.0,1017.5],[321.0,1017.5],[320.0,1017.5],[319.0,1017.5],[318.0,1017.5],[317.5,1017.0],[317.0,1016.5],[316.5,1016.0],[316.0,1015.5],[315.5,1015.0],[315.0,1014.5],[314.0,1014.5],[313.5,1014.0],[313.0,1013.5],[312.0,1013.5]]","[[243045.50872612,431253.46077728,85.56622314],[243045.5089016,431253.46154022,85.56673098],[243045.50862885,431253.4622879,85.56672955],[243045.508358,431253.46303558,85.56672764],[243045.50808525,431253.46378326,85.56672621],[243045.5078125,431253.46453094,85.5667243],[243045.50798798,431253.46529388,85.56723261],[243045.50816345,431253.46605682,85.56774044],[243045.5078907,431253.4668045,85.56773901],[243045.50761795,431253.46755219,85.5677371],[243045.5073452,431253.46829987,85.56773519],[243045.50707436,431253.46905518,85.56773376],[243045.50724983,431253.46981812,85.56824207],[243045.5074234,431253.47058105,85.56875038],[243045.50759888,431253.47134399,85.56925964],[243045.50777245,431253.47210693,85.56976843],[243045.50794792,431253.47286987,85.57027721],[243045.5081234,431253.47364044,85.57078648],[243045.50785065,431253.47438812,85.57078457],[243045.50802422,431253.47515106,85.57129383],[243045.50819969,431253.47592163,85.57180357],[243045.50792694,431253.47666931,85.57180166]]",dji_pose_mesh_ray_contour_nodes,
129,118,3,SPL,372.8409,1020.6364,370,1016,377,1027,7,11,44,243045.52004051,431253.42560577,85.56463766,dji_pose_mesh_ray_centroid,True,True,314565,3.570559,warp,,372.8409,1020.6364,1,1,1.0,1,3.570559,3.570559,11,11,1.0,"[[376.0,1018.5],[375.5,1019.0],[375.5,1020.0],[375.0,1020.5],[374.5,1021.0],[374.5,1022.0],[374.5,1023.0],[374.5,1024.0],[374.5,1025.0],[374.0,1025.5],[373.5,1026.0]]","[[243045.52223396,431253.42488098,85.56681681],[243045.52178574,431253.42487335,85.56630659],[243045.52116013,431253.42411041,85.5652895],[243045.5207119,431253.42409515,85.56477976],[243045.52026367,431253.42408752,85.5642705],[243045.51963806,431253.42332458,85.56325436],[243045.51901436,431253.42256165,85.56223869],[243045.51839256,431253.42179108,85.56122351],[243045.51776886,431253.42102814,85.5602088],[243045.51732063,431253.42102051,85.55970097],[243045.51687431,431253.42101288,85.55919313]]",dji_pose_mesh_ray_contour_nodes,
130,119,3,SPL,353.614,1033.5702,344,1026,365,1039,21,13,114,243045.50678253,431253.43005371,85.55150223,dji_pose_mesh_ray_centroid,True,True,314565,3.562973,warp,,353.614,1033.5702,1,1,1.0,1,3.562973,3.562973,26,26,1.0,"[[344.0,1032.5],[345.0,1032.5],[346.0,1032.5],[347.0,1032.5],[348.0,1032.5],[349.0,1032.5],[350.0,1032.5],[351.0,1032.5],[352.0,1032.5],[352.5,1033.0],[353.0,1033.5],[354.0,1033.5],[354.5,1033.0],[355.0,1032.5],[355.5,1032.0],[356.0,1031.5],[356.5,1031.0],[356.5,1030.0],[357.0,1029.5],[357.5,1029.0],[358.0,1028.5],[359.0,1028.5],[359.5,1028.0],[360.0,1027.5],[360.5,1027.0],[360.5,1026.0]]","[[243045.50483894,431253.43804169,85.55256605],[243045.50510979,431253.43729401,85.55256796],[243045.50538063,431253.43654633,85.55256939],[243045.50565147,431253.43580627,85.5525713],[243045.50592232,431253.43505859,85.5525732],[243045.50619507,431253.43431091,85.55257463],[243045.50646591,431253.43357086,85.55257654],[243045.50673676,431253.43282318,85.55257797],[243045.5070076,431253.4320755,85.55257988],[243045.50683403,431253.43132019,85.55207586],[243045.50666046,431253.43056488,85.55157185],[243045.5069313,431253.42982483,85.55157328],[243045.50737572,431253.42983246,85.5520792],[243045.50782013,431253.42984009,85.55258512],[243045.50826645,431253.42985535,85.55309105],[243045.50871086,431253.42986298,85.55359697],[243045.50915527,431253.42987061,85.5541029],[243045.50977516,431253.43063354,85.55511427],[243045.51022148,431253.4306488,85.55562067],[243045.5106678,431253.43065643,85.55612755],[243045.51111221,431253.43066406,85.55663443],[243045.51138306,431253.42992401,85.55663586],[243045.51182938,431253.42993164,85.55714321],[243045.5122757,431253.42993927,85.55765009],[243045.51272202,431253.42995453,85.55815744],[243045.51334381,431253.43071747,85.55917072]]",dji_pose_mesh_ray_contour_nodes,
131,120,3,SPL,657.4944,1035.1236,634,1027,685,1040,51,13,267,243045.58399963,431253.19787598,85.54907083,dji_pose_mesh_ray_centroid,True,True,1219847,3.439721,warp,,657.4944,1035.1236,1,1,1.0,1,3.439721,3.439721,60,60,1.0,"[[634.0,1034.5],[635.0,1034.5],[635.5,1034.0],[636.0,1033.5],[637.0,1033.5],[638.0,1033.5],[639.0,1033.5],[640.0,1033.5],[641.0,1033.5],[642.0,1033.5],[642.5,1034.0],[643.0,1034.5],[644.0,1034.5],[644.5,1035.0],[645.0,1035.5],[646.0,1035.5],[647.0,1035.5],[648.0,1035.5],[649.0,1035.5],[649.5,1035.0],[650.0,1034.5],[650.5,1034.0],[651.0,1033.5],[651.5,1033.0],[652.0,1032.5],[653.0,1032.5],[654.0,1032.5],[655.0,1032.5],[656.0,1032.5],[657.0,1032.5],[658.0,1032.5],[659.0,1032.5],[660.0,1032.5],[661.0,1032.5],[662.0,1032.5],[663.0,1032.5],[664.0,1032.5],[664.5,1032.0],[665.0,1031.5],[666.0,1031.5],[667.0,1031.5],[668.0,1031.5],[668.5,1031.0],[669.0,1030.5],[670.0,1030.5],[671.0,1030.5],[672.0,1030.5],[673.0,1030.5],[674.0,1030.5],[675.0,1030.5],[675.5,1030.0],[676.0,1029.5],[677.0,1029.5],[677.5,1029.0],[678.0,1028.5],[679.0,1028.5],[680.0,1028.5],[680.5,1028.0],[681.0,1027.5],[681.5,1027.0]]","[[243045.58011246,431253.21809387,85.5503478],[243045.58029175,431253.21724701,85.55031919],[243045.58065414,431253.21712494,85.55079317],[243045.58101463,431253.21700287,85.55126762],[243045.58119583,431253.21615601,85.55123901],[243045.58137512,431253.21530914,85.5512104],[243045.58155441,431253.21446228,85.55118227],[243045.58173561,431253.21361542,85.55115366],[243045.5819149,431253.21277618,85.55112505],[243045.5820961,431253.21192932,85.55109644],[243045.58191299,431253.21120453,85.55059385],[243045.5817318,431253.21048737,85.55009127],[243045.58191109,431253.2096405,85.55006313],[243045.58172989,431253.20892334,85.54956055],[243045.58154678,431253.20819855,85.54905844],[243045.58172798,431253.20735168,85.54902983],[243045.58190727,431253.20651245,85.54900169],[243045.58208656,431253.20566559,85.54897356],[243045.58226776,431253.20482635,85.54894495],[243045.58262825,431253.20469666,85.54941845],[243045.58299065,431253.20457458,85.54989243],[243045.58335304,431253.20445251,85.5503664],[243045.58371353,431253.20432281,85.55084038],[243045.58407593,431253.20420074,85.55131435],[243045.58443832,431253.20407867,85.55178833],[243045.58461952,431253.20323181,85.55175972],[243045.58479881,431253.20239258,85.55173159],[243045.5849781,431253.20154572,85.55170298],[243045.58515739,431253.20069885,85.55167437],[243045.58533859,431253.19985962,85.55164576],[243045.58551788,431253.19901276,85.55161715],[243045.58569717,431253.19816589,85.55158901],[243045.58587646,431253.19732666,85.5515604],[243045.58605766,431253.1964798,85.55153179],[243045.58623695,431253.19563293,85.55150318],[243045.58641624,431253.1947937,85.55147505],[243045.58659554,431253.19394684,85.55144644],[243045.58695793,431253.19382477,85.55192041],[243045.58732033,431253.19369507,85.55239439],[243045.58749962,431253.19285583,85.55236578],[243045.58768082,431253.19200897,85.55233717],[243045.58786011,431253.19116211,85.55230904],[243045.5882225,431253.19104004,85.55278301],[243045.5885849,431253.19091797,85.55325699],[243045.58876419,431253.19007111,85.55322885],[243045.58894348,431253.18922424,85.55320024],[243045.58912277,431253.18838501,85.55317163],[243045.58930397,431253.18753815,85.55314302],[243045.58948326,431253.18669891,85.55311441],[243045.58966255,431253.18585205,85.5530858],[243045.59002495,431253.18572998,85.55356026],[243045.59038734,431253.18560028,85.55403423],[243045.59056664,431253.18475342,85.55400562],[243045.59092903,431253.18463135,85.55448008],[243045.59129333,431253.18450165,85.55495453],[243045.59147263,431253.18366241,85.55492592],[243045.59165192,431253.18281555,85.55489731],[243045.59201431,431253.18269348,85.55537176],[243045.59237862,431253.18256378,85.55584669],[243045.59274101,431253.18243408,85.55632114]]",dji_pose_mesh_ray_contour_nodes,
132,121,3,SPL,1326.0,1033.0,1326,1033,1327,1034,1,1,1,243045.75766373,431252.69345856,85.54957437,dji_pose_mesh_ray_centroid,True,True,1219555,3.22594,warp,,1326.0,1033.0,1,1,1.0,1,3.22594,3.22594,1,1,1.0,"[[1326.0,1033.0]]","[[243045.75766373,431252.69345856,85.54957437]]",dji_pose_mesh_ray_contour_nodes,
133,122,3,SPL,589.5269,1042.4965,557,1036,624,1050,67,14,427,243045.56486893,431253.24763489,85.54284763,dji_pose_mesh_ray_centroid,True,True,314567,3.461914,warp,,589.5269,1042.4965,1,1,1.0,1,3.461914,3.461914,51,51,1.0,"[[557.0,1045.5],[558.0,1045.5],[558.5,1045.0],[559.0,1044.5],[560.0,1044.5],[561.0,1044.5],[562.0,1044.5],[562.5,1044.0],[563.0,1043.5],[564.0,1043.5],[564.5,1043.0],[565.0,1042.5],[565.5,1042.0],[566.0,1041.5],[567.0,1041.5],[568.0,1041.5],[569.0,1041.5],[570.0,1041.5],[571.0,1041.5],[572.0,1041.5],[573.0,1041.5],[574.0,1041.5],[575.0,1041.5],[576.0,1041.5],[577.0,1041.5],[578.0,1041.5],[579.0,1041.5],[580.0,1041.5],[581.0,1041.5],[582.0,1041.5],[582.5,1041.0],[583.0,1040.5],[584.0,1040.5],[585.0,1040.5],[586.0,1040.5],[586.5,1040.0],[587.0,1039.5],[588.0,1039.5],[588.5,1039.0],[589.0,1038.5],[590.0,1038.5],[591.0,1038.5],[591.5,1038.0],[592.0,1037.5],[593.0,1037.5],[594.0,1037.5],[594.5,1037.0],[595.0,1036.5],[596.0,1036.5],[597.0,1036.5],[597.5,1036.0]]","[[243045.55445671,431253.26998138,85.53987026],[243045.55471802,431253.2692337,85.53986931],[243045.55516243,431253.26921082,85.54036999],[243045.55560875,431253.26919556,85.54087114],[243045.55587006,431253.26844025,85.54086971],[243045.55613136,431253.26769257,85.54086876],[243045.55639458,431253.26693726,85.54086733],[243045.55683899,431253.26691437,85.54136896],[243045.55728531,431253.26689911,85.54187012],[243045.55754852,431253.2661438,85.54186869],[243045.55799294,431253.26612854,85.54237032],[243045.55843925,431253.26610565,85.54287195],[243045.55888557,431253.26609039,85.54337358],[243045.55933189,431253.2660675,85.54387569],[243045.55959511,431253.26531982,85.54387474],[243045.55985641,431253.26456451,85.54387331],[243045.56011963,431253.2638092,85.54387188],[243045.56038094,431253.26305389,85.54387093],[243045.56064415,431253.26229858,85.54386997],[243045.56090546,431253.2615509,85.54386854],[243045.56116676,431253.26079559,85.54386759],[243045.56142998,431253.26004028,85.54386663],[243045.56169128,431253.25928497,85.5438652],[243045.5619545,431253.25852966,85.54386425],[243045.56221581,431253.25778198,85.54386282],[243045.56247711,431253.25702667,85.54386187],[243045.56274033,431253.25627136,85.54386091],[243045.56300163,431253.25551605,85.54385948],[243045.56326485,431253.25476837,85.54385853],[243045.56352615,431253.25401306,85.5438571],[243045.56397247,431253.25399017,85.54435921],[243045.5644207,431253.25396729,85.54486132],[243045.56468201,431253.2532196,85.54486036],[243045.56494522,431253.25246429,85.54485941],[243045.56520653,431253.25170898,85.54485798],[243045.56565475,431253.2516861,85.54536056],[243045.56610298,431253.25167084,85.54586267],[243045.56636429,431253.25091553,85.54586172],[243045.56681252,431253.25089264,85.54636431],[243045.56726074,431253.25086975,85.54686689],[243045.56752205,431253.25011444,85.54686546],[243045.56778526,431253.24936676,85.54686451],[243045.56823349,431253.24934387,85.54736757],[243045.56868172,431253.24932098,85.54787016],[243045.56894302,431253.24856567,85.54786921],[243045.56920624,431253.24781036,85.54786825],[243045.56965446,431253.24778748,85.54837131],[243045.57010269,431253.24777222,85.54887438],[243045.57036591,431253.24701691,85.54887342],[243045.57062721,431253.2462616,85.54887199],[243045.57107735,431253.24623871,85.54937553]]",dji_pose_mesh_ray_contour_nodes,
134,123,3,SPL,4822.0,1042.0,4822,1042,4823,1043,1,1,1,243046.58489895,431250.09512329,85.5204258,dji_pose_mesh_ray_centroid,True,True,1220287,3.404778,warp,,4822.0,1042.0,1,1,1.0,1,3.404778,3.404778,1,1,1.0,"[[4822.0,1042.0]]","[[243046.58489895,431250.09512329,85.5204258]]",dji_pose_mesh_ray_contour_nodes,
135,124,3,SPL,4691.7812,1047.5938,4688,1045,4696,1051,8,6,32,243046.54252625,431250.19119263,85.51414776,dji_pose_mesh_ray_centroid,True,True,1220261,3.346212,warp,,4691.7812,1047.5938,1,1,1.0,1,3.346212,3.346212,7,7,1.0,"[[4690.5,1045.0],[4691.0,1045.5],[4692.0,1045.5],[4693.0,1045.5],[4694.0,1045.5],[4694.5,1046.0],[4695.0,1046.5]]","[[243046.54418373,431250.19179535,85.51658344],[243046.54391003,431250.1914978,85.51610947],[243046.54409122,431250.19078064,85.51609278],[243046.54427338,431250.19007111,85.51607609],[243046.54445457,431250.18936157,85.51605892],[243046.54418087,431250.18906403,85.51558542],[243046.54390621,431250.18876648,85.51511192]]",dji_pose_mesh_ray_contour_nodes,
136,125,3,SPL,164.9167,1075.75,160,1070,171,1085,11,15,72,243045.42949867,431253.53569031,85.50878954,dji_pose_mesh_ray_centroid,True,True,79229,3.589305,warp,,164.9167,1075.75,1,1,1.0,1,3.589305,3.589305,21,21,1.0,"[[168.5,1084.0],[168.0,1083.5],[167.5,1083.0],[167.5,1082.0],[167.5,1081.0],[167.0,1080.5],[166.0,1080.5],[165.5,1080.0],[165.0,1079.5],[164.0,1079.5],[163.5,1079.0],[163.0,1078.5],[162.5,1078.0],[162.0,1077.5],[161.5,1077.0],[161.5,1076.0],[161.5,1075.0],[161.5,1074.0],[161.0,1073.5],[160.5,1073.0],[160.0,1072.5]]","[[243045.42590904,431253.52700806,85.5007925],[243045.42605591,431253.52774811,85.50127697],[243045.42619896,431253.52848816,85.50176096],[243045.42674446,431253.52921295,85.50272798],[243045.42728996,431253.52993774,85.50369596],[243045.42743492,431253.53067017,85.50418091],[243045.42717934,431253.53142548,85.50418329],[243045.4273262,431253.53216553,85.50466824],[243045.42747116,431253.53289795,85.50515366],[243045.42721558,431253.53365326,85.50515604],[243045.42736053,431253.53438568,85.50564146],[243045.42750549,431253.53512573,85.50612736],[243045.42765045,431253.53586578,85.50661325],[243045.42779541,431253.53660583,85.50709867],[243045.42794228,431253.53734589,85.50758505],[243045.42848778,431253.53807068,85.50855494],[243045.42903519,431253.5388031,85.5095253],[243045.4295826,431253.53953552,85.51049662],[243045.42972755,431253.54027557,85.51098394],[243045.42987251,431253.54101562,85.51147079],[243045.43001938,431253.54175568,85.51195765]]",dji_pose_mesh_ray_contour_nodes,
137,126,3,SPL,158.0667,1094.0,156,1092,161,1097,5,5,15,243045.41781998,431253.52758026,85.49117756,dji_pose_mesh_ray_centroid,True,True,79229,3.572623,warp,,158.0667,1094.0,1,1,1.0,1,3.572623,3.572623,6,6,1.0,"[[159.5,1096.0],[159.0,1095.5],[158.0,1095.5],[157.0,1095.5],[156.5,1095.0],[156.0,1094.5]]","[[243045.41710281,431253.52506256,85.48925304],[243045.41724586,431253.52579498,85.48973417],[243045.41699219,431253.52654266,85.48973656],[243045.4167366,431253.52729034,85.48973846],[243045.41688156,431253.5280304,85.49022007],[243045.41702461,431253.52876282,85.49070168]]",dji_pose_mesh_ray_contour_nodes,
138,127,3,SPL,4663.9245,1108.3082,4653,1103,4675,1113,22,10,159,243046.49389648,431250.21795654,85.45886421,dji_pose_mesh_ray_centroid,True,True,1220261,3.283606,warp,,4663.9245,1108.3082,1,1,1.0,1,3.283606,3.283606,16,16,1.0,"[[4653.0,1108.5],[4654.0,1108.5],[4654.5,1108.0],[4655.0,1107.5],[4655.5,1107.0],[4656.0,1106.5],[4656.5,1106.0],[4657.0,1105.5],[4657.5,1105.0],[4658.0,1104.5],[4659.0,1104.5],[4659.5,1104.0],[4660.0,1103.5],[4661.0,1103.5],[4662.0,1103.5],[4662.5,1103.0]]","[[243046.49179268,431250.22566223,85.45885658],[243046.49197388,431250.22496033,85.45884132],[243046.49241829,431250.22455597,85.45928669],[243046.49286079,431250.22414398,85.45973253],[243046.49330521,431250.22373962,85.4601779],[243046.49374962,431250.22332764,85.46062374],[243046.49419403,431250.22292328,85.46106911],[243046.49463844,431250.22251892,85.46151495],[243046.49508286,431250.22210693,85.46196127],[243046.49552727,431250.22170258,85.46240711],[243046.49570847,431250.22099304,85.46239185],[243046.49615288,431250.22058868,85.46283817],[243046.49659729,431250.2201767,85.46328402],[243046.49677849,431250.21947479,85.46326876],[243046.49695778,431250.21877289,85.4632535],[243046.49740219,431250.2183609,85.46369982]]",dji_pose_mesh_ray_contour_nodes,
139,128,3,SPL,4897.8125,1105.625,4896,1103,4900,1109,4,6,16,243046.56421185,431250.04837799,85.46316576,dji_pose_mesh_ray_centroid,True,True,1220290,3.382187,warp,,4897.8125,1105.625,1,1,1.0,1,3.382187,3.382187,4,4,1.0,"[[4896.0,1104.5],[4896.5,1104.0],[4897.0,1103.5],[4897.5,1103.0]]","[[243046.56461239,431250.04949951,85.46419859],[243046.56506824,431250.04907227,85.46464682],[243046.56552505,431250.04864502,85.46509552],[243046.56598091,431250.04821777,85.46554375]]",dji_pose_mesh_ray_contour_nodes,
140,129,3,SPL,4634.8571,1107.4416,4620,1105,4647,1112,27,7,77,243046.48927116,431250.23832703,85.46009207,dji_pose_mesh_ray_centroid,True,True,1220261,3.27631,warp,,4634.8571,1107.4416,1,1,1.0,1,3.27631,3.27631,26,26,1.0,"[[4641.5,1111.0],[4641.0,1110.5],[4640.0,1110.5],[4639.5,1110.0],[4639.0,1109.5],[4638.5,1109.0],[4638.0,1108.5],[4637.0,1108.5],[4636.0,1108.5],[4635.0,1108.5],[4634.0,1108.5],[4633.0,1108.5],[4632.0,1108.5],[4631.5,1108.0],[4631.0,1107.5],[4630.0,1107.5],[4629.0,1107.5],[4628.0,1107.5],[4627.0,1107.5],[4626.0,1107.5],[4625.0,1107.5],[4624.0,1107.5],[4623.0,1107.5],[4622.0,1107.5],[4621.0,1107.5],[4620.0,1107.5]]","[[243046.48795319,431250.23403168,85.45676708],[243046.4882164,431250.23432922,85.45722723],[243046.4880352,431250.23503876,85.45724249],[243046.48829842,431250.2353363,85.45770264],[243046.48856163,431250.23563385,85.45816326],[243046.48882675,431250.2359314,85.45862389],[243046.48908997,431250.23622894,85.45908451],[243046.48890877,431250.23693085,85.45909977],[243046.48872948,431250.23763275,85.45911503],[243046.48854828,431250.23834229,85.45913029],[243046.48836899,431250.23904419,85.45914555],[243046.48818779,431250.23975372,85.4591608],[243046.4880085,431250.24045563,85.45917606],[243046.48827171,431250.24075317,85.45963669],[243046.48853493,431250.24105072,85.46009779],[243046.48835373,431250.24176025,85.46011305],[243046.48817444,431250.24246216,85.46012831],[243046.48799324,431250.24316406,85.46014357],[243046.48781395,431250.2438736,85.46015882],[243046.48763275,431250.2445755,85.46017408],[243046.48745346,431250.2452774,85.46018934],[243046.48727226,431250.24598694,85.4602046],[243046.48709106,431250.24668884,85.46021986],[243046.48691177,431250.24739838,85.46023512],[243046.48673058,431250.24810028,85.46025038],[243046.48654938,431250.24880981,85.46026564]]",dji_pose_mesh_ray_contour_nodes,
141,130,3,SPL,4629.4762,1132.8571,4628,1130,4632,1136,4,6,21,243046.47042274,431250.24482727,85.43725252,dji_pose_mesh_ray_centroid,True,True,1220261,3.252545,warp,,4629.4762,1132.8571,1,1,1.0,1,3.252545,3.252545,3,3,1.0,"[[4629.5,1130.0],[4630.0,1130.5],[4631.0,1130.5]]","[[243046.47242546,431250.24450684,85.439816],[243046.47216606,431250.24420929,85.43935966],[243046.47234535,431250.24350739,85.43934536]]",dji_pose_mesh_ray_contour_nodes,
142,131,3,SPL,4642.8824,1137.902,4639,1135,4648,1142,9,7,51,243046.46930504,431250.23597717,85.43253899,dji_pose_mesh_ray_centroid,True,True,1220261,3.251852,warp,,4642.8824,1137.902,1,1,1.0,1,3.251852,3.251852,5,5,1.0,"[[4647.0,1139.5],[4646.5,1140.0],[4646.0,1140.5],[4645.0,1140.5],[4644.5,1141.0]]","[[243046.46892929,431250.23326874,85.43105078],[243046.4684906,431250.2336731,85.43061113],[243046.46805191,431250.23407745,85.43017149],[243046.46787262,431250.23477173,85.43018579],[243046.46743393,431250.23517609,85.42974663]]",dji_pose_mesh_ray_contour_nodes,
143,132,3,SPL,4659.5915,1142.2958,4655,1137,4667,1148,12,11,71,243046.46923637,431250.22476959,85.42837238,dji_pose_mesh_ray_centroid,True,True,1220261,3.25267,warp,,4659.5915,1142.2958,1,1,1.0,1,3.25267,3.25267,21,21,1.0,"[[4660.5,1137.0],[4661.0,1137.5],[4662.0,1137.5],[4662.5,1138.0],[4663.0,1138.5],[4663.5,1139.0],[4663.0,1139.5],[4662.5,1140.0],[4662.0,1140.5],[4661.0,1140.5],[4660.5,1141.0],[4660.5,1142.0],[4661.0,1142.5],[4661.5,1143.0],[4662.0,1143.5],[4663.0,1143.5],[4663.5,1144.0],[4664.0,1144.5],[4665.0,1144.5],[4665.5,1145.0],[4666.0,1145.5]]","[[243046.47309685,431250.22354889,85.43309021],[243046.47283745,431250.22325897,85.43263578],[243046.47301674,431250.22255707,85.432621],[243046.47275734,431250.22226715,85.43216705],[243046.47249794,431250.2219696,85.43171263],[243046.47223854,431250.22167969,85.43125868],[243046.47179985,431250.22208405,85.43081951],[243046.47136116,431250.2224884,85.43037987],[243046.47092247,431250.22289276,85.4299407],[243046.47074318,431250.22358704,85.42995501],[243046.47030449,431250.22399139,85.42951584],[243046.4696064,431250.22410583,85.4286232],[243046.469347,431250.22380829,85.42816973],[243046.4690876,431250.22351837,85.42771625],[243046.46883011,431250.22322083,85.42726326],[243046.4690094,431250.22252655,85.42724895],[243046.46875,431250.222229,85.42679596],[243046.4684906,431250.22193909,85.42634296],[243046.46866989,431250.22123718,85.42632866],[243046.4684124,431250.22094727,85.42587614],[243046.468153,431250.22064972,85.42542314]]",dji_pose_mesh_ray_contour_nodes,
144,133,3,SPL,4621.1875,1144.5,4620,1142,4624,1148,4,6,16,243046.46079826,431250.25185394,85.42695475,dji_pose_mesh_ray_centroid,True,True,314763,3.240177,warp,,4621.1875,1144.5,1,1,1.0,1,3.240177,3.240177,6,6,1.0,"[[4623.0,1143.5],[4622.5,1144.0],[4622.5,1145.0],[4622.5,1146.0],[4622.0,1146.5],[4621.5,1147.0]]","[[243046.46182823,431250.25048065,85.42782307],[243046.46138763,431250.25088501,85.4273839],[243046.46069145,431250.25098419,85.42649126],[243046.45999527,431250.251091,85.4255991],[243046.45955467,431250.25149536,85.42515993],[243046.45911598,431250.25189209,85.42472076]]",dji_pose_mesh_ray_contour_nodes,
145,134,3,SPL,849.4297,1167.5499,808,1152,886,1192,78,40,2255,243045.55245399,431252.97093964,85.42077351,dji_pose_mesh_ray_centroid,True,True,1219853,3.231316,warp,,849.4297,1167.5499,1,1,1.0,1,3.231316,3.231316,88,88,1.0,"[[863.5,1191.0],[863.0,1190.5],[862.0,1190.5],[861.0,1190.5],[860.5,1190.0],[860.0,1189.5],[859.5,1189.0],[859.0,1188.5],[858.5,1188.0],[858.0,1187.5],[857.0,1187.5],[856.0,1187.5],[855.0,1187.5],[854.0,1187.5],[853.0,1187.5],[852.5,1187.0],[852.0,1186.5],[851.0,1186.5],[850.0,1186.5],[849.0,1186.5],[848.0,1186.5],[847.0,1186.5],[846.0,1186.5],[845.0,1186.5],[844.0,1186.5],[843.0,1186.5],[842.0,1186.5],[841.0,1186.5],[840.0,1186.5],[839.5,1186.0],[839.0,1185.5],[838.5,1185.0],[838.0,1184.5],[837.5,1184.0],[837.0,1183.5],[836.5,1183.0],[836.0,1182.5],[835.5,1182.0],[835.0,1181.5],[834.5,1181.0],[834.0,1180.5],[833.5,1180.0],[833.0,1179.5],[832.0,1179.5],[831.5,1179.0],[831.0,1178.5],[830.5,1178.0],[830.0,1177.5],[829.0,1177.5],[828.5,1177.0],[828.0,1176.5],[827.0,1176.5],[826.5,1176.0],[826.0,1175.5],[825.0,1175.5],[824.0,1175.5],[823.0,1175.5],[822.5,1175.0],[822.0,1174.5],[821.5,1174.0],[821.0,1173.5],[820.0,1173.5],[819.5,1173.0],[819.0,1172.5],[818.0,1172.5],[817.0,1172.5],[816.5,1172.0],[816.0,1171.5],[815.5,1171.0],[815.0,1170.5],[814.5,1170.0],[814.0,1169.5],[813.5,1169.0],[813.0,1168.5],[812.5,1168.0],[812.5,1167.0],[812.0,1166.5],[811.5,1166.0],[811.0,1165.5],[810.5,1165.0],[810.0,1164.5],[809.5,1164.0],[809.5,1163.0],[809.0,1162.5],[808.5,1162.0],[808.5,1161.0],[808.5,1160.0],[808.0,1159.5]]","[[243045.54272842,431252.94743347,85.39918804],[243045.54289055,431252.94808197,85.39964771],[243045.5426712,431252.94883728,85.39965725],[243045.54245186,431252.94959259,85.39966679],[243045.54261398,431252.95024109,85.40012646],[243045.54277611,431252.95088959,85.40058613],[243045.54293823,431252.95154572,85.4010458],[243045.54310036,431252.95219421,85.40150595],[243045.54326439,431252.95284271,85.40196609],[243045.54342651,431252.95349121,85.40242624],[243045.54320717,431252.95424652,85.40243578],[243045.54298782,431252.95500183,85.40244532],[243045.54276848,431252.95575714,85.40245485],[243045.54254913,431252.95651245,85.40246439],[243045.54232979,431252.95726776,85.4024744],[243045.54249191,431252.95792389,85.40293455],[243045.54265404,431252.95857239,85.40339518],[243045.54243469,431252.9593277,85.40340471],[243045.54221535,431252.96008301,85.40341425],[243045.541996,431252.96083832,85.40342379],[243045.54177666,431252.96159363,85.4034338],[243045.54155731,431252.96234894,85.40344334],[243045.54133797,431252.96310425,85.40345287],[243045.54111862,431252.96385956,85.40346241],[243045.54089928,431252.96461487,85.40347195],[243045.54067993,431252.96537018,85.40348196],[243045.54045868,431252.96612549,85.4034915],[243045.54023933,431252.9668808,85.40350103],[243045.54001999,431252.96763611,85.40351057],[243045.54018211,431252.96829224,85.40397119],[243045.54034424,431252.96894073,85.4044323],[243045.54050636,431252.96959686,85.40489292],[243045.54067039,431252.97025299,85.40535402],[243045.54083252,431252.97090149,85.4058156],[243045.54099464,431252.97155762,85.4062767],[243045.54115677,431252.97221375,85.40673828],[243045.54131889,431252.97286224,85.40719986],[243045.54148102,431252.97351837,85.40766144],[243045.54164505,431252.9741745,85.40812302],[243045.54180717,431252.97483063,85.40858507],[243045.5419693,431252.97547913,85.40904713],[243045.54213333,431252.97613525,85.40950918],[243045.54229546,431252.97679138,85.40997171],[243045.54207611,431252.97754669,85.40998125],[243045.54223824,431252.97820282,85.41044378],[243045.54240227,431252.97885895,85.41090631],[243045.54256439,431252.97951508,85.41136885],[243045.54272652,431252.9801712,85.41183186],[243045.54250717,431252.98092651,85.41184139],[243045.5426712,431252.98158264,85.4123044],[243045.54283333,431252.98223877,85.41276741],[243045.54261208,431252.98300171,85.41277695],[243045.54277611,431252.98365784,85.41324043],[243045.54293823,431252.98431396,85.41370344],[243045.54271889,431252.98506927,85.41371345],[243045.54249954,431252.98582458,85.41372347],[243045.54227829,431252.98658752,85.41373301],[243045.54244232,431252.98724365,85.41419649],[243045.54260445,431252.98789978,85.41465998],[243045.54276848,431252.98855591,85.41512394],[243045.5429306,431252.98921204,85.41558742],[243045.54271126,431252.98997498,85.41559744],[243045.54287338,431252.9906311,85.4160614],[243045.54303741,431252.99128723,85.41652536],[243045.54281616,431252.99205017,85.41653538],[243045.54259682,431252.99280548,85.41654491],[243045.54275894,431252.99346924,85.41700935],[243045.54292297,431252.99412537,85.41747332],[243045.54308701,431252.99478149,85.41793776],[243045.54324913,431252.99544525,85.41840267],[243045.54341316,431252.99610138,85.41886711],[243045.54357529,431252.99676514,85.41933203],[243045.54373932,431252.99742126,85.41979694],[243045.54390335,431252.99807739,85.42026186],[243045.54406738,431252.99874115,85.42072678],[243045.54461479,431252.9992981,85.42164755],[243045.54477882,431252.99996185,85.42211294],[243045.54494095,431253.00061798,85.42257881],[243045.54510498,431253.00128174,85.42304468],[243045.54526901,431253.0019455,85.42351007],[243045.54543304,431253.00260162,85.42397642],[243045.54559708,431253.00326538,85.42444229],[243045.54614639,431253.00382996,85.42536497],[243045.54631042,431253.00448608,85.42583132],[243045.54647446,431253.00514984,85.42629766],[243045.54702377,431253.00571442,85.4272213],[243045.54757309,431253.00627136,85.42814541],[243045.54773712,431253.00693512,85.42861271]]",dji_pose_mesh_ray_contour_nodes,
146,135,3,SPL,5275.2881,1162.2542,5269,1155,5280,1174,11,19,118,243046.58058834,431249.79995728,85.40527344,dji_pose_mesh_ray_centroid,True,True,1220304,3.445095,warp,,5275.2881,1162.2542,1,1,1.0,1,3.445095,3.445095,23,23,1.0,"[[5278.5,1173.0],[5278.0,1172.5],[5277.0,1172.5],[5276.5,1172.0],[5276.5,1171.0],[5276.0,1170.5],[5275.5,1170.0],[5275.5,1169.0],[5275.0,1168.5],[5274.5,1168.0],[5274.5,1167.0],[5274.5,1166.0],[5274.0,1165.5],[5273.5,1165.0],[5273.5,1164.0],[5273.0,1163.5],[5272.5,1163.0],[5272.0,1162.5],[5271.5,1162.0],[5271.0,1161.5],[5270.0,1161.5],[5269.5,1161.0],[5269.0,1160.5]]","[[243046.57182217,431249.80041504,85.39553451],[243046.57215118,431249.80063629,85.39598799],[243046.57192993,431249.80132294,85.39599276],[243046.572258,431249.80154419,85.39644623],[243046.57313824,431249.80130005,85.39734936],[243046.57346821,431249.8015213,85.39780331],[243046.57379723,431249.80174255,85.39825773],[243046.57467842,431249.80149078,85.39916134],[243046.57500744,431249.80171204,85.39961576],[243046.57533836,431249.80193329,85.40007067],[243046.57622051,431249.80168152,85.4009757],[243046.57710266,431249.80143738,85.40188122],[243046.57743263,431249.80165863,85.4023366],[243046.57776356,431249.80187988,85.40279198],[243046.57864761,431249.80162811,85.40369844],[243046.57897758,431249.80184937,85.4041543],[243046.57930851,431249.80207062,85.40461016],[243046.57963943,431249.80229187,85.40506601],[243046.57997036,431249.80252075,85.40552235],[243046.58030128,431249.802742,85.40597868],[243046.58007908,431249.80343628,85.40598345],[243046.58041,431249.80365753,85.40643978],[243046.58074093,431249.80387878,85.40689611]]",dji_pose_mesh_ray_contour_nodes,
147,136,3,SPL,3092.9286,1435.8571,3092,1434,3095,1439,3,5,14,243045.9163208,431251.30149078,85.18374443,dji_pose_mesh_ray_centroid,True,True,1219968,2.690761,warp,,3092.9286,1435.8571,1,1,1.0,1,2.690761,2.690761,2,2,1.0,"[[3094.0,1437.5],[3093.5,1438.0]]","[[243045.91558266,431251.30056,85.18243217],[243045.91517639,431251.30082703,85.18203497]]",dji_pose_mesh_ray_contour_nodes,
148,137,3,SPL,3108.439,1443.2805,3104,1437,3114,1450,10,13,82,243045.91534233,431251.2901001,85.17779827,dji_pose_mesh_ray_centroid,True,True,1219968,2.686541,warp,,3108.439,1443.2805,1,1,1.0,1,2.686541,2.686541,12,12,1.0,"[[3113.0,1444.5],[3112.5,1445.0],[3112.5,1446.0],[3112.0,1446.5],[3111.0,1446.5],[3110.0,1446.5],[3109.5,1447.0],[3109.0,1447.5],[3108.0,1447.5],[3107.5,1448.0],[3107.0,1448.5],[3106.5,1449.0]]","[[243045.91562653,431251.28688049,85.17681837],[243045.91522026,431251.28715515,85.1764226],[243045.91462898,431251.28702545,85.17562866],[243045.91422272,431251.28730011,85.17523336],[243045.91400337,431251.28796387,85.17523575],[243045.91378212,431251.28863525,85.17523813],[243045.91337776,431251.28890991,85.17484236],[243045.9129715,431251.28917694,85.17444706],[243045.91275215,431251.28984833,85.17444897],[243045.91234589,431251.29012299,85.17405367],[243045.91194153,431251.29039001,85.17365837],[243045.91153526,431251.29066467,85.17326355]]",dji_pose_mesh_ray_contour_nodes,
149,138,3,SPL,3129.5,1440.7917,3126,1437,3134,1444,8,7,24,243045.9214592,431251.27627563,85.17972708,dji_pose_mesh_ray_centroid,True,True,1219968,2.689846,warp,,3129.5,1440.7917,1,1,1.0,1,2.689846,2.689846,13,13,1.0,"[[3126.0,1440.5],[3127.0,1440.5],[3127.5,1440.0],[3128.0,1439.5],[3129.0,1439.5],[3129.5,1440.0],[3130.0,1440.5],[3130.5,1440.0],[3131.0,1439.5],[3131.5,1439.0],[3131.5,1438.0],[3132.0,1437.5],[3132.5,1437.0]]","[[243045.92086029,431251.27866364,85.1799674],[243045.92108154,431251.27799225,85.17996502],[243045.92148781,431251.27772522,85.18036175],[243045.92189407,431251.27745056,85.18075848],[243045.92211533,431251.27677917,85.18075609],[243045.92192841,431251.27638245,85.18035698],[243045.92174149,431251.27597809,85.17995787],[243045.92214966,431251.27571106,85.18035459],[243045.92255592,431251.2754364,85.18075132],[243045.9229641,431251.27516174,85.18114805],[243045.92355728,431251.27529144,85.18194437],[243045.92396545,431251.27501678,85.18234158],[243045.92437172,431251.27474213,85.18273878]]",dji_pose_mesh_ray_contour_nodes,
150,139,3,SPL,3080.6333,1447.3667,3079,1444,3084,1452,5,8,30,243045.90680504,431251.30822754,85.17461872,dji_pose_mesh_ray_centroid,True,True,1219968,2.681739,warp,,3080.6333,1447.3667,1,1,1.0,1,2.681739,2.681739,6,6,1.0,"[[3083.0,1447.5],[3082.5,1448.0],[3082.5,1449.0],[3082.5,1450.0],[3082.0,1450.5],[3081.5,1451.0]]","[[243045.90724754,431251.30661774,85.17450762],[243045.90684319,431251.30688477,85.17411184],[243045.90625381,431251.30675507,85.17331934],[243045.90566444,431251.30662537,85.17252636],[243045.90526009,431251.3068924,85.17213154],[243045.90485573,431251.30715942,85.17173672]]",dji_pose_mesh_ray_contour_nodes,
151,140,3,SPL,3077.2581,1457.5161,3074,1454,3082,1461,8,7,31,243045.90009499,431251.30913544,85.16659307,dji_pose_mesh_ray_centroid,True,True,1219968,2.674344,warp,,3077.2581,1457.5161,1,1,1.0,1,2.674344,2.674344,9,9,1.0,"[[3076.5,1454.0],[3077.0,1454.5],[3077.5,1455.0],[3078.0,1455.5],[3079.0,1455.5],[3079.5,1456.0],[3080.0,1456.5],[3080.5,1457.0],[3081.0,1457.5]]","[[243045.9019928,431251.310112,85.16937351],[243045.90180779,431251.30970764,85.16897678],[243045.90162468,431251.30930328,85.16858053],[243045.90144157,431251.30890656,85.16818428],[243045.90166092,431251.30823517,85.1681819],[243045.90147781,431251.30783081,85.16778564],[243045.9012928,431251.30743408,85.16738939],[243045.9011097,431251.30702972,85.16699314],[243045.90092659,431251.306633,85.16659689]]",dji_pose_mesh_ray_contour_nodes,
152,141,3,SPL,3091.525,1458.05,3087,1456,3098,1461,11,5,40,243045.90291595,431251.29951477,85.16613865,dji_pose_mesh_ray_centroid,True,True,1219968,2.674914,warp,,3091.525,1458.05,1,1,1.0,1,2.674914,2.674914,8,8,1.0,"[[3090.5,1456.0],[3091.0,1456.5],[3092.0,1456.5],[3093.0,1456.5],[3094.0,1456.5],[3095.0,1456.5],[3096.0,1456.5],[3097.0,1456.5]]","[[243045.90389442,431251.30046844,85.16776037],[243045.90371132,431251.30007172,85.16736412],[243045.90393066,431251.29940033,85.16736174],[243045.90415001,431251.29872894,85.16735983],[243045.90436935,431251.29805756,85.16735744],[243045.90459061,431251.2973938,85.16735506],[243045.90480995,431251.29672241,85.16735268],[243045.9050293,431251.29605103,85.16735029]]",dji_pose_mesh_ray_contour_nodes,
153,142,3,SPL,1320.6364,1536.9091,1319,1536,1323,1539,4,3,11,243045.47569275,431252.47026825,85.10904551,dji_pose_mesh_ray_centroid,True,True,1219564,2.795063,warp,,1320.6364,1536.9091,1,1,1.0,1,2.795063,2.795063,2,2,1.0,"[[1319.5,1538.0],[1319.0,1537.5]]","[[243045.47502708,431252.47070312,85.10822153],[243045.47518158,431252.47125244,85.10861206]]",dji_pose_mesh_ray_contour_nodes,
154,143,3,SPL,1342.3774,1538.5094,1336,1536,1354,1541,18,5,53,243045.47813034,431252.45372772,85.10754061,dji_pose_mesh_ray_centroid,True,True,1219564,2.786471,warp,,1342.3774,1538.5094,1,1,1.0,1,2.786471,2.786471,18,18,1.0,"[[1339.5,1536.0],[1340.0,1536.5],[1341.0,1536.5],[1342.0,1536.5],[1343.0,1536.5],[1344.0,1536.5],[1344.5,1537.0],[1345.0,1537.5],[1346.0,1537.5],[1347.0,1537.5],[1347.5,1538.0],[1348.0,1538.5],[1348.5,1539.0],[1349.0,1539.5],[1350.0,1539.5],[1351.0,1539.5],[1352.0,1539.5],[1353.0,1539.5]]","[[243045.47886086,431252.45676422,85.10950375],[243045.47870445,431252.4562149,85.10911322],[243045.47884941,431252.45547485,85.10910082],[243045.47899628,431252.45474243,85.10908794],[243045.47914124,431252.45401001,85.10907507],[243045.47928619,431252.45327759,85.10906267],[243045.47912979,431252.45272827,85.10867214],[243045.4789753,431252.45217896,85.10828209],[243045.47912025,431252.45144653,85.10826921],[243045.47926521,431252.45071411,85.10825682],[243045.47911072,431252.45016479,85.10786676],[243045.47895432,431252.44961548,85.10747671],[243045.47879791,431252.44906616,85.10708666],[243045.47864151,431252.44851685,85.10669708],[243045.47878838,431252.44778442,85.10668421],[243045.47893333,431252.447052,85.10667181],[243045.47907829,431252.44631958,85.10665894],[243045.47922516,431252.44558716,85.10664654]]",dji_pose_mesh_ray_contour_nodes,
155,144,3,SPL,1531.1228,1547.3421,1528,1537,1536,1562,8,25,114,243045.51291084,431252.32193756,85.10004377,dji_pose_mesh_ray_centroid,True,True,1219551,2.733553,warp,,1531.1228,1547.3421,1,1,1.0,1,2.733553,2.733553,25,25,1.0,"[[1535.0,1543.5],[1534.5,1544.0],[1534.0,1544.5],[1533.5,1545.0],[1533.5,1546.0],[1533.5,1547.0],[1533.5,1548.0],[1533.5,1549.0],[1533.5,1550.0],[1533.0,1550.5],[1532.5,1551.0],[1532.0,1551.5],[1531.5,1552.0],[1531.0,1552.5],[1530.5,1553.0],[1531.0,1553.5],[1531.5,1554.0],[1531.5,1555.0],[1531.5,1556.0],[1531.5,1557.0],[1531.5,1558.0],[1531.5,1559.0],[1531.5,1560.0],[1531.0,1560.5],[1530.5,1561.0]]","[[243045.51577568,431252.32080841,85.10300064],[243045.51540375,431252.32095337,85.10261536],[243045.51503181,431252.32109833,85.10223055],[243045.51465988,431252.32124329,85.10184574],[243045.51414871,431252.32086945,85.10107613],[243045.51363945,431252.32049561,85.10030651],[243045.51312828,431252.32012939,85.09953785],[243045.51261902,431252.31975555,85.09876919],[243045.51210785,431252.31938171,85.098001],[243045.51173782,431252.31952667,85.09761715],[243045.51136589,431252.31967163,85.0972333],[243045.51099586,431252.31981659,85.09684944],[243045.51062393,431252.31996155,85.09646606],[243045.51025391,431252.32010651,85.09608221],[243045.50988388,431252.32025146,85.09569883],[243045.50974464,431252.31973267,85.09531546],[243045.50960732,431252.3192215,85.09493208],[243045.50909805,431252.31884766,85.09416532],[243045.5085907,431252.31848145,85.09339952],[243045.50808144,431252.3181076,85.09263372],[243045.50757408,431252.31774139,85.0918684],[243045.50706673,431252.31736755,85.09110308],[243045.50655937,431252.31700134,85.09033871],[243045.50618935,431252.3171463,85.08995676],[243045.50582123,431252.31728363,85.08957434]]",dji_pose_mesh_ray_contour_nodes,
156,145,3,SPL,1314.1768,1548.0404,1301,1539,1329,1556,28,17,198,243045.46966743,431252.47088623,85.10058927,dji_pose_mesh_ray_centroid,True,True,1219564,2.789872,warp,,1314.1768,1548.0404,1,1,1.0,1,2.789872,2.789872,42,42,1.0,"[[1323.5,1555.0],[1323.0,1554.5],[1322.0,1554.5],[1321.0,1554.5],[1320.5,1554.0],[1320.0,1553.5],[1319.0,1553.5],[1318.0,1553.5],[1317.0,1553.5],[1316.0,1553.5],[1315.5,1554.0],[1315.0,1554.5],[1314.0,1554.5],[1313.0,1554.5],[1312.0,1554.5],[1311.0,1554.5],[1310.0,1554.5],[1309.0,1554.5],[1308.0,1554.5],[1307.5,1554.0],[1307.5,1553.0],[1307.5,1552.0],[1307.5,1551.0],[1308.0,1550.5],[1308.5,1550.0],[1309.0,1549.5],[1309.5,1549.0],[1309.5,1548.0],[1309.0,1547.5],[1308.0,1547.5],[1307.5,1547.0],[1307.0,1546.5],[1306.0,1546.5],[1305.5,1546.0],[1305.0,1545.5],[1304.0,1545.5],[1303.5,1545.0],[1303.0,1544.5],[1302.5,1544.0],[1302.0,1543.5],[1301.5,1543.0],[1301.0,1542.5]]","[[243045.46786118,431252.46149445,85.09515858],[243045.46801567,431252.46204376,85.09554577],[243045.4678688,431252.46277618,85.09555817],[243045.46772385,431252.46350861,85.09557009],[243045.46787834,431252.46405792,85.09595776],[243045.46803284,431252.46460724,85.09634542],[243045.46788597,431252.46533966,85.09635782],[243045.46774101,431252.46607208,85.09636974],[243045.46759415,431252.4668045,85.09638214],[243045.46744919,431252.46753693,85.09639406],[243045.46714783,431252.4677124,85.09601831],[243045.46684837,431252.46789551,85.09564304],[243045.46670341,431252.46862793,85.09565496],[243045.46655655,431252.46936035,85.09566736],[243045.46641159,431252.47009277,85.09567928],[243045.46626472,431252.4708252,85.09569168],[243045.46611977,431252.47155762,85.0957036],[243045.4659729,431252.47229004,85.095716],[243045.46582794,431252.47302246,85.09572792],[243045.46598244,431252.47357178,85.09611607],[243045.46643639,431252.47394562,85.09687948],[243045.46689034,431252.47431183,85.09764337],[243045.46734619,431252.47468567,85.09840774],[243045.46764565,431252.47450256,85.09878397],[243045.46794701,431252.47431946,85.09916019],[243045.46824646,431252.47413635,85.09953642],[243045.46854782,431252.47396088,85.09991312],[243045.46900177,431252.47432709,85.10067797],[243045.46915627,431252.47488403,85.10106707],[243045.46901131,431252.47561646,85.10107946],[243045.4691658,431252.47616577,85.10146856],[243045.4693203,431252.47672272,85.10185766],[243045.46917534,431252.47745514,85.10187006],[243045.46932983,431252.47800446,85.10225964],[243045.46948433,431252.4785614,85.10264873],[243045.46933746,431252.47929382,85.10266113],[243045.46949387,431252.47984314,85.10305071],[243045.46964836,431252.48040009,85.10344028],[243045.46980286,431252.4809494,85.10382986],[243045.46995926,431252.48150635,85.10421991],[243045.47011375,431252.48205566,85.10460949],[243045.47026825,431252.48261261,85.10499954]]",dji_pose_mesh_ray_contour_nodes,
157,146,3,SPL,1606.2222,1540.4444,1605,1539,1609,1543,4,4,9,243045.5339222,431252.27489471,85.10534716,dji_pose_mesh_ray_centroid,True,True,1219551,2.723954,warp,,1606.2222,1540.4444,1,1,1.0,1,2.723954,2.723954,4,4,1.0,"[[1608.0,1540.5],[1607.5,1541.0],[1607.0,1541.5],[1606.5,1542.0]]","[[243045.53430748,431252.2736969,85.10530424],[243045.53393173,431252.27384949,85.10491848],[243045.53355789,431252.27400208,85.1045332],[243045.53318405,431252.27414703,85.10414791]]",dji_pose_mesh_ray_contour_nodes,
158,147,3,SPL,1638.4673,1541.9813,1626,1539,1648,1547,22,8,107,243045.54063225,431252.25304413,85.1041584,dji_pose_mesh_ray_centroid,True,True,1219551,2.716914,warp,,1638.4673,1541.9813,1,1,1.0,1,2.716914,2.716914,19,19,1.0,"[[1638.5,1546.0],[1638.0,1545.5],[1637.0,1545.5],[1636.5,1545.0],[1636.0,1544.5],[1635.0,1544.5],[1634.5,1544.0],[1634.0,1543.5],[1633.5,1543.0],[1633.0,1542.5],[1632.0,1542.5],[1631.0,1542.5],[1630.0,1542.5],[1629.0,1542.5],[1628.5,1542.0],[1628.0,1541.5],[1627.5,1541.0],[1627.0,1540.5],[1626.0,1540.5]]","[[243045.53856468,431252.25159454,85.10106325],[243045.53870583,431252.25210571,85.10144806],[243045.53847313,431252.25276184,85.10144806],[243045.53861618,431252.25327301,85.10183287],[243045.53875732,431252.25377655,85.10221815],[243045.53852463,431252.25444031,85.10221815],[243045.53866577,431252.25494385,85.10260344],[243045.53880882,431252.25545502,85.10298872],[243045.53894997,431252.25596619,85.10337353],[243045.53909302,431252.25646973,85.10375881],[243045.53886032,431252.25713348,85.10375929],[243045.53862762,431252.25778961,85.10375929],[243045.53839493,431252.25845337,85.10375929],[243045.53816223,431252.2591095,85.10375977],[243045.53830338,431252.25962067,85.10414505],[243045.53844643,431252.26013184,85.10453033],[243045.53858757,431252.26064301,85.1049161],[243045.53873062,431252.26114655,85.10530186],[243045.53849792,431252.2618103,85.10530186]]",dji_pose_mesh_ray_contour_nodes,
159,148,3,SPL,1478.5,1540.0,1478,1540,1480,1541,2,1,2,243045.50425148,431252.35932159,85.1056838,dji_pose_mesh_ray_centroid,True,True,314678,2.749327,warp,,1478.5,1540.0,1,1,1.0,1,2.749327,2.749327,2,2,1.0,"[[1478.0,1540.0],[1479.0,1540.0]]","[[243045.50413322,431252.35964966,85.10568333],[243045.50436974,431252.35899353,85.1056838]]",dji_pose_mesh_ray_contour_nodes,
160,149,3,SPL,1512.5,1540.0,1511,1540,1515,1541,4,1,4,243045.51231766,431252.33696747,85.10570049,dji_pose_mesh_ray_centroid,True,True,314678,2.742528,warp,,1512.5,1540.0,1,1,1.0,1,2.742528,2.742528,4,4,1.0,"[[1511.0,1540.0],[1512.0,1540.0],[1513.0,1540.0],[1514.0,1540.0]]","[[243045.51196098,431252.33795166,85.10569954],[243045.51219749,431252.33729553,85.10570002],[243045.51243591,431252.3366394,85.10570049],[243045.51267242,431252.33598328,85.10570097]]",dji_pose_mesh_ray_contour_nodes,
161,150,3,SPL,1487.5469,1546.0781,1484,1542,1493,1551,9,9,64,243045.50330353,431252.35106659,85.10100508,dji_pose_mesh_ray_centroid,True,True,314678,2.743146,warp,,1487.5469,1546.0781,1,1,1.0,1,2.743146,2.743146,8,8,1.0,"[[1487.5,1542.0],[1488.0,1542.5],[1489.0,1542.5],[1490.0,1542.5],[1490.5,1543.0],[1491.0,1543.5],[1491.5,1544.0],[1492.0,1544.5]]","[[243045.50536728,431252.35264587,85.10414553],[243045.50522995,431252.35212708,85.10376024],[243045.50546837,431252.35147095,85.10376072],[243045.50570488,431252.35081482,85.1037612],[243045.50556946,431252.35029602,85.10337639],[243045.50543213,431252.34977722,85.10299158],[243045.50529671,431252.34925842,85.1026063],[243045.50516129,431252.34873962,85.10222149]]",dji_pose_mesh_ray_contour_nodes,
162,151,3,SPL,1547.6,1549.2,1547,1548,1549,1551,2,3,5,243045.51579285,431252.31038666,85.09861374,dji_pose_mesh_ray_centroid,True,True,1219551,2.72897,warp,,1547.6,1549.2,1,1,1.0,1,2.72897,2.72897,2,2,1.0,"[[1547.0,1548.5],[1547.5,1548.0]]","[[243045.51601028,431252.31103516,85.09915161],[243045.51638222,431252.3108902,85.09953594]]",dji_pose_mesh_ray_contour_nodes,
163,152,3,SPL,1604.25,1550.0,1604,1549,1606,1552,2,3,4,243045.52854347,431252.27275085,85.09799242,dji_pose_mesh_ray_centroid,True,True,1219551,2.717536,warp,,1604.25,1550.0,1,1,1.0,1,2.717536,2.717536,2,2,1.0,"[[1604.5,1549.0],[1605.0,1549.5]]","[[243045.52911568,431252.27294159,85.0987606],[243045.52897453,431252.27243805,85.09837627]]",dji_pose_mesh_ray_contour_nodes,
164,153,3,SPL,1257.0,1552.5,1256,1552,1259,1554,3,2,6,243045.45896912,431252.51094055,85.09783649,dji_pose_mesh_ray_centroid,True,True,314689,2.806685,warp,,1257.0,1552.5,1,1,1.0,1,2.806685,2.806685,6,6,1.0,"[[1256.0,1552.0],[1257.0,1552.0],[1258.0,1552.0],[1256.0,1553.0],[1257.0,1553.0],[1258.0,1553.0]]","[[243045.4590416,431252.51185608,85.09823084],[243045.45919609,431252.51113129,85.09821939],[243045.45935059,431252.51039886,85.09820843],[243045.45858765,431252.51147461,85.09746504],[243045.45874214,431252.51074982,85.09745359],[243045.45889473,431252.5100174,85.09744263]]",dji_pose_mesh_ray_contour_nodes,
165,154,3,SPL,1581.65,1554.875,1579,1552,1586,1560,7,8,40,243045.52079964,431252.28587341,85.09425545,dji_pose_mesh_ray_centroid,True,True,1219551,2.718358,warp,,1581.65,1554.875,1,1,1.0,1,2.718358,2.718358,9,9,1.0,"[[1585.0,1554.5],[1584.5,1555.0],[1584.5,1556.0],[1584.0,1556.5],[1583.5,1557.0],[1583.0,1557.5],[1582.5,1558.0],[1582.0,1558.5],[1581.5,1559.0]]","[[243045.52176857,431252.28380585,85.0945425],[243045.52139664,431252.28395081,85.09415913],[243045.52088547,431252.28359222,85.09339333],[243045.52051353,431252.28373718,85.09301043],[243045.52014351,431252.28388977,85.09262752],[243045.51977158,431252.28403473,85.0922451],[243045.51939964,431252.28417969,85.0918622],[243045.51902962,431252.28433228,85.09147978],[243045.51865768,431252.28447723,85.09109735]]",dji_pose_mesh_ray_contour_nodes,
166,155,3,SPL,1618.0386,1569.2031,1568,1553,1661,1592,93,39,1113,243045.52191544,431252.25681305,85.08330822,dji_pose_mesh_ray_centroid,True,True,1219551,2.701481,warp,,1618.0386,1569.2031,1,1,1.0,1,2.701481,2.701481,169,169,1.0,"[[1660.0,1554.5],[1659.5,1555.0],[1659.0,1555.5],[1658.5,1556.0],[1658.0,1556.5],[1657.5,1557.0],[1657.0,1557.5],[1656.5,1558.0],[1656.5,1559.0],[1656.0,1559.5],[1655.5,1560.0],[1655.5,1561.0],[1655.0,1561.5],[1654.5,1562.0],[1654.5,1563.0],[1654.0,1563.5],[1653.5,1564.0],[1653.0,1564.5],[1652.5,1565.0],[1652.0,1565.5],[1651.5,1566.0],[1651.0,1566.5],[1650.0,1566.5],[1649.5,1567.0],[1649.0,1567.5],[1648.0,1567.5],[1647.0,1567.5],[1646.0,1567.5],[1645.0,1567.5],[1644.0,1567.5],[1643.0,1567.5],[1642.0,1567.5],[1641.0,1567.5],[1640.0,1567.5],[1639.5,1567.0],[1639.0,1566.5],[1638.0,1566.5],[1637.0,1566.5],[1636.0,1566.5],[1635.0,1566.5],[1634.0,1566.5],[1633.5,1567.0],[1633.0,1567.5],[1632.0,1567.5],[1631.5,1568.0],[1631.0,1568.5],[1630.0,1568.5],[1629.5,1569.0],[1629.0,1569.5],[1628.5,1570.0],[1628.0,1570.5],[1627.5,1571.0],[1627.5,1572.0],[1627.5,1573.0],[1627.5,1574.0],[1627.5,1575.0],[1627.0,1575.5],[1626.5,1576.0],[1626.0,1576.5],[1625.0,1576.5],[1624.0,1576.5],[1623.0,1576.5],[1622.5,1576.0],[1622.5,1575.0],[1622.5,1574.0],[1622.5,1573.0],[1622.5,1572.0],[1622.5,1571.0],[1622.5,1570.0],[1622.5,1569.0],[1622.5,1568.0],[1622.5,1567.0],[1622.5,1566.0],[1622.0,1565.5],[1621.5,1565.0],[1621.5,1564.0],[1621.0,1563.5],[1620.5,1563.0],[1620.0,1562.5],[1619.0,1562.5],[1618.0,1562.5],[1617.0,1562.5],[1616.5,1562.0],[1616.0,1561.5],[1615.0,1561.5],[1614.0,1561.5],[1613.0,1561.5],[1612.5,1562.0],[1612.0,1562.5],[1611.5,1563.0],[1611.5,1564.0],[1611.0,1564.5],[1610.5,1565.0],[1610.5,1566.0],[1610.0,1566.5],[1609.5,1567.0],[1609.0,1567.5],[1608.5,1568.0],[1608.0,1568.5],[1607.5,1569.0],[1607.0,1569.5],[1606.5,1570.0],[1606.0,1570.5],[1605.5,1571.0],[1605.0,1571.5],[1604.5,1572.0],[1604.5,1573.0],[1604.5,1574.0],[1605.0,1574.5],[1606.0,1574.5],[1606.5,1575.0],[1607.0,1575.5],[1608.0,1575.5],[1609.0,1575.5],[1610.0,1575.5],[1611.0,1575.5],[1611.5,1575.0],[1612.0,1574.5],[1612.5,1574.0],[1612.5,1573.0],[1612.5,1572.0],[1613.0,1571.5],[1613.5,1571.0],[1614.0,1570.5],[1615.0,1570.5],[1615.5,1571.0],[1616.0,1571.5],[1617.0,1571.5],[1617.5,1572.0],[1618.0,1572.5],[1619.0,1572.5],[1619.5,1573.0],[1619.5,1574.0],[1620.0,1574.5],[1620.5,1575.0],[1620.5,1576.0],[1620.0,1576.5],[1619.5,1577.0],[1619.5,1578.0],[1619.0,1578.5],[1618.0,1578.5],[1617.5,1579.0],[1617.0,1579.5],[1616.0,1579.5],[1615.5,1580.0],[1615.0,1580.5],[1614.0,1580.5],[1613.0,1580.5],[1612.0,1580.5],[1611.5,1581.0],[1611.0,1581.5],[1610.0,1581.5],[1609.0,1581.5],[1608.0,1581.5],[1607.0,1581.5],[1606.5,1582.0],[1606.5,1583.0],[1606.0,1583.5],[1605.5,1584.0],[1606.0,1584.5],[1606.5,1585.0],[1606.5,1586.0],[1606.5,1587.0],[1606.5,1588.0],[1607.0,1588.5],[1607.5,1589.0],[1607.5,1590.0],[1607.0,1590.5],[1606.5,1591.0]]","[[243045.53917313,431252.23442078,85.09453344],[243045.53879929,431252.23457336,85.09415054],[243045.53842545,431252.23473358,85.09376717],[243045.53805161,431252.23488617,85.09338427],[243045.53767776,431252.23503876,85.09300184],[243045.53730583,431252.23519135,85.09261894],[243045.53693199,431252.23534393,85.09223604],[243045.53655815,431252.23549652,85.09185362],[243045.53604507,431252.23514557,85.09108877],[243045.53567123,431252.23529816,85.09070635],[243045.5352993,431252.23545837,85.0903244],[243045.53478432,431252.23510742,85.08956003],[243045.53441238,431252.23526001,85.08917808],[243045.53403854,431252.2354126,85.08879614],[243045.53352547,431252.23506165,85.08803272],[243045.53315353,431252.23521423,85.08765125],[243045.5327816,431252.23536682,85.08726931],[243045.53240967,431252.23551941,85.08688831],[243045.53203773,431252.235672,85.08650684],[243045.5316658,431252.23582458,85.08612537],[243045.53129387,431252.23597717,85.08574438],[243045.53092194,431252.23613739,85.08536339],[243045.53069115,431252.23679352,85.08536339],[243045.53031921,431252.23694611,85.08498239],[243045.52994728,431252.23709869,85.0846014],[243045.52971649,431252.23775482,85.08460188],[243045.5294838,431252.23841095,85.08460188],[243045.52925301,431252.23906708,85.08460188],[243045.52902222,431252.23972321,85.08460188],[243045.52878952,431252.24037933,85.08460236],[243045.52855873,431252.24103546,85.08460236],[243045.52832794,431252.24169159,85.08460236],[243045.52809715,431252.24234772,85.08460236],[243045.52786446,431252.24300385,85.08460283],[243045.5280056,431252.24350739,85.08498383],[243045.52814484,431252.24401093,85.08536482],[243045.52791405,431252.24466705,85.08536482],[243045.52768135,431252.24532318,85.08536482],[243045.52745056,431252.24597931,85.0853653],[243045.52721977,431252.24664307,85.0853653],[243045.52698708,431252.24729919,85.0853653],[243045.52661705,431252.24744415,85.0849843],[243045.52624512,431252.24759674,85.08460331],[243045.52601433,431252.24825287,85.08460379],[243045.5256424,431252.24840546,85.08422279],[243045.52527237,431252.24855804,85.08384228],[243045.52503967,431252.24921417,85.08384228],[243045.52466965,431252.24936676,85.08346176],[243045.52429962,431252.24951935,85.08308125],[243045.52392769,431252.24967194,85.08270073],[243045.52355766,431252.24982452,85.08232021],[243045.52318764,431252.24997711,85.08194017],[243045.52267647,431252.24961853,85.08117962],[243045.52216721,431252.24926758,85.08041954],[243045.52165794,431252.24891663,85.07965994],[243045.52115059,431252.24856567,85.07890034],[243045.52078056,431252.24871063,85.07852077],[243045.52041054,431252.24886322,85.07814169],[243045.52004051,431252.24901581,85.07776213],[243045.51980972,431252.24967194,85.07776213],[243045.51957893,431252.25032806,85.0777626],[243045.51934814,431252.25098419,85.0777626],[243045.51948547,431252.25148773,85.07814217],[243045.51999474,431252.25183868,85.07890081],[243045.520504,431252.25218964,85.07966042],[243045.52101326,431252.25254822,85.08042002],[243045.52152252,431252.25289917,85.0811801],[243045.52203178,431252.25325012,85.08194065],[243045.52254105,431252.2536087,85.08270121],[243045.52305031,431252.25395966,85.08346224],[243045.52356148,431252.25431824,85.08422375],[243045.52407074,431252.25466919,85.08498573],[243045.52458191,431252.25502777,85.08574772],[243045.52472115,431252.25553131,85.08612919],[243045.52486038,431252.25603485,85.08651018],[243045.52537155,431252.25639343,85.08727312],[243045.5255127,431252.25689697,85.08765507],[243045.52565193,431252.25740051,85.08803654],[243045.52579117,431252.25791168,85.08841848],[243045.52556038,431252.25856781,85.08841848],[243045.52532768,431252.25922394,85.08841848],[243045.52509689,431252.25988007,85.08841848],[243045.52523613,431252.26039124,85.08880043],[243045.52537727,431252.26089478,85.08918238],[243045.52514458,431252.2615509,85.08918285],[243045.52491379,431252.26220703,85.08918285],[243045.52468109,431252.26286316,85.08918285],[243045.52430916,431252.26301575,85.08880091],[243045.52393913,431252.26316833,85.08841944],[243045.5235672,431252.26332092,85.08803749],[243045.52305603,431252.26296234,85.08727455],[243045.522686,431252.2631073,85.08689308],[243045.52231407,431252.26325989,85.08651161],[243045.52180481,431252.26290131,85.08574915],[243045.52143478,431252.26305389,85.08536816],[243045.52106285,431252.26320648,85.08498716],[243045.52069283,431252.26335144,85.08460617],[243045.5203228,431252.26350403,85.08422518],[243045.51995277,431252.26365662,85.08384466],[243045.51958084,431252.26380157,85.08346415],[243045.51921082,431252.26395416,85.08308363],[243045.51884079,431252.26410675,85.08270311],[243045.51847076,431252.26425171,85.0823226],[243045.51810074,431252.2644043,85.08194256],[243045.51773071,431252.26455688,85.08156204],[243045.51736069,431252.26470184,85.081182],[243045.51685333,431252.26434326,85.08042192],[243045.51634598,431252.26399231,85.07966232],[243045.51620674,431252.26348114,85.07928276],[243045.51643753,431252.26283264,85.07928276],[243045.5163002,431252.26232147,85.07890272],[243045.51616096,431252.26181793,85.07852316],[243045.51639175,431252.2611618,85.07852316],[243045.51662254,431252.26050568,85.07852316],[243045.51685333,431252.25984955,85.07852268],[243045.51708412,431252.25920105,85.07852268],[243045.51745415,431252.25904846,85.07890224],[243045.51782417,431252.25889587,85.07928181],[243045.5181942,431252.25874329,85.07966137],[243045.51870155,431252.25910187,85.08042097],[243045.51921082,431252.25946045,85.08118105],[243045.51958084,431252.25930786,85.08156156],[243045.51995087,431252.25915527,85.0819416],[243045.52032089,431252.25900269,85.08232164],[243045.52055168,431252.25834656,85.08232164],[243045.52041245,431252.25784302,85.08194113],[243045.52027321,431252.25733948,85.08156109],[243045.52050591,431252.25668335,85.08156109],[243045.52036667,431252.25617981,85.08118057],[243045.52022743,431252.25567627,85.08080053],[243045.52045822,431252.25502014,85.08080053],[243045.52031898,431252.25450897,85.08042049],[243045.51981163,431252.25415802,85.07966089],[243045.51967239,431252.25365448,85.07928085],[243045.51953316,431252.25315094,85.07890129],[243045.5190239,431252.25279236,85.07814217],[243045.51865578,431252.25294495,85.07776308],[243045.51828575,431252.25309753,85.07738399],[243045.5177784,431252.25274658,85.07662535],[243045.51740837,431252.25289154,85.07624626],[243045.51717758,431252.25354767,85.07624674],[243045.51680946,431252.25370026,85.07586765],[243045.51643944,431252.25385284,85.07548904],[243045.51620865,431252.25450897,85.07548904],[243045.51584053,431252.25465393,85.07511044],[243045.5154705,431252.25480652,85.07473183],[243045.51523972,431252.25546265,85.07473183],[243045.51501083,431252.25611877,85.07473183],[243045.51478004,431252.25676727,85.0747323],[243045.51441002,431252.25691986,85.07435369],[243045.5140419,431252.25707245,85.07397509],[243045.51381111,431252.25772858,85.07397509],[243045.51358032,431252.25837708,85.07397556],[243045.51334953,431252.2590332,85.07397556],[243045.51311874,431252.25968933,85.07397556],[243045.51275063,431252.25984192,85.07359743],[243045.51224518,431252.25948334,85.07284069],[243045.51187706,431252.25963593,85.07246256],[243045.51150894,431252.25978088,85.07208443],[243045.51137161,431252.25927734,85.07170677],[243045.51123428,431252.2587738,85.07132864],[243045.51072884,431252.25842285,85.07057333],[243045.51022339,431252.2580719,85.06981802],[243045.50971794,431252.25771332,85.06906319],[243045.50958061,431252.25720978,85.06868601],[243045.50944519,431252.25670624,85.06830835],[243045.50893974,431252.25635529,85.06755447],[243045.50857162,431252.25650787,85.06717777],[243045.50820541,431252.25665283,85.06680059]]",dji_pose_mesh_ray_contour_nodes,
167,156,3,SPL,1299.4706,1560.3333,1293,1557,1304,1565,11,8,51,243045.46193695,431252.47710419,85.0913825,dji_pose_mesh_ray_centroid,True,True,1219564,2.78684,warp,,1299.4706,1560.3333,1,1,1.0,1,2.78684,2.78684,11,11,1.0,"[[1299.5,1564.0],[1299.0,1563.5],[1298.5,1563.0],[1298.0,1562.5],[1297.5,1562.0],[1297.0,1561.5],[1296.0,1561.5],[1295.0,1561.5],[1294.0,1561.5],[1293.5,1561.0],[1293.0,1560.5]]","[[243045.46028137,431252.47572327,85.0885911],[243045.46043396,431252.47627258,85.08897734],[243045.46058273,431252.4768219,85.0893631],[243045.46073341,431252.47737122,85.08974886],[243045.46088409,431252.47792053,85.0901351],[243045.46103287,431252.47846222,85.09052134],[243045.46088028,431252.47919464,85.0905323],[243045.46072578,431252.47991943,85.09054327],[243045.4605732,431252.48064423,85.09055424],[243045.46072197,431252.48119354,85.09094048],[243045.46087265,431252.48174286,85.09132671]]",dji_pose_mesh_ray_contour_nodes,
168,157,3,SPL,1809.6073,1577.8645,1789,1562,1834,1597,45,35,657,243045.5596199,431252.12698364,85.07644701,dji_pose_mesh_ray_centroid,True,True,1220017,2.660857,warp,,1809.6073,1577.8645,1,1,1.0,1,2.660857,2.660857,71,71,1.0,"[[1812.5,1562.0],[1813.0,1562.5],[1814.0,1562.5],[1815.0,1562.5],[1816.0,1562.5],[1816.5,1563.0],[1817.0,1563.5],[1818.0,1563.5],[1819.0,1563.5],[1820.0,1563.5],[1821.0,1563.5],[1821.5,1564.0],[1821.5,1565.0],[1821.5,1566.0],[1821.0,1566.5],[1820.0,1566.5],[1819.0,1566.5],[1818.0,1566.5],[1817.5,1567.0],[1817.0,1567.5],[1816.0,1567.5],[1815.0,1567.5],[1814.5,1568.0],[1814.0,1568.5],[1813.5,1569.0],[1813.0,1569.5],[1812.5,1570.0],[1812.5,1571.0],[1812.5,1572.0],[1812.0,1572.5],[1811.5,1573.0],[1811.5,1574.0],[1812.0,1574.5],[1812.5,1575.0],[1812.5,1576.0],[1813.0,1576.5],[1813.5,1577.0],[1814.0,1577.5],[1814.5,1578.0],[1815.0,1578.5],[1815.5,1579.0],[1816.0,1579.5],[1816.5,1580.0],[1816.5,1581.0],[1816.5,1582.0],[1817.0,1582.5],[1817.5,1583.0],[1817.5,1584.0],[1818.0,1584.5],[1818.5,1585.0],[1818.5,1586.0],[1819.0,1586.5],[1819.5,1587.0],[1820.0,1587.5],[1820.5,1588.0],[1821.0,1588.5],[1821.5,1589.0],[1822.0,1589.5],[1823.0,1589.5],[1824.0,1589.5],[1825.0,1589.5],[1825.5,1589.0],[1826.0,1588.5],[1827.0,1588.5],[1828.0,1588.5],[1829.0,1588.5],[1830.0,1588.5],[1831.0,1588.5],[1832.0,1588.5],[1832.5,1589.0],[1833.0,1589.5]]","[[243045.5687561,431252.13039398,85.08853579],[243045.56859016,431252.12988281,85.08815145],[243045.56879997,431252.12921906,85.08814859],[243045.56900787,431252.12854767,85.08814573],[243045.56921577,431252.12787628,85.08814239],[243045.56905174,431252.12737274,85.08775854],[243045.5688858,431252.1268692,85.08737469],[243045.5690937,431252.12619781,85.08737135],[243045.56930351,431252.12552643,85.08736849],[243045.56951141,431252.12485504,85.08736563],[243045.56971931,431252.12418365,85.08736229],[243045.56955338,431252.12368011,85.08697844],[243045.5690155,431252.12334442,85.08621407],[243045.56847572,431252.12300873,85.08545017],[243045.56810188,431252.12317657,85.08506966],[243045.56789207,431252.12384796,85.08507252],[243045.56768417,431252.12451935,85.08507538],[243045.56747627,431252.12519073,85.08507872],[243045.56710052,431252.12535095,85.0846982],[243045.56672859,431252.1255188,85.08431816],[243045.56651878,431252.12619019,85.08432102],[243045.56631088,431252.12686157,85.08432388],[243045.56593704,431252.12702942,85.08394384],[243045.5655632,431252.12719727,85.0835638],[243045.56518936,431252.12735748,85.08318377],[243045.56481743,431252.12752533,85.08280373],[243045.56444359,431252.12769318,85.08242416],[243045.56390572,431252.12735748,85.0816617],[243045.56336784,431252.12702179,85.08089972],[243045.56299591,431252.12718964,85.08052015],[243045.56262207,431252.12735748,85.08014107],[243045.56208611,431252.12701416,85.07937956],[243045.56192207,431252.12651825,85.07899761],[243045.56175804,431252.12601471,85.07861614],[243045.56122017,431252.12567902,85.07785559],[243045.56105614,431252.12517548,85.07747412],[243045.56089211,431252.12467194,85.07709265],[243045.56072807,431252.12417603,85.07671118],[243045.56056404,431252.12367249,85.07632971],[243045.56040001,431252.12316895,85.07594871],[243045.56023598,431252.12266541,85.07556725],[243045.56007195,431252.12216949,85.07518673],[243045.55990791,431252.12166595,85.07480574],[243045.55937386,431252.12133026,85.07404709],[243045.55883789,431252.12099457,85.07328844],[243045.55867386,431252.12049866,85.0729084],[243045.55850983,431252.11999512,85.07252789],[243045.55797577,431252.11965942,85.07177019],[243045.55781174,431252.11916351,85.07139015],[243045.55764961,431252.11865997,85.07101011],[243045.55711555,431252.11833191,85.07025337],[243045.55695152,431252.11782837,85.06987381],[243045.5567894,431252.11733246,85.06949425],[243045.55662537,431252.11682892,85.06911468],[243045.55646324,431252.11633301,85.06873512],[243045.55629921,431252.11582947,85.06835604],[243045.55613708,431252.11533356,85.06797695],[243045.55597305,431252.11483002,85.06759739],[243045.55618095,431252.11416626,85.06759453],[243045.55638885,431252.1135025,85.06759214],[243045.55659485,431252.11283112,85.06758928],[243045.55696678,431252.1126709,85.06796551],[243045.55733681,431252.11250305,85.06834173],[243045.55754471,431252.11183167,85.06833887],[243045.55775261,431252.11116791,85.06833649],[243045.5579586,431252.11050415,85.06833363],[243045.5581665,431252.10983276,85.06833076],[243045.5583744,431252.10916901,85.0683279],[243045.55858231,431252.10850525,85.06832504],[243045.55841827,431252.10800171,85.06794596],[243045.55825615,431252.1075058,85.06756687]]",dji_pose_mesh_ray_contour_nodes,
169,158,3,SPL,1831.5294,1564.2353,1830,1562,1835,1567,5,5,17,243045.57151985,431252.11688232,85.08676863,dji_pose_mesh_ray_centroid,True,True,1220017,2.666688,warp,,1831.5294,1564.2353,1,1,1.0,1,2.666688,2.666688,5,5,1.0,"[[1831.5,1562.0],[1832.0,1562.5],[1833.0,1562.5],[1833.5,1563.0],[1834.0,1563.5]]","[[243045.57272148,431252.11764526,85.08847809],[243045.57255554,431252.11714935,85.08809423],[243045.57276535,431252.11647797,85.08809137],[243045.5725975,431252.11597443,85.08770704],[243045.57243156,431252.11547089,85.08732319]]",dji_pose_mesh_ray_contour_nodes,
170,159,3,SPL,1311.3636,1566.7273,1309,1564,1316,1571,7,7,22,243045.46077919,431252.46604919,85.08637857,dji_pose_mesh_ray_centroid,True,True,1219564,2.778479,warp,,1311.3636,1566.7273,1,1,1.0,1,2.778479,2.778479,9,9,1.0,"[[1315.0,1566.5],[1314.0,1566.5],[1313.5,1567.0],[1313.0,1567.5],[1312.5,1568.0],[1312.0,1568.5],[1311.5,1569.0],[1311.0,1569.5],[1310.5,1570.0]]","[[243045.46141243,431252.46348572,85.08650875],[243045.46126747,431252.46421051,85.08652019],[243045.46096802,431252.46439362,85.08614683],[243045.46066856,431252.46457672,85.08577299],[243045.46037102,431252.4647522,85.08539915],[243045.46007156,431252.4649353,85.08502579],[243045.45977402,431252.46511841,85.08465242],[243045.45947456,431252.46530151,85.08427858],[243045.45917702,431252.46547699,85.08390522]]",dji_pose_mesh_ray_contour_nodes,
171,160,3,SPL,1324.2727,1567.2727,1323,1566,1327,1570,4,4,11,243045.46241379,431252.45643616,85.08581352,dji_pose_mesh_ray_centroid,True,True,1219564,2.773658,warp,,1324.2727,1567.2727,1,1,1.0,1,2.773658,2.773658,3,3,1.0,"[[1325.5,1566.0],[1325.5,1567.0],[1326.0,1567.5]]","[[243045.46316719,431252.45600891,85.08676481],[243045.46271515,431252.4556427,85.08600616],[243045.46256256,431252.45509338,85.08562088]]",dji_pose_mesh_ray_contour_nodes,
172,161,3,SPL,1528.4,1574.3571,1523,1570,1534,1579,11,9,70,243045.49858475,431252.31374359,85.07939959,dji_pose_mesh_ray_centroid,True,True,1219551,2.715038,warp,,1528.4,1574.3571,1,1,1.0,1,2.715038,2.715038,9,9,1.0,"[[1527.5,1570.0],[1528.0,1570.5],[1529.0,1570.5],[1530.0,1570.5],[1530.5,1571.0],[1531.0,1571.5],[1532.0,1571.5],[1532.5,1572.0],[1533.0,1572.5]]","[[243045.5005722,431252.31593323,85.08271217],[243045.50043678,431252.31542206,85.08233166],[243045.50066757,431252.31476593,85.08233118],[243045.50089836,431252.3141098,85.08233118],[243045.50076294,431252.31359863,85.08195114],[243045.50062561,431252.31308746,85.08157062],[243045.5008564,431252.31243134,85.08157062],[243045.50072098,431252.31192017,85.08119011],[243045.50058365,431252.311409,85.08081007]]",dji_pose_mesh_ray_contour_nodes,
173,162,3,SPL,1632.9375,1573.8125,1632,1571,1635,1577,3,6,16,243045.52301025,431252.24541473,85.07980156,dji_pose_mesh_ray_centroid,True,True,1219551,2.69555,warp,,1632.9375,1573.8125,1,1,1.0,1,2.69555,2.69555,3,3,1.0,"[[1632.5,1571.0],[1633.0,1571.5],[1634.0,1571.5]]","[[243045.52434349,431252.24669647,85.08193922],[243045.52420425,431252.24619293,85.08155918],[243045.52443504,431252.2455368,85.08155918]]",dji_pose_mesh_ray_contour_nodes,
174,163,3,SPL,1517.5833,1572.4167,1515,1572,1522,1574,7,2,12,243045.49706268,431252.32154846,85.0808754,dji_pose_mesh_ray_centroid,True,True,1219551,2.718554,warp,,1517.5833,1572.4167,1,1,1.0,1,2.718554,2.718554,3,3,1.0,"[[1521.0,1572.5],[1520.0,1572.5],[1519.5,1573.0]]","[[243045.49781036,431252.3192749,85.0808115],[243045.49757767,431252.31993103,85.0808115],[243045.49721146,431252.32007599,85.08043146]]",dji_pose_mesh_ray_contour_nodes,
175,164,3,SPL,1647.1534,1586.9616,1621,1575,1671,1600,50,25,704,243045.51960564,431252.23151398,85.06984234,dji_pose_mesh_ray_centroid,True,True,1219551,2.683901,warp,,1647.1534,1586.9616,1,1,1.0,1,2.683901,2.683901,56,56,1.0,"[[1670.0,1591.5],[1669.5,1592.0],[1669.5,1593.0],[1669.5,1594.0],[1669.0,1594.5],[1668.5,1595.0],[1668.0,1595.5],[1667.0,1595.5],[1666.0,1595.5],[1665.0,1595.5],[1664.5,1595.0],[1664.0,1594.5],[1663.5,1594.0],[1663.0,1593.5],[1662.5,1593.0],[1662.0,1592.5],[1661.0,1592.5],[1660.5,1592.0],[1660.0,1591.5],[1659.5,1591.0],[1659.5,1590.0],[1659.5,1589.0],[1659.0,1588.5],[1658.5,1588.0],[1658.0,1587.5],[1657.0,1587.5],[1656.5,1587.0],[1656.0,1586.5],[1655.0,1586.5],[1654.0,1586.5],[1653.0,1586.5],[1652.0,1586.5],[1651.5,1587.0],[1651.5,1588.0],[1651.5,1589.0],[1651.5,1590.0],[1651.5,1591.0],[1651.0,1591.5],[1650.5,1592.0],[1650.0,1592.5],[1649.0,1592.5],[1648.5,1593.0],[1648.0,1593.5],[1647.0,1593.5],[1646.0,1593.5],[1645.0,1593.5],[1644.0,1593.5],[1643.5,1594.0],[1643.0,1594.5],[1642.5,1595.0],[1642.5,1596.0],[1642.5,1597.0],[1642.0,1597.5],[1641.5,1598.0],[1641.0,1598.5],[1640.5,1599.0]]","[[243045.52256393,431252.21502686,85.06641722],[243045.52219582,431252.21517944,85.06604052],[243045.52168846,431252.21483612,85.06528759],[243045.52118111,431252.2144928,85.06453514],[243045.52081299,431252.21464539,85.06415892],[243045.52044487,431252.2148056,85.06378269],[243045.52007675,431252.21495819,85.06340647],[243045.51984787,431252.21560669,85.06340694],[243045.51961708,431252.21626282,85.06340694],[243045.5193882,431252.21691132,85.06340694],[243045.51952553,431252.21741486,85.06378317],[243045.51966476,431252.21791077,85.06415939],[243045.51980209,431252.21840668,85.06453562],[243045.51993942,431252.21890259,85.06491184],[243045.52007866,431252.21940613,85.06528854],[243045.5202179,431252.21990204,85.06566477],[243045.51998711,431252.22055817,85.06566524],[243045.52012444,431252.22105408,85.06604147],[243045.52026367,431252.22154999,85.06641817],[243045.520401,431252.22205353,85.06679535],[243045.52090836,431252.22239685,85.06754875],[243045.52141571,431252.22274017,85.06830311],[243045.52155495,431252.22324371,85.06868029],[243045.52169228,431252.22373962,85.06905746],[243045.52183151,431252.22424316,85.06943512],[243045.52160072,431252.22489166,85.06943512],[243045.52173996,431252.2253952,85.06981277],[243045.5218792,431252.22589111,85.07018995],[243045.52164841,431252.22654724,85.07019043],[243045.52141762,431252.22720337,85.07019043],[243045.52118683,431252.22785187,85.07019043],[243045.52095795,431252.228508,85.07019043],[243045.52058792,431252.22866058,85.06981325],[243045.52008057,431252.22831726,85.06905842],[243045.51957321,431252.22796631,85.06830406],[243045.51906776,431252.22762299,85.06754971],[243045.51856041,431252.22727203,85.06679583],[243045.51819229,431252.22742462,85.06641912],[243045.51782417,431252.22758484,85.0660429],[243045.51745605,431252.22773743,85.0656662],[243045.51722527,431252.22838593,85.0656662],[243045.51685905,431252.22853851,85.06528997],[243045.51649094,431252.2286911,85.06491375],[243045.51626015,431252.22934723,85.06491375],[243045.51603127,431252.22999573,85.06491375],[243045.51580048,431252.23065186,85.06491375],[243045.51557159,431252.23130035,85.06491375],[243045.51520348,431252.23145294,85.06453752],[243045.51483536,431252.23160553,85.06416178],[243045.51446724,431252.23175812,85.06378555],[243045.5139637,431252.23141479,85.06303358],[243045.51345825,431252.23107147,85.06228161],[243045.51309204,431252.23122406,85.06190634],[243045.51272392,431252.23137665,85.06153059],[243045.51235771,431252.23152924,85.06115484],[243045.51198959,431252.23168182,85.06077957]]",dji_pose_mesh_ray_contour_nodes,
176,165,3,SPL,1672.2,1576.4,1671,1576,1674,1578,3,2,5,243045.5307579,431252.21878815,85.07783318,dji_pose_mesh_ray_centroid,True,True,1219551,2.686764,warp,,1672.2,1576.4,1,1,1.0,1,2.686764,2.686764,2,2,1.0,"[[1671.5,1577.0],[1671.0,1576.5]]","[[243045.5302906,431252.21903992,85.0773778],[243045.53042984,431252.21953583,85.07775736]]",dji_pose_mesh_ray_contour_nodes,
177,166,3,SPL,1432.5469,1592.3359,1421,1584,1444,1603,23,19,128,243045.46715355,431252.36946106,85.06576872,dji_pose_mesh_ray_centroid,True,True,314678,2.72182,warp,,1432.5469,1592.3359,1,1,1.0,1,2.72182,2.72182,37,37,1.0,"[[1441.5,1602.0],[1441.0,1601.5],[1440.5,1601.0],[1440.0,1600.5],[1439.5,1600.0],[1439.0,1599.5],[1438.0,1599.5],[1437.0,1599.5],[1436.5,1599.0],[1436.0,1598.5],[1435.5,1598.0],[1435.0,1597.5],[1434.5,1597.0],[1434.0,1596.5],[1433.5,1596.0],[1433.5,1595.0],[1433.0,1594.5],[1432.0,1594.5],[1431.5,1594.0],[1431.0,1593.5],[1430.5,1593.0],[1430.0,1592.5],[1429.0,1592.5],[1428.0,1592.5],[1427.0,1592.5],[1426.0,1592.5],[1425.5,1592.0],[1425.0,1591.5],[1424.5,1591.0],[1424.0,1590.5],[1423.5,1590.0],[1423.0,1589.5],[1422.5,1589.0],[1422.0,1588.5],[1421.5,1588.0],[1421.5,1587.0],[1421.0,1586.5]]","[[243045.46447945,431252.36000061,85.05851078],[243045.46460724,431252.36051178,85.0588851],[243045.46473694,431252.36103058,85.05925989],[243045.46486664,431252.36154175,85.05963516],[243045.46499634,431252.36205292,85.06000996],[243045.46512604,431252.36256409,85.06038475],[243045.46489334,431252.36321259,85.06038475],[243045.46465874,431252.36386108,85.06038427],[243045.46478844,431252.36437225,85.06075907],[243045.46491814,431252.36488342,85.06113434],[243045.46504784,431252.36540222,85.06151009],[243045.46517754,431252.36591339,85.06188536],[243045.46530724,431252.36642456,85.06226063],[243045.46543694,431252.36694336,85.06263638],[243045.46556664,431252.36745453,85.06301212],[243045.46606064,431252.36782837,85.06376409],[243045.46619034,431252.36834717,85.06413984],[243045.46595764,431252.36899567,85.06413937],[243045.46608734,431252.36950684,85.06451559],[243045.46622276,431252.37002563,85.06489229],[243045.46637344,431252.37055969,85.0652709],[243045.46652412,431252.37108612,85.06564951],[243045.46637726,431252.37180328,85.06566],[243045.46623039,431252.37252045,85.06567049],[243045.46608543,431252.37323761,85.06568098],[243045.46593857,431252.37395477,85.06569147],[243045.46608734,431252.37448883,85.06607056],[243045.46623802,431252.37501526,85.06644964],[243045.4663887,431252.37554932,85.06682873],[243045.46653938,431252.37607574,85.06720781],[243045.46668816,431252.3766098,85.0675869],[243045.46683884,431252.37713623,85.06796646],[243045.46698952,431252.37767029,85.06834602],[243045.4671402,431252.37819672,85.06872559],[243045.46729088,431252.37873077,85.06910515],[243045.4677372,431252.3790741,85.06985426],[243045.46788788,431252.37960815,85.07023382]]",dji_pose_mesh_ray_contour_nodes,
178,167,3,SPL,1433.4,1585.2,1433,1584,1435,1587,2,3,5,243045.47089005,431252.37161255,85.07115173,dji_pose_mesh_ray_centroid,True,True,314678,2.726606,warp,,1433.4,1585.2,1,1,1.0,1,2.726606,2.726606,2,2,1.0,"[[1433.5,1584.0],[1434.0,1584.5]]","[[243045.47150803,431252.37200165,85.07205868],[243045.47137833,431252.37149048,85.07168055]]",dji_pose_mesh_ray_contour_nodes,
179,168,3,SPL,1561.5,1588.0,1561,1588,1563,1589,2,1,2,243045.49935532,431252.287117,85.06906795,dji_pose_mesh_ray_centroid,True,True,1219551,2.699085,warp,,1561.5,1588.0,1,1,1.0,1,2.699085,2.699085,2,2,1.0,"[[1561.0,1588.0],[1562.0,1588.0]]","[[243045.49924088,431252.28744507,85.06906795],[243045.49947166,431252.28678894,85.06906795]]",dji_pose_mesh_ray_contour_nodes,
180,169,3,SPL,1681.8421,1592.8421,1680,1591,1685,1596,5,5,19,243045.5246067,431252.20683289,85.06540537,dji_pose_mesh_ray_centroid,True,True,1219551,2.67378,warp,,1681.8421,1592.8421,1,1,1.0,1,2.67378,2.67378,4,4,1.0,"[[1684.0,1593.5],[1683.5,1594.0],[1683.0,1594.5],[1682.5,1595.0]]","[[243045.52477074,431252.2052002,85.06490993],[243045.52440071,431252.20536041,85.06453371],[243045.52403259,431252.205513,85.06415749],[243045.52366447,431252.20567322,85.06378126]]",dji_pose_mesh_ray_contour_nodes,
181,170,3,SPL,1777.5103,1597.9379,1769,1594,1789,1604,20,10,145,243045.54226112,431252.14163208,85.0613575,dji_pose_mesh_ray_centroid,True,True,1220017,2.652514,warp,,1777.5103,1597.9379,1,1,1.0,1,2.652514,2.652514,16,16,1.0,"[[1788.0,1598.5],[1787.5,1599.0],[1787.0,1599.5],[1786.0,1599.5],[1785.5,1600.0],[1785.0,1600.5],[1784.0,1600.5],[1783.5,1600.0],[1783.0,1599.5],[1782.5,1600.0],[1782.0,1600.5],[1781.0,1600.5],[1780.5,1601.0],[1780.5,1602.0],[1780.0,1602.5],[1779.5,1603.0]]","[[243045.54413795,431252.13446045,85.06090593],[243045.54376984,431252.1346283,85.06053162],[243045.54340172,431252.13478851,85.06015682],[243045.54319382,431252.1354599,85.06015921],[243045.5428257,431252.13562012,85.05978489],[243045.54245758,431252.13578796,85.05941009],[243045.54224968,431252.13645172,85.05941296],[243045.5424118,431252.13694763,85.05979013],[243045.54257202,431252.13745117,85.06016731],[243045.5422039,431252.13761902,85.059793],[243045.54183578,431252.13777924,85.0594182],[243045.54162788,431252.13844299,85.05942106],[243045.54126167,431252.13861084,85.05904627],[243045.54073143,431252.13827515,85.05829525],[243045.54036522,431252.13843536,85.05792093],[243045.5399971,431252.13860321,85.05754662]]",dji_pose_mesh_ray_contour_nodes,
182,171,3,SPL,1172.0,1596.0,1172,1596,1173,1597,1,1,1,243045.42214584,431252.55252075,85.06514931,dji_pose_mesh_ray_centroid,True,True,1219562,2.802341,warp,,1172.0,1596.0,1,1,1.0,1,2.802341,2.802341,1,1,1.0,"[[1172.0,1596.0]]","[[243045.42214584,431252.55252075,85.06514931]]",dji_pose_mesh_ray_contour_nodes,
183,172,3,SPL,1668.1605,1602.7778,1661,1597,1675,1608,14,11,81,243045.51643562,431252.21235657,85.05794287,dji_pose_mesh_ray_centroid,True,True,1219551,2.669383,warp,,1668.1605,1602.7778,1,1,1.0,1,2.669383,2.669383,15,15,1.0,"[[1661.0,1604.5],[1661.5,1604.0],[1662.0,1603.5],[1663.0,1603.5],[1663.5,1603.0],[1664.0,1602.5],[1665.0,1602.5],[1665.5,1602.0],[1666.0,1601.5],[1666.5,1601.0],[1666.5,1600.0],[1666.5,1599.0],[1667.0,1598.5],[1667.5,1598.0],[1667.5,1597.0]]","[[243045.51392555,431252.21643066,85.0566535],[243045.51429176,431252.21627808,85.05702782],[243045.51465797,431252.21612549,85.05740213],[243045.51488686,431252.21546936,85.05740213],[243045.51525497,431252.21531677,85.05777693],[243045.51562119,431252.21516418,85.05815124],[243045.51585007,431252.21451569,85.05815124],[243045.51621819,431252.21435547,85.05852604],[243045.5165844,431252.21420288,85.05890083],[243045.51695251,431252.21405029,85.0592761],[243045.51745796,431252.21439362,85.06002617],[243045.5179615,431252.21473694,85.06077671],[243045.51832962,431252.21457672,85.06115246],[243045.51869774,431252.21442413,85.06152773],[243045.51920319,431252.21476746,85.06227922]]",dji_pose_mesh_ray_contour_nodes,
184,173,3,SPL,1422.5489,1611.244,1392,1599,1460,1625,68,26,787,243045.45709991,431252.37001038,85.0517745,dji_pose_mesh_ray_centroid,True,True,1219545,2.71288,warp,,1422.5489,1611.244,1,1,1.0,1,2.71288,2.71288,90,90,1.0,"[[1419.5,1599.0],[1420.0,1599.5],[1420.5,1600.0],[1420.5,1601.0],[1420.5,1602.0],[1420.0,1602.5],[1419.5,1603.0],[1419.0,1603.5],[1418.0,1603.5],[1417.0,1603.5],[1416.0,1603.5],[1415.0,1603.5],[1414.5,1604.0],[1414.0,1604.5],[1413.5,1605.0],[1413.5,1606.0],[1413.0,1606.5],[1412.5,1607.0],[1412.5,1608.0],[1413.0,1608.5],[1413.5,1609.0],[1414.0,1609.5],[1415.0,1609.5],[1416.0,1609.5],[1417.0,1609.5],[1417.5,1609.0],[1418.0,1608.5],[1418.5,1608.0],[1418.5,1607.0],[1419.0,1606.5],[1420.0,1606.5],[1420.5,1606.0],[1421.0,1605.5],[1422.0,1605.5],[1422.5,1606.0],[1423.0,1606.5],[1424.0,1606.5],[1425.0,1606.5],[1425.5,1607.0],[1426.0,1607.5],[1427.0,1607.5],[1428.0,1607.5],[1429.0,1607.5],[1430.0,1607.5],[1431.0,1607.5],[1432.0,1607.5],[1432.5,1607.0],[1433.0,1606.5],[1433.5,1606.0],[1434.0,1605.5],[1435.0,1605.5],[1436.0,1605.5],[1436.5,1605.0],[1437.0,1604.5],[1438.0,1604.5],[1438.5,1605.0],[1439.0,1605.5],[1440.0,1605.5],[1441.0,1605.5],[1442.0,1605.5],[1442.5,1605.0],[1443.0,1604.5],[1444.0,1604.5],[1445.0,1604.5],[1446.0,1604.5],[1446.5,1605.0],[1447.0,1605.5],[1447.5,1606.0],[1447.5,1607.0],[1447.5,1608.0],[1447.5,1609.0],[1447.5,1610.0],[1447.5,1611.0],[1448.0,1611.5],[1448.5,1612.0],[1448.5,1613.0],[1448.5,1614.0],[1449.0,1614.5],[1450.0,1614.5],[1451.0,1614.5],[1452.0,1614.5],[1453.0,1614.5],[1454.0,1614.5],[1454.5,1615.0],[1455.0,1615.5],[1456.0,1615.5],[1457.0,1615.5],[1458.0,1615.5],[1458.5,1616.0],[1459.0,1616.5]]","[[243045.46208954,431252.37638092,85.06090832],[243045.46194077,431252.37585449,85.06053066],[243045.46179199,431252.37532043,85.06015301],[243045.46134567,431252.37497711,85.05940771],[243045.46090126,431252.37464142,85.05866337],[243045.46060562,431252.37482452,85.0582962],[243045.46030998,431252.37500763,85.05792904],[243045.46001434,431252.37519836,85.05756235],[243045.45986938,431252.37591553,85.05757236],[243045.45972252,431252.37663269,85.05758238],[243045.45957565,431252.37734222,85.05759287],[243045.45943069,431252.37805939,85.05760288],[243045.45913506,431252.37825012,85.05723572],[243045.45883942,431252.37843323,85.05686903],[243045.45854378,431252.37861633,85.05650234],[243045.45810127,431252.37827301,85.05575848],[243045.45780563,431252.37846375,85.05539179],[243045.45750999,431252.37864685,85.0550251],[243045.45706749,431252.37830353,85.05428219],[243045.45691872,431252.3777771,85.05390596],[243045.45676994,431252.37725067,85.05352974],[243045.45662117,431252.37671661,85.05315351],[243045.45676804,431252.37600708,85.0531435],[243045.4569149,431252.37528992,85.05313349],[243045.45705986,431252.37457275,85.05312347],[243045.4573555,431252.37438965,85.05348968],[243045.45765114,431252.37419891,85.0538559],[243045.45794487,431252.37401581,85.05422211],[243045.45838928,431252.37435913,85.05496502],[243045.45868301,431252.3741684,85.05533171],[243045.45882988,431252.37345123,85.05532169],[243045.45912552,431252.37326813,85.0556879],[243045.45941925,431252.37308502,85.05605459],[243045.45956612,431252.37236786,85.05604458],[243045.45941734,431252.37184143,85.05566788],[243045.45926857,431252.37130737,85.05529118],[243045.45941544,431252.37059784,85.05528116],[243045.45956039,431252.36988068,85.05527115],[243045.45941162,431252.36935425,85.05489492],[243045.45926285,431252.36882019,85.05451822],[243045.45940971,431252.36811066,85.05450821],[243045.45955467,431252.36739349,85.0544982],[243045.45970154,431252.36667633,85.05448818],[243045.4598484,431252.3659668,85.05447817],[243045.45999336,431252.36524963,85.05446815],[243045.46014023,431252.3645401,85.05445814],[243045.46043587,431252.36434937,85.05482435],[243045.4607296,431252.36415863,85.05519056],[243045.46102524,431252.36397552,85.05555725],[243045.46132088,431252.36378479,85.05592346],[243045.46146584,431252.36307526,85.05591345],[243045.4616127,431252.36235809,85.05590343],[243045.46190834,431252.36216736,85.05626965],[243045.46220207,431252.36198425,85.05663633],[243045.46242905,431252.36132812,85.05663586],[243045.46229935,431252.36081696,85.05626154],[243045.46217155,431252.36030579,85.0558877],[243045.46240425,431252.35965729,85.05588818],[243045.46263885,431252.35900879,85.05588818],[243045.46287155,431252.35836792,85.05588865],[243045.46323395,431252.35823059,85.05626345],[243045.46359825,431252.35809326,85.05663776],[243045.46383095,431252.35744476,85.05663824],[243045.46406555,431252.35679626,85.05663872],[243045.46429825,431252.35614777,85.05663919],[243045.46416855,431252.3556366,85.05626488],[243045.46403885,431252.35512543,85.05589056],[243045.46391106,431252.35461426,85.05551672],[243045.46341896,431252.35424042,85.05476856],[243045.46292686,431252.35386658,85.0540204],[243045.46243477,431252.35349274,85.0532732],[243045.46194267,431252.3531189,85.052526],[243045.46145248,431252.35274506,85.05177927],[243045.46132278,431252.35223389,85.05140591],[243045.46119308,431252.35173035,85.05103302],[243045.4607029,431252.35135651,85.05028677],[243045.46021271,431252.35098267,85.049541],[243045.46008301,431252.3504715,85.04916859],[243045.46031761,431252.349823,85.04916906],[243045.46055031,431252.34918213,85.04916906],[243045.460783,431252.34853363,85.04916954],[243045.4610157,431252.34788513,85.04917002],[243045.46125031,431252.34723663,85.04917049],[243045.46112061,431252.34673309,85.04879808],[243045.46099281,431252.34622192,85.04842567],[243045.46122551,431252.34557343,85.04842567],[243045.46145821,431252.34493256,85.04842615],[243045.4616909,431252.34428406,85.04842663],[243045.4615612,431252.34377289,85.04805422],[243045.46143341,431252.34326935,85.04768228]]",dji_pose_mesh_ray_contour_nodes,
185,174,3,SPL,1614.2113,1620.3737,1595,1599,1635,1639,40,40,776,243045.49526215,431252.2413559,85.04481268,dji_pose_mesh_ray_centroid,True,True,1219551,2.667124,warp,,1614.2113,1620.3737,1,1,1.0,1,2.667124,2.667124,81,81,1.0,"[[1614.5,1599.0],[1615.0,1599.5],[1616.0,1599.5],[1617.0,1599.5],[1617.5,1600.0],[1618.0,1600.5],[1618.5,1601.0],[1618.5,1602.0],[1618.5,1603.0],[1619.0,1603.5],[1619.5,1604.0],[1619.5,1605.0],[1619.5,1606.0],[1620.0,1606.5],[1620.5,1607.0],[1621.0,1607.5],[1622.0,1607.5],[1622.5,1608.0],[1622.5,1609.0],[1622.5,1610.0],[1622.0,1610.5],[1621.0,1610.5],[1620.0,1610.5],[1619.0,1610.5],[1618.5,1611.0],[1618.0,1611.5],[1617.5,1611.0],[1617.0,1610.5],[1616.0,1610.5],[1615.0,1610.5],[1614.5,1610.0],[1614.0,1609.5],[1613.0,1609.5],[1612.5,1610.0],[1612.0,1610.5],[1611.5,1611.0],[1611.5,1612.0],[1611.0,1612.5],[1610.5,1613.0],[1610.5,1614.0],[1611.0,1614.5],[1611.5,1615.0],[1611.5,1616.0],[1611.5,1617.0],[1612.0,1617.5],[1612.5,1618.0],[1612.5,1619.0],[1612.5,1620.0],[1612.5,1621.0],[1613.0,1621.5],[1613.5,1622.0],[1614.0,1622.5],[1615.0,1622.5],[1615.5,1623.0],[1616.0,1623.5],[1617.0,1623.5],[1618.0,1623.5],[1618.5,1623.0],[1619.0,1622.5],[1619.5,1622.0],[1620.0,1621.5],[1620.5,1621.0],[1621.0,1620.5],[1622.0,1620.5],[1623.0,1620.5],[1624.0,1620.5],[1625.0,1620.5],[1626.0,1620.5],[1626.5,1620.0],[1627.0,1619.5],[1628.0,1619.5],[1629.0,1619.5],[1630.0,1619.5],[1630.5,1620.0],[1631.0,1620.5],[1631.5,1621.0],[1631.5,1622.0],[1632.0,1622.5],[1633.0,1622.5],[1633.5,1623.0],[1634.0,1623.5]]","[[243045.50601768,431252.24862671,85.06078243],[243045.50588226,431252.24812317,85.06040716],[243045.50611115,431252.24746704,85.06040668],[243045.50634193,431252.24681854,85.06040668],[243045.50620461,431252.246315,85.06003141],[243045.50606918,431252.24581909,85.05965614],[243045.50593185,431252.24531555,85.05928087],[243045.50543022,431252.2449646,85.05853081],[243045.50492859,431252.24462128,85.05778122],[243045.50479126,431252.24411774,85.0574069],[243045.50465584,431252.2436142,85.05703211],[243045.50415421,431252.24327087,85.056283],[243045.50365257,431252.24291992,85.05553436],[243045.50351715,431252.24242401,85.05516052],[243045.50337982,431252.24192047,85.0547862],[243045.5032444,431252.24142456,85.05441189],[243045.50347519,431252.24076843,85.05441189],[243045.50333786,431252.24027252,85.05403805],[243045.50283813,431252.23992157,85.05329037],[243045.5023365,431252.23957825,85.05254316],[243045.5019722,431252.23973083,85.0521698],[243045.50174332,431252.24037933,85.0521698],[243045.50151443,431252.24102783,85.0521698],[243045.50128555,431252.24167633,85.05217028],[243045.50092125,431252.24182892,85.05179691],[243045.50055504,431252.24198151,85.05142355],[243045.50069046,431252.24247742,85.05179691],[243045.50082588,431252.24298096,85.05217028],[243045.500597,431252.24362946,85.05217028],[243045.50036812,431252.24427795,85.05217075],[243045.50050354,431252.24477386,85.05254412],[243045.50063896,431252.2452774,85.05291748],[243045.50041008,431252.2459259,85.05291796],[243045.50004578,431252.24607849,85.05254412],[243045.49968147,431252.24623108,85.05217075],[243045.49931717,431252.24637604,85.05179739],[243045.49881744,431252.24603271,85.05105114],[243045.49845314,431252.24617767,85.05067778],[243045.49808884,431252.24633026,85.05030489],[243045.49758911,431252.24597931,85.04955912],[243045.4974556,431252.2454834,85.04918623],[243045.49732018,431252.24497986,85.04881334],[243045.49682236,431252.24463654,85.04806852],[243045.49632263,431252.24428558,85.04732323],[243045.49618912,431252.24378967,85.04695129],[243045.4960537,431252.24329376,85.04657888],[243045.49555588,431252.24294281,85.04583454],[243045.49505806,431252.24259186,85.04509067],[243045.49456024,431252.24224854,85.04434729],[243045.49442482,431252.24175262,85.04397583],[243045.49429131,431252.24124908,85.04360437],[243045.49415779,431252.24075317,85.04323292],[243045.49438477,431252.24010468,85.04323244],[243045.49425125,431252.23960876,85.04286098],[243045.49411583,431252.23911285,85.04249001],[243045.49434471,431252.23846436,85.04249001],[243045.49457359,431252.23781586,85.04248953],[243045.49493599,431252.23766327,85.04286098],[243045.49530029,431252.23751068,85.04323244],[243045.49566269,431252.23736572,85.04360342],[243045.49602509,431252.23721313,85.04397535],[243045.49638939,431252.23706055,85.04434681],[243045.49675179,431252.23690796,85.04471827],[243045.49698067,431252.23625946,85.04471827],[243045.49720955,431252.23561096,85.04471827],[243045.49743652,431252.23496246,85.04471779],[243045.49766541,431252.23431396,85.04471779],[243045.49789429,431252.23366547,85.04471779],[243045.49825859,431252.23351288,85.04508972],[243045.49862099,431252.23336029,85.04546118],[243045.49884987,431252.23271179,85.04546118],[243045.49907875,431252.23206329,85.04546118],[243045.49930763,431252.23141479,85.04546118],[243045.49917221,431252.23091888,85.04508924],[243045.49903679,431252.23042297,85.04471731],[243045.49890327,431252.22992706,85.04434538],[243045.49840355,431252.22958374,85.04360247],[243045.49827003,431252.22908783,85.04323101],[243045.49849701,431252.22843933,85.04323101],[243045.49836349,431252.22794342,85.04285955],[243045.49822807,431252.22744751,85.0424881]]",dji_pose_mesh_ray_contour_nodes,
186,175,3,SPL,1807.7268,1604.7526,1798,1599,1822,1611,24,12,194,243045.54491425,431252.1192627,85.05615616,dji_pose_mesh_ray_centroid,True,True,1220017,2.642336,warp,,1807.7268,1604.7526,1,1,1.0,1,2.642336,2.642336,21,21,1.0,"[[1810.5,1599.0],[1811.0,1599.5],[1811.5,1600.0],[1812.0,1600.5],[1812.5,1601.0],[1812.5,1602.0],[1812.5,1603.0],[1812.5,1604.0],[1813.0,1604.5],[1813.5,1605.0],[1814.0,1605.5],[1815.0,1605.5],[1815.5,1605.0],[1816.0,1604.5],[1816.5,1604.0],[1817.0,1603.5],[1818.0,1603.5],[1819.0,1603.5],[1819.5,1604.0],[1820.0,1604.5],[1821.0,1604.5]]","[[243045.54853439,431252.11933136,85.06046915],[243045.54837418,431252.11883545,85.0600915],[243045.54821205,431252.11833954,85.05971432],[243045.54804993,431252.117836,85.05933714],[243045.54788971,431252.11734009,85.05896044],[243045.54735947,431252.11700439,85.05820894],[243045.54682922,431252.11667633,85.0574584],[243045.54629898,431252.11634827,85.05670786],[243045.54613876,431252.11584473,85.05633163],[243045.54597664,431252.11534882,85.05595493],[243045.54581642,431252.11485291,85.05557871],[243045.54602242,431252.11418915,85.05557632],[243045.54639053,431252.1140213,85.05594969],[243045.54675865,431252.11385345,85.05632353],[243045.54712677,431252.11369324,85.05669737],[243045.5474968,431252.11352539,85.05707121],[243045.54770279,431252.11286163,85.05706835],[243045.54790878,431252.11219788,85.05706549],[243045.54774857,431252.11169434,85.05668926],[243045.54758644,431252.11119843,85.05631256],[243045.54779434,431252.11053467,85.05631018]]",dji_pose_mesh_ray_contour_nodes,
187,176,3,SPL,1794.125,1600.875,1793,1600,1796,1603,3,3,8,243045.5441494,431252.1295929,85.05910349,dji_pose_mesh_ray_centroid,True,True,1220017,2.647457,warp,,1794.125,1600.875,1,1,1.0,1,2.647457,2.647457,2,2,1.0,"[[1793.5,1602.0],[1793.0,1601.5]]","[[243045.54342461,431252.12963104,85.05825996],[243045.54358673,431252.13013458,85.05863714]]",dji_pose_mesh_ray_contour_nodes,
188,177,3,SPL,1371.7,1604.75,1369,1603,1376,1607,7,4,20,243045.452528,431252.40867615,85.05711174,dji_pose_mesh_ray_centroid,True,True,1219545,2.733465,warp,,1371.7,1604.75,1,1,1.0,1,2.733465,2.733465,6,6,1.0,"[[1371.5,1603.0],[1372.0,1603.5],[1373.0,1603.5],[1374.0,1603.5],[1374.5,1604.0],[1375.0,1604.5]]","[[243045.45327377,431252.40943146,85.05841827],[243045.45312691,431252.4088974,85.05804014],[243045.45327377,431252.40818024,85.05803013],[243045.45342064,431252.40746307,85.05802011],[243045.45327187,431252.40692902,85.05764198],[243045.45312309,431252.40639496,85.05726433]]",dji_pose_mesh_ray_contour_nodes,
189,178,3,SPL,1654.9286,1606.5714,1654,1604,1658,1610,4,6,14,243045.51148987,431252.21967316,85.0551033,dji_pose_mesh_ray_centroid,True,True,1219551,2.66913,warp,,1654.9286,1606.5714,1,1,1.0,1,2.66913,2.66913,6,6,1.0,"[[1657.0,1606.5],[1656.5,1607.0],[1656.5,1608.0],[1656.0,1608.5],[1655.0,1608.5],[1654.5,1609.0]]","[[243045.51200104,431252.21834564,85.05515671],[243045.51163483,431252.21850586,85.05478239],[243045.51113129,431252.21816254,85.05403471],[243045.51076508,431252.21831512,85.05366087],[243045.51053619,431252.21896362,85.05366087],[243045.51017189,431252.21911621,85.05328751]]",dji_pose_mesh_ray_contour_nodes,
190,179,3,SPL,1859.3333,1605.3333,1859,1605,1861,1607,2,2,3,243045.55527878,431252.08483124,85.05558348,dji_pose_mesh_ray_centroid,True,True,1220017,2.63304,warp,,1859.3333,1605.3333,1,1,1.0,1,2.63304,2.63304,2,2,1.0,"[[1860.0,1605.5],[1859.5,1606.0]]","[[243045.55532646,431252.08433533,85.05545664],[243045.55495834,431252.0845108,85.05508327]]",dji_pose_mesh_ray_contour_nodes,
191,180,3,SPL,1577.0,1609.0,1576,1608,1579,1611,3,3,9,243045.49241066,431252.26950836,85.05329514,dji_pose_mesh_ray_centroid,True,True,1219551,2.681737,warp,,1577.0,1609.0,1,1,1.0,1,2.681737,2.681737,9,9,1.0,"[[1576.0,1608.0],[1577.0,1608.0],[1578.0,1608.0],[1576.0,1609.0],[1577.0,1609.0],[1578.0,1609.0],[1576.0,1610.0],[1577.0,1610.0],[1578.0,1610.0]]","[[243045.4926796,431252.27051544,85.05404282],[243045.49290848,431252.26986694,85.05404282],[243045.49313736,431252.26921082,85.05404234],[243045.49218178,431252.27015686,85.05329514],[243045.49241066,431252.26950836,85.05329514],[243045.49263954,431252.26885986,85.05329514],[243045.49168205,431252.26980591,85.05254793],[243045.49191093,431252.26915741,85.05254793],[243045.49214172,431252.26850128,85.05254793]]",dji_pose_mesh_ray_contour_nodes,
192,181,3,SPL,1800.1493,1640.0586,1763,1608,1852,1675,89,67,2251,243045.52336502,431252.11170959,85.02975988,dji_pose_mesh_ray_centroid,True,True,314711,2.61772,warp,,1800.1493,1640.0586,1,1,1.0,1,2.61772,2.61772,256,256,1.0,"[[1851.0,1641.5],[1850.5,1642.0],[1850.0,1642.5],[1849.0,1642.5],[1848.0,1642.5],[1847.5,1642.0],[1847.0,1641.5],[1845.5,1641.0],[1845.0,1640.5],[1844.5,1640.0],[1844.5,1639.0],[1844.0,1638.5],[1843.5,1638.0],[1843.0,1636.5],[1842.5,1636.0],[1842.0,1635.5],[1841.0,1635.5],[1840.0,1635.5],[1839.0,1635.5],[1838.0,1636.5],[1837.0,1636.5],[1836.5,1637.0],[1836.0,1637.5],[1835.5,1638.0],[1835.0,1638.5],[1833.0,1638.5],[1832.5,1639.0],[1832.0,1639.5],[1831.0,1639.5],[1830.5,1640.0],[1830.0,1640.5],[1829.0,1640.5],[1828.0,1641.5],[1827.0,1641.5],[1826.5,1642.0],[1826.0,1642.5],[1825.5,1643.0],[1825.5,1644.0],[1824.5,1645.0],[1824.5,1646.0],[1824.5,1647.0],[1824.0,1647.5],[1823.5,1648.0],[1823.5,1649.0],[1822.5,1650.0],[1822.0,1650.5],[1821.0,1650.5],[1820.5,1651.0],[1820.5,1652.0],[1820.0,1652.5],[1819.5,1654.0],[1819.5,1655.0],[1819.0,1655.5],[1818.5,1656.0],[1818.5,1657.0],[1818.5,1658.0],[1817.0,1658.5],[1816.5,1658.0],[1816.5,1657.0],[1816.0,1656.5],[1815.5,1656.0],[1815.0,1655.5],[1814.5,1655.0],[1813.0,1654.5],[1812.0,1654.5],[1811.0,1654.5],[1810.5,1654.0],[1810.0,1653.5],[1809.5,1653.0],[1810.0,1651.5],[1810.5,1651.0],[1810.5,1650.0],[1811.0,1649.5],[1811.5,1649.0],[1811.5,1648.0],[1812.0,1646.5],[1812.5,1646.0],[1812.5,1645.0],[1812.5,1644.0],[1812.0,1643.5],[1811.5,1643.0],[1810.0,1642.5],[1809.5,1642.0],[1809.0,1641.5],[1808.5,1641.0],[1808.5,1640.0],[1808.0,1639.5],[1807.0,1639.5],[1806.0,1638.5],[1805.0,1638.5],[1804.5,1638.0],[1804.0,1637.5],[1803.0,1637.5],[1802.5,1637.0],[1802.5,1635.0],[1802.5,1634.0],[1803.0,1633.5],[1803.5,1633.0],[1803.5,1632.0],[1804.0,1631.5],[1804.5,1630.0],[1805.0,1629.5],[1805.5,1629.0],[1805.5,1628.0],[1805.5,1627.0],[1805.0,1626.5],[1804.5,1625.0],[1804.0,1624.5],[1803.5,1624.0],[1803.0,1623.5],[1802.5,1623.0],[1802.0,1622.5],[1800.5,1623.0],[1800.5,1624.0],[1800.0,1624.5],[1799.0,1624.5],[1798.5,1625.0],[1798.5,1626.0],[1798.0,1626.5],[1796.0,1626.5],[1795.0,1626.5],[1794.0,1626.5],[1793.0,1626.5],[1792.5,1627.0],[1792.0,1627.5],[1790.0,1627.5],[1789.5,1628.0],[1789.0,1628.5],[1788.5,1629.0],[1788.5,1630.0],[1788.5,1631.0],[1789.5,1632.0],[1789.5,1633.0],[1789.5,1634.0],[1789.0,1634.5],[1788.5,1635.0],[1788.0,1635.5],[1786.0,1635.5],[1785.5,1636.0],[1785.0,1636.5],[1784.0,1636.5],[1783.0,1636.5],[1782.5,1637.0],[1782.0,1637.5],[1780.0,1637.5],[1779.5,1638.0],[1779.5,1639.0],[1779.0,1639.5],[1778.5,1640.0],[1778.5,1641.0],[1779.5,1642.0],[1779.5,1643.0],[1780.0,1643.5],[1780.5,1644.0],[1781.0,1644.5],[1782.0,1644.5],[1783.0,1645.5],[1784.0,1645.5],[1784.5,1646.0],[1785.0,1646.5],[1785.5,1646.0],[1786.0,1645.5],[1786.5,1644.0],[1786.5,1643.0],[1786.0,1642.5],[1785.5,1642.0],[1785.5,1641.0],[1785.5,1640.0],[1787.0,1639.5],[1788.0,1639.5],[1788.5,1639.0],[1789.0,1638.5],[1790.0,1638.5],[1791.0,1638.5],[1792.0,1638.5],[1793.5,1639.0],[1794.0,1639.5],[1795.0,1639.5],[1796.0,1639.5],[1797.0,1639.5],[1797.5,1640.0],[1797.5,1642.0],[1797.5,1643.0],[1797.5,1644.0],[1797.5,1645.0],[1797.5,1646.0],[1797.5,1647.0],[1797.5,1649.0],[1797.5,1650.0],[1797.0,1650.5],[1796.5,1651.0],[1796.0,1651.5],[1795.5,1652.0],[1795.0,1653.5],[1794.5,1654.0],[1794.0,1654.5],[1793.5,1655.0],[1793.5,1656.0],[1793.5,1657.0],[1794.0,1657.5],[1795.0,1658.5],[1795.5,1659.0],[1795.5,1660.0],[1796.0,1660.5],[1796.5,1661.0],[1796.5,1662.0],[1797.5,1663.0],[1798.0,1663.5],[1799.0,1663.5],[1799.5,1663.0],[1800.0,1662.5],[1800.5,1662.0],[1801.5,1661.0],[1802.0,1660.5],[1803.0,1660.5],[1803.5,1660.0],[1804.0,1659.5],[1805.0,1659.5],[1807.0,1659.5],[1807.5,1660.0],[1808.0,1660.5],[1809.0,1660.5],[1810.0,1660.5],[1810.5,1661.0],[1811.5,1662.0],[1812.0,1662.5],[1813.0,1662.5],[1814.0,1662.5],[1815.0,1662.5],[1816.0,1662.5],[1817.0,1662.5],[1818.0,1661.5],[1818.5,1661.0],[1819.0,1660.5],[1820.0,1660.5],[1821.0,1660.5],[1822.0,1660.5],[1823.5,1661.0],[1824.0,1661.5],[1825.0,1661.5],[1825.5,1662.0],[1825.0,1662.5],[1824.0,1662.5],[1823.0,1663.5],[1822.0,1663.5],[1821.5,1664.0],[1821.5,1665.0],[1821.0,1665.5],[1820.5,1666.0],[1820.5,1668.0],[1820.5,1669.0],[1820.5,1670.0],[1820.5,1671.0],[1820.5,1672.0],[1820.0,1672.5],[1819.5,1674.0]]","[[243045.53452492,431252.07872009,85.02873087],[243045.53416252,431252.07888794,85.0283637],[243045.53379822,431252.07905579,85.02799654],[243045.53359413,431252.07971191,85.02799892],[243045.53338814,431252.08036804,85.02800131],[243045.53354645,431252.08085632,85.02837086],[243045.53370476,431252.0813446,85.02874041],[243045.53365898,431252.08249664,85.02911234],[243045.53381538,431252.08298492,85.02948189],[243045.53397369,431252.08347321,85.02985191],[243045.53449631,431252.08379364,85.03058958],[243045.53465462,431252.08428192,85.03095961],[243045.53481293,431252.0847702,85.03132963],[243045.53549385,431252.08557892,85.03243828],[243045.53565216,431252.08607483,85.03280878],[243045.53581238,431252.08656311,85.03317928],[243045.53560638,431252.08721924,85.03318167],[243045.53540039,431252.08787537,85.03318405],[243045.5351944,431252.08853912,85.03318644],[243045.5344677,431252.08887482,85.0324502],[243045.5342617,431252.08953094,85.03245258],[243045.5338974,431252.08969879,85.03208446],[243045.5335331,431252.08986664,85.03171635],[243045.5331707,431252.09003448,85.0313487],[243045.53278542,431252.09018707,85.03097868],[243045.53229713,431252.09146118,85.03097534],[243045.53188324,431252.09159851,85.03060198],[243045.53146935,431252.09172821,85.03022909],[243045.5312252,431252.09236908,85.03022766],[243045.53081131,431252.09249878,85.02985477],[243045.53039742,431252.09263611,85.02948189],[243045.53015327,431252.09326935,85.02948046],[243045.52932549,431252.09354401,85.02873516],[243045.52908134,431252.09417725,85.02873373],[243045.52866936,431252.09431458,85.02836132],[243045.52825546,431252.0944519,85.02798891],[243045.52784348,431252.09458923,85.02761698],[243045.52726173,431252.09422302,85.02687454],[243045.52643585,431252.09449768,85.02613068],[243045.52585602,431252.0941391,85.02538919],[243045.52527428,431252.09377289,85.02464771],[243045.52486229,431252.09391022,85.02427673],[243045.5244503,431252.09404755,85.02390528],[243045.52387047,431252.09368896,85.02316475],[243045.5230484,431252.09395599,85.02242327],[243045.52263641,431252.09409332,85.02205276],[243045.52239227,431252.09472656,85.02205086],[243045.52198029,431252.09486389,85.02168035],[243045.52140236,431252.09450531,85.02094126],[243045.52099228,431252.09463501,85.02057075],[243045.52000237,431252.09441376,85.01946211],[243045.51942444,431252.09405518,85.01872396],[243045.51901436,431252.0941925,85.01835442],[243045.51860428,431252.0943222,85.01798487],[243045.51802635,431252.09396362,85.0172472],[243045.51745033,431252.09360504,85.01651049],[243045.51679802,431252.09436798,85.01613998],[243045.51696396,431252.09486389,85.01650715],[243045.51753998,431252.0952301,85.01724434],[243045.51770782,431252.09571838,85.01761198],[243045.51787376,431252.09621429,85.0179801],[243045.51804161,431252.09671021,85.01834774],[243045.51820946,431252.09720612,85.01871586],[243045.51813316,431252.09833527,85.01908255],[243045.51788902,431252.09896851,85.01908112],[243045.51764679,431252.09960175,85.01907921],[243045.51781273,431252.10009766,85.0194478],[243045.51798058,431252.10059357,85.01981592],[243045.51814842,431252.10108948,85.02018452],[243045.51913643,431252.10131836,85.02129364],[243045.51954651,431252.10118103,85.02166414],[243045.52012444,431252.10153961,85.02240372],[243045.52053642,431252.10140991,85.02277422],[243045.52094841,431252.10127258,85.0231452],[243045.52152634,431252.10163879,85.02388573],[243045.52251816,431252.10186005,85.02499771],[243045.52293015,431252.10173035,85.02536917],[243045.52350998,431252.10208893,85.02611065],[243045.52408981,431252.10245514,85.02685261],[243045.52425766,431252.10295105,85.02722311],[243045.52442741,431252.10344696,85.02759314],[243045.52435112,431252.10458374,85.02796221],[243045.52451897,431252.10507965,85.02833271],[243045.52468872,431252.10557556,85.02870321],[243045.52485657,431252.1060791,85.02907419],[243045.52543831,431252.10644531,85.02981758],[243045.52560616,431252.10694122,85.03018856],[243045.52536201,431252.10757446,85.03018665],[243045.52569962,431252.10857391,85.03092909],[243045.52545547,431252.10920715,85.03092766],[243045.52562523,431252.10971069,85.03129864],[243045.52579308,431252.1102066,85.03167009],[243045.52554893,431252.11083984,85.03166866],[243045.52571869,431252.11134338,85.03204012],[243045.52688217,431252.11207581,85.03353023],[243045.52746391,431252.11244202,85.03427601],[243045.52787781,431252.11230469,85.03464985],[243045.52829361,431252.11217499,85.03502417],[243045.52887535,431252.1125412,85.03577089],[243045.52929115,431252.11240387,85.03614473],[243045.5302887,431252.11264038,85.03726673],[243045.53070259,431252.11250305,85.03764152],[243045.53111839,431252.11237335,85.03801632],[243045.53170204,431252.11273956,85.03876448],[243045.5322876,431252.11310577,85.03951311],[243045.53245735,431252.11360931,85.03988647],[243045.53321457,431252.11447906,85.04100943],[243045.53338432,431252.11497498,85.04138374],[243045.53355408,431252.11547852,85.04175758],[243045.53372574,431252.11598206,85.0421319],[243045.53389549,431252.1164856,85.04250574],[243045.53406525,431252.11698914,85.04288006],[243045.5334053,431252.1177597,85.0425024],[243045.53281975,431252.11738586,85.04175234],[243045.53240395,431252.11752319,85.04137659],[243045.5321579,431252.11815643,85.04137468],[243045.5317421,431252.11829376,85.04099894],[243045.53115845,431252.11791992,85.04024935],[243045.53074265,431252.11805725,85.03987408],[243045.53025246,431252.11933136,85.03987074],[243045.53000832,431252.1199646,85.03986883],[243045.52976227,431252.12059784,85.03986692],[243045.52951813,431252.12123108,85.03986549],[243045.52910233,431252.12136841,85.03949022],[243045.52868843,431252.12149811,85.03911495],[243045.52819824,431252.12277222,85.03911114],[243045.52778435,431252.12290192,85.03873634],[243045.52736855,431252.12303925,85.03836107],[243045.52695465,431252.12316895,85.03798628],[243045.526371,431252.12280273,85.0372386],[243045.52578926,431252.12242889,85.03649139],[243045.52544975,431252.12142944,85.0357461],[243045.52486801,431252.1210556,85.03499985],[243045.52428627,431252.12068939,85.0342536],[243045.52387238,431252.12081909,85.03387976],[243045.52346039,431252.12095642,85.03350639],[243045.52304649,431252.12108612,85.03313255],[243045.52255821,431252.1223526,85.03312921],[243045.52214432,431252.12248993,85.03275585],[243045.52173233,431252.12261963,85.03238249],[243045.52148819,431252.12325287,85.03238058],[243045.52124405,431252.12388611,85.03237915],[243045.52083015,431252.12401581,85.03200579],[243045.52041817,431252.12415314,85.03163242],[243045.51992989,431252.12541962,85.03162909],[243045.5195179,431252.12554932,85.0312562],[243045.51893806,431252.12518311,85.03051186],[243045.51852608,431252.12531281,85.03013945],[243045.51811409,431252.1254425,85.02976656],[243045.51753426,431252.12507629,85.02902317],[243045.51720047,431252.12407684,85.02828217],[243045.51662064,431252.123703,85.02753973],[243045.5164547,431252.12320709,85.02716923],[243045.51628685,431252.12270355,85.0267992],[243045.516119,431252.12220001,85.02642918],[243045.51636314,431252.12156677,85.02643061],[243045.51602936,431252.12056732,85.02569103],[243045.51627159,431252.11993408,85.02569246],[243045.51610565,431252.11943817,85.02532244],[243045.51593781,431252.11893463,85.02495289],[243045.51634789,431252.11880493,85.02532434],[243045.51675987,431252.11867523,85.0256958],[243045.51774979,431252.11890411,85.02680922],[243045.51832771,431252.11927795,85.02755117],[243045.51849556,431252.11977386,85.02792168],[243045.51866341,431252.1202774,85.02829218],[243045.51924324,431252.12064362,85.02903509],[243045.51982307,431252.12100983,85.02977848],[243045.5204792,431252.12024689,85.0301528],[243045.52072334,431252.11961365,85.0301547],[243045.52113533,431252.11947632,85.03052711],[243045.52154732,431252.11934662,85.0309],[243045.52179146,431252.11871338,85.03090191],[243045.5220356,431252.11808014,85.03090382],[243045.52227974,431252.1174469,85.03090525],[243045.52235603,431252.11631012,85.0305357],[243045.52218819,431252.11581421,85.03016472],[243045.52243233,431252.11518097,85.03016663],[243045.52267647,431252.11454773,85.03016806],[243045.52292061,431252.11391449,85.03016996],[243045.52275276,431252.11341095,85.02979898],[243045.52159119,431252.11267853,85.02831221],[243045.52101135,431252.11231232,85.02756977],[243045.52043152,431252.11194611,85.02682733],[243045.51985168,431252.1115799,85.02608585],[243045.51927376,431252.11121368,85.02534437],[243045.51869392,431252.1108551,85.02460337],[243045.51753807,431252.11012268,85.02312231],[243045.51696014,431252.10975647,85.02238226],[243045.51655006,431252.1098938,85.02201176],[243045.51613808,431252.1100235,85.02164125],[243045.5157299,431252.11016083,85.02127075],[243045.51531792,431252.11029053,85.02090025],[243045.51433182,431252.11006165,85.0197916],[243045.51392174,431252.11019135,85.01942158],[243045.51351166,431252.11032867,85.01905203],[243045.51310349,431252.11045837,85.018682],[243045.51252747,431252.11009979,85.01794481],[243045.51195145,431252.10973358,85.01720762],[243045.51178551,431252.10923767,85.01683998],[243045.51145363,431252.10824585,85.0161047],[243045.51128769,431252.10774994,85.01573753],[243045.51071358,431252.10738373,85.0150013],[243045.51054764,431252.10688782,85.01463461],[243045.5103817,431252.10639191,85.01426744],[243045.50980759,431252.1060257,85.01353216],[243045.50947571,431252.10503387,85.01279879],[243045.50930977,431252.10453796,85.01243257],[243045.509552,431252.10391235,85.01243401],[243045.50996017,431252.10377502,85.01280212],[243045.51036835,431252.10364532,85.01317024],[243045.51077652,431252.103508,85.01353836],[243045.51159477,431252.10324097,85.01427507],[243045.51200294,431252.10310364,85.01464367],[243045.51224518,431252.10247803,85.01464558],[243045.51265526,431252.1023407,85.01501417],[243045.51306343,431252.102211,85.01538277],[243045.51330757,431252.10157776,85.01538467],[243045.51379204,431252.10031891,85.01538753],[243045.5136261,431252.099823,85.01502037],[243045.51346016,431252.09932709,85.01465321],[243045.51370239,431252.09869385,85.01465511],[243045.51394463,431252.09806824,85.01465654],[243045.51377869,431252.09757233,85.01428938],[243045.51344681,431252.09658051,85.01355553],[243045.51328087,431252.09608459,85.01318884],[243045.5135231,431252.09545135,85.01319075],[243045.51376534,431252.09482574,85.01319218],[243045.51400948,431252.0941925,85.01319361],[243045.51425171,431252.09356689,85.01319504],[243045.51449394,431252.09293365,85.01319694],[243045.51531219,431252.09266663,85.01393366],[243045.51572037,431252.0925293,85.01430225],[243045.51613045,431252.09239197,85.01467085],[243045.51637268,431252.09175873,85.01467228],[243045.51661682,431252.09113312,85.01467371],[243045.51685905,431252.09049988,85.01467562],[243045.51693535,431252.08937836,85.01430988],[243045.51676941,431252.08888245,85.01394272],[243045.51701164,431252.08824921,85.01394463],[243045.5168457,431252.08776093,85.01357746],[243045.51643562,431252.08789825,85.01320934],[243045.51619339,431252.08852386,85.01320791],[243045.51537514,431252.08879852,85.0124712],[243045.515131,431252.08942413,85.01246977],[243045.51472282,431252.08956146,85.01210165],[243045.51414871,431252.08920288,85.01136732],[243045.51374054,431252.08934021,85.01099968],[243045.51333046,431252.08947754,85.01063204],[243045.51218224,431252.08876038,85.00916576],[243045.51161003,431252.08840179,85.00843286],[243045.51103592,431252.08805084,85.00770044],[243045.51046181,431252.08769226,85.0069685],[243045.5098896,431252.08733368,85.00623703],[243045.50948334,431252.08747101,85.00587082],[243045.50850296,431252.08724976,85.00477362]]",dji_pose_mesh_ray_contour_nodes,
193,182,3,SPL,1832.6429,1611.8571,1831,1610,1835,1615,4,5,14,243045.54630852,431252.10040283,85.05077171,dji_pose_mesh_ray_centroid,True,True,1220017,2.633071,warp,,1832.6429,1611.8571,1,1,1.0,1,2.633071,2.633071,5,5,1.0,"[[1832.5,1614.0],[1832.0,1613.5],[1831.5,1613.0],[1831.5,1612.0],[1831.0,1611.5]]","[[243045.54514694,431252.09980011,85.04917145],[243045.54530907,431252.10029602,85.04954624],[243045.54546928,431252.1007843,85.04992056],[243045.54599762,431252.10111237,85.05066776],[243045.54615784,431252.10160828,85.05104256]]",dji_pose_mesh_ray_contour_nodes,
194,183,3,SPL,1225.5769,1617.5,1220,1611,1232,1627,12,16,104,243045.4226284,431252.50717926,85.04874945,dji_pose_mesh_ray_centroid,True,True,1219562,2.771779,warp,,1225.5769,1617.5,1,1,1.0,1,2.771779,2.771779,24,24,1.0,"[[1231.0,1615.5],[1230.5,1616.0],[1230.0,1616.5],[1229.5,1617.0],[1229.0,1617.5],[1228.0,1617.5],[1227.0,1617.5],[1226.5,1617.0],[1226.0,1616.5],[1225.5,1617.0],[1225.5,1618.0],[1225.5,1619.0],[1225.5,1620.0],[1225.5,1621.0],[1226.0,1621.5],[1226.5,1622.0],[1226.5,1623.0],[1227.0,1623.5],[1228.0,1623.5],[1229.0,1623.5],[1230.0,1623.5],[1230.5,1624.0],[1230.5,1625.0],[1230.5,1626.0]]","[[243045.42494965,431252.50453949,85.05026197],[243045.42456436,431252.50463867,85.04988337],[243045.42417908,431252.50473785,85.04950476],[243045.42379189,431252.50482941,85.04912615],[243045.4234066,431252.50492859,85.04874754],[243045.42317963,431252.50558472,85.04874802],[243045.42295265,431252.50624084,85.04874849],[243045.42311096,431252.50680542,85.04912758],[243045.42326927,431252.50736237,85.04950666],[243045.42288399,431252.50746155,85.04912806],[243045.42234039,431252.50699615,85.04837084],[243045.4217968,431252.50653839,85.04761362],[243045.4212532,431252.506073,85.04685736],[243045.42070961,431252.50561523,85.04610109],[243045.4205513,431252.50505829,85.04572296],[243045.42039299,431252.50450134,85.04534483],[243045.4198513,431252.50404358,85.04458952],[243045.41969299,431252.50348663,85.04421186],[243045.41991997,431252.50283051,85.04421139],[243045.42014694,431252.50217438,85.04421091],[243045.42037392,431252.50151825,85.04421043],[243045.42021751,431252.5009613,85.04383278],[243045.41967392,431252.50050354,85.04307842],[243045.41913223,431252.50004578,85.04232407]]",dji_pose_mesh_ray_contour_nodes,
195,184,3,SPL,1848.6727,1617.3818,1846,1611,1853,1626,7,15,55,243045.54669952,431252.08799744,85.04660749,dji_pose_mesh_ray_centroid,True,True,1220017,2.626535,warp,,1848.6727,1617.3818,1,1,1.0,1,2.626535,2.626535,19,19,1.0,"[[1852.0,1614.5],[1851.5,1615.0],[1851.0,1615.5],[1850.0,1615.5],[1849.0,1615.5],[1848.5,1616.0],[1848.0,1616.5],[1847.5,1617.0],[1847.5,1618.0],[1848.0,1618.5],[1848.5,1619.0],[1849.0,1619.5],[1849.5,1620.0],[1850.0,1620.5],[1850.5,1621.0],[1850.5,1622.0],[1850.5,1623.0],[1850.5,1624.0],[1850.5,1625.0]]","[[243045.54890823,431252.08673096,85.04874802],[243045.54854012,431252.0868988,85.04837608],[243045.5481739,431252.08706665,85.04800463],[243045.547966,431252.08773041,85.04800701],[243045.54776001,431252.08838654,85.0480094],[243045.5473938,431252.08856201,85.04763794],[243045.54702568,431252.08872986,85.04726648],[243045.54665947,431252.08889771,85.04689503],[243045.54613113,431252.08857727,85.04614973],[243045.54597092,431252.08808136,85.04577589],[243045.5458107,431252.08759308,85.04540253],[243045.54565048,431252.08709717,85.04502916],[243045.54549026,431252.08660889,85.04465532],[243045.54533005,431252.08611298,85.04428196],[243045.54516983,431252.08562469,85.04390907],[243045.54464149,431252.08529663,85.04316521],[243045.54411697,431252.0849762,85.04242182],[243045.54359055,431252.08465576,85.04167891],[243045.54306412,431252.08433533,85.04093599]]",dji_pose_mesh_ray_contour_nodes,
196,185,3,SPL,1646.0,1612.0,1646,1612,1647,1613,1,1,1,243045.50671768,431252.22360992,85.05104732,dji_pose_mesh_ray_centroid,True,True,1219551,2.667038,warp,,1646.0,1612.0,1,1,1.0,1,2.667038,2.667038,1,1,1.0,"[[1646.0,1612.0]]","[[243045.50671768,431252.22360992,85.05104732]]",dji_pose_mesh_ray_contour_nodes,
197,186,3,SPL,1650.3636,1617.0909,1649,1616,1653,1619,4,3,11,243045.50516701,431252.21903229,85.0472517,dji_pose_mesh_ray_centroid,True,True,1219551,2.662832,warp,,1650.3636,1617.0909,1,1,1.0,1,2.662832,2.662832,2,2,1.0,"[[1651.5,1616.0],[1652.0,1616.5]]","[[243045.50597382,431252.21866608,85.04806423],[243045.50583839,431252.21817017,85.04769182]]",dji_pose_mesh_ray_contour_nodes,
198,187,3,SPL,1915.8148,1617.8519,1913,1616,1920,1621,7,5,27,243045.56028557,431252.04347992,85.04608583,dji_pose_mesh_ray_centroid,True,True,1220017,2.615253,warp,,1915.8148,1617.8519,1,1,1.0,1,2.615253,2.615253,5,5,1.0,"[[1919.0,1619.5],[1918.0,1619.5],[1917.0,1619.5],[1916.0,1619.5],[1915.5,1620.0]]","[[243045.56006622,431252.04086304,85.0448513],[243045.55986023,431252.04151917,85.04485416],[243045.55965424,431252.04218292,85.04485655],[243045.55944824,431252.04283905,85.04485893],[243045.55908203,431252.04301453,85.04448843]]",dji_pose_mesh_ray_contour_nodes,
199,188,3,SPL,1242.0536,1621.6964,1237,1618,1248,1626,11,8,56,243045.42408943,431252.49443817,85.04556704,dji_pose_mesh_ray_centroid,True,True,1219562,2.76442,warp,,1242.0536,1621.6964,1,1,1.0,1,2.76442,2.76442,11,11,1.0,"[[1241.5,1618.0],[1242.0,1618.5],[1243.0,1618.5],[1243.5,1619.0],[1244.0,1619.5],[1245.0,1619.5],[1245.5,1620.0],[1246.0,1620.5],[1246.5,1621.0],[1246.5,1622.0],[1247.0,1622.5]]","[[243045.42597389,431252.49649811,85.04836321],[243045.42581558,431252.49594116,85.0479846],[243045.42604256,431252.49528503,85.04798412],[243045.42588425,431252.49472809,85.04760551],[243045.42572594,431252.49417114,85.04722691],[243045.42595291,431252.49351501,85.04722643],[243045.4257946,431252.49295807,85.04684782],[243045.42563629,431252.49240112,85.04646969],[243045.42547798,431252.49184418,85.04609108],[243045.42493439,431252.49138641,85.04533577],[243045.42477417,431252.49082947,85.04495764]]",dji_pose_mesh_ray_contour_nodes,
200,189,3,SPL,1194.7551,1622.3673,1190,1619,1200,1627,10,8,49,243045.41298866,431252.52514648,85.04508257,dji_pose_mesh_ray_centroid,True,True,1219562,2.775771,warp,,1194.7551,1622.3673,1,1,1.0,1,2.775771,2.775771,11,11,1.0,"[[1195.5,1626.0],[1195.0,1625.5],[1194.5,1625.0],[1194.0,1624.5],[1193.0,1624.5],[1192.5,1624.0],[1192.0,1623.5],[1191.5,1623.0],[1191.0,1622.5],[1190.5,1622.0],[1190.0,1621.5]]","[[243045.41119576,431252.52297211,85.04234028],[243045.41135216,431252.52352905,85.04271746],[243045.41150856,431252.524086,85.04309511],[243045.41166496,431252.52465057,85.04347229],[243045.41143799,431252.5253067,85.04347277],[243045.4115963,431252.52586365,85.04385042],[243045.4117527,431252.52642059,85.04422808],[243045.4119091,431252.52698517,85.04460621],[243045.41206551,431252.52754211,85.04498386],[243045.41222191,431252.52810669,85.045362],[243045.41237831,431252.52866364,85.04574013]]",dji_pose_mesh_ray_contour_nodes,
201,190,3,SPL,1326.7143,1621.619,1325,1619,1330,1625,5,6,21,243045.43848801,431252.43505096,85.04502249,dji_pose_mesh_ray_centroid,True,True,1219564,2.737814,warp,,1326.7143,1621.619,1,1,1.0,1,2.737814,2.737814,5,5,1.0,"[[1326.5,1619.0],[1327.0,1619.5],[1328.0,1619.5],[1328.5,1620.0],[1329.0,1620.5]]","[[243045.43961334,431252.43614197,85.04696798],[243045.43946457,431252.43560028,85.04659176],[243045.43960953,431252.43488312,85.04658174],[243045.43946075,431252.43434143,85.04620552],[243045.43931198,431252.43379974,85.04582977]]",dji_pose_mesh_ray_contour_nodes,
202,191,3,SPL,1267.38,1632.224,1249,1622,1285,1643,36,21,250,243045.42411423,431252.47307587,85.03762197,dji_pose_mesh_ray_centroid,True,True,1219562,2.750091,warp,,1267.38,1632.224,1,1,1.0,1,2.750091,2.750091,41,41,1.0,"[[1284.0,1634.5],[1283.0,1634.5],[1282.0,1634.5],[1281.0,1634.5],[1280.0,1634.5],[1279.0,1634.5],[1278.0,1634.5],[1277.0,1634.5],[1276.0,1634.5],[1275.0,1634.5],[1274.5,1634.0],[1274.0,1633.5],[1273.0,1633.5],[1272.0,1633.5],[1271.5,1634.0],[1271.0,1634.5],[1270.5,1635.0],[1270.0,1635.5],[1269.0,1635.5],[1268.5,1636.0],[1268.0,1636.5],[1267.0,1636.5],[1266.5,1637.0],[1266.0,1637.5],[1265.0,1637.5],[1264.5,1638.0],[1264.0,1638.5],[1263.0,1638.5],[1262.0,1638.5],[1261.0,1638.5],[1260.0,1638.5],[1259.0,1638.5],[1258.0,1638.5],[1257.5,1639.0],[1257.0,1639.5],[1256.5,1640.0],[1256.0,1640.5],[1255.0,1640.5],[1254.5,1641.0],[1254.0,1641.5],[1253.5,1642.0]]","[[243045.42646217,431252.46104431,85.03588486],[243045.42630959,431252.46176147,85.03589392],[243045.426157,431252.46247101,85.0359025],[243045.42596245,431252.46315765,85.03590679],[243045.42573547,431252.46380615,85.03590727],[243045.42551041,431252.46446228,85.03590774],[243045.42528343,431252.46511078,85.03590774],[243045.42505836,431252.46576691,85.03590822],[243045.42483139,431252.46642303,85.0359087],[243045.42460442,431252.46707153,85.03590918],[243045.42476273,431252.46762848,85.03628492],[243045.42492104,431252.4681778,85.03666067],[243045.42469406,431252.46883392,85.03666115],[243045.42446899,431252.46948242,85.03666162],[243045.42408371,431252.46958923,85.03628635],[243045.42370033,431252.46968842,85.03591108],[243045.42331696,431252.4697876,85.03553629],[243045.42293167,431252.46989441,85.03516102],[243045.4227066,431252.47054291,85.03516149],[243045.42232323,431252.47064972,85.0347867],[243045.42193794,431252.4707489,85.03441191],[243045.42171288,431252.47140503,85.03441238],[243045.4213295,431252.47150421,85.03403759],[243045.42094612,431252.47160339,85.03366327],[243045.42071915,431252.47225952,85.03366375],[243045.42033577,431252.4723587,85.03328896],[243045.4199543,431252.47246552,85.03291464],[243045.41972733,431252.47311401,85.03291511],[243045.41950226,431252.47377014,85.03291559],[243045.41927528,431252.47441864,85.03291607],[243045.41904831,431252.47507477,85.03291655],[243045.41882324,431252.47572327,85.03291702],[243045.41859818,431252.47637939,85.0329175],[243045.4182148,431252.47647858,85.03254318],[243045.41783142,431252.47657776,85.03216886],[243045.41744995,431252.47668457,85.03179502],[243045.41706657,431252.47678375,85.03142071],[243045.41684151,431252.47743988,85.03142118],[243045.41645813,431252.47753906,85.03104734],[243045.41607666,431252.47763824,85.0306735],[243045.41569328,431252.47773743,85.03030014]]",dji_pose_mesh_ray_contour_nodes,
203,192,3,SPL,1648.0,1625.0,1645,1624,1652,1627,7,3,17,243045.50067902,431252.21786499,85.04137373,dji_pose_mesh_ray_centroid,True,True,1219551,2.657942,warp,,1648.0,1625.0,1,1,1.0,1,2.657942,2.657942,2,2,1.0,"[[1645.0,1624.5],[1645.5,1624.0]]","[[243045.50024223,431252.21997833,85.04174471],[243045.50060463,431252.21982574,85.04211569]]",dji_pose_mesh_ray_contour_nodes,
204,193,3,SPL,1342.1111,1628.8889,1341,1628,1345,1631,4,3,9,243045.43753815,431252.42142487,85.03949356,dji_pose_mesh_ray_centroid,True,True,1219545,2.728079,warp,,1342.1111,1628.8889,1,1,1.0,1,2.728079,2.728079,3,3,1.0,"[[1344.0,1629.5],[1343.0,1629.5],[1342.5,1630.0]]","[[243045.43754578,431252.41986084,85.03902435],[243045.43739891,431252.420578,85.03903389],[243045.43710709,431252.42075348,85.03866959]]",dji_pose_mesh_ray_contour_nodes,
205,194,3,SPL,1235.0652,1634.1739,1231,1631,1241,1639,10,8,46,243045.41574669,431252.49332428,85.03617191,dji_pose_mesh_ray_centroid,True,True,1219562,2.756521,warp,,1235.0652,1634.1739,1,1,1.0,1,2.756521,2.756521,11,11,1.0,"[[1235.5,1631.0],[1236.0,1631.5],[1237.0,1631.5],[1237.5,1632.0],[1237.5,1633.0],[1238.0,1633.5],[1238.5,1634.0],[1238.5,1635.0],[1239.0,1635.5],[1239.5,1636.0],[1240.0,1636.5]]","[[243045.41755867,431252.49448395,85.03855658],[243045.41740227,431252.493927,85.03818083],[243045.41762924,431252.49327087,85.03818035],[243045.41747093,431252.49272156,85.03780413],[243045.41693115,431252.49226379,85.03705263],[243045.41677475,431252.49170685,85.03667688],[243045.41661835,431252.49115753,85.03630114],[243045.41607666,431252.49069977,85.03555059],[243045.41592026,431252.49014282,85.03517485],[243045.41576385,431252.48959351,85.03479958],[243045.41560745,431252.48903656,85.0344243]]",dji_pose_mesh_ray_contour_nodes,
206,195,3,SPL,1501.6226,1635.1698,1496,1632,1508,1639,12,7,53,243045.46220207,431252.30895996,85.03385162,dji_pose_mesh_ray_centroid,True,True,314678,2.678681,warp,,1501.6226,1635.1698,1,1,1.0,1,2.678681,2.678681,12,12,1.0,"[[1499.5,1632.0],[1500.0,1632.5],[1501.0,1632.5],[1502.0,1632.5],[1503.0,1632.5],[1503.5,1633.0],[1504.0,1633.5],[1505.0,1633.5],[1505.5,1634.0],[1506.0,1634.5],[1506.5,1635.0],[1507.0,1635.5]]","[[243045.46325874,431252.31147003,85.03619337],[243045.46313095,431252.31096649,85.03582382],[243045.46336365,431252.31032562,85.0358243],[243045.46359444,431252.30967712,85.03582478],[243045.46382713,431252.30903625,85.03582478],[243045.46369934,431252.30853271,85.03545523],[243045.46356964,431252.30802917,85.03508615],[243045.46380234,431252.30738831,85.03508663],[243045.46367455,431252.30688477,85.03471708],[243045.46354485,431252.30638123,85.03434801],[243045.46341705,431252.30587769,85.03397846],[243045.46328926,431252.30538177,85.03360939]]",dji_pose_mesh_ray_contour_nodes,
207,196,3,SPL,1335.1916,1638.982,1324,1634,1349,1645,25,11,167,243045.43210411,431252.42282867,85.03211737,dji_pose_mesh_ray_centroid,True,True,1219545,2.724092,warp,,1335.1916,1638.982,1,1,1.0,1,2.724092,2.724092,21,21,1.0,"[[1331.5,1634.0],[1332.0,1634.5],[1333.0,1634.5],[1334.0,1634.5],[1335.0,1634.5],[1336.0,1634.5],[1337.0,1634.5],[1338.0,1634.5],[1338.5,1635.0],[1339.0,1635.5],[1340.0,1635.5],[1340.5,1636.0],[1341.0,1636.5],[1342.0,1636.5],[1343.0,1636.5],[1344.0,1636.5],[1345.0,1636.5],[1346.0,1636.5],[1346.5,1637.0],[1347.0,1637.5],[1348.0,1637.5]]","[[243045.43374062,431252.42722321,85.03582096],[243045.43359375,431252.42668915,85.0354476],[243045.43374062,431252.42597198,85.03543806],[243045.43388748,431252.42525482,85.035429],[243045.43403435,431252.42454529,85.03541994],[243045.43418121,431252.42382812,85.0354104],[243045.43432808,431252.42311096,85.03540134],[243045.43447495,431252.4223938,85.03539181],[243045.43432999,431252.42185974,85.03501892],[243045.43418503,431252.42132568,85.03464603],[243045.43433189,431252.42061615,85.0346365],[243045.43418694,431252.42008209,85.03426361],[243045.43404007,431252.41954803,85.03389072],[243045.43418694,431252.41883087,85.03388166],[243045.43433571,431252.41812134,85.0338726],[243045.43448067,431252.41740417,85.03386354],[243045.43462753,431252.41668701,85.03385401],[243045.4347744,431252.41597748,85.03384495],[243045.43462944,431252.41544342,85.03347254],[243045.43448448,431252.41490936,85.03309965],[243045.43463135,431252.41419983,85.03309059]]",dji_pose_mesh_ray_contour_nodes,
208,197,3,SPL,1521.7143,1636.6071,1516,1634,1528,1640,12,6,56,243045.46614838,431252.29550934,85.03279638,dji_pose_mesh_ray_centroid,True,True,1219551,2.673814,warp,,1521.7143,1636.6071,1,1,1.0,1,2.673814,2.673814,8,8,1.0,"[[1516.0,1636.5],[1516.5,1636.0],[1517.0,1635.5],[1518.0,1635.5],[1518.5,1635.0],[1519.0,1634.5],[1520.0,1634.5],[1520.5,1634.0]]","[[243045.46488762,431252.29923248,85.03287458],[243045.46524811,431252.29908752,85.03324366],[243045.4656086,431252.29894257,85.0336132],[243045.46583939,431252.2983017,85.03361368],[243045.46620178,431252.29815674,85.03398323],[243045.46656036,431252.29801941,85.0343523],[243045.46678925,431252.29737091,85.0343523],[243045.46714783,431252.29722595,85.03472185]]",dji_pose_mesh_ray_contour_nodes,
209,198,3,SPL,1662.7647,1637.3088,1658,1634,1670,1642,12,8,68,243045.49747086,431252.2038269,85.03221703,dji_pose_mesh_ray_centroid,True,True,79357,2.646603,warp,,1662.7647,1637.3088,1,1,1.0,1,2.646603,2.646603,11,11,1.0,"[[1662.5,1634.0],[1663.0,1634.5],[1664.0,1634.5],[1665.0,1634.5],[1666.0,1634.5],[1666.5,1635.0],[1667.0,1635.5],[1668.0,1635.5],[1668.5,1636.0],[1668.5,1637.0],[1669.0,1637.5]]","[[243045.49922943,431252.20523071,85.03467846],[243045.49904633,431252.20470428,85.03430414],[243045.49922562,431252.20402527,85.0342989],[243045.49940491,431252.20334625,85.03429365],[243045.4995842,431252.20266724,85.03428793],[243045.49940109,431252.20214844,85.03391361],[243045.49921799,431252.20162201,85.03353929],[243045.49939728,431252.20094299,85.03353405],[243045.49921417,431252.20041656,85.03315973],[243045.49866867,431252.20005035,85.03241634],[243045.49848557,431252.19952393,85.0320425]]",dji_pose_mesh_ray_contour_nodes,
210,199,3,SPL,1764.0,1634.0,1763,1634,1766,1635,3,1,3,243045.51805115,431252.13686371,85.03420973,dji_pose_mesh_ray_centroid,True,True,314711,2.627099,warp,,1764.0,1634.0,1,1,1.0,1,2.627099,2.627099,3,3,1.0,"[[1763.0,1634.0],[1764.0,1634.0],[1765.0,1634.0]]","[[243045.51780701,431252.13749695,85.03420782],[243045.51805115,431252.13686371,85.03420973],[243045.5182972,431252.13623047,85.03421116]]",dji_pose_mesh_ray_contour_nodes,
211,200,3,SPL,1471.5294,1639.5098,1467,1636,1478,1644,11,8,51,243045.45310974,431252.32672882,85.03063869,dji_pose_mesh_ray_centroid,True,True,314678,2.68172,warp,,1471.5294,1639.5098,1,1,1.0,1,2.68172,2.68172,11,11,1.0,"[[1472.5,1643.0],[1472.0,1642.5],[1471.0,1642.5],[1470.0,1642.5],[1469.5,1642.0],[1469.0,1641.5],[1468.5,1641.0],[1468.0,1640.5],[1467.5,1640.0],[1467.5,1639.0],[1467.0,1638.5]]","[[243045.45163918,431252.3248291,85.02806854],[243045.45176506,431252.32533264,85.02843618],[243045.45153427,431252.32597351,85.02843618],[243045.45130157,431252.32662201,85.02843571],[243045.45142937,431252.32712555,85.02880335],[243045.45155716,431252.32762909,85.02917147],[243045.45168304,431252.32813263,85.02953958],[243045.45181084,431252.32863617,85.0299077],[243045.45193672,431252.32913971,85.03027582],[243045.4524231,431252.32950592,85.03101301],[243045.45255089,431252.33000946,85.03138161]]",dji_pose_mesh_ray_contour_nodes,
212,201,3,SPL,1542.0741,1637.5185,1538,1636,1546,1640,8,4,27,243045.47033882,431252.2820282,85.03212213,dji_pose_mesh_ray_centroid,True,True,1219551,2.669224,warp,,1542.0741,1637.5185,1,1,1.0,1,2.669224,2.669224,4,4,1.0,"[[1538.0,1637.5],[1538.5,1637.0],[1539.0,1636.5],[1539.5,1636.0]]","[[243045.46941948,431252.28466797,85.03213596],[243045.46977806,431252.28452301,85.03250503],[243045.47013664,431252.28437805,85.03287363],[243045.47049713,431252.28423309,85.0332427]]",dji_pose_mesh_ray_contour_nodes,
213,202,3,SPL,1591.3393,1639.125,1587,1636,1597,1645,10,9,56,243045.48076439,431252.24964142,85.0309329,dji_pose_mesh_ray_centroid,True,True,1219551,2.658801,warp,,1591.3393,1639.125,1,1,1.0,1,2.658801,2.658801,11,11,1.0,"[[1591.5,1644.0],[1591.0,1643.5],[1590.5,1643.0],[1590.0,1642.5],[1589.0,1642.5],[1588.5,1642.0],[1588.0,1641.5],[1587.5,1641.0],[1587.5,1640.0],[1587.5,1639.0],[1587.0,1638.5]]","[[243045.478405,431252.24784851,85.0273428],[243045.47853661,431252.24834442,85.02771091],[243045.47866821,431252.24884033,85.02807856],[243045.47879982,431252.24933624,85.02844667],[243045.47857285,431252.24998474,85.02844667],[243045.47870445,431252.25048065,85.02881479],[243045.47883606,431252.25097656,85.02918291],[243045.47896767,431252.25147247,85.02955151],[243045.47945976,431252.2518158,85.03028822],[243045.47995186,431252.25216675,85.03102541],[243045.48008537,431252.25266266,85.031394]]",dji_pose_mesh_ray_contour_nodes,
214,203,3,SPL,1453.8,1637.4,1453,1637,1456,1639,3,2,5,243045.45012856,431252.338974,85.03219938,dji_pose_mesh_ray_centroid,True,True,1219545,2.686836,warp,,1453.8,1637.4,1,1,1.0,1,2.686836,2.686836,2,2,1.0,"[[1455.0,1637.5],[1454.5,1638.0]]","[[243045.45026016,431252.33809662,85.03211546],[243045.44996834,431252.33827972,85.03175354]]",dji_pose_mesh_ray_contour_nodes,
215,204,3,SPL,1308.3871,1644.5081,1303,1639,1319,1655,16,16,124,243045.42577171,431252.44005585,85.0282979,dji_pose_mesh_ray_centroid,True,True,1219564,2.729664,warp,,1308.3871,1644.5081,1,1,1.0,1,2.729664,2.729664,26,26,1.0,"[[1318.0,1642.5],[1317.0,1642.5],[1316.0,1642.5],[1315.5,1643.0],[1315.0,1643.5],[1314.0,1643.5],[1313.0,1643.5],[1312.0,1643.5],[1311.5,1644.0],[1311.0,1644.5],[1310.0,1644.5],[1309.5,1645.0],[1309.0,1645.5],[1308.5,1646.0],[1308.5,1647.0],[1309.0,1647.5],[1309.5,1648.0],[1309.5,1649.0],[1309.5,1650.0],[1309.0,1650.5],[1308.5,1651.0],[1308.5,1652.0],[1308.0,1652.5],[1307.5,1653.0],[1307.0,1653.5],[1306.5,1654.0]]","[[243045.42804337,431252.43388367,85.02968597],[243045.4278965,431252.4345932,85.02969503],[243045.42775345,431252.43531036,85.02970409],[243045.42746162,431252.43549347,85.02934122],[243045.4271698,431252.43567657,85.02897787],[243045.42702484,431252.43639374,85.02898741],[243045.42688179,431252.4371109,85.02899647],[243045.42673492,431252.43782806,85.02900553],[243045.42644501,431252.43800354,85.02864265],[243045.42615318,431252.43818665,85.02827978],[243045.42600822,431252.43890381,85.02828884],[243045.42571831,431252.43908691,85.02792597],[243045.42542648,431252.43926239,85.02756309],[243045.42513466,431252.4394455,85.02720022],[243045.42469978,431252.43908691,85.02646589],[243045.42455292,431252.43855286,85.02609444],[243045.42440605,431252.4380188,85.0257225],[243045.42396927,431252.43766022,85.02498865],[243045.42353439,431252.43730164,85.02425528],[243045.42324257,431252.43748474,85.02389288],[243045.42295265,431252.43766785,85.02353096],[243045.42251778,431252.43730927,85.02279806],[243045.42222595,431252.43749237,85.02243614],[243045.42193413,431252.43766785,85.02207422],[243045.42156601,431252.43778992,85.02170372],[243045.4211998,431252.43790436,85.02133417]]",dji_pose_mesh_ray_contour_nodes,
216,205,3,SPL,1297.125,1644.2083,1295,1642,1300,1648,5,6,24,243045.42420197,431252.44818878,85.02861452,dji_pose_mesh_ray_centroid,True,True,314689,2.733604,warp,,1297.125,1644.2083,1,1,1.0,1,2.733604,2.733604,5,5,1.0,"[[1296.5,1647.0],[1296.0,1646.5],[1295.5,1646.0],[1295.5,1645.0],[1295.0,1644.5]]","[[243045.42270088,431252.44747925,85.02654743],[243045.42285728,431252.44802856,85.0269208],[243045.42301559,431252.44857788,85.02729368],[243045.42355537,431252.44902039,85.02804041],[243045.42371178,431252.44956207,85.02841377]]",dji_pose_mesh_ray_contour_nodes,
217,206,3,SPL,1862.6667,1642.3333,1862,1642,1864,1644,2,2,3,243045.53648376,431252.07078552,85.02808952,dji_pose_mesh_ray_centroid,True,True,1220017,2.607234,warp,,1862.6667,1642.3333,1,1,1.0,1,2.607234,2.607234,2,2,1.0,"[[1862.5,1643.0],[1862.0,1642.5]]","[[243045.53610229,431252.07067871,85.02759933],[243045.5362606,431252.07116699,85.02796841]]",dji_pose_mesh_ray_contour_nodes,
218,207,3,SPL,1164.8,1645.6,1164,1645,1167,1647,3,2,5,243045.39374161,431252.53392792,85.02764893,dji_pose_mesh_ray_centroid,True,True,1219562,2.765513,warp,,1164.8,1645.6,1,1,1.0,1,2.765513,2.765513,2,2,1.0,"[[1165.5,1645.0],[1166.0,1645.5]]","[[243045.39421844,431252.53375244,85.02809668],[243045.39406586,431252.53318787,85.02772284]]",dji_pose_mesh_ray_contour_nodes,
219,208,3,SPL,1160.4,1649.8,1160,1649,1162,1652,2,3,5,243045.39051437,431252.53484344,85.02451897,dji_pose_mesh_ray_centroid,True,True,1219562,2.763434,warp,,1160.4,1649.8,1,1,1.0,1,2.763434,2.763434,2,2,1.0,"[[1161.0,1650.5],[1160.5,1651.0]]","[[243045.39027786,431252.53412628,85.02399731],[243045.38990021,431252.53421783,85.02362537]]",dji_pose_mesh_ray_contour_nodes,
220,209,3,SPL,1482.0,1650.5,1481,1649,1484,1653,3,4,10,243045.45020103,431252.31600952,85.02256203,dji_pose_mesh_ray_centroid,True,True,314678,2.672314,warp,,1482.0,1650.5,1,1,1.0,1,2.672314,2.672314,2,2,1.0,"[[1482.5,1649.0],[1483.0,1649.5]]","[[243045.45104408,431252.3162384,85.02366304],[243045.45091629,431252.31573486,85.02329636]]",dji_pose_mesh_ray_contour_nodes,
221,210,3,SPL,1881.9643,1658.1429,1879,1655,1885,1662,6,7,28,243045.53220558,431252.05315399,85.01644802,dji_pose_mesh_ray_centroid,True,True,1220017,2.593503,warp,,1881.9643,1658.1429,1,1,1.0,1,2.593503,2.593503,6,6,1.0,"[[1879.0,1657.5],[1879.5,1657.0],[1880.0,1656.5],[1880.5,1656.0],[1881.0,1655.5],[1881.5,1655.0]]","[[243045.53193283,431252.05529785,85.01692486],[243045.53229523,431252.05512238,85.01728916],[243045.53265572,431252.05495453,85.01765346],[243045.53301811,431252.05477905,85.01801825],[243045.53338051,431252.05461121,85.01838303],[243045.5337429,431252.05444336,85.01874781]]",dji_pose_mesh_ray_contour_nodes,
222,211,3,SPL,1524.3716,1670.5642,1517,1656,1535,1689,18,33,218,243045.45026398,431252.28173065,85.00792599,dji_pose_mesh_ray_centroid,True,True,1219551,2.650866,warp,,1524.3716,1670.5642,1,1,1.0,1,2.650866,2.650866,48,48,1.0,"[[1534.0,1661.5],[1533.5,1662.0],[1533.0,1662.5],[1532.0,1662.5],[1531.5,1663.0],[1531.0,1663.5],[1530.0,1663.5],[1529.0,1663.5],[1528.5,1663.0],[1528.0,1662.5],[1527.0,1662.5],[1526.0,1662.5],[1525.5,1663.0],[1525.5,1664.0],[1525.0,1664.5],[1524.5,1665.0],[1524.5,1666.0],[1524.0,1666.5],[1523.5,1667.0],[1523.0,1667.5],[1522.5,1668.0],[1522.0,1668.5],[1521.5,1669.0],[1521.5,1670.0],[1522.0,1670.5],[1523.0,1670.5],[1523.5,1671.0],[1523.5,1672.0],[1524.0,1672.5],[1524.5,1673.0],[1525.0,1673.5],[1525.5,1674.0],[1525.5,1675.0],[1525.5,1676.0],[1525.5,1677.0],[1526.0,1677.5],[1526.5,1678.0],[1527.0,1678.5],[1527.5,1679.0],[1527.5,1680.0],[1527.5,1681.0],[1527.5,1682.0],[1527.5,1683.0],[1527.5,1684.0],[1527.5,1685.0],[1527.5,1686.0],[1527.5,1687.0],[1527.5,1688.0]]","[[243045.45682144,431252.27874756,85.01452637],[243045.45646477,431252.27889252,85.01416159],[243045.45611,431252.27903748,85.01379681],[243045.45588303,431252.27967834,85.01379728],[243045.45552826,431252.2798233,85.0134325],[243045.45517349,431252.27996826,85.01306772],[243045.45494652,431252.28060913,85.0130682],[243045.45471954,431252.28125763,85.0130682],[243045.45484924,431252.28175354,85.01343298],[243045.45497704,431252.28224945,85.01379728],[243045.45475197,431252.28289032,85.01379776],[243045.45452499,431252.28353119,85.01379776],[243045.45417023,431252.28367615,85.01343298],[243045.45368576,431252.2833252,85.0127039],[243045.45333099,431252.28347015,85.01233959],[243045.45297813,431252.28361511,85.01197529],[243045.45249367,431252.28326416,85.01124668],[243045.4521389,431252.28340912,85.01088285],[243045.45178413,431252.28354645,85.01051855],[243045.45143127,431252.28369141,85.01015472],[243045.45107651,431252.28383636,85.0097909],[243045.45072174,431252.28398132,85.00942755],[243045.45036888,431252.28412628,85.00906372],[243045.44988632,431252.28377533,85.00833654],[243045.44975853,431252.28327942,85.00797319],[243045.4499836,431252.28263855,85.00797319],[243045.4498558,431252.28214264,85.00760937],[243045.44937515,431252.28178406,85.00688314],[243045.44924736,431252.28128815,85.00651979],[243045.44911957,431252.28079224,85.00615692],[243045.44899178,431252.28029633,85.00579405],[243045.44886398,431252.27980042,85.00543117],[243045.44838333,431252.27944946,85.00470543],[243045.44790268,431252.27909851,85.00398064],[243045.44742203,431252.27874756,85.00325537],[243045.44729424,431252.27825165,85.00289345],[243045.44716644,431252.27775574,85.00253105],[243045.44703865,431252.27725983,85.00216865],[243045.44691086,431252.27676392,85.00180674],[243045.44643211,431252.27641296,85.0010829],[243045.44595146,431252.27606201,85.00035953],[243045.44547272,431252.27571106,84.99963617],[243045.44499207,431252.27536774,84.99891329],[243045.44451332,431252.27501678,84.99819088],[243045.44403458,431252.27466583,84.99746847],[243045.44355583,431252.27431488,84.99674654],[243045.44307709,431252.27396393,84.99602509],[243045.44259834,431252.27362061,84.99530363]]",dji_pose_mesh_ray_contour_nodes,
223,212,3,SPL,1295.2069,1664.9483,1276,1660,1312,1673,36,13,174,243045.41313934,431252.4407196,85.01326179,dji_pose_mesh_ray_centroid,True,True,314701,2.719112,warp,,1295.2069,1664.9483,1,1,1.0,1,2.719112,2.719112,46,46,1.0,"[[1307.5,1672.0],[1307.0,1671.5],[1306.0,1671.5],[1305.0,1671.5],[1304.5,1671.0],[1304.0,1670.5],[1303.0,1670.5],[1302.5,1670.0],[1302.0,1669.5],[1301.0,1669.5],[1300.5,1669.0],[1300.0,1668.5],[1299.5,1668.0],[1299.0,1667.5],[1298.0,1667.5],[1297.0,1667.5],[1296.0,1667.5],[1295.5,1668.0],[1295.0,1668.5],[1294.0,1668.5],[1293.0,1668.5],[1292.5,1668.0],[1292.0,1667.5],[1291.0,1667.5],[1290.5,1667.0],[1290.0,1666.5],[1289.5,1666.0],[1289.0,1665.5],[1288.5,1665.0],[1288.0,1664.5],[1287.5,1664.0],[1287.0,1663.5],[1286.5,1663.0],[1286.0,1662.5],[1285.0,1662.5],[1284.0,1662.5],[1283.0,1662.5],[1282.5,1663.0],[1282.0,1663.5],[1281.0,1663.5],[1280.0,1663.5],[1279.0,1663.5],[1278.0,1663.5],[1277.5,1663.0],[1277.0,1662.5],[1276.0,1662.5]]","[[243045.41241264,431252.42990875,85.00808239],[243045.41257095,431252.43045044,85.00845146],[243045.41238785,431252.43113708,85.00845623],[243045.41220665,431252.4318161,85.00846052],[243045.41236496,431252.43235779,85.00882959],[243045.41252327,431252.4329071,85.00919867],[243045.41234207,431252.43358612,85.00920343],[243045.41249657,431252.43412781,85.00957203],[243045.41261482,431252.43463898,85.00993729],[243045.41237068,431252.43527222,85.00993586],[243045.41248703,431252.43578339,85.01030111],[243045.41260529,431252.43629456,85.01066637],[243045.41272354,431252.43681335,85.01103163],[243045.4128418,431252.43732452,85.01139736],[243045.41259766,431252.43795013,85.01139545],[243045.41235161,431252.43858337,85.01139402],[243045.41210747,431252.43921661,85.01139212],[243045.41174316,431252.43933105,85.01102495],[243045.41138077,431252.43945312,85.01065779],[243045.41113663,431252.44008636,85.01065636],[243045.41089058,431252.44071198,85.01065445],[243045.41100883,431252.44123077,85.01102018],[243045.41112709,431252.44174194,85.01138544],[243045.41088104,431252.44236755,85.01138401],[243045.4109993,431252.44288635,85.01174927],[243045.41111755,431252.44339752,85.012115],[243045.41123581,431252.44390869,85.01248074],[243045.41135406,431252.44442749,85.01284647],[243045.41147041,431252.44493866,85.01321268],[243045.41158867,431252.44544983,85.01357841],[243045.41170692,431252.44596863,85.01394463],[243045.41182518,431252.4464798,85.01431084],[243045.41194344,431252.44699097,85.01467705],[243045.41206169,431252.44750977,85.01504326],[243045.41181564,431252.44813538,85.01504135],[243045.4115715,431252.44876862,85.01503992],[243045.4113369,431252.44940948,85.01503897],[243045.41096306,431252.4495163,85.01466989],[243045.41059875,431252.44963837,85.01430225],[243045.41035461,431252.45027161,85.01430035],[243045.41012764,431252.45091248,85.01430082],[243045.40990257,431252.45156097,85.01430082],[243045.40967751,431252.45220947,85.0143013],[243045.40983391,431252.45275879,85.01467133],[243045.4099884,431252.45330048,85.01504135],[243045.40976334,431252.45394897,85.01504183]]",dji_pose_mesh_ray_contour_nodes,
224,213,3,SPL,1750.8222,1662.6,1747,1660,1756,1667,9,7,45,243045.49946594,431252.13526917,85.0131259,dji_pose_mesh_ray_centroid,True,True,79357,2.608867,warp,,1750.8222,1662.6,1,1,1.0,1,2.608867,2.608867,8,8,1.0,"[[1755.0,1662.5],[1754.5,1663.0],[1754.0,1663.5],[1753.5,1664.0],[1753.0,1664.5],[1752.5,1665.0],[1752.0,1665.5],[1751.5,1666.0]]","[[243045.50026321,431252.13249969,85.0131793],[243045.49990273,431252.13265991,85.01281548],[243045.49954414,431252.13282013,85.01245213],[243045.49918365,431252.13298035,85.01208878],[243045.49882507,431252.13314056,85.01172543],[243045.49846458,431252.13330078,85.01136208],[243045.498106,431252.133461,85.01099873],[243045.49774742,431252.13362122,85.01063585]]",dji_pose_mesh_ray_contour_nodes,
225,214,3,SPL,1272.8182,1665.5455,1271,1664,1275,1668,4,4,11,243045.40742302,431252.45466614,85.01279163,dji_pose_mesh_ray_centroid,True,True,1219562,2.723521,warp,,1272.8182,1665.5455,1,1,1.0,1,2.723521,2.723521,4,4,1.0,"[[1271.0,1665.5],[1271.5,1665.0],[1272.0,1664.5],[1272.5,1664.0]]","[[243045.40703964,431252.45586395,85.01282597],[243045.4074192,431252.45576477,85.01319504],[243045.40779686,431252.45565796,85.01356459],[243045.40817642,431252.45555878,85.01393414]]",dji_pose_mesh_ray_contour_nodes,
226,215,3,SPL,1490.6915,1668.617,1484,1664,1499,1674,15,10,94,243045.44346619,431252.30393982,85.00933266,dji_pose_mesh_ray_centroid,True,True,314678,2.65866,warp,,1490.6915,1668.617,1,1,1.0,1,2.65866,2.65866,17,17,1.0,"[[1487.5,1664.0],[1488.0,1664.5],[1489.0,1664.5],[1490.0,1664.5],[1490.5,1665.0],[1491.0,1665.5],[1492.0,1665.5],[1493.0,1665.5],[1494.0,1665.5],[1495.0,1665.5],[1495.5,1666.0],[1495.5,1667.0],[1496.0,1667.5],[1496.5,1668.0],[1497.0,1668.5],[1497.5,1669.0],[1498.0,1669.5]]","[[243045.44495201,431252.30762482,85.01269388],[243045.44482613,431252.30712891,85.01232958],[243045.44505692,431252.30648804,85.01232958],[243045.4452877,431252.3058548,85.01233005],[243045.44516182,431252.30535126,85.01196575],[243045.44503593,431252.30485535,85.01160192],[243045.44526672,431252.30421448,85.0116024],[243045.44549751,431252.30357361,85.0116024],[243045.4457283,431252.30294037,85.01160288],[243045.44595718,431252.3022995,85.01160336],[243045.44583321,431252.30180359,85.01123905],[243045.44535065,431252.30144501,85.01051092],[243045.44522476,431252.3009491,85.01014709],[243045.44509888,431252.30044556,85.00978374],[243045.4449749,431252.29994965,85.00941992],[243045.44484901,431252.29945374,85.00905657],[243045.44472313,431252.29895782,85.00869322]]",dji_pose_mesh_ray_contour_nodes,
227,216,3,SPL,1457.8136,1668.8305,1453,1665,1465,1673,12,8,59,243045.43701744,431252.32577515,85.00928831,dji_pose_mesh_ray_centroid,True,True,1219545,2.666577,warp,,1457.8136,1668.8305,1,1,1.0,1,2.666577,2.666577,15,15,1.0,"[[1455.5,1665.0],[1456.0,1665.5],[1456.5,1666.0],[1457.0,1666.5],[1457.5,1667.0],[1458.0,1667.5],[1459.0,1667.5],[1460.0,1667.5],[1460.5,1667.0],[1461.0,1666.5],[1462.0,1666.5],[1462.5,1667.0],[1463.0,1667.5],[1463.5,1668.0],[1464.0,1668.5]]","[[243045.43834114,431252.32865906,85.01207924],[243045.43819618,431252.32814026,85.01171303],[243045.43805313,431252.32762146,85.01134682],[243045.43790817,431252.32711029,85.01098108],[243045.43776512,431252.32659149,85.01061487],[243045.43762016,431252.32608032,85.01024914],[243045.43776512,431252.32537079,85.01024103],[243045.43791008,431252.32466888,85.01023293],[243045.4382,431252.32448578,85.01059055],[243045.43848991,431252.32429504,85.01094818],[243045.43863297,431252.32359314,85.01094007],[243045.43848991,431252.32307434,85.01057386],[243045.43834496,431252.32256317,85.01020813],[243045.4382019,431252.32204437,85.0098424],[243045.43805695,431252.3215332,85.00947666]]",dji_pose_mesh_ray_contour_nodes,
228,217,3,SPL,1218.0625,1669.7812,1214,1667,1223,1673,9,6,32,243045.39288902,431252.48825836,85.00968742,dji_pose_mesh_ray_centroid,True,True,1219562,2.733719,warp,,1218.0625,1669.7812,1,1,1.0,1,2.733719,2.733719,9,9,1.0,"[[1216.5,1667.0],[1217.0,1667.5],[1218.0,1667.5],[1219.0,1667.5],[1219.5,1668.0],[1220.0,1668.5],[1220.5,1669.0],[1221.0,1669.5],[1222.0,1669.5]]","[[243045.39401054,431252.49052429,85.01174021],[243045.39385796,431252.48997498,85.01137066],[243045.39408112,431252.48932648,85.01137018],[243045.39430618,431252.48867798,85.0113697],[243045.39415359,431252.48812866,85.01100063],[243045.39400101,431252.48757935,85.01063156],[243045.39384842,431252.48703003,85.01026249],[243045.39369583,431252.48648071,85.00989342],[243045.3939209,431252.48583221,85.00989342]]",dji_pose_mesh_ray_contour_nodes,
229,218,3,SPL,1189.25,1669.6667,1187,1668,1192,1672,5,4,12,243045.38648605,431252.50697327,85.00978327,dji_pose_mesh_ray_centroid,True,True,1219562,2.741019,warp,,1189.25,1669.6667,1,1,1.0,1,2.741019,2.741019,4,4,1.0,"[[1187.0,1669.5],[1187.5,1669.0],[1188.0,1668.5],[1188.5,1668.0]]","[[243045.38607025,431252.50850677,85.00990725],[243045.386446,431252.50840759,85.01027584],[243045.38682175,431252.50831604,85.01064444],[243045.38719749,431252.50821686,85.01101303]]",dji_pose_mesh_ray_contour_nodes,
230,219,3,SPL,1757.9091,1669.6364,1757,1668,1760,1672,3,4,11,243045.49692154,431252.12805176,85.00795126,dji_pose_mesh_ray_centroid,True,True,79357,2.602417,warp,,1757.9091,1669.6364,1,1,1.0,1,2.602417,2.602417,2,2,1.0,"[[1758.5,1668.0],[1759.0,1668.5]]","[[243045.49790955,431252.12822723,85.0091424],[243045.49772835,431252.12771606,85.00877523]]",dji_pose_mesh_ray_contour_nodes,
231,220,3,SPL,1823.5294,1737.175,1752,1670,1910,1787,158,117,7739,243045.47391319,431252.06261444,84.95937157,dji_pose_mesh_ray_centroid,True,True,314711,2.544624,warp,,1823.5294,1737.175,1,1,1.0,1,2.544624,2.544624,256,256,1.0,"[[1770.5,1670.0],[1771.0,1670.5],[1772.5,1671.0],[1774.0,1671.5],[1776.0,1671.5],[1778.0,1671.5],[1779.0,1672.5],[1780.5,1673.0],[1782.0,1673.5],[1783.0,1674.5],[1784.0,1675.5],[1784.5,1677.0],[1785.5,1678.0],[1787.0,1678.5],[1788.5,1679.0],[1790.0,1679.5],[1791.0,1679.5],[1792.5,1679.0],[1794.0,1678.5],[1795.0,1679.5],[1796.0,1680.5],[1797.0,1681.5],[1798.0,1682.5],[1799.0,1683.5],[1799.5,1685.0],[1799.5,1687.0],[1798.5,1688.0],[1797.5,1689.0],[1798.0,1690.5],[1799.5,1691.0],[1800.5,1692.0],[1800.5,1693.0],[1801.5,1694.0],[1801.5,1696.0],[1801.0,1697.5],[1800.0,1698.5],[1798.0,1698.5],[1796.5,1699.0],[1795.5,1700.0],[1794.0,1700.5],[1793.0,1701.5],[1792.0,1702.5],[1791.0,1703.5],[1789.5,1704.0],[1788.5,1705.0],[1788.0,1706.5],[1787.5,1707.0],[1786.5,1708.0],[1785.5,1709.0],[1786.0,1710.5],[1788.0,1710.5],[1790.0,1710.5],[1792.0,1710.5],[1794.0,1710.5],[1795.0,1709.5],[1795.0,1708.5],[1794.0,1707.5],[1793.5,1706.0],[1794.0,1704.5],[1796.0,1704.5],[1798.0,1704.5],[1798.5,1705.0],[1800.0,1705.5],[1801.0,1706.5],[1802.5,1706.0],[1803.5,1705.0],[1804.5,1704.0],[1806.0,1703.5],[1807.0,1702.5],[1808.0,1701.5],[1809.0,1700.5],[1810.5,1701.0],[1811.5,1702.0],[1813.0,1702.5],[1815.0,1702.5],[1817.0,1702.5],[1817.5,1702.0],[1818.5,1702.0],[1820.0,1702.5],[1822.0,1702.5],[1824.0,1702.5],[1825.5,1703.0],[1827.0,1703.5],[1827.5,1705.0],[1827.5,1707.0],[1826.5,1708.0],[1825.0,1708.5],[1823.5,1709.0],[1822.5,1710.0],[1821.0,1710.5],[1820.0,1711.5],[1819.0,1711.5],[1817.0,1711.5],[1815.0,1711.5],[1813.0,1711.5],[1811.0,1711.5],[1809.0,1711.5],[1807.0,1711.5],[1805.0,1711.5],[1803.5,1712.0],[1802.0,1712.5],[1801.0,1713.5],[1800.0,1714.5],[1799.0,1715.5],[1797.5,1716.0],[1796.0,1716.5],[1795.0,1716.5],[1794.5,1718.0],[1794.5,1720.0],[1795.0,1721.5],[1796.0,1722.5],[1797.0,1723.5],[1798.0,1724.5],[1799.5,1725.0],[1801.0,1725.5],[1802.5,1726.0],[1803.5,1727.0],[1805.0,1727.5],[1807.0,1727.5],[1808.5,1727.0],[1810.0,1726.5],[1810.5,1726.0],[1811.5,1725.0],[1812.5,1724.0],[1814.0,1723.5],[1815.5,1724.0],[1817.0,1724.5],[1819.0,1724.5],[1821.0,1724.5],[1823.0,1724.5],[1824.0,1725.5],[1824.5,1727.0],[1826.0,1727.5],[1827.0,1728.5],[1827.5,1730.0],[1829.0,1730.5],[1829.5,1731.0],[1830.5,1732.0],[1830.0,1733.5],[1829.0,1734.5],[1827.5,1735.0],[1826.5,1736.0],[1826.5,1738.0],[1827.5,1739.0],[1828.5,1740.0],[1829.0,1741.5],[1830.0,1742.5],[1831.0,1743.5],[1833.0,1743.5],[1835.0,1743.5],[1836.0,1742.5],[1836.5,1742.0],[1837.5,1741.0],[1837.5,1739.0],[1837.5,1737.0],[1836.5,1736.0],[1836.5,1734.0],[1836.5,1732.0],[1838.0,1731.5],[1839.5,1732.0],[1840.5,1733.0],[1840.5,1735.0],[1840.0,1736.5],[1840.0,1737.5],[1841.0,1738.5],[1842.5,1739.0],[1843.0,1739.5],[1844.5,1740.0],[1845.5,1741.0],[1845.0,1742.5],[1844.5,1744.0],[1844.5,1746.0],[1844.5,1748.0],[1844.5,1750.0],[1845.0,1751.5],[1846.0,1750.5],[1846.5,1749.0],[1847.5,1748.0],[1847.5,1746.0],[1848.5,1745.0],[1847.5,1744.0],[1847.5,1743.0],[1846.5,1742.0],[1847.5,1741.0],[1848.5,1740.0],[1849.5,1739.0],[1850.5,1738.0],[1851.5,1737.0],[1852.5,1736.0],[1854.0,1735.5],[1855.5,1735.0],[1857.0,1734.5],[1859.0,1734.5],[1860.0,1733.5],[1861.5,1733.0],[1862.0,1731.5],[1862.5,1731.0],[1862.5,1729.0],[1863.5,1728.0],[1864.5,1727.0],[1865.5,1726.0],[1866.5,1725.0],[1868.0,1724.5],[1869.0,1723.5],[1871.0,1723.5],[1872.0,1722.5],[1873.5,1722.0],[1874.5,1721.0],[1875.5,1720.0],[1876.0,1718.5],[1877.0,1717.5],[1877.5,1717.0],[1877.5,1715.0],[1878.5,1714.0],[1878.5,1712.0],[1878.5,1710.0],[1878.0,1708.5],[1877.5,1707.0],[1877.5,1705.0],[1878.5,1704.0],[1879.0,1702.5],[1879.5,1701.0],[1880.5,1700.0],[1882.0,1699.5],[1884.0,1699.5],[1885.0,1700.5],[1886.0,1700.5],[1886.5,1702.0],[1886.5,1704.0],[1887.5,1705.0],[1888.0,1706.5],[1888.5,1708.0],[1889.5,1709.0],[1890.5,1710.0],[1890.5,1712.0],[1891.0,1713.5],[1891.5,1715.0],[1892.5,1716.0],[1894.0,1716.5],[1895.0,1717.5],[1897.0,1717.5],[1898.0,1717.5],[1899.5,1718.0],[1900.5,1719.0],[1900.5,1721.0],[1901.5,1722.0],[1902.0,1723.5],[1902.5,1725.0],[1903.5,1726.0],[1903.0,1727.5],[1902.5,1729.0],[1904.0,1729.5],[1905.5,1730.0],[1907.0,1730.5],[1908.0,1731.5],[1909.0,1732.5]]","[[243045.4989624,431252.11949158,85.00762749],[243045.4987812,431252.11898804,85.0072608],[243045.49884605,431252.11785126,85.00689602],[243045.49892426,431252.11672974,85.00653267],[243045.49940681,431252.11547089,85.00653553],[243045.49989128,431252.11421967,85.00653839],[243045.49956322,431252.11322784,85.00580883],[243045.49964142,431252.11209869,85.00544596],[243045.49971962,431252.11097717,85.00508261],[243045.49939156,431252.10998535,85.00435352],[243045.49906349,431252.10900116,85.00362539],[243045.49833107,431252.10814667,85.00253153],[243045.49800491,431252.10715485,85.00180387],[243045.49808311,431252.10603333,85.00144196],[243045.49815941,431252.1049118,85.00108004],[243045.49823761,431252.10379028,85.00071764],[243045.49847984,431252.10316467,85.00071907],[243045.49912643,431252.10240173,85.00108576],[243045.49977303,431252.10164642,85.00145245],[243045.49944496,431252.1006546,85.00072527],[243045.4991188,431252.09967041,84.99999857],[243045.49879074,431252.09868622,84.99927187],[243045.49846458,431252.09770203,84.99854612],[243045.49813843,431252.09671783,84.99782038],[243045.49740791,431252.09586334,84.99673128],[243045.49627304,431252.09515381,84.99527931],[243045.49546623,431252.09542084,84.99455261],[243045.49465752,431252.09568787,84.99382639],[243045.49393082,431252.094841,84.99274015],[243045.49400902,431252.09372711,84.99238014],[243045.49368286,431252.09274292,84.99165773],[243045.49311829,431252.09239197,84.99093437],[243045.49279404,431252.09140778,84.99021292],[243045.49166489,431252.09069824,84.98876762],[243045.49069786,431252.09047699,84.98768425],[243045.48989487,431252.09074402,84.98696136],[243045.48941422,431252.09199524,84.9869585],[243045.48877335,431252.09275055,84.98659611],[243045.48797035,431252.09301758,84.9858737],[243045.48732758,431252.09378052,84.9855113],[243045.48652649,431252.09404755,84.98478985],[243045.4857235,431252.09431458,84.98406887],[243045.48492241,431252.0945816,84.98334789],[243045.48428154,431252.09533691,84.98298597],[243045.48348236,431252.09560394,84.98226595],[243045.48252106,431252.09538269,84.98118782],[243045.48215485,431252.09554291,84.98083067],[243045.48144913,431252.09586334,84.98011923],[243045.4807415,431252.09619141,84.97940826],[243045.48003387,431252.09535217,84.97833443],[243045.48038673,431252.09403229,84.97832632],[243045.48076057,431252.09272003,84.9783206],[243045.48123932,431252.09147644,84.97832298],[243045.48171806,431252.09023285,84.97832584],[243045.48251724,431252.08996582,84.97904396],[243045.483078,431252.09031677,84.97976112],[243045.48339844,431252.09129333,84.98047733],[243045.48411942,431252.0921402,84.98155403],[243045.48508072,431252.09236145,84.98263264],[243045.48555946,431252.09111023,84.9826355],[243045.48604012,431252.08986664,84.98263788],[243045.4858799,431252.08937836,84.9822793],[243045.4859581,431252.08826447,84.98192167],[243045.48563576,431252.0872879,84.98120451],[243045.48627663,431252.08653259,84.98156595],[243045.48707771,431252.08626556,84.98228598],[243045.48788071,431252.08599091,84.983006],[243045.48852158,431252.0852356,84.98336792],[243045.48932266,431252.08496094,84.9840889],[243045.49012566,431252.08469391,84.98480988],[243045.49093056,431252.08441925,84.98553181],[243045.49100685,431252.08331299,84.9851737],[243045.49068451,431252.08233643,84.98445463],[243045.49076271,431252.08122253,84.98409653],[243045.49124336,431252.07997894,84.98409939],[243045.49172211,431252.07872772,84.98410225],[243045.49212456,431252.07859039,84.98446274],[243045.49236488,431252.07797241,84.98446417],[243045.49244308,431252.07685852,84.98410606],[243045.49292374,431252.0756073,84.98410892],[243045.49340248,431252.07436371,84.98411131],[243045.49348068,431252.07324982,84.98375368],[243045.49355888,431252.07214355,84.98339558],[243045.49283409,431252.07130432,84.98231745],[243045.49170685,431252.07061005,84.98088026],[243045.49090576,431252.0708847,84.98016119],[243045.49026489,431252.07164001,84.97980022],[243045.48962402,431252.07240295,84.97943974],[243045.48882294,431252.07267761,84.97872114],[243045.48818398,431252.07343292,84.97836065],[243045.48738289,431252.07370758,84.97764254],[243045.48714256,431252.07432556,84.97764111],[243045.48666382,431252.07556915,84.97763872],[243045.48618507,431252.07682037,84.97763634],[243045.48570633,431252.07806396,84.97763348],[243045.48522758,431252.07930756,84.97763109],[243045.48474884,431252.08055115,84.97762823],[243045.4842701,431252.08179474,84.97762585],[243045.48379135,431252.08303833,84.97762299],[243045.48315239,431252.08379364,84.97726297],[243045.48251343,431252.08454895,84.97690296],[243045.48171616,431252.08482361,84.9761858],[243045.48091698,431252.08509064,84.97546911],[243045.48011971,431252.08535767,84.9747529],[243045.47948265,431252.08611298,84.97439384],[243045.47884369,431252.08686829,84.97403431],[243045.47860527,431252.0874939,84.97403336],[243045.47764969,431252.08727264,84.97296095],[243045.4765358,431252.08657074,84.97153377],[243045.47581863,431252.08573151,84.97046518],[243045.47550201,431252.08476257,84.96975374],[243045.47518539,431252.08379364,84.96904278],[243045.47486687,431252.08281708,84.96833229],[243045.47494698,431252.08171844,84.96797848],[243045.47502708,431252.08061218,84.96762466],[243045.47510719,431252.07950592,84.96727085],[243045.47478867,431252.07853699,84.96656132],[243045.47486877,431252.07743073,84.9662075],[243045.47534561,431252.07619476,84.96620989],[243045.47598076,431252.07543945,84.96656704],[243045.47661591,431252.07468414,84.96692467],[243045.47701454,431252.07454681,84.96728039],[243045.477808,431252.07427979,84.96799326],[243045.47860336,431252.07400513,84.96870613],[243045.47924042,431252.07324982,84.96906376],[243045.47932053,431252.07214355,84.96870947],[243045.47939873,431252.07103729,84.96835566],[243045.47987556,431252.06980133,84.96835804],[243045.4803524,431252.06855774,84.96836042],[243045.48082924,431252.06732178,84.96836281],[243045.48051071,431252.06635284,84.96765232],[243045.47979546,431252.06552124,84.96658659],[243045.47987366,431252.06442261,84.96623278],[243045.47955513,431252.06345367,84.96552372],[243045.47883987,431252.0626297,84.96445942],[243045.47891998,431252.06153107,84.96410608],[243045.47876167,431252.06105042,84.96375179],[243045.47844315,431252.06008148,84.96304417],[243045.47749138,431252.05987549,84.96198034],[243045.47669792,431252.06015015,84.96127081],[243045.47606468,431252.06090546,84.96091509],[243045.47527122,431252.06118011,84.96020603],[243045.47416306,431252.06049347,84.95879173],[243045.47384644,431252.05953217,84.95808649],[243045.47353172,431252.05857086,84.95738125],[243045.47282028,431252.05774689,84.95632315],[243045.47250557,431252.05679321,84.95561886],[243045.47219086,431252.05583191,84.95491505],[243045.47266388,431252.05459595,84.95491695],[243045.47313881,431252.05335999,84.95491934],[243045.47392845,431252.05308533,84.95562553],[243045.47432518,431252.052948,84.95597887],[243045.47511673,431252.05267334,84.95668554],[243045.47622299,431252.05335236,84.95809793],[243045.47733307,431252.054039,84.95951128],[243045.47764969,431252.05500031,84.96021795],[243045.47875977,431252.05568695,84.96163368],[243045.47987175,431252.05636597,84.96305132],[243045.4805069,431252.05561066,84.96340752],[243045.48058701,431252.05451202,84.96305466],[243045.48026848,431252.05355072,84.96234703],[243045.47915649,431252.05286407,84.96093035],[243045.47820473,431252.05266571,84.95986795],[243045.47764969,431252.05232239,84.9591608],[243045.47733307,431252.05136108,84.95845509],[243045.47741127,431252.05026245,84.95810366],[243045.47725296,431252.0497818,84.9577508],[243045.47733307,431252.0486908,84.95739937],[243045.47701645,431252.04772949,84.9566946],[243045.47606659,431252.04753113,84.95563555],[243045.47511864,431252.04732513,84.95457745],[243045.47401237,431252.04664612,84.95316887],[243045.47290802,431252.0459671,84.95176125],[243045.47180367,431252.04528809,84.95035553],[243045.47109413,431252.04447937,84.94930267],[243045.47188377,431252.04419708,84.95000601],[243045.47282982,431252.04439545,84.95106029],[243045.47361946,431252.04412079,84.95176458],[243045.47472382,431252.0447998,84.95317221],[243045.47551346,431252.04451752,84.95387745],[243045.47583008,431252.04547882,84.95458078],[243045.47638321,431252.04581451,84.95528555],[243045.47669983,431252.04676819,84.95598984],[243045.47749138,431252.04649353,84.95669651],[243045.47828293,431252.04621887,84.95740366],[243045.47907639,431252.04593658,84.95811129],[243045.47986794,431252.04566193,84.95881939],[243045.48066139,431252.04537964,84.95952749],[243045.48145485,431252.04510498,84.96023607],[243045.48209,431252.04434204,84.96059179],[243045.48272514,431252.04358673,84.96094751],[243045.48336029,431252.04282379,84.96130323],[243045.48383713,431252.04158783,84.96130562],[243045.48463249,431252.04131317,84.96201515],[243045.48526764,431252.04055023,84.96237135],[243045.48622322,431252.0407486,84.96343565],[243045.48662186,431252.04061127,84.96379089],[243045.48773956,431252.04129028,84.96521091],[243045.48853683,431252.041008,84.96592236],[243045.48933411,431252.04072571,84.96663475],[243045.49013138,431252.04045105,84.96734714],[243045.49093056,431252.04016876,84.96806002],[243045.49156952,431252.03940582,84.96841764],[243045.4923687,431252.03912354,84.96913099],[243045.49284554,431252.03787994,84.96913338],[243045.49364662,431252.03760529,84.9698472],[243045.49428368,431252.03684235,84.97020531],[243045.49508476,431252.03656006,84.97092009],[243045.49588585,431252.03627777,84.97163439],[243045.49684906,431252.03647614,84.97270632],[243045.49765205,431252.03619385,84.97342157],[243045.4980526,431252.03604889,84.97377968],[243045.49917984,431252.03672791,84.97521019],[243045.49998283,431252.03644562,84.97592688],[243045.50111198,431252.03712463,84.97735977],[243045.50224113,431252.03780365,84.97879362],[243045.50296974,431252.03862762,84.97986937],[243045.50369835,431252.0394516,84.98094606],[243045.50483131,431252.04013062,84.98238373],[243045.50563812,431252.03984833,84.98310471],[243045.50660896,431252.04005432,84.98418522],[243045.5075798,431252.04025269,84.98526621],[243045.50839043,431252.0399704,84.98598862],[243045.5090332,431252.03920746,84.98635149],[243045.50951576,431252.03795624,84.98635387],[243045.50918579,431252.0369873,84.98563433],[243045.50942802,431252.03636169,84.98563576],[243045.5086937,431252.03553772,84.98455524],[243045.50755882,431252.0348587,84.9831152],[243045.50723076,431252.0338974,84.98239708],[243045.50650024,431252.03307343,84.98131895],[243045.50577164,431252.03225708,84.98024225],[243045.50544548,431252.03129578,84.97952557],[243045.50511742,431252.03033447,84.97880936],[243045.50398636,431252.02965546,84.97737503],[243045.50325775,431252.02883911,84.97630119],[243045.50253105,431252.02802277,84.97522783],[243045.5022049,431252.02706146,84.97451353],[243045.5022831,431252.0259552,84.97415781],[243045.50195694,431252.02500153,84.97344446],[243045.50243568,431252.02375793,84.97344685],[243045.50267601,431252.02313232,84.97344828],[243045.5027523,431252.02203369,84.97309256],[243045.50242615,431252.02107239,84.97237968],[243045.5012989,431252.02040863,84.97095203],[243045.50097466,431252.01944733,84.97024012],[243045.50024986,431252.01863861,84.96917152],[243045.49952507,431252.01782227,84.96810341],[243045.49920273,431252.01686859,84.96739292],[243045.49823952,431252.01667786,84.96632528],[243045.49727821,431252.01649475,84.9652586],[243045.49735451,431252.01539612,84.96490526],[243045.49743271,431252.01429749,84.96455193],[243045.497509,431252.01319885,84.96419859],[243045.49718666,431252.01225281,84.96349001],[243045.49686432,431252.01129913,84.96278191]]",dji_pose_mesh_ray_contour_nodes,
232,221,3,SPL,1604.55,1673.45,1602,1672,1609,1676,7,4,20,243045.46698189,431252.2293396,85.00582361,dji_pose_mesh_ray_centroid,True,True,1219551,2.633845,warp,,1604.55,1673.45,1,1,1.0,1,2.633845,2.633845,5,5,1.0,"[[1605.5,1672.0],[1606.0,1672.5],[1607.0,1672.5],[1607.5,1673.0],[1608.0,1673.5]]","[[243045.46790123,431252.22922516,85.00687647],[243045.46777153,431252.22873688,85.00651312],[243045.4679966,431252.22809601,85.00651312],[243045.4678669,431252.22760773,85.00615025],[243045.4677372,431252.22711182,85.00578737]]",dji_pose_mesh_ray_contour_nodes,
233,222,3,SPL,1270.4444,1674.2222,1269,1673,1273,1677,4,4,9,243045.40262985,431252.45267487,85.00643206,dji_pose_mesh_ray_centroid,True,True,314701,2.71808,warp,,1270.4444,1674.2222,1,1,1.0,1,2.71808,2.71808,4,4,1.0,"[[1272.0,1674.5],[1271.5,1675.0],[1271.0,1675.5],[1270.5,1676.0]]","[[243045.40287781,431252.45158386,85.00623131],[243045.40251541,431252.4516983,85.00586557],[243045.40215492,431252.45181274,85.00549984],[243045.40179443,431252.45193481,85.00513411]]",dji_pose_mesh_ray_contour_nodes,
234,223,3,SPL,1370.7647,1677.3725,1365,1675,1378,1681,13,6,51,243045.42066765,431252.38428497,85.00381041,dji_pose_mesh_ray_centroid,True,True,1219545,2.688941,warp,,1370.7647,1677.3725,1,1,1.0,1,2.688941,2.688941,8,8,1.0,"[[1371.5,1675.0],[1372.0,1675.5],[1373.0,1675.5],[1374.0,1675.5],[1375.0,1675.5],[1375.5,1676.0],[1376.0,1676.5],[1377.0,1676.5]]","[[243045.4217968,431252.38456726,85.0055213],[243045.42165375,431252.38404846,85.00515556],[243045.42180061,431252.38333893,85.00514746],[243045.42194557,431252.38262939,85.00513935],[243045.42209244,431252.38192749,85.00513124],[243045.42194939,431252.38140106,85.00476551],[243045.42180634,431252.38088226,85.00439978],[243045.4219532,431252.38017273,85.00439215]]",dji_pose_mesh_ray_contour_nodes,
235,224,3,SPL,1458.2346,1678.4198,1452,1675,1464,1683,12,8,81,243045.43293571,431252.32234192,85.00236416,dji_pose_mesh_ray_centroid,True,True,1219545,2.660731,warp,,1458.2346,1678.4198,1,1,1.0,1,2.660731,2.660731,8,8,1.0,"[[1456.5,1682.0],[1456.0,1681.5],[1455.0,1681.5],[1454.5,1681.0],[1454.0,1680.5],[1453.0,1680.5],[1452.5,1680.0],[1452.0,1679.5]]","[[243045.4311409,431252.32239532,84.99980068],[243045.43128395,431252.32290649,85.00016451],[243045.43113899,431252.3236084,85.00017214],[243045.43128204,431252.32411957,85.00053596],[243045.43142509,431252.32463837,85.00089931],[243045.43128014,431252.32533264,85.00090742],[243045.43142319,431252.32585144,85.00127125],[243045.43156433,431252.32636261,85.00163507]]",dji_pose_mesh_ray_contour_nodes,
236,225,3,SPL,1831.6471,1680.5294,1829,1678,1835,1684,6,6,17,243045.5077076,431252.07730865,85.00002909,dji_pose_mesh_ray_centroid,True,True,314711,2.583862,warp,,1831.6471,1680.5294,1,1,1.0,1,2.583862,2.583862,8,8,1.0,"[[1832.5,1683.0],[1832.0,1682.5],[1831.5,1682.0],[1831.0,1681.5],[1830.5,1681.0],[1830.0,1680.5],[1829.5,1680.0],[1829.0,1679.5]]","[[243045.50650597,431252.07590485,84.99823236],[243045.50667,431252.07639313,84.99859524],[243045.50683403,431252.07688141,84.99895859],[243045.50699806,431252.07736969,84.99932146],[243045.50716209,431252.0778656,84.99968481],[243045.50732803,431252.07835388,85.00004816],[243045.50749207,431252.07884216,85.00041151],[243045.5076561,431252.07933044,85.00077486]]",dji_pose_mesh_ray_contour_nodes,
237,226,3,SPL,1169.125,1685.125,1168,1684,1171,1687,3,3,8,243045.37386703,431252.51295471,84.9984374,dji_pose_mesh_ray_centroid,True,True,1219562,2.734565,warp,,1169.125,1685.125,1,1,1.0,1,2.734565,2.734565,2,2,1.0,"[[1168.0,1684.5],[1168.5,1684.0]]","[[243045.37394333,431252.51396179,84.99889517],[243045.37431717,431252.51387024,84.9992609]]",dji_pose_mesh_ray_contour_nodes,
238,227,3,SPL,1629.0882,1686.4706,1626,1684,1634,1690,8,6,34,243045.46498108,431252.20839691,84.99628639,dji_pose_mesh_ray_centroid,True,True,79357,2.619539,warp,,1629.0882,1686.4706,1,1,1.0,1,2.619539,2.619539,7,7,1.0,"[[1633.0,1686.5],[1632.5,1687.0],[1632.0,1687.5],[1631.0,1687.5],[1630.5,1688.0],[1630.0,1688.5],[1629.5,1689.0]]","[[243045.465662,431252.20576477,84.99624824],[243045.46530724,431252.20591736,84.99588776],[243045.46495247,431252.20606995,84.99552727],[243045.46477318,431252.20674133,84.99553156],[243045.46442032,431252.20688629,84.99517107],[243045.46406555,431252.20703888,84.99481106],[243045.46371078,431252.20719147,84.99445057]]",dji_pose_mesh_ray_contour_nodes,
239,228,3,SPL,1180.7143,1685.4286,1179,1685,1183,1687,4,2,7,243045.3762989,431252.50534058,84.99821091,dji_pose_mesh_ray_centroid,True,True,1219562,2.731399,warp,,1180.7143,1685.4286,1,1,1.0,1,2.731399,2.731399,2,2,1.0,"[[1179.5,1686.0],[1179.0,1685.5]]","[[243045.37572861,431252.50585938,84.99779367],[243045.37587929,431252.50640869,84.99815941]]",dji_pose_mesh_ray_contour_nodes,
240,229,3,SPL,1756.7692,1688.9103,1750,1686,1764,1693,14,7,78,243045.48636436,431252.12213135,84.99396515,dji_pose_mesh_ray_centroid,True,True,79357,2.589284,warp,,1756.7692,1688.9103,1,1,1.0,1,2.589284,2.589284,9,9,1.0,"[[1750.0,1687.5],[1750.5,1687.0],[1751.0,1686.5],[1752.0,1686.5],[1753.0,1686.5],[1754.0,1686.5],[1755.0,1686.5],[1756.0,1686.5],[1756.5,1686.0]]","[[243045.48591805,431252.12713623,84.99501371],[243045.48627472,431252.12697601,84.99537325],[243045.48663139,431252.1268158,84.99573278],[243045.48680878,431252.12615204,84.99572802],[243045.48698616,431252.12548065,84.99572372],[243045.48716354,431252.12481689,84.99571943],[243045.48733902,431252.12414551,84.99571514],[243045.4875164,431252.12348175,84.99571085],[243045.48787308,431252.12332153,84.99607038]]",dji_pose_mesh_ray_contour_nodes,
241,230,3,SPL,1735.8889,1688.2222,1734,1687,1738,1690,4,3,9,243045.48303032,431252.13629913,84.99455261,dji_pose_mesh_ray_centroid,True,True,79357,2.594233,warp,,1735.8889,1688.2222,1,1,1.0,1,2.594233,2.594233,4,4,1.0,"[[1734.0,1688.5],[1734.5,1688.0],[1735.0,1687.5],[1735.5,1687.0]]","[[243045.48254776,431252.13746643,84.99435997],[243045.48290443,431252.13730621,84.9947195],[243045.4832592,431252.137146,84.99507904],[243045.48361588,431252.13698578,84.99543858]]",dji_pose_mesh_ray_contour_nodes,
242,231,3,SPL,1618.2,1689.5333,1616,1688,1622,1692,6,4,15,243045.46141434,431252.21457672,84.99411344,dji_pose_mesh_ray_centroid,True,True,79357,2.619966,warp,,1618.2,1689.5333,1,1,1.0,1,2.619966,2.619966,5,5,1.0,"[[1618.5,1688.0],[1619.0,1688.5],[1620.0,1688.5],[1620.5,1689.0],[1621.0,1689.5]]","[[243045.46228218,431252.21494293,84.99522352],[243045.4621048,431252.2144165,84.99485874],[243045.46228409,431252.21374512,84.99485445],[243045.4621067,431252.21322632,84.99448967],[243045.46193123,431252.21270752,84.99412537]]",dji_pose_mesh_ray_contour_nodes,
243,232,3,SPL,1730.5,1689.2,1729,1688,1733,1691,4,3,10,243045.48155403,431252.13955688,84.9938693,dji_pose_mesh_ray_centroid,True,True,79357,2.594725,warp,,1730.5,1689.2,1,1,1.0,1,2.594725,2.594725,2,2,1.0,"[[1729.0,1688.5],[1729.5,1688.0]]","[[243045.48166084,431252.14080048,84.99438143],[243045.48201752,431252.14064789,84.99474096]]",dji_pose_mesh_ray_contour_nodes,
244,233,3,SPL,1281.0,1689.5,1280,1689,1283,1691,3,2,6,243045.39792633,431252.44001007,84.9953289,dji_pose_mesh_ray_centroid,True,True,314701,2.705586,warp,,1281.0,1689.5,1,1,1.0,1,2.705586,2.705586,6,6,1.0,"[[1280.0,1689.0],[1281.0,1689.0],[1282.0,1689.0],[1280.0,1690.0],[1281.0,1690.0],[1282.0,1690.0]]","[[243045.39792061,431252.44083405,84.99568987],[243045.39816284,431252.44020081,84.9956913],[243045.39840698,431252.4395752,84.99569321],[243045.39744377,431252.44043732,84.9949646],[243045.39768791,431252.43981171,84.99496603],[243045.39793205,431252.4391861,84.99496746]]",dji_pose_mesh_ray_contour_nodes,
245,234,3,SPL,1892.4722,1694.8333,1890,1692,1897,1699,7,7,36,243045.51421165,431252.03424835,84.98973608,dji_pose_mesh_ray_centroid,True,True,314711,2.566319,warp,,1892.4722,1694.8333,1,1,1.0,1,2.566319,2.566319,8,8,1.0,"[[1896.0,1695.5],[1895.5,1696.0],[1895.0,1696.5],[1894.5,1697.0],[1894.0,1697.5],[1893.0,1697.5],[1892.0,1697.5],[1891.5,1698.0]]","[[243045.51468086,431252.03181458,84.98925877],[243045.5142746,431252.03195953,84.98889685],[243045.51387024,431252.03210449,84.98853493],[243045.51346397,431252.03224182,84.98817301],[243045.51305771,431252.03238678,84.98781109],[243045.51281738,431252.03301239,84.98780966],[243045.51257706,431252.033638,84.98780823],[243045.5121727,431252.03378296,84.98744678]]",dji_pose_mesh_ray_contour_nodes,
246,235,3,SPL,1825.6562,1696.6094,1820,1694,1833,1701,13,7,64,243045.49712753,431252.07539368,84.98836088,dji_pose_mesh_ray_centroid,True,True,314711,2.573006,warp,,1825.6562,1696.6094,1,1,1.0,1,2.573006,2.573006,10,10,1.0,"[[1832.0,1697.5],[1831.5,1698.0],[1831.0,1698.5],[1830.0,1698.5],[1829.0,1698.5],[1828.5,1699.0],[1828.0,1699.5],[1827.0,1699.5],[1826.0,1699.5],[1825.5,1700.0]]","[[243045.49814796,431252.07112122,84.98772621],[243045.49774551,431252.07125854,84.98736477],[243045.49734306,431252.07139587,84.98700333],[243045.49710274,431252.07202148,84.9870019],[243045.49686241,431252.07264709,84.98700094],[243045.49645996,431252.07278442,84.9866395],[243045.4960556,431252.07292175,84.98627806],[243045.49581528,431252.07353973,84.98627663],[243045.49557686,431252.07416534,84.9862752],[243045.49517441,431252.07430267,84.98591423]]",dji_pose_mesh_ray_contour_nodes,
247,236,3,SPL,1350.1111,1702.3333,1349,1701,1352,1705,3,4,9,243045.40508461,431252.38885498,84.98583126,dji_pose_mesh_ray_centroid,True,True,1219563,2.678295,warp,,1350.1111,1702.3333,1,1,1.0,1,2.678295,2.678295,2,2,1.0,"[[1349.0,1701.5],[1349.5,1701.0]]","[[243045.40529442,431252.38993835,84.98643732],[243045.40563202,431252.3897934,84.98679686]]",dji_pose_mesh_ray_contour_nodes,
248,237,3,SPL,1338.2258,1718.2666,1320,1703,1364,1733,44,30,784,243045.39510536,431252.39059448,84.97441721,dji_pose_mesh_ray_centroid,True,True,1219563,2.670835,warp,,1338.2258,1718.2666,1,1,1.0,1,2.670835,2.670835,78,78,1.0,"[[1363.0,1708.5],[1362.5,1709.0],[1362.5,1710.0],[1362.0,1710.5],[1361.5,1711.0],[1361.0,1711.5],[1360.0,1711.5],[1359.0,1711.5],[1358.5,1712.0],[1358.0,1712.5],[1357.5,1713.0],[1357.0,1713.5],[1356.5,1714.0],[1356.5,1715.0],[1356.5,1716.0],[1356.5,1717.0],[1356.5,1718.0],[1356.0,1718.5],[1355.5,1719.0],[1355.0,1719.5],[1354.0,1719.5],[1353.5,1720.0],[1353.0,1720.5],[1352.5,1721.0],[1352.0,1721.5],[1351.5,1722.0],[1351.5,1723.0],[1351.5,1724.0],[1351.5,1725.0],[1351.0,1725.5],[1350.5,1726.0],[1351.0,1726.5],[1351.5,1727.0],[1352.0,1727.5],[1353.0,1727.5],[1354.0,1727.5],[1355.0,1727.5],[1356.0,1727.5],[1356.5,1728.0],[1356.5,1729.0],[1356.5,1730.0],[1356.0,1730.5],[1355.0,1730.5],[1354.0,1730.5],[1353.0,1730.5],[1352.0,1730.5],[1351.0,1730.5],[1350.5,1730.0],[1350.0,1729.5],[1349.0,1729.5],[1348.0,1729.5],[1347.0,1729.5],[1346.0,1729.5],[1345.0,1729.5],[1344.0,1729.5],[1343.0,1729.5],[1342.0,1729.5],[1341.5,1729.0],[1341.0,1728.5],[1340.0,1728.5],[1339.0,1728.5],[1338.5,1728.0],[1338.0,1727.5],[1337.0,1727.5],[1336.0,1727.5],[1335.0,1727.5],[1334.0,1727.5],[1333.5,1728.0],[1333.0,1728.5],[1332.5,1729.0],[1332.0,1729.5],[1331.5,1730.0],[1331.0,1730.5],[1330.5,1731.0],[1330.0,1731.5],[1329.0,1731.5],[1328.0,1731.5],[1327.5,1732.0]]","[[243045.40437126,431252.37774658,84.98133469],[243045.40403557,431252.37788391,84.98097706],[243045.40354347,431252.37749481,84.98025799],[243045.40320778,431252.37763977,84.97990036],[243045.40287018,431252.3777771,84.97954273],[243045.40253448,431252.37792206,84.97918558],[243045.40235329,431252.37859344,84.9791894],[243045.402174,431252.37926483,84.97919321],[243045.4018383,431252.37940979,84.97883606],[243045.40150261,431252.37954712,84.97847891],[243045.40116692,431252.37969208,84.97812176],[243045.40082932,431252.37982941,84.97776461],[243045.40049553,431252.37997437,84.97740746],[243045.40000343,431252.37957764,84.97668982],[243045.39951324,431252.37918854,84.97597265],[243045.39902306,431252.37879944,84.97525549],[243045.39853287,431252.37841034,84.9745388],[243045.39819717,431252.37854767,84.97418261],[243045.39786148,431252.37869263,84.97382641],[243045.39752579,431252.37882996,84.97347021],[243045.3973465,431252.37950897,84.97347403],[243045.3970108,431252.3796463,84.97311783],[243045.39667702,431252.37978363,84.97276163],[243045.39634132,431252.37992859,84.97240591],[243045.39600754,431252.38006592,84.97205019],[243045.39567184,431252.38021088,84.97169447],[243045.39518356,431252.37982178,84.97097921],[243045.39469528,431252.37943268,84.97026443],[243045.394207,431252.37904358,84.96955013],[243045.39387131,431252.37918091,84.96919489],[243045.39353752,431252.37931824,84.96883964],[243045.39338303,431252.37879181,84.96848106],[243045.39323044,431252.37825775,84.96812248],[243045.39307594,431252.37773132,84.9677639],[243045.39325523,431252.37705994,84.96776009],[243045.39343643,431252.37638855,84.96775627],[243045.39361572,431252.37571716,84.96775293],[243045.39379501,431252.37504578,84.96774912],[243045.39364243,431252.37451935,84.96739054],[243045.39315414,431252.37413025,84.96667767],[243045.39266586,431252.37374115,84.96596527],[243045.39233208,431252.37388611,84.96561098],[243045.39215279,431252.3745575,84.96561432],[243045.3919735,431252.37522125,84.96561813],[243045.3917923,431252.37589264,84.96562147],[243045.39161301,431252.37656403,84.96562529],[243045.39143372,431252.37723541,84.96562862],[243045.3915863,431252.37776184,84.96598673],[243045.3917408,431252.3782959,84.96634483],[243045.39156151,431252.37896729,84.96634865],[243045.39138031,431252.37963867,84.96635199],[243045.39120102,431252.38031006,84.9663558],[243045.39102173,431252.38097382,84.96635961],[243045.39084053,431252.3816452,84.96636295],[243045.39066124,431252.38231659,84.96636677],[243045.39048004,431252.38298798,84.96637011],[243045.39030075,431252.38365936,84.96637392],[243045.39045525,431252.38419342,84.96673202],[243045.39060783,431252.38471985,84.96709061],[243045.39042854,431252.38539124,84.96709394],[243045.39024734,431252.38606262,84.96709776],[243045.39040184,431252.38659668,84.96745634],[243045.39055443,431252.38712311,84.96781492],[243045.39037514,431252.38779449,84.96781874],[243045.39019585,431252.38846588,84.96782207],[243045.39001465,431252.38913727,84.96782589],[243045.38983536,431252.38980865,84.9678297],[243045.38950157,431252.38995361,84.96747446],[243045.38916779,431252.39009094,84.96711969],[243045.388834,431252.39022827,84.96676493],[243045.38850021,431252.39037323,84.96641016],[243045.38816833,431252.39051056,84.96605539],[243045.38783455,431252.39064789,84.96570063],[243045.38750076,431252.39078522,84.96534634],[243045.38716698,431252.39093018,84.96499205],[243045.38698769,431252.39160156,84.96499538],[243045.38680649,431252.39227295,84.9649992],[243045.38647461,431252.39241028,84.96464491]]",dji_pose_mesh_ray_contour_nodes,
249,238,3,SPL,1371.575,1708.025,1368,1704,1379,1712,11,8,40,243045.40615463,431252.37215424,84.98164272,dji_pose_mesh_ray_centroid,True,True,1219563,2.668479,warp,,1371.575,1708.025,1,1,1.0,1,2.668479,2.668479,13,13,1.0,"[[1370.5,1704.0],[1371.0,1704.5],[1371.5,1705.0],[1371.5,1706.0],[1371.5,1707.0],[1372.0,1707.5],[1372.5,1708.0],[1373.0,1708.5],[1374.0,1708.5],[1375.0,1708.5],[1376.0,1708.5],[1377.0,1708.5],[1378.0,1708.5]]","[[243045.40794563,431252.37444305,84.98454618],[243045.40778923,431252.37391663,84.98418379],[243045.40763283,431252.37338257,84.98382139],[243045.40713882,431252.37299347,84.98310089],[243045.40664673,431252.37260437,84.98238087],[243045.40649033,431252.37207031,84.98201895],[243045.40633392,431252.37153625,84.98165703],[243045.40617752,431252.37100983,84.98129511],[243045.40635681,431252.37033844,84.98129129],[243045.40653801,431252.36965942,84.98128748],[243045.4067173,431252.36898804,84.98128319],[243045.4068985,431252.36831665,84.98127937],[243045.4070797,431252.36763763,84.98127556]]",dji_pose_mesh_ray_contour_nodes,
250,239,3,SPL,1533.7826,1708.2609,1532,1705,1536,1712,4,7,23,243045.4343605,431252.26258087,84.9807601,dji_pose_mesh_ray_centroid,True,True,1219551,2.624786,warp,,1533.7826,1708.2609,1,1,1.0,1,2.624786,2.624786,5,5,1.0,"[[1532.0,1707.5],[1532.5,1707.0],[1532.5,1706.0],[1533.0,1705.5],[1533.5,1705.0]]","[[243045.43432236,431252.26397705,84.98130369],[243045.4346714,431252.26383209,84.98166132],[243045.43514633,431252.26417542,84.98237658],[243045.43549538,431252.26403046,84.9827342],[243045.43584442,431252.2638855,84.98309183]]",dji_pose_mesh_ray_contour_nodes,
251,240,3,SPL,1749.0,1705.0,1749,1705,1750,1706,1,1,1,243045.47642136,431252.12176514,84.98241806,dji_pose_mesh_ray_centroid,True,True,79357,2.579912,warp,,1749.0,1705.0,1,1,1.0,1,2.579912,2.579912,1,1,1.0,"[[1749.0,1705.0]]","[[243045.47642136,431252.12176514,84.98241806]]",dji_pose_mesh_ray_contour_nodes,
252,241,3,SPL,1411.6271,1719.9153,1407,1716,1419,1724,12,8,59,243045.40751457,431252.3406601,84.97295952,dji_pose_mesh_ray_centroid,True,True,1219563,2.649611,warp,,1411.6271,1719.9153,1,1,1.0,1,2.649611,2.649611,15,15,1.0,"[[1409.5,1716.0],[1410.0,1716.5],[1411.0,1716.5],[1412.0,1716.5],[1413.0,1716.5],[1413.5,1717.0],[1414.0,1717.5],[1414.5,1718.0],[1415.0,1718.5],[1415.5,1719.0],[1415.5,1720.0],[1416.0,1720.5],[1417.0,1720.5],[1417.5,1721.0],[1418.0,1721.5]]","[[243045.40905952,431252.34358215,84.97576904],[243045.40890312,431252.34305573,84.97540903],[243045.40908241,431252.34238434,84.97540569],[243045.4092617,431252.34171295,84.97540188],[243045.4094429,431252.34104156,84.97539759],[243045.4092865,431252.34051514,84.97503805],[243045.4091301,431252.33998871,84.97467804],[243045.40897369,431252.33946228,84.9743185],[243045.40881729,431252.33893585,84.97395897],[243045.40866089,431252.33841705,84.97359943],[243045.40816879,431252.33803558,84.97288418],[243045.4080143,431252.33750916,84.97252512],[243045.40819359,431252.33683777,84.9725213],[243045.40803719,431252.33631134,84.97216225],[243045.40788078,431252.33578491,84.97180319]]",dji_pose_mesh_ray_contour_nodes,
253,242,3,SPL,1401.017,1774.1471,1321,1717,1484,1847,163,130,5763,243045.3793087,431252.32730865,84.93470573,dji_pose_mesh_ray_centroid,True,True,1219563,2.616943,warp,,1401.017,1774.1471,1,1,1.0,1,2.616943,2.616943,256,256,1.0,"[[1382.5,1717.0],[1383.0,1717.5],[1383.5,1719.0],[1385.0,1719.5],[1387.0,1719.5],[1388.0,1718.5],[1388.5,1718.0],[1390.0,1717.5],[1391.0,1718.5],[1392.0,1719.5],[1392.5,1721.0],[1392.5,1722.0],[1393.0,1723.5],[1393.5,1725.0],[1395.0,1725.5],[1396.0,1726.5],[1397.0,1726.5],[1398.5,1727.0],[1400.0,1727.5],[1401.0,1728.5],[1401.5,1730.0],[1402.0,1730.5],[1403.5,1731.0],[1404.5,1732.0],[1406.0,1732.5],[1408.0,1732.5],[1409.0,1731.5],[1410.0,1731.5],[1411.5,1731.0],[1412.0,1729.5],[1413.0,1728.5],[1415.0,1728.5],[1416.0,1728.5],[1417.5,1728.0],[1418.5,1727.0],[1419.5,1726.0],[1420.0,1724.5],[1420.5,1724.0],[1421.5,1723.0],[1423.0,1722.5],[1424.0,1721.5],[1426.0,1721.5],[1426.5,1722.0],[1427.5,1723.0],[1428.0,1724.5],[1428.5,1726.0],[1428.5,1728.0],[1428.5,1729.0],[1428.5,1731.0],[1428.5,1733.0],[1427.5,1734.0],[1427.0,1735.5],[1426.0,1736.5],[1425.0,1736.5],[1424.0,1737.5],[1423.0,1738.5],[1422.5,1740.0],[1421.5,1741.0],[1421.5,1742.0],[1422.5,1743.0],[1423.5,1744.0],[1423.5,1746.0],[1422.5,1747.0],[1422.5,1748.0],[1422.0,1749.5],[1421.5,1751.0],[1421.0,1752.5],[1420.0,1751.5],[1419.5,1751.0],[1418.5,1750.0],[1418.5,1748.0],[1419.5,1747.0],[1419.5,1745.0],[1419.5,1744.0],[1420.5,1743.0],[1420.5,1741.0],[1419.0,1740.5],[1417.0,1740.5],[1416.5,1742.0],[1416.0,1742.5],[1415.0,1743.5],[1414.0,1744.5],[1412.5,1744.0],[1411.5,1743.0],[1411.5,1742.0],[1410.0,1741.5],[1409.0,1740.5],[1408.5,1742.0],[1407.5,1743.0],[1407.0,1743.5],[1406.0,1744.5],[1406.0,1745.5],[1407.0,1746.5],[1408.0,1747.5],[1408.5,1748.0],[1409.5,1749.0],[1410.5,1750.0],[1411.0,1751.5],[1412.0,1752.5],[1413.0,1752.5],[1413.5,1754.0],[1413.5,1756.0],[1412.0,1756.5],[1410.5,1757.0],[1410.5,1759.0],[1411.0,1759.5],[1412.0,1760.5],[1413.0,1761.5],[1414.0,1762.5],[1416.0,1762.5],[1417.0,1762.5],[1419.0,1762.5],[1419.5,1764.0],[1420.5,1765.0],[1421.5,1766.0],[1422.0,1766.5],[1423.0,1767.5],[1424.5,1768.0],[1425.5,1769.0],[1426.5,1770.0],[1427.0,1770.5],[1428.0,1771.5],[1430.0,1771.5],[1432.0,1771.5],[1433.0,1770.5],[1434.0,1770.5],[1435.0,1769.5],[1436.5,1769.0],[1438.0,1768.5],[1439.0,1769.5],[1439.0,1770.5],[1438.5,1771.0],[1437.0,1771.5],[1436.0,1772.5],[1435.5,1774.0],[1434.0,1774.5],[1433.0,1774.5],[1432.0,1775.5],[1430.0,1775.5],[1428.5,1775.0],[1427.5,1774.0],[1427.0,1773.5],[1425.0,1773.5],[1423.5,1774.0],[1422.0,1774.5],[1420.5,1774.0],[1420.0,1773.5],[1419.0,1772.5],[1417.5,1773.0],[1416.5,1774.0],[1415.5,1775.0],[1415.0,1775.5],[1414.0,1776.5],[1412.5,1777.0],[1411.0,1777.5],[1410.0,1778.5],[1408.5,1779.0],[1408.5,1780.0],[1407.5,1781.0],[1407.5,1783.0],[1407.5,1785.0],[1407.0,1786.5],[1406.5,1787.0],[1405.0,1787.5],[1404.0,1788.5],[1403.0,1789.5],[1402.0,1790.5],[1401.5,1791.0],[1401.5,1793.0],[1402.5,1794.0],[1403.5,1795.0],[1405.0,1795.5],[1405.5,1796.0],[1407.0,1796.5],[1408.0,1795.5],[1410.0,1795.5],[1412.0,1795.5],[1413.0,1795.5],[1413.5,1794.0],[1413.0,1792.5],[1411.5,1792.0],[1410.5,1791.0],[1409.5,1790.0],[1410.0,1789.5],[1411.0,1788.5],[1412.0,1787.5],[1413.0,1786.5],[1414.0,1785.5],[1414.5,1785.0],[1416.0,1784.5],[1417.5,1784.0],[1419.0,1783.5],[1420.0,1784.5],[1421.0,1784.5],[1422.5,1784.0],[1423.5,1783.0],[1425.0,1782.5],[1426.0,1781.5],[1427.0,1781.5],[1429.0,1781.5],[1430.0,1782.5],[1432.0,1782.5],[1433.0,1783.5],[1434.0,1783.5],[1436.0,1783.5],[1438.0,1783.5],[1439.5,1784.0],[1440.0,1785.5],[1440.5,1787.0],[1440.0,1787.5],[1439.0,1788.5],[1438.0,1789.5],[1436.5,1790.0],[1437.0,1791.5],[1437.5,1792.0],[1437.5,1794.0],[1438.5,1795.0],[1439.5,1796.0],[1440.0,1797.5],[1440.5,1798.0],[1440.5,1800.0],[1440.5,1802.0],[1442.0,1802.5],[1444.0,1802.5],[1444.5,1803.0],[1446.0,1803.5],[1448.0,1803.5],[1449.0,1802.5],[1451.0,1802.5],[1452.0,1802.5],[1453.5,1803.0],[1454.5,1804.0],[1455.0,1805.5],[1456.0,1806.5],[1457.5,1807.0],[1458.0,1807.5],[1459.5,1808.0],[1461.0,1808.5],[1462.0,1809.5],[1463.5,1810.0],[1464.0,1810.5],[1465.0,1811.5],[1466.0,1812.5],[1467.5,1813.0],[1469.0,1813.5],[1469.5,1814.0],[1470.5,1814.0],[1472.0,1813.5],[1474.0,1813.5],[1475.5,1814.0],[1476.0,1814.5],[1477.5,1815.0],[1479.0,1815.5],[1480.5,1816.0],[1482.0,1816.5],[1483.0,1817.5]]","[[243045.4037075,431252.36132812,84.97515631],[243045.4035511,431252.36079407,84.97479629],[243045.40290451,431252.35987854,84.97372007],[243045.40292931,431252.35868073,84.97335672],[243045.40328979,431252.35733795,84.97334909],[243045.40396118,431252.35705566,84.97406101],[243045.40429688,431252.35691071,84.97441721],[243045.40481186,431252.35609436,84.97476959],[243045.40450096,431252.3550415,84.97404957],[243045.40419006,431252.35398102,84.9733305],[243045.40354347,431252.35307312,84.97225571],[243045.40305328,431252.35269165,84.97154093],[243045.40240669,431252.35178375,84.97046757],[243045.40176201,431252.35086823,84.96939516],[243045.4017868,431252.34967804,84.96903276],[243045.40147781,431252.34862518,84.96831608],[243045.4016571,431252.3479538,84.96831226],[243045.4016819,431252.34675598,84.96795034],[243045.4017067,431252.3455658,84.9675889],[243045.4013958,431252.34451294,84.96687269],[243045.40075302,431252.34360504,84.96580315],[243045.40059853,431252.34307861,84.96544552],[243045.40062332,431252.34188843,84.96508408],[243045.40031433,431252.3408432,84.9643693],[243045.40033913,431252.33964539,84.96400881],[243045.40069771,431252.33831024,84.96400166],[243045.40136528,431252.33802032,84.9647088],[243045.40154457,431252.33735657,84.96470547],[243045.40205956,431252.33654022,84.96505547],[243045.40288162,431252.33677673,84.96612072],[243045.4035511,431252.33648682,84.9668293],[243045.40390968,431252.33514404,84.96682215],[243045.40408897,431252.33447266,84.96681833],[243045.40460396,431252.33366394,84.96716881],[243045.40527344,431252.33337402,84.96787739],[243045.40594292,431252.33307648,84.96858644],[243045.40676689,431252.33331299,84.96965408],[243045.40710258,431252.33316803,84.97000885],[243045.40777397,431252.33287811,84.97071886],[243045.40828896,431252.33206177,84.97107029],[243045.40896034,431252.33177185,84.97178078],[243045.40931892,431252.33042908,84.97177315],[243045.40916252,431252.32990265,84.97141409],[243045.40885162,431252.32885742,84.97069645],[243045.40820503,431252.32795715,84.96962452],[243045.40755844,431252.32705688,84.96855354],[243045.40657616,431252.3263092,84.96712875],[243045.40608788,431252.32592773,84.96641731],[243045.4051075,431252.32518005,84.96499443],[243045.40412903,431252.32442474,84.96357346],[243045.40346146,431252.32472229,84.96286678],[243045.40263939,431252.32449341,84.96180391],[243045.40197182,431252.32478333,84.96109819],[243045.40179253,431252.32544708,84.96110153],[243045.40112495,431252.325737,84.96039629],[243045.40045738,431252.32603455,84.95969105],[243045.39963722,431252.32580566,84.95863008],[243045.39897156,431252.32609558,84.9579258],[243045.39848518,431252.32572174,84.95721817],[243045.39817619,431252.32467651,84.95650721],[243045.39786911,431252.32363892,84.9557972],[243045.39689827,431252.32289124,84.95438433],[243045.3962326,431252.32318115,84.95368195],[243045.39574814,431252.32280731,84.95297623],[243045.39492989,431252.32257843,84.95192003],[243045.39411354,431252.32234955,84.95086479],[243045.3932972,431252.32212067,84.94981003],[243045.39360237,431252.32316589,84.95051765],[243045.39375687,431252.32368469,84.95087147],[243045.39406204,431252.32472229,84.95157909],[243045.39503098,431252.32546997,84.95298958],[243045.39569664,431252.32518005,84.95369196],[243045.39666748,431252.32592773,84.95510387],[243045.39715385,431252.32630157,84.95581055],[243045.39781952,431252.32601166,84.95651436],[243045.39879227,431252.32675934,84.95792913],[243045.39876747,431252.32794952,84.95828819],[243045.39840889,431252.32928467,84.95829487],[243045.39759064,431252.32905579,84.95723534],[243045.39725685,431252.32920074,84.95688295],[243045.39659119,431252.32949066,84.95617914],[243045.39592743,431252.32978058,84.95547581],[243045.39590073,431252.33096313,84.95583439],[243045.39620781,431252.33200836,84.95654488],[243045.39669418,431252.3323822,84.95725203],[243045.39666939,431252.33357239,84.95761108],[243045.39697647,431252.33461761,84.95832252],[243045.39615822,431252.33438873,84.95726252],[243045.39549255,431252.33467865,84.95655823],[243045.39515877,431252.33482361,84.95620632],[243045.39449501,431252.33511353,84.95550299],[243045.39400864,431252.33473206,84.95479631],[243045.39370155,431252.33368683,84.9540863],[243045.39339638,431252.33264923,84.95337725],[243045.39324379,431252.3321228,84.95302248],[243045.39293671,431252.33108521,84.9523139],[243045.39263153,431252.33004761,84.95160532],[243045.39199448,431252.32914734,84.95054674],[243045.3916893,431252.32810974,84.94983911],[243045.39186859,431252.32744598,84.94983578],[243045.39123154,431252.32654572,84.94877863],[243045.39026451,431252.32579803,84.94737196],[243045.38975525,431252.32661438,84.9470253],[243045.38924599,431252.3274231,84.94667864],[243045.38827896,431252.32667542,84.94527435],[243045.38812828,431252.32615662,84.94492149],[243045.3878231,431252.32511902,84.94421673],[243045.38751984,431252.32408142,84.94351244],[243045.38721657,431252.32304382,84.94280863],[243045.38757324,431252.32171631,84.94280243],[243045.38775253,431252.32105255,84.94279909],[243045.38810921,431252.31972504,84.94279289],[243045.38747597,431252.31884003,84.94174099],[243045.3871727,431252.31780243,84.94103765],[243045.38686943,431252.31677246,84.9403348],[243045.38671684,431252.31625366,84.93998384],[243045.38641357,431252.31522369,84.93928146],[243045.38644028,431252.31404114,84.93892765],[243045.38613892,431252.31301117,84.93822575],[243045.38583565,431252.3119812,84.93752432],[243045.38568497,431252.3114624,84.93717384],[243045.3853817,431252.31043243,84.93647337],[243045.38573837,431252.30911255,84.93646717],[243045.38609505,431252.30778503,84.93646145],[243045.38675308,431252.30749512,84.9371562],[243045.38693047,431252.30683136,84.93715334],[243045.38759041,431252.30654144,84.93784857],[243045.38809776,431252.30573273,84.93819332],[243045.38860512,431252.30492401,84.93853807],[243045.38830185,431252.30389404,84.93783665],[243045.3878212,431252.30352783,84.93713856],[243045.38749123,431252.30367279,84.93679142],[243045.38698387,431252.30448151,84.93644667],[243045.38632584,431252.30477142,84.93575239],[243045.38551712,431252.30455017,84.93470859],[243045.38500977,431252.30535889,84.93436432],[243045.38483238,431252.30602264,84.93436718],[243045.38417435,431252.30631256,84.93367386],[243045.38381958,431252.30764008,84.93367958],[243045.38379097,431252.308815,84.93403196],[243045.38409233,431252.30984497,84.93473148],[243045.38424492,431252.31035614,84.93508148],[243045.38388824,431252.31167603,84.9350872],[243045.38338089,431252.31248474,84.9347434],[243045.38287544,431252.31329346,84.93439913],[243045.38284683,431252.31446838,84.93475199],[243045.38299751,431252.31498718,84.93510199],[243045.38330078,431252.31601715,84.93580198],[243045.38279343,431252.31682587,84.93545771],[243045.38213539,431252.31711578,84.93476343],[243045.38147736,431252.3174057,84.93406963],[243045.38114929,431252.31755066,84.9337225],[243045.38049316,431252.31784058,84.93302917],[243045.37998581,431252.31864929,84.93268537],[243045.37948036,431252.31945801,84.93234158],[243045.37882423,431252.31974792,84.93164873],[243045.37831879,431252.32054901,84.93130493],[243045.37784004,431252.3201828,84.9306097],[243045.37718391,431252.32047272,84.92991734],[243045.37623024,431252.31973267,84.92852831],[243045.37527657,431252.31899261,84.92714024],[243045.37447166,431252.31876373,84.92610168],[243045.37414551,431252.31890869,84.92575645],[243045.37364197,431252.31971741,84.92541408],[243045.37298775,431252.32000732,84.9247241],[243045.37233353,431252.32029724,84.92403412],[243045.37168121,431252.32058716,84.92334509],[243045.37135506,431252.32073212,84.92300034],[243045.3704052,431252.31999207,84.92161751],[243045.37010765,431252.3189621,84.92092371],[243045.3698101,431252.31793213,84.92023039],[243045.36984062,431252.31676483,84.91988134],[243045.36969185,431252.31624603,84.91953516],[243045.36972046,431252.31507874,84.91918611],[243045.37037277,431252.31478882,84.91987371],[243045.37072754,431252.31346893,84.91986847],[243045.37108231,431252.31215668,84.9198637],[243045.37125969,431252.31150055,84.91986084],[243045.37206078,431252.3117218,84.9208951],[243045.37268448,431252.31259918,84.9219327],[243045.37265587,431252.31377411,84.92228222],[243045.37295341,431252.31479645,84.92297649],[243045.37325096,431252.31582642,84.92367077],[243045.37357712,431252.31568146,84.92401552],[243045.37423134,431252.31539154,84.9247055],[243045.37488556,431252.31510162,84.92539501],[243045.37553978,431252.31481171,84.92608547],[243045.376194,431252.31451416,84.92677593],[243045.37652016,431252.3143692,84.92712116],[243045.3770256,431252.31356812,84.92746401],[243045.37753105,431252.3127594,84.92780685],[243045.3780365,431252.31195831,84.9281497],[243045.37773705,431252.31092834,84.92745304],[243045.37791443,431252.31027222,84.92745018],[243045.37841988,431252.3094635,84.92779303],[243045.3790741,431252.30917358,84.92848396],[243045.37957954,431252.30836487,84.92882681],[243045.38023567,431252.30807495,84.9295187],[243045.38041306,431252.30741119,84.92951584],[243045.38076782,431252.30609131,84.92951012],[243045.38046837,431252.30506897,84.92881298],[243045.38082314,431252.30374908,84.92880774],[243045.38052368,431252.30271912,84.92811108],[243045.38070107,431252.30206299,84.92810821],[243045.38105583,431252.3007431,84.92810249],[243045.3814106,431252.29942322,84.92809725],[243045.3814373,431252.29825592,84.9277463],[243045.38081169,431252.29737854,84.92670536],[243045.38018417,431252.29650116,84.9256649],[243045.37985611,431252.29664612,84.92531967],[243045.37920189,431252.29694366,84.92463016],[243045.37854767,431252.29723358,84.92394114],[243045.37804222,431252.2980423,84.92359924],[243045.37741661,431252.29716492,84.92256117],[243045.37726784,431252.29665375,84.92221403],[243045.37631607,431252.29592896,84.92083311],[243045.37601852,431252.29490662,84.92014027],[243045.37572098,431252.29388428,84.9194479],[243045.37509537,431252.29301453,84.91841268],[243045.37494659,431252.29250336,84.91806698],[243045.37399864,431252.29177856,84.91668987],[243045.37305069,431252.29105377,84.91531372],[243045.37307739,431252.2898941,84.91496611],[243045.37343216,431252.28858185,84.91496134],[243045.37328339,431252.28807068,84.91461611],[243045.373312,431252.28690338,84.91426897],[243045.37366676,431252.28559875,84.9142642],[243045.37431717,431252.28530121,84.91494894],[243045.37467003,431252.28398895,84.91494417],[243045.37484741,431252.28333282,84.91494131],[243045.37487602,431252.28216553,84.91459417],[243045.37457848,431252.28115082,84.91390467],[243045.37395668,431252.2802887,84.91287374],[243045.37365913,431252.27927399,84.91218519],[243045.37368774,431252.27811432,84.91183853],[243045.37353897,431252.27760315,84.91149425],[243045.37356758,431252.27644348,84.91114807],[243045.3736515,431252.27532196,84.91080475],[243045.37343597,431252.27437592,84.91012144],[243045.37353706,431252.27326965,84.90977955],[243045.37343025,431252.27279663,84.90943813],[243045.37321472,431252.27184296,84.90875578],[243045.37299919,431252.27089691,84.90807342],[243045.37310028,431252.26979065,84.90773153],[243045.37320328,431252.26869202,84.90739012],[243045.37309647,431252.26821136,84.90704918],[243045.37330437,431252.26758575,84.9070487],[243045.3738327,431252.26679993,84.90738869],[243045.37425232,431252.26554108,84.90738773],[243045.37435341,431252.26444244,84.90704632],[243045.3742466,431252.26396942,84.90670538],[243045.37434769,431252.26286316,84.90636396],[243045.37444878,431252.26176453,84.90602303],[243045.37455177,431252.26066589,84.90568161],[243045.37465286,431252.25955963,84.90534067],[243045.37443733,431252.25861359,84.90465975]]",dji_pose_mesh_ray_contour_nodes,
254,243,3,SPL,1491.1,1721.4,1489,1719,1495,1724,6,5,20,243045.41929626,431252.28562927,84.97145843,dji_pose_mesh_ray_centroid,True,True,1219545,2.625679,warp,,1491.1,1721.4,1,1,1.0,1,2.625679,2.625679,7,7,1.0,"[[1490.5,1719.0],[1491.0,1719.5],[1492.0,1719.5],[1492.5,1720.0],[1493.0,1720.5],[1493.5,1721.0],[1494.0,1721.5]]","[[243045.42022896,431252.2868042,84.97315979],[243045.42008972,431252.28630066,84.97280264],[243045.42023277,431252.28560638,84.97279596],[243045.42009354,431252.28510284,84.97243881],[243045.41995239,431252.2845993,84.97208214],[243045.41981316,431252.28409576,84.97172499],[243045.41967201,431252.28358459,84.97136831]]",dji_pose_mesh_ray_contour_nodes,
255,244,3,SPL,1364.1042,1724.8542,1360,1721,1368,1730,8,9,48,243045.39654541,431252.37063599,84.96960783,dji_pose_mesh_ray_centroid,True,True,1219563,2.659226,warp,,1364.1042,1724.8542,1,1,1.0,1,2.659226,2.659226,8,8,1.0,"[[1364.5,1729.0],[1364.0,1728.5],[1363.5,1728.0],[1363.0,1727.5],[1362.0,1727.5],[1361.5,1727.0],[1361.0,1726.5],[1360.0,1726.5]]","[[243045.39459229,431252.36876678,84.96664858],[243045.39474678,431252.36929321,84.96700716],[243045.39490128,431252.36982727,84.96736526],[243045.39505577,431252.3703537,84.96772385],[243045.39487457,431252.37102509,84.96772718],[243045.39502907,431252.37155151,84.96808577],[243045.39518356,431252.37208557,84.96844435],[243045.39500427,431252.37275696,84.96844816]]",dji_pose_mesh_ray_contour_nodes,
256,245,3,SPL,1843.0,1723.8846,1841,1721,1846,1727,5,6,26,243045.48594666,431252.05513,84.96882534,dji_pose_mesh_ray_centroid,True,True,314711,2.551522,warp,,1843.0,1723.8846,1,1,1.0,1,2.551522,2.551522,3,3,1.0,"[[1841.0,1721.5],[1842.0,1721.5],[1842.5,1721.0]]","[[243045.48680115,431252.05718994,84.97052193],[243045.48704147,431252.05656433,84.97052336],[243045.48744011,431252.056427,84.97088003]]",dji_pose_mesh_ray_contour_nodes,
257,246,3,SPL,1638.1818,1742.303,1634,1740,1643,1745,9,5,33,243045.43732643,431252.18213654,84.9562993,dji_pose_mesh_ray_centroid,True,True,79357,2.579224,warp,,1638.1818,1742.303,1,1,1.0,1,2.579224,2.579224,7,7,1.0,"[[1634.0,1741.5],[1634.5,1741.0],[1635.0,1740.5],[1636.0,1740.5],[1637.0,1740.5],[1638.0,1740.5],[1638.5,1740.0]]","[[243045.43700409,431252.18518829,84.95688057],[243045.43735123,431252.18503571,84.95723152],[243045.43769836,431252.18489075,84.95758343],[243045.43787384,431252.18422699,84.95757961],[243045.43805122,431252.18356323,84.95757627],[243045.4382267,431252.18289948,84.95757294],[243045.43857384,431252.18274689,84.95792437]]",dji_pose_mesh_ray_contour_nodes,
258,247,3,SPL,1914.5,1745.5,1914,1745,1916,1747,2,2,4,243045.49090576,431252.00360107,84.95359802,dji_pose_mesh_ray_centroid,True,True,314711,2.528269,warp,,1914.5,1745.5,1,1,1.0,1,2.528269,2.528269,4,4,1.0,"[[1914.0,1745.0],[1915.0,1745.0],[1914.0,1746.0],[1915.0,1746.0]]","[[243045.49106598,431252.00408173,84.95394993],[243045.49130249,431252.00346375,84.95395088],[243045.49050903,431252.00374603,84.95324516],[243045.49074554,431252.00313568,84.95324659]]",dji_pose_mesh_ray_contour_nodes,
259,248,3,SPL,1622.0,1766.0,1621,1765,1624,1768,3,3,7,243045.42229843,431252.18438721,84.93972063,dji_pose_mesh_ray_centroid,True,True,79357,2.567201,warp,,1622.0,1766.0,1,1,1.0,1,2.567201,2.567201,2,2,1.0,"[[1621.0,1765.5],[1621.5,1765.0]]","[[243045.42237854,431252.18521881,84.94007254],[243045.42272186,431252.18506622,84.94042015]]",dji_pose_mesh_ray_contour_nodes,
260,249,3,SPL,1837.8261,1770.913,1835,1767,1843,1776,8,9,46,243045.4587574,431252.04233551,84.93573427,dji_pose_mesh_ray_centroid,True,True,314711,2.519718,warp,,1837.8261,1770.913,1,1,1.0,1,2.519718,2.519718,9,9,1.0,"[[1842.0,1770.5],[1841.5,1771.0],[1841.0,1771.5],[1840.5,1772.0],[1840.5,1773.0],[1840.0,1773.5],[1839.5,1774.0],[1839.0,1774.5],[1838.5,1775.0]]","[[243045.45996666,431252.03991699,84.93602514],[243045.45957565,431252.04005432,84.93567705],[243045.45918465,431252.04019165,84.93532944],[243045.45879555,431252.04033661,84.93498135],[243045.45825005,431252.04000092,84.93428707],[243045.45786095,431252.04013824,84.93393898],[243045.45746994,431252.04027557,84.93359184],[243045.45708084,431252.0404129,84.93324423],[243045.45668983,431252.04055023,84.93289709]]",dji_pose_mesh_ray_contour_nodes,
261,250,3,SPL,1753.3793,1776.0,1750,1774,1758,1779,8,5,29,243045.44018364,431252.09492493,84.93237781,dji_pose_mesh_ray_centroid,True,True,79357,2.531892,warp,,1753.3793,1776.0,1,1,1.0,1,2.531892,2.531892,6,6,1.0,"[[1757.0,1775.5],[1756.5,1776.0],[1756.0,1776.5],[1755.5,1777.0],[1755.0,1777.5],[1754.5,1778.0]]","[[243045.44107056,431252.09272766,84.93271351],[243045.44072723,431252.09288788,84.93236875],[243045.44038391,431252.0930481,84.932024],[243045.44004059,431252.09320831,84.93167925],[243045.43969727,431252.09336853,84.9313345],[243045.43935394,431252.09352875,84.93099022]]",dji_pose_mesh_ray_contour_nodes,
262,251,3,SPL,1820.0154,1782.0923,1813,1779,1828,1786,15,7,65,243045.44865799,431252.04957581,84.92797899,dji_pose_mesh_ray_centroid,True,True,79357,2.514545,warp,,1820.0154,1782.0923,1,1,1.0,1,2.514545,2.514545,16,16,1.0,"[[1823.5,1785.0],[1823.0,1784.5],[1822.5,1784.0],[1822.0,1783.5],[1821.0,1783.5],[1820.5,1784.0],[1820.0,1784.5],[1819.0,1784.5],[1818.0,1784.5],[1817.0,1784.5],[1816.5,1784.0],[1816.0,1783.5],[1815.0,1783.5],[1814.5,1783.0],[1814.0,1782.5],[1813.0,1782.5]]","[[243045.44777298,431252.04638672,84.92596626],[243045.44794273,431252.046875,84.92631197],[243045.44811249,431252.04735565,84.92665768],[243045.44828224,431252.04784393,84.92700338],[243045.44810867,431252.04849243,84.92700624],[243045.44776535,431252.04865265,84.9266634],[243045.44742203,431252.0488205,84.92632055],[243045.44724846,431252.04946899,84.92632294],[243045.44707489,431252.05011749,84.9263258],[243045.44690132,431252.05076599,84.92632866],[243045.44707108,431252.05125427,84.92667437],[243045.44723892,431252.05173492,84.92702007],[243045.44706535,431252.05238342,84.92702293],[243045.44723511,431252.0528717,84.92736864],[243045.44740486,431252.05335236,84.92771482],[243045.44723129,431252.05400085,84.92771769]]",dji_pose_mesh_ray_contour_nodes,
263,252,3,SPL,1450.0411,1786.0205,1443,1780,1457,1794,14,14,146,243045.38234329,431252.29057312,84.92631721,dji_pose_mesh_ray_centroid,True,True,1219563,2.596562,warp,,1450.0411,1786.0205,1,1,1.0,1,2.596562,2.596562,17,17,1.0,"[[1452.5,1793.0],[1452.0,1792.5],[1451.0,1792.5],[1450.5,1792.0],[1450.0,1791.5],[1449.0,1791.5],[1448.5,1791.0],[1448.0,1790.5],[1447.0,1790.5],[1446.5,1790.0],[1446.0,1789.5],[1445.0,1789.5],[1444.5,1789.0],[1444.0,1788.5],[1443.5,1788.0],[1443.5,1787.0],[1443.0,1786.5]]","[[243045.37944984,431252.28643036,84.92148447],[243045.37960052,431252.28694153,84.92183113],[243045.37942314,431252.28759766,84.92183351],[243045.37957191,431252.2881012,84.92218018],[243045.3797226,431252.28861237,84.92252684],[243045.37954521,431252.28927612,84.9225297],[243045.37969398,431252.28977966,84.92287636],[243045.37984467,431252.29029083,84.92322302],[243045.37966728,431252.29094696,84.92322588],[243045.37981606,431252.29145813,84.92357302],[243045.37996674,431252.2919693,84.92392015],[243045.37978935,431252.29262543,84.92392254],[243045.37993813,431252.2931366,84.92426968],[243045.38008881,431252.29364777,84.92461681],[243045.38023758,431252.29415894,84.92496443],[243045.38071632,431252.29452515,84.9256568],[243045.3808651,431252.29503632,84.92600441]]",dji_pose_mesh_ray_contour_nodes,
264,253,3,SPL,3785.1552,1790.6379,3782,1784,3789,1799,7,15,58,243045.8549118,431250.82892609,84.92112017,dji_pose_mesh_ray_centroid,True,True,1220245,2.543079,warp,,3785.1552,1790.6379,1,1,1.0,1,2.543079,2.543079,19,19,1.0,"[[3786.5,1784.0],[3787.0,1784.5],[3787.5,1785.0],[3787.5,1786.0],[3787.5,1787.0],[3787.5,1788.0],[3787.5,1789.0],[3787.5,1790.0],[3787.5,1791.0],[3787.0,1791.5],[3786.5,1792.0],[3786.0,1792.5],[3785.5,1793.0],[3786.0,1793.5],[3786.5,1794.0],[3786.5,1795.0],[3787.0,1795.5],[3787.5,1796.0],[3788.0,1796.5]]","[[243045.85874748,431250.82824707,84.92562342],[243045.85861969,431250.82792664,84.92528486],[243045.8584919,431250.8276062,84.92494678],[243045.85796738,431250.82759094,84.92426872],[243045.85744286,431250.82756805,84.92359018],[243045.85691833,431250.82754517,84.9229126],[243045.85639572,431250.82752228,84.92223501],[243045.8558712,431250.82749939,84.92155743],[243045.85534859,431250.8274765,84.92088079],[243045.85495377,431250.82777405,84.92054081],[243045.85455704,431250.82807159,84.9202013],[243045.85416222,431250.82836151,84.91986227],[243045.8537693,431250.82865906,84.91952276],[243045.85364151,431250.82834625,84.91918564],[243045.85351372,431250.82802582,84.91884899],[243045.8529911,431250.82800293,84.91817284],[243045.85286331,431250.82769012,84.91783619],[243045.85273552,431250.82736969,84.91749954],[243045.85260773,431250.82705688,84.91716289]]",dji_pose_mesh_ray_contour_nodes,
265,254,3,SPL,1490.5135,1797.1757,1486,1793,1496,1803,10,10,74,243045.38468742,431252.26035309,84.91853666,dji_pose_mesh_ray_centroid,True,True,1220014,2.579924,warp,,1490.5135,1797.1757,1,1,1.0,1,2.579924,2.579924,8,8,1.0,"[[1489.5,1802.0],[1489.0,1801.5],[1488.5,1801.0],[1488.0,1800.5],[1487.5,1800.0],[1487.0,1799.5],[1486.5,1799.0],[1486.0,1798.5]]","[[243045.38240814,431252.25945282,84.91523218],[243045.38251877,431252.25992584,84.91557455],[243045.38262749,431252.26039886,84.9159174],[243045.38273621,431252.26087189,84.91625977],[243045.38284492,431252.26135254,84.91660261],[243045.38295364,431252.26182556,84.91694546],[243045.38306236,431252.26229858,84.9172883],[243045.38317108,431252.26277161,84.91763163]]",dji_pose_mesh_ray_contour_nodes,
266,255,3,SPL,1502.8586,1815.0478,1489,1798,1517,1830,28,32,502,243045.37964058,431252.2469101,84.90631771,dji_pose_mesh_ray_centroid,True,True,1220014,2.567338,warp,,1502.8586,1815.0478,1,1,1.0,1,2.567338,2.567338,51,51,1.0,"[[1516.0,1806.5],[1515.5,1807.0],[1515.5,1808.0],[1515.0,1808.5],[1514.5,1809.0],[1514.0,1809.5],[1513.0,1809.5],[1512.5,1810.0],[1512.0,1810.5],[1511.0,1810.5],[1510.0,1810.5],[1509.5,1811.0],[1509.0,1811.5],[1508.0,1811.5],[1507.5,1812.0],[1507.0,1812.5],[1506.0,1812.5],[1505.5,1813.0],[1505.5,1814.0],[1505.0,1814.5],[1504.5,1815.0],[1504.5,1816.0],[1504.5,1817.0],[1504.5,1818.0],[1504.5,1819.0],[1505.0,1819.5],[1506.0,1819.5],[1507.0,1819.5],[1507.5,1820.0],[1508.0,1820.5],[1509.0,1820.5],[1509.5,1821.0],[1510.0,1821.5],[1510.5,1822.0],[1511.0,1822.5],[1512.0,1822.5],[1513.0,1822.5],[1514.0,1822.5],[1514.5,1823.0],[1514.5,1824.0],[1514.5,1825.0],[1514.5,1826.0],[1514.0,1826.5],[1513.0,1826.5],[1512.5,1827.0],[1512.0,1827.5],[1511.5,1828.0],[1511.0,1828.5],[1510.0,1828.5],[1509.0,1828.5],[1508.5,1829.0]]","[[243045.38602448,431252.24131775,84.91213846],[243045.38570786,431252.24147797,84.91179752],[243045.3852787,431252.24116516,84.91111422],[243045.38496017,431252.24132538,84.91077328],[243045.38464165,431252.24147797,84.91043234],[243045.38432503,431252.24163818,84.9100914],[243045.38411713,431252.24227142,84.91009235],[243045.3837986,431252.24242401,84.90975141],[243045.38348198,431252.24258423,84.90941095],[243045.38327408,431252.24321747,84.90941143],[243045.38306808,431252.24384308,84.90941238],[243045.38274956,431252.2440033,84.90907145],[243045.38243294,431252.24416351,84.90873098],[243045.38222504,431252.24478912,84.90873146],[243045.38190651,431252.24494934,84.908391],[243045.38158989,431252.24510956,84.90805054],[243045.38138199,431252.24573517,84.90805149],[243045.38106537,431252.24589539,84.90771103],[243045.38063812,431252.24558258,84.90702963],[243045.3803215,431252.24573517,84.90668964],[243045.38000298,431252.24589539,84.90634966],[243045.37957573,431252.24558258,84.90566874],[243045.37915039,431252.24526215,84.90498829],[243045.37872314,431252.24494934,84.90430832],[243045.37829781,431252.24463654,84.90362835],[243045.37818718,431252.24416351,84.90328836],[243045.37839317,431252.24353027,84.90328789],[243045.37860107,431252.24290466,84.90328693],[243045.37849045,431252.24243164,84.90294695],[243045.37838173,431252.24195862,84.90260696],[243045.37858772,431252.24132538,84.90260649],[243045.3784771,431252.24085999,84.9022665],[243045.37836838,431252.24038696,84.90192652],[243045.37825966,431252.23991394,84.90158701],[243045.37814903,431252.23944092,84.90124702],[243045.37835503,431252.23881531,84.90124655],[243045.37856293,431252.23818207,84.90124607],[243045.37876892,431252.23755646,84.90124512],[243045.3786602,431252.23708344,84.90090561],[243045.37823296,431252.23677063,84.90022707],[243045.37780762,431252.23645782,84.89954901],[243045.37738228,431252.23614502,84.89887142],[243045.37706566,431252.23630524,84.89853287],[243045.37685966,431252.23693085,84.89853334],[243045.37654305,431252.23709106,84.89819527],[243045.37622833,431252.23724365,84.89785671],[243045.37591171,431252.23740387,84.89751863],[243045.37559509,431252.23756409,84.89718008],[243045.3753891,431252.2381897,84.89718056],[243045.37518311,431252.23882294,84.89718151],[243045.37486839,431252.23897552,84.89684343]]",dji_pose_mesh_ray_contour_nodes,
267,256,3,SPL,1474.4286,1800.8571,1470,1799,1479,1803,9,4,21,243045.37973022,431252.26931763,84.91602325,dji_pose_mesh_ray_centroid,True,True,1220014,2.581202,warp,,1474.4286,1800.8571,1,1,1.0,1,2.581202,2.581202,7,7,1.0,"[[1470.0,1800.5],[1471.0,1800.5],[1472.0,1800.5],[1473.0,1800.5],[1474.0,1800.5],[1474.5,1800.0],[1474.5,1799.0]]","[[243045.37898064,431252.27224731,84.91627216],[243045.37916183,431252.27159119,84.91626978],[243045.37937164,431252.27096558,84.9162693],[243045.37958336,431252.27033234,84.91626883],[243045.37979317,431252.2696991,84.91626835],[243045.38011169,431252.26954651,84.91661024],[243045.38053894,431252.26986694,84.91729546]]",dji_pose_mesh_ray_contour_nodes,
268,257,3,SPL,1392.5833,1806.2083,1391,1803,1395,1810,4,7,24,243045.36257362,431252.32098389,84.91253757,dji_pose_mesh_ray_centroid,True,True,1219563,2.59882,warp,,1392.5833,1806.2083,1,1,1.0,1,2.59882,2.59882,4,4,1.0,"[[1391.0,1804.5],[1391.5,1804.0],[1392.0,1803.5],[1392.5,1803.0]]","[[243045.36310005,431252.32265472,84.91371584],[243045.3634243,431252.32250977,84.91405868],[243045.36374855,431252.32236481,84.91440105],[243045.3640728,431252.32221985,84.9147439]]",dji_pose_mesh_ray_contour_nodes,
269,258,3,SPL,1520.5938,1819.0312,1517,1816,1525,1822,8,6,32,243045.38161278,431252.23448944,84.90359688,dji_pose_mesh_ray_centroid,True,True,1220034,2.561455,warp,,1520.5938,1819.0312,1,1,1.0,1,2.561455,2.561455,9,9,1.0,"[[1517.0,1820.5],[1517.5,1820.0],[1517.5,1819.0],[1517.5,1818.0],[1518.0,1817.5],[1518.5,1817.0],[1519.0,1816.5],[1520.0,1816.5],[1520.5,1816.0]]","[[243045.3802433,431252.23628998,84.90260124],[243045.38055992,431252.23613739,84.90294075],[243045.38098526,431252.2364502,84.90362024],[243045.38141251,431252.236763,84.90429974],[243045.38172913,431252.23660278,84.90463924],[243045.38204765,431252.23644257,84.90497923],[243045.38236427,431252.23628998,84.90531921],[243045.38257217,431252.23565674,84.90531826],[243045.38288879,431252.23549652,84.90565824]]",dji_pose_mesh_ray_contour_nodes,
270,259,3,SPL,1509.9632,1840.2558,1492,1829,1536,1856,44,27,516,243045.37039948,431252.23454285,84.88924122,dji_pose_mesh_ray_centroid,True,True,1220034,2.551909,warp,,1509.9632,1840.2558,1,1,1.0,1,2.551909,2.551909,75,75,1.0,"[[1535.0,1841.5],[1534.0,1841.5],[1533.5,1841.0],[1533.0,1840.5],[1532.5,1840.0],[1532.0,1839.5],[1531.5,1839.0],[1531.0,1838.5],[1530.5,1838.0],[1530.0,1837.5],[1529.0,1837.5],[1528.5,1838.0],[1528.0,1838.5],[1527.0,1838.5],[1526.0,1838.5],[1525.5,1839.0],[1525.0,1839.5],[1524.0,1839.5],[1523.0,1839.5],[1522.0,1839.5],[1521.0,1839.5],[1520.0,1839.5],[1519.0,1839.5],[1518.0,1839.5],[1517.5,1840.0],[1517.0,1840.5],[1516.0,1840.5],[1515.5,1841.0],[1515.5,1842.0],[1515.0,1842.5],[1514.5,1843.0],[1515.0,1843.5],[1515.5,1844.0],[1515.5,1845.0],[1515.5,1846.0],[1515.5,1847.0],[1515.0,1847.5],[1514.0,1847.5],[1513.0,1847.5],[1512.5,1847.0],[1512.0,1846.5],[1511.5,1846.0],[1511.0,1845.5],[1510.5,1845.0],[1510.0,1844.5],[1509.0,1844.5],[1508.0,1844.5],[1507.0,1844.5],[1506.0,1844.5],[1505.0,1844.5],[1504.5,1844.0],[1504.0,1843.5],[1503.0,1843.5],[1502.0,1843.5],[1501.5,1844.0],[1501.0,1844.5],[1500.5,1845.0],[1500.5,1846.0],[1500.5,1847.0],[1501.0,1847.5],[1502.0,1847.5],[1502.5,1848.0],[1503.0,1848.5],[1503.5,1849.0],[1504.0,1849.5],[1504.5,1850.0],[1505.0,1850.5],[1505.5,1851.0],[1506.0,1851.5],[1507.0,1851.5],[1507.5,1852.0],[1508.0,1852.5],[1508.5,1853.0],[1508.5,1854.0],[1508.5,1855.0]]","[[243045.37502861,431252.21846771,84.88838959],[243045.37482262,431252.21909332,84.88839006],[243045.37493134,431252.21955872,84.88872719],[243045.37504005,431252.22003174,84.88906431],[243045.37514877,431252.22049713,84.88940096],[243045.37525749,431252.22096252,84.88973856],[243045.37536812,431252.22142792,84.89007568],[243045.37547684,431252.22190094,84.89041281],[243045.37558556,431252.22236633,84.89075041],[243045.37569427,431252.22283173,84.89108753],[243045.37548828,431252.22346497,84.89108849],[243045.37517357,431252.22362518,84.89075136],[243045.37485886,431252.22377777,84.89041471],[243045.37465286,431252.22441101,84.89041519],[243045.37444687,431252.22503662,84.89041567],[243045.37413216,431252.22518921,84.89007902],[243045.37381554,431252.22534943,84.88974237],[243045.37360954,431252.22597504,84.88974285],[243045.37340546,431252.22660828,84.88974333],[243045.37319756,431252.22723389,84.8897438],[243045.37299156,431252.2278595,84.88974428],[243045.37278557,431252.22848511,84.88974524],[243045.37257957,431252.22911072,84.88974571],[243045.37237358,431252.22973633,84.88974619],[243045.37205887,431252.22989655,84.88940954],[243045.37174416,431252.23005676,84.88907289],[243045.37153816,431252.23068237,84.88907337],[243045.37122536,431252.23084259,84.8887372],[243045.37080193,431252.23052979,84.88806391],[243045.37048721,431252.23069,84.88772726],[243045.3701725,431252.23085022,84.88739109],[243045.37006378,431252.2303772,84.88705444],[243045.36995697,431252.2299118,84.8867178],[243045.36953354,431252.229599,84.88604546],[243045.36911201,431252.22928619,84.88537312],[243045.36868858,431252.22898102,84.88470125],[243045.36837578,431252.22914124,84.88436556],[243045.36816978,431252.22976685,84.88436604],[243045.36796379,431252.23039246,84.88436651],[243045.36807251,431252.23085785,84.88470268],[243045.36818123,431252.23132324,84.88503885],[243045.36828804,431252.23179626,84.88537502],[243045.36839676,431252.23226166,84.88571167],[243045.36850548,431252.23272705,84.88604784],[243045.36861229,431252.23320007,84.88638449],[243045.3684063,431252.23382568,84.88638496],[243045.36820221,431252.23445129,84.88638544],[243045.36799622,431252.2350769,84.88638592],[243045.36779022,431252.23570251,84.88638639],[243045.36758423,431252.23632812,84.88638735],[243045.36769104,431252.23680115,84.88672352],[243045.36779976,431252.23726654,84.88706017],[243045.36759377,431252.23789978,84.88706112],[243045.36738777,431252.23852539,84.8870616],[243045.36707497,431252.23867798,84.88672543],[243045.36676025,431252.2388382,84.88638926],[243045.36644745,431252.23899078,84.88605356],[243045.36602592,431252.23868561,84.88538122],[243045.36560249,431252.2383728,84.88470888],[243045.36549568,431252.23789978,84.88437271],[243045.36570168,431252.23727417,84.88437223],[243045.36559486,431252.23680878,84.88403606],[243045.36548615,431252.23633575,84.88370037],[243045.36537743,431252.23587036,84.8833642],[243045.36527061,431252.23539734,84.88302851],[243045.3651638,431252.23493195,84.88269234],[243045.36505508,431252.23446655,84.88235664],[243045.36494827,431252.23399353,84.88202095],[243045.36483955,431252.23352814,84.88168526],[243045.36504555,431252.23290253,84.88168478],[243045.36493683,431252.23243713,84.88134956],[243045.36483002,431252.23196411,84.88101387],[243045.36472321,431252.23149872,84.88067865],[243045.36430168,431252.23118591,84.8800087],[243045.36388206,431252.23088074,84.87933874]]",dji_pose_mesh_ray_contour_nodes,
271,260,3,SPL,1410.5893,1840.2946,1403,1833,1420,1846,17,13,112,243045.3497982,431252.29679108,84.88926601,dji_pose_mesh_ray_centroid,True,True,1219563,2.572982,warp,,1410.5893,1840.2946,1,1,1.0,1,2.572982,2.572982,22,22,1.0,"[[1406.5,1833.0],[1407.0,1833.5],[1407.5,1834.0],[1408.0,1834.5],[1408.5,1835.0],[1409.0,1835.5],[1409.5,1836.0],[1410.0,1836.5],[1411.0,1836.5],[1411.5,1837.0],[1412.0,1837.5],[1412.5,1838.0],[1413.0,1838.5],[1414.0,1838.5],[1415.0,1838.5],[1415.5,1839.0],[1416.0,1839.5],[1417.0,1839.5],[1418.0,1839.5],[1418.5,1840.0],[1418.5,1841.0],[1419.0,1841.5]]","[[243045.35247231,431252.30208588,84.89421463],[243045.35232735,431252.30158234,84.89387464],[243045.35218239,431252.30107117,84.89353466],[243045.35203743,431252.30056763,84.89319468],[243045.35189247,431252.30005646,84.89285469],[243045.35174942,431252.29955292,84.89251471],[243045.35160446,431252.29904938,84.8921752],[243045.3514595,431252.29853821,84.89183521],[243045.35163498,431252.29788971,84.8918333],[243045.35149002,431252.29738617,84.8914938],[243045.35134506,431252.296875,84.89115429],[243045.35120201,431252.29637146,84.89081478],[243045.35105705,431252.29586792,84.89047527],[243045.35123253,431252.29521179,84.89047337],[243045.351408,431252.29456329,84.89047146],[243045.35126495,431252.29405975,84.89013243],[243045.35115433,431252.2935791,84.88979483],[243045.35136414,431252.29295349,84.88979435],[243045.35157204,431252.29232788,84.88979387],[243045.35146713,431252.29185486,84.88945675],[243045.35104942,431252.29153442,84.8887825],[243045.35094452,431252.29105377,84.88844538]]",dji_pose_mesh_ray_contour_nodes,
272,261,3,SPL,1486.75,1835.0,1486,1834,1488,1837,2,3,4,243045.36781311,431252.25073242,84.89279842,dji_pose_mesh_ray_centroid,True,True,1220014,2.559596,warp,,1486.75,1835.0,1,1,1.0,1,2.559596,2.559596,2,2,1.0,"[[1486.0,1834.5],[1486.5,1834.0]]","[[243045.36786842,431252.25136566,84.8931365],[243045.36818314,431252.25120544,84.8934741]]",dji_pose_mesh_ray_contour_nodes,
273,262,3,SPL,1394.2449,1838.7347,1390,1835,1400,1843,10,8,49,243045.34764481,431252.30799866,84.89035273,dji_pose_mesh_ray_centroid,True,True,1219563,2.5782,warp,,1394.2449,1838.7347,1,1,1.0,1,2.5782,2.5782,11,11,1.0,"[[1394.5,1835.0],[1395.0,1835.5],[1395.5,1836.0],[1396.0,1836.5],[1396.5,1837.0],[1397.0,1837.5],[1397.5,1838.0],[1397.5,1839.0],[1398.0,1839.5],[1398.5,1840.0],[1399.0,1840.5]]","[[243045.34942627,431252.30918884,84.89288235],[243045.34928131,431252.3086853,84.89254236],[243045.34913635,431252.30817413,84.89220238],[243045.34899139,431252.30766296,84.89186287],[243045.34884834,431252.30715942,84.89152288],[243045.34870338,431252.30664825,84.89118338],[243045.34855843,431252.30614471,84.89084387],[243045.34809494,431252.3057785,84.89016676],[243045.34794998,431252.30527496,84.88982773],[243045.34780502,431252.30477142,84.88948822],[243045.34766197,431252.30426025,84.88914919]]",dji_pose_mesh_ray_contour_nodes,
274,263,3,SPL,1452.5217,1844.7391,1450,1843,1456,1848,6,5,23,243045.35658073,431252.26906586,84.8862505,dji_pose_mesh_ray_centroid,True,True,1220014,2.561399,warp,,1452.5217,1844.7391,1,1,1.0,1,2.561399,2.561399,4,4,1.0,"[[1452.5,1847.0],[1452.0,1846.5],[1451.0,1846.5],[1450.0,1846.5]]","[[243045.35562897,431252.26835632,84.88473034],[243045.35573387,431252.26882935,84.88506651],[243045.35552597,431252.26945496,84.88506699],[243045.35531807,431252.27008057,84.88506746]]",dji_pose_mesh_ray_contour_nodes,
275,264,3,SPL,517.9173,1927.317,469,1894,568,1961,99,67,3725,243045.13223839,431252.82264709,84.83182049,dji_pose_mesh_ray_centroid,True,True,1219579,2.776461,warp,,517.9173,1927.317,1,1,1.0,1,2.776461,2.776461,122,122,1.0,"[[567.0,1930.5],[566.5,1931.0],[566.5,1932.0],[566.0,1932.5],[565.5,1933.0],[565.0,1933.5],[564.0,1933.5],[563.5,1934.0],[563.0,1934.5],[562.0,1934.5],[561.5,1935.0],[561.0,1935.5],[560.0,1935.5],[559.5,1936.0],[559.0,1936.5],[558.5,1937.0],[558.5,1938.0],[558.0,1938.5],[557.0,1938.5],[556.5,1939.0],[556.0,1939.5],[555.0,1939.5],[554.0,1939.5],[553.0,1939.5],[552.0,1939.5],[551.0,1939.5],[550.0,1939.5],[549.0,1939.5],[548.0,1939.5],[547.5,1939.0],[547.0,1938.5],[546.0,1938.5],[545.5,1938.0],[545.0,1937.5],[544.5,1938.0],[544.0,1938.5],[543.0,1938.5],[542.5,1939.0],[542.0,1939.5],[541.0,1939.5],[540.5,1940.0],[540.0,1940.5],[539.0,1940.5],[538.5,1941.0],[538.0,1941.5],[537.5,1942.0],[537.0,1942.5],[536.0,1942.5],[535.5,1943.0],[535.0,1943.5],[534.0,1943.5],[533.0,1943.5],[532.0,1943.5],[531.0,1943.5],[530.5,1943.0],[530.0,1942.5],[529.0,1942.5],[528.0,1942.5],[527.0,1942.5],[526.0,1942.5],[525.0,1942.5],[524.0,1942.5],[523.5,1943.0],[523.0,1943.5],[522.5,1944.0],[522.0,1944.5],[521.5,1945.0],[521.5,1946.0],[521.0,1946.5],[520.5,1947.0],[520.0,1947.5],[519.5,1948.0],[519.0,1948.5],[518.5,1949.0],[518.5,1950.0],[518.5,1951.0],[518.5,1952.0],[518.5,1953.0],[518.5,1954.0],[519.0,1954.5],[520.0,1954.5],[521.0,1954.5],[521.5,1955.0],[522.0,1955.5],[522.5,1956.0],[522.0,1956.5],[521.0,1956.5],[520.0,1956.5],[519.0,1956.5],[518.0,1956.5],[517.5,1956.0],[517.0,1955.5],[516.0,1955.5],[515.0,1955.5],[514.0,1955.5],[513.0,1955.5],[512.0,1955.5],[511.0,1955.5],[510.0,1955.5],[509.0,1955.5],[508.0,1955.5],[507.5,1956.0],[507.0,1956.5],[506.5,1957.0],[506.5,1958.0],[506.0,1958.5],[505.0,1958.5],[504.0,1958.5],[503.0,1958.5],[502.0,1958.5],[501.5,1958.0],[501.0,1957.5],[500.0,1957.5],[499.5,1958.0],[499.0,1958.5],[498.0,1958.5],[497.0,1958.5],[496.0,1958.5],[495.0,1958.5],[494.5,1959.0],[494.0,1959.5],[493.5,1960.0]]","[[243045.14174652,431252.79143524,84.829741],[243045.14143944,431252.79151917,84.82941389],[243045.14104271,431252.79106903,84.82876062],[243045.14073563,431252.79114532,84.82843351],[243045.14042854,431252.79122162,84.82810688],[243045.14012146,431252.79130554,84.82778072],[243045.13990211,431252.79190826,84.82778072],[243045.13959503,431252.79198456,84.82745409],[243045.13928795,431252.79206848,84.82712746],[243045.1390686,431252.7926712,84.82712746],[243045.13876152,431252.7927475,84.8268013],[243045.13845444,431252.79283142,84.82647514],[243045.13823509,431252.79343414,84.82647467],[243045.13792801,431252.79351044,84.82614851],[243045.13762093,431252.79358673,84.82582235],[243045.13731384,431252.79367065,84.82549667],[243045.13692093,431252.79322052,84.82484484],[243045.13661385,431252.79329681,84.82451868],[243045.1363945,431252.79389954,84.82451868],[243045.13608932,431252.79398346,84.824193],[243045.13578224,431252.79405975,84.82386732],[243045.1355629,431252.79466248,84.82386732],[243045.13534355,431252.79527283,84.82386732],[243045.13512611,431252.79587555,84.82386732],[243045.13490677,431252.79647827,84.82386684],[243045.13468742,431252.79708862,84.82386684],[243045.13446999,431252.79769135,84.82386684],[243045.13425064,431252.79829407,84.82386684],[243045.1340313,431252.79890442,84.82386684],[243045.13411903,431252.79943085,84.82419252],[243045.13420677,431252.79995728,84.8245182],[243045.13398743,431252.80056,84.8245182],[243045.13407516,431252.80108643,84.82484388],[243045.1341629,431252.80162048,84.82517004],[243045.13385582,431252.80169678,84.82484388],[243045.13354874,431252.80177307,84.8245182],[243045.1333313,431252.80237579,84.8245182],[243045.13302422,431252.80245209,84.82419252],[243045.13271904,431252.80252838,84.82386684],[243045.13249969,431252.80313873,84.82386637],[243045.13219261,431252.80321503,84.82354116],[243045.13188744,431252.80329132,84.82321548],[243045.13166809,431252.80389404,84.82321548],[243045.13136292,431252.80397034,84.8228898],[243045.13105774,431252.80405426,84.8225646],[243045.13075066,431252.80413055,84.82223892],[243045.13044548,431252.80420685,84.82191372],[243045.13022614,431252.80480957,84.82191372],[243045.12992096,431252.80488586,84.82158852],[243045.12961578,431252.80496216,84.82126331],[243045.12939644,431252.80556488,84.82126331],[243045.129179,431252.80617523,84.82126331],[243045.12895966,431252.80677795,84.82126331],[243045.12874222,431252.80738068,84.82126331],[243045.12882805,431252.8079071,84.82158852],[243045.12891579,431252.80844116,84.82191372],[243045.12869644,431252.80904388,84.82191372],[243045.1284771,431252.80964661,84.82191324],[243045.12825966,431252.81024933,84.82191324],[243045.12804031,431252.81085968,84.82191324],[243045.12782097,431252.8114624,84.82191324],[243045.12760353,431252.81206512,84.82191324],[243045.12729836,431252.81214142,84.82158804],[243045.12699318,431252.81221771,84.82126284],[243045.126688,431252.81229401,84.82093811],[243045.12638283,431252.8123703,84.82061291],[243045.12607765,431252.81244659,84.82028818],[243045.12568665,431252.81199646,84.81963873],[243045.12538147,431252.81207275,84.819314],[243045.12507629,431252.81214905,84.81898928],[243045.12477112,431252.81222534,84.81866455],[243045.12446594,431252.81230164,84.8183403],[243045.12416267,431252.81237793,84.81801558],[243045.1238575,431252.81245422,84.81769133],[243045.1234684,431252.81199646,84.81704283],[243045.12307739,431252.81154633,84.81639481],[243045.12268639,431252.81109619,84.81574678],[243045.12229729,431252.81064606,84.81509924],[243045.12190628,431252.81019592,84.81445217],[243045.12182045,431252.80966949,84.8141284],[243045.12203979,431252.80906677,84.8141284],[243045.12225723,431252.80846405,84.8141284],[243045.1221714,431252.80792999,84.8138051],[243045.12208557,431252.80740356,84.81348181],[243045.12199974,431252.80687714,84.81315851],[243045.12169647,431252.80695343,84.81283522],[243045.12147903,431252.80756378,84.81283522],[243045.12125969,431252.80815887,84.81283474],[243045.12104225,431252.80876923,84.81283474],[243045.12082481,431252.80937195,84.81283474],[243045.12091064,431252.80989838,84.81315803],[243045.12099648,431252.8104248,84.81348133],[243045.12077713,431252.81102753,84.81348133],[243045.12055969,431252.81163025,84.81348133],[243045.12034225,431252.81223297,84.81348133],[243045.12012291,431252.81283569,84.81348133],[243045.11990547,431252.81343842,84.81348133],[243045.11968803,431252.81404114,84.81348133],[243045.11946869,431252.81464386,84.81348133],[243045.11925125,431252.81524658,84.81348133],[243045.11903381,431252.8158493,84.81348133],[243045.11873055,431252.8159256,84.81315803],[243045.11842728,431252.81600189,84.81283474],[243045.11812401,431252.81607819,84.81251144],[243045.11773491,431252.81562805,84.81186533],[243045.11743164,431252.81569672,84.81154203],[243045.1172123,431252.81629944,84.81154203],[243045.11699486,431252.81690216,84.81154203],[243045.11677742,431252.81750488,84.81154203],[243045.11655998,431252.8181076,84.81154203],[243045.11664581,431252.81863403,84.81186533],[243045.11672974,431252.81916809,84.81218815],[243045.1165123,431252.81977081,84.81218815],[243045.11620903,431252.81983948,84.81186485],[243045.11590576,431252.81991577,84.81154203],[243045.11568832,431252.82051849,84.81154203],[243045.11547089,431252.82112122,84.81154203],[243045.11525154,431252.82172394,84.81154203],[243045.1150341,431252.82232666,84.81154203],[243045.11473083,431252.82240295,84.81121921],[243045.11442947,431252.82247925,84.8108964],[243045.11412621,431252.82255554,84.81057358]]",dji_pose_mesh_ray_contour_nodes,
276,265,3,SPL,1479.75,1897.25,1479,1897,1482,1899,3,2,4,243045.34041786,431252.23571777,84.85129833,dji_pose_mesh_ray_centroid,True,True,1220034,2.527481,warp,,1479.75,1897.25,1,1,1.0,1,2.527481,2.527481,3,3,1.0,"[[1481.0,1897.5],[1480.0,1897.5],[1479.5,1898.0]]","[[243045.34057045,431252.23486328,84.85113335],[243045.34036636,431252.23548126,84.85113335],[243045.34005928,431252.23564148,84.85080481]]",dji_pose_mesh_ray_contour_nodes,
277,266,3,SPL,1285.3625,1929.374,1253,1911,1309,1946,56,35,1040,243045.28745842,431252.34538269,84.83031893,dji_pose_mesh_ray_centroid,True,True,1219563,2.553217,warp,,1285.3625,1929.374,1,1,1.0,1,2.553217,2.553217,76,76,1.0,"[[1301.5,1945.0],[1301.0,1944.5],[1300.0,1944.5],[1299.5,1944.0],[1299.0,1943.5],[1298.5,1943.0],[1298.0,1942.5],[1297.5,1942.0],[1297.0,1941.5],[1296.0,1941.5],[1295.5,1941.0],[1295.0,1940.5],[1294.5,1940.0],[1294.0,1939.5],[1293.5,1939.0],[1293.0,1938.5],[1292.0,1938.5],[1291.0,1938.5],[1290.0,1938.5],[1289.0,1938.5],[1288.0,1938.5],[1287.0,1938.5],[1286.0,1938.5],[1285.5,1938.0],[1285.0,1937.5],[1284.0,1937.5],[1283.5,1938.0],[1283.5,1939.0],[1283.5,1940.0],[1283.5,1941.0],[1283.0,1941.5],[1282.5,1942.0],[1282.5,1943.0],[1282.0,1943.5],[1281.0,1943.5],[1280.0,1943.5],[1279.0,1943.5],[1278.5,1943.0],[1278.0,1942.5],[1277.0,1942.5],[1276.5,1942.0],[1276.0,1941.5],[1275.0,1941.5],[1274.5,1941.0],[1274.0,1940.5],[1273.0,1940.5],[1272.5,1940.0],[1272.0,1939.5],[1271.5,1939.0],[1271.0,1938.5],[1270.5,1938.0],[1270.0,1937.5],[1269.0,1937.5],[1268.0,1937.5],[1267.0,1937.5],[1266.5,1938.0],[1266.0,1938.5],[1265.5,1938.0],[1265.0,1937.5],[1264.5,1937.0],[1264.0,1936.5],[1263.5,1936.0],[1263.5,1935.0],[1263.0,1934.5],[1262.0,1934.5],[1261.5,1934.0],[1261.0,1933.5],[1260.0,1933.5],[1259.0,1933.5],[1258.0,1933.5],[1257.0,1933.5],[1256.0,1933.5],[1255.0,1933.5],[1254.0,1933.5],[1253.5,1933.0],[1253.0,1932.5]]","[[243045.28454018,431252.33036804,84.82018566],[243045.28463554,431252.33083344,84.82050896],[243045.28443146,431252.33144379,84.82050896],[243045.28452682,431252.33191681,84.82083225],[243045.28462219,431252.3323822,84.82115555],[243045.28471947,431252.33285522,84.82147932],[243045.28481483,431252.33332062,84.82180262],[243045.2849102,431252.33378601,84.82212639],[243045.28500557,431252.33425903,84.82244968],[243045.28480148,431252.33486938,84.82244968],[243045.28489685,431252.33534241,84.82277346],[243045.28499222,431252.3358078,84.82309723],[243045.28508949,431252.33628082,84.823421],[243045.28518486,431252.33674622,84.82374525],[243045.28528023,431252.33721924,84.82406902],[243045.2853756,431252.33769226,84.82439327],[243045.28517151,431252.33830261,84.82439327],[243045.28496552,431252.33892059,84.82439327],[243045.28476143,431252.33953094,84.82439327],[243045.28455734,431252.34014893,84.82439375],[243045.28435135,431252.34075928,84.82439375],[243045.28414536,431252.34136963,84.82439375],[243045.28394127,431252.34198761,84.82439375],[243045.28403664,431252.34246063,84.824718],[243045.284132,431252.34292603,84.82504225],[243045.28392792,431252.34354401,84.82504225],[243045.28362656,431252.34368134,84.82471847],[243045.28322983,431252.3433609,84.82407045],[243045.28283501,431252.34303284,84.82342243],[243045.28243828,431252.34270477,84.82277489],[243045.28213692,431252.34284973,84.82245159],[243045.28183746,431252.34299469,84.82212782],[243045.28144073,431252.34266663,84.82148075],[243045.28114128,431252.34281158,84.82115746],[243045.28093719,431252.34342194,84.82115746],[243045.2807312,431252.34403229,84.82115793],[243045.28052711,431252.34465027,84.82115793],[243045.28062248,431252.34511566,84.82148123],[243045.28071785,431252.34558868,84.821805],[243045.28051186,431252.34619904,84.821805],[243045.28060722,431252.34667206,84.82212877],[243045.28070259,431252.34714508,84.82245207],[243045.2804985,431252.34775543,84.82245254],[243045.28059387,431252.34822845,84.82277584],[243045.28068924,431252.34870148,84.82309961],[243045.28048325,431252.34931183,84.82310009],[243045.28057861,431252.34978485,84.82342386],[243045.28067589,431252.35025024,84.82374763],[243045.28079414,431252.35074615,84.82407188],[243045.28092766,431252.35124969,84.82439661],[243045.28106117,431252.35174561,84.82472134],[243045.28119278,431252.35224915,84.82504606],[243045.28101921,431252.35289001,84.82504654],[243045.28084564,431252.35353088,84.82504702],[243045.28067017,431252.35417175,84.82504749],[243045.28036308,431252.35430908,84.82472324],[243045.280056,431252.35444641,84.82439899],[243045.28018951,431252.35494995,84.82472372],[243045.28032303,431252.35545349,84.82504845],[243045.28045654,431252.35595703,84.82537317],[243045.28058815,431252.35646057,84.82569838],[243045.28072166,431252.35696411,84.8260231],[243045.28116417,431252.35733032,84.82667303],[243045.28129578,431252.35783386,84.82699823],[243045.28112221,431252.35847473,84.82699871],[243045.28125572,431252.35897827,84.82732391],[243045.28138924,431252.35948181,84.82764959],[243045.28121376,431252.36012268,84.82765007],[243045.28104019,431252.36076355,84.82765055],[243045.28086662,431252.36140442,84.82765102],[243045.28069115,431252.36204529,84.82765198],[243045.28051758,431252.36268616,84.82765245],[243045.28034401,431252.36332703,84.82765293],[243045.28016853,431252.3639679,84.82765341],[243045.28030205,431252.36447144,84.82797909],[243045.28043556,431252.36497498,84.82830477]]",dji_pose_mesh_ray_contour_nodes,
278,267,3,SPL,1305.0,1914.5,1304,1914,1307,1916,3,2,6,243045.29749298,431252.33820343,84.8400197,dji_pose_mesh_ray_centroid,True,True,1219563,2.556563,warp,,1305.0,1914.5,1,1,1.0,1,2.556563,2.556563,6,6,1.0,"[[1304.0,1914.0],[1305.0,1914.0],[1306.0,1914.0],[1304.0,1915.0],[1305.0,1915.0],[1306.0,1915.0]]","[[243045.29754257,431252.3390274,84.84034777],[243045.29771614,431252.33838654,84.84034729],[243045.29789162,431252.33774567,84.84034634],[243045.29709625,431252.33866119,84.83969259],[243045.29726982,431252.33802032,84.83969212],[243045.2974453,431252.33737946,84.83969116]]",dji_pose_mesh_ray_contour_nodes,
279,268,3,SPL,1175.1658,1961.8607,1124,1920,1237,2030,113,110,5169,243045.25158882,431252.40171814,84.80932999,dji_pose_mesh_ray_centroid,True,True,1219548,2.562038,warp,,1175.1658,1961.8607,1,1,1.0,1,2.562038,2.562038,256,256,1.0,"[[1236.0,1937.5],[1235.5,1938.0],[1235.5,1940.0],[1235.5,1941.0],[1234.5,1942.0],[1234.5,1943.0],[1234.5,1945.0],[1234.0,1945.5],[1233.0,1946.5],[1232.0,1947.5],[1231.0,1947.5],[1230.0,1948.5],[1229.0,1948.5],[1227.5,1948.0],[1227.0,1947.5],[1225.5,1947.0],[1224.0,1946.5],[1223.5,1946.0],[1222.5,1945.0],[1222.5,1944.0],[1221.5,1943.0],[1221.5,1942.0],[1221.5,1940.0],[1222.0,1938.5],[1222.5,1938.0],[1222.5,1936.0],[1222.0,1935.5],[1221.0,1934.5],[1220.5,1934.0],[1219.5,1933.0],[1218.5,1932.0],[1218.0,1931.5],[1216.5,1931.0],[1216.0,1930.5],[1215.0,1931.5],[1214.5,1932.0],[1214.0,1933.5],[1213.0,1934.5],[1212.0,1934.5],[1210.5,1935.0],[1210.0,1935.5],[1208.0,1935.5],[1207.5,1936.0],[1207.5,1938.0],[1207.5,1940.0],[1208.0,1940.5],[1208.5,1942.0],[1209.0,1942.5],[1210.5,1943.0],[1211.0,1943.5],[1211.5,1945.0],[1211.0,1946.5],[1210.0,1946.5],[1208.5,1947.0],[1208.0,1947.5],[1206.5,1948.0],[1206.0,1948.5],[1205.0,1949.5],[1204.0,1949.5],[1202.0,1949.5],[1201.0,1948.5],[1200.0,1948.5],[1199.0,1949.5],[1198.0,1949.5],[1196.0,1949.5],[1195.0,1949.5],[1194.0,1948.5],[1192.0,1948.5],[1191.5,1948.0],[1190.0,1947.5],[1189.0,1947.5],[1188.0,1948.5],[1187.5,1949.0],[1187.0,1950.5],[1186.5,1952.0],[1186.5,1953.0],[1187.0,1954.5],[1187.5,1955.0],[1188.0,1956.5],[1188.5,1957.0],[1190.0,1957.5],[1191.0,1958.5],[1191.5,1959.0],[1193.0,1959.5],[1193.5,1960.0],[1195.0,1960.5],[1195.5,1961.0],[1197.0,1961.5],[1199.0,1961.5],[1199.5,1962.0],[1200.5,1963.0],[1201.0,1963.5],[1202.5,1964.0],[1202.5,1965.0],[1203.5,1966.0],[1203.5,1968.0],[1203.5,1969.0],[1202.5,1970.0],[1202.5,1971.0],[1201.5,1972.0],[1201.0,1972.5],[1199.0,1972.5],[1197.0,1972.5],[1196.0,1972.5],[1194.5,1973.0],[1194.0,1973.5],[1193.0,1974.5],[1192.0,1974.5],[1191.0,1975.5],[1190.0,1975.5],[1188.5,1976.0],[1187.5,1976.0],[1187.0,1975.5],[1185.0,1975.5],[1184.0,1975.5],[1183.0,1976.5],[1182.0,1976.5],[1180.0,1976.5],[1179.0,1977.5],[1178.0,1977.5],[1177.0,1978.5],[1176.0,1978.5],[1175.5,1980.0],[1175.5,1981.0],[1177.0,1981.5],[1178.5,1981.0],[1179.0,1980.5],[1179.5,1979.0],[1180.0,1978.5],[1181.5,1979.0],[1182.0,1979.5],[1183.5,1980.0],[1184.5,1981.0],[1184.5,1982.0],[1184.5,1984.0],[1184.0,1984.5],[1183.0,1985.5],[1182.0,1985.5],[1180.5,1986.0],[1179.0,1986.5],[1178.5,1987.0],[1178.0,1988.5],[1177.5,1989.0],[1177.5,1991.0],[1177.0,1991.5],[1176.5,1993.0],[1176.5,1995.0],[1177.0,1995.5],[1178.5,1995.0],[1179.0,1994.5],[1181.0,1994.5],[1182.0,1994.5],[1184.0,1994.5],[1186.0,1994.5],[1186.5,1995.0],[1188.0,1995.5],[1189.0,1995.5],[1190.0,1996.5],[1190.5,1996.0],[1191.5,1995.0],[1191.5,1994.0],[1192.5,1993.0],[1194.0,1992.5],[1194.5,1993.0],[1195.5,1994.0],[1196.0,1994.5],[1197.5,1994.0],[1198.0,1993.5],[1199.0,1992.5],[1200.0,1991.5],[1200.5,1991.0],[1201.5,1990.0],[1202.0,1989.5],[1203.0,1988.5],[1203.5,1988.0],[1205.0,1987.5],[1207.0,1987.5],[1208.0,1987.5],[1210.0,1987.5],[1211.0,1987.5],[1212.0,1988.5],[1212.5,1989.0],[1213.5,1990.0],[1214.5,1991.0],[1214.5,1992.0],[1215.5,1993.0],[1215.0,1993.5],[1214.0,1994.5],[1213.5,1995.0],[1212.0,1995.5],[1210.0,1995.5],[1209.0,1995.5],[1207.0,1995.5],[1206.0,1995.5],[1204.0,1995.5],[1203.0,1995.5],[1201.0,1995.5],[1199.5,1996.0],[1199.5,1997.0],[1199.5,1999.0],[1199.5,2000.0],[1199.5,2002.0],[1199.0,2002.5],[1197.0,2002.5],[1195.0,2002.5],[1194.5,2002.0],[1194.5,2000.0],[1194.0,1999.5],[1193.5,1998.0],[1193.0,1997.5],[1192.0,1996.5],[1191.5,1997.0],[1190.0,1997.5],[1189.0,1998.5],[1188.0,1998.5],[1187.0,1999.5],[1186.5,2000.0],[1186.0,2001.5],[1185.5,2002.0],[1184.5,2003.0],[1183.5,2004.0],[1183.5,2005.0],[1182.5,2006.0],[1182.0,2006.5],[1180.0,2006.5],[1179.0,2006.5],[1177.0,2006.5],[1175.0,2006.5],[1174.5,2006.0],[1173.5,2006.0],[1173.0,2006.5],[1171.5,2007.0],[1171.0,2007.5],[1170.5,2009.0],[1170.0,2010.5],[1169.5,2011.0],[1168.5,2012.0],[1168.5,2013.0],[1168.5,2015.0],[1169.0,2015.5],[1170.0,2016.5],[1171.5,2017.0],[1172.0,2017.5],[1173.0,2018.5],[1173.5,2019.0],[1173.5,2021.0],[1173.5,2022.0],[1173.5,2024.0],[1172.5,2025.0],[1172.5,2026.0],[1172.0,2027.5],[1171.0,2027.5],[1169.0,2027.5],[1168.0,2027.5],[1166.5,2028.0],[1165.5,2029.0]]","[[243045.27526855,431252.37402344,84.82506418],[243045.27496147,431252.37416077,84.82473993],[243045.27408409,431252.37342072,84.82344198],[243045.2736454,431252.37304688,84.82279348],[243045.27303123,431252.3733139,84.82214546],[243045.27259254,431252.37294769,84.82149744],[243045.27171707,431252.37220764,84.82020235],[243045.27140999,431252.37234497,84.81987905],[243045.27079773,431252.372612,84.81923246],[243045.27018738,431252.37287903,84.81858635],[243045.27001381,431252.3735199,84.81858683],[243045.26940155,431252.37378693,84.81794071],[243045.26922798,431252.3744278,84.81794071],[243045.26918411,431252.3755722,84.81826496],[243045.26931572,431252.37607574,84.81858826],[243045.26927376,431252.37722015,84.81891203],[243045.2692318,431252.37836456,84.81923628],[243045.2693634,431252.37887573,84.81956005],[243045.26962662,431252.37988281,84.8202076],[243045.2700634,431252.38025665,84.82085514],[243045.27032852,431252.38127136,84.82150364],[243045.2707653,431252.38163757,84.82215166],[243045.27164268,431252.38238525,84.82344866],[243045.27238846,431252.38262177,84.82442236],[243045.27269554,431252.38249207,84.82474661],[243045.27357292,431252.38323212,84.82604599],[243045.2736969,431252.38373566,84.82637119],[243045.27388954,431252.38468933,84.82702112],[243045.27398682,431252.38516998,84.82734632],[243045.27417946,431252.38612366,84.82799673],[243045.2743721,431252.38707733,84.82864714],[243045.27446938,431252.38755035,84.82897234],[243045.27433586,431252.3886261,84.82929754],[243045.27443314,431252.38910675,84.82962322],[243045.27378082,431252.38933563,84.82897186],[243045.27345467,431252.3894577,84.82864618],[243045.27270508,431252.38921356,84.8276701],[243045.27205276,431252.38945007,84.82701969],[243045.27182198,431252.39004517,84.82701921],[243045.27126694,431252.3907547,84.82669401],[243045.27094078,431252.39086914,84.82636881],[243045.27048111,431252.39205933,84.82636833],[243045.27015686,431252.39217377,84.82604361],[243045.2693119,431252.3914566,84.8247447],[243045.26846886,431252.39073181,84.82344675],[243045.26837349,431252.39025879,84.8231225],[243045.2678566,431252.38941956,84.82215023],[243045.26776123,431252.38894653,84.82182646],[243045.26789474,431252.38787079,84.82150269],[243045.26779747,431252.38739777,84.82117891],[243045.26728249,431252.38655853,84.8202076],[243045.26653671,431252.38632202,84.81923723],[243045.26630783,431252.38690948,84.81923723],[243045.2657547,431252.38762665,84.81891346],[243045.26542854,431252.38774109,84.81859016],[243045.26487541,431252.38845062,84.81826687],[243045.26455116,431252.38856506,84.81794357],[243045.26390266,431252.38880157,84.81729698],[243045.26367569,431252.38939667,84.81729698],[243045.26321793,431252.39057922,84.81729698],[243045.26340675,431252.3915329,84.81794262],[243045.26317787,431252.39212799,84.81794262],[243045.26253128,431252.39235687,84.8172965],[243045.2623024,431252.39295197,84.81729603],[243045.26184464,431252.39413452,84.81729603],[243045.26161575,431252.39472961,84.81729603],[243045.26180649,431252.39568329,84.81794167],[243045.26134872,431252.39686584,84.81794167],[243045.26144218,431252.3973465,84.81826448],[243045.26130867,431252.39841461,84.8185873],[243045.26107979,431252.3990097,84.8185873],[243045.26043129,431252.39923859,84.81794071],[243045.26010895,431252.39935303,84.81761789],[243045.25936699,431252.39910889,84.81664896],[243045.25862503,431252.39886475,84.81568098],[243045.25820732,431252.39849854,84.81503582],[243045.25769424,431252.39766693,84.81406879],[243045.25760078,431252.39718628,84.81374693],[243045.25708771,431252.39635468,84.81278038],[243045.25699425,431252.39587402,84.81245851],[243045.25712776,431252.39480591,84.81213713],[243045.25693893,431252.39385986,84.8114934],[243045.25684547,431252.39337921,84.81117201],[243045.25697899,431252.39231873,84.81085062],[243045.25688362,431252.39183807,84.81052875],[243045.25701904,431252.39076996,84.81020784],[243045.25692368,431252.39029694,84.80988646],[243045.25705719,431252.38923645,84.80956507],[243045.25751495,431252.38804626,84.80956507],[243045.25741959,431252.38757324,84.80924416],[243045.25723076,431252.3866272,84.80860186],[243045.2571373,431252.38615417,84.80828094],[243045.25727081,431252.38508606,84.80796003],[243045.25685501,431252.38472748,84.80731821],[243045.25666618,431252.38378143,84.80667639],[243045.25583267,431252.3830719,84.80539417],[243045.25541687,431252.38271332,84.80475378],[243045.25477409,431252.38294983,84.80411339],[243045.25435829,431252.38259125,84.803473],[243045.25371552,431252.38282776,84.80283308],[243045.25339317,431252.3829422,84.80251312],[243045.25293922,431252.38412476,84.80251312],[243045.25248337,431252.38529968,84.80251312],[243045.25225639,431252.38589478,84.80251312],[243045.25170708,431252.38659668,84.80219364],[243045.25133514,431252.38667297,84.80187368],[243045.25057602,431252.38680267,84.80123424],[243045.25029373,431252.38734436,84.80123424],[243045.24953461,431252.38747406,84.80059528],[243045.24925232,431252.38801575,84.80059528],[243045.24859047,431252.3886261,84.8002758],[243045.24830818,431252.38916779,84.8002758],[243045.24840546,431252.38964081,84.80059528],[243045.24784279,431252.39073181,84.80059528],[243045.2475605,431252.3912735,84.80059481],[243045.24680138,431252.3914032,84.7999568],[243045.246521,431252.39194489,84.7999568],[243045.24595833,431252.39302826,84.7999568],[243045.2451992,431252.39315796,84.79931879],[243045.24491882,431252.39369965,84.79931879],[243045.24416161,431252.39382172,84.79868126],[243045.24387932,431252.3943634,84.79868126],[243045.24302673,431252.39402008,84.7977252],[243045.2425518,431252.39360809,84.79708862],[243045.24273491,431252.39258575,84.7967701],[243045.24339485,431252.39198303,84.79708862],[243045.24377251,431252.39191437,84.79740667],[243045.244627,431252.39226532,84.79836225],[243045.24500465,431252.39220428,84.79868078],[243045.24518967,431252.39118195,84.79836225],[243045.24509239,431252.39070892,84.79804373],[243045.2452774,431252.38968658,84.7977252],[243045.24508286,431252.38873291,84.79708815],[243045.24460602,431252.38832092,84.79645157],[243045.24365616,431252.38750458,84.79517937],[243045.2432785,431252.38756561,84.79486132],[243045.24252319,431252.38769531,84.79422617],[243045.24224281,431252.388237,84.79422617],[243045.24158287,431252.38884735,84.7939086],[243045.24092484,431252.38945007,84.7935915],[243045.24054718,431252.38951111,84.7932744],[243045.23969841,431252.38916779,84.79232264],[243045.23932076,431252.38923645,84.79200554],[243045.23837471,431252.38841248,84.79073811],[243045.23799896,431252.38848114,84.79042149],[243045.23715019,431252.38813782,84.7894721],[243045.23620605,431252.38731384,84.78820705],[243045.23611069,431252.38684082,84.78789091],[243045.23676491,431252.3862381,84.7882061],[243045.23714256,431252.38616943,84.78852224],[243045.23770142,431252.38509369,84.78852129],[243045.2379818,431252.384552,84.78852129],[243045.23854256,431252.38347626,84.78852034],[243045.23910332,431252.38239288,84.78851938],[243045.23900604,431252.38191986,84.78820324],[243045.23919106,431252.38090515,84.78788614],[243045.23947144,431252.38036346,84.78788614],[243045.23927879,431252.37941742,84.78725338],[243045.23965454,431252.37934875,84.78756905],[243045.24040794,431252.37921906,84.78820133],[243045.24088097,431252.37962341,84.78883409],[243045.24163437,431252.37949371,84.78946638],[243045.2422924,431252.37889099,84.789783],[243045.24219513,431252.37841034,84.7894659],[243045.24200249,431252.37746429,84.78883266],[243045.24190521,431252.37699127,84.78851604],[243045.24256325,431252.37638855,84.78883171],[243045.2429409,431252.37631989,84.78914833],[243045.24369431,431252.37618256,84.78978109],[243045.24444962,431252.37605286,84.79041433],[243045.24482727,431252.37598419,84.79073143],[243045.24558258,431252.37585449,84.79136515],[243045.24596214,431252.37578583,84.79168224],[243045.24671745,431252.3756485,84.79231691],[243045.24709511,431252.37558746,84.79263401],[243045.24775696,431252.37497711,84.79295111],[243045.24841499,431252.37397766,84.79295063],[243045.24874306,431252.37347412,84.79295015],[243045.24925613,431252.3723526,84.79294968],[243045.24946022,431252.37174225,84.79294968],[243045.24927711,431252.37080383,84.79231453],[243045.24918556,431252.37033844,84.79199696],[243045.24900436,431252.36940002,84.79136181],[243045.24882126,431252.36846161,84.79072714],[243045.24843597,431252.36813354,84.79009247],[243045.24825287,431252.36719513,84.7894578],[243045.24795914,431252.36734009,84.7891407],[243045.24737167,431252.36761475,84.78850698],[243045.24707794,431252.36775208,84.78818989],[243045.24653816,431252.36846924,84.78787327],[243045.24588203,431252.36946869,84.7878747],[243045.24555397,431252.3699646,84.78787518],[243045.24489784,431252.37097168,84.78787661],[243045.24456978,431252.37146759,84.78787756],[243045.24391556,431252.37246704,84.78787851],[243045.24358749,431252.37297058,84.78787947],[243045.24293137,431252.37397003,84.7878809],[243045.24222183,431252.37452698,84.78756523],[243045.24178314,431252.37415314,84.78693294],[243045.24090767,431252.37340546,84.78566885],[243045.24047089,431252.37302399,84.78503704],[243045.23959732,431252.37227631,84.78377438],[243045.23921585,431252.37233734,84.78345966],[243045.23856163,431252.37333679,84.78346157],[243045.23790741,431252.37433624,84.78346348],[243045.23796272,431252.37477112,84.78377914],[243045.23888588,431252.37556458,84.78504086],[243045.23898125,431252.3760376,84.78535652],[243045.23954964,431252.37691498,84.786304],[243045.23964691,431252.377388,84.78662014],[243045.23983765,431252.37834167,84.78725243],[243045.2394619,431252.37840271,84.78693676],[243045.23880577,431252.37901306,84.78662157],[243045.23805428,431252.37914276,84.78599024],[243045.2377739,431252.37968445,84.78599071],[243045.2370224,431252.37981415,84.78535986],[243045.23664665,431252.37988281,84.78504467],[243045.23579979,431252.37953949,84.7840991],[243045.23542404,431252.37960815,84.78378439],[243045.23467445,431252.37973785,84.78315449],[243045.23392487,431252.37986755,84.78252554],[243045.23345566,431252.3794632,84.78189611],[243045.23270607,431252.3795929,84.78126764],[243045.23233223,431252.37966156,84.78095341],[243045.23177338,431252.3807373,84.78095484],[243045.2314949,431252.38127899,84.78095531],[243045.23093605,431252.38235474,84.78095674],[243045.2303791,431252.38343048,84.7809577],[243045.23047447,431252.3839035,84.78127241],[243045.23019409,431252.38443756,84.78127336],[243045.22982025,431252.38450623,84.78095913],[243045.22916794,431252.38510895,84.78064585],[243045.2287941,431252.38516998,84.78033209],[243045.22795296,431252.38483429,84.77939033],[243045.22711182,431252.38449097,84.77844953],[243045.22673988,431252.384552,84.77813625],[243045.22599411,431252.3846817,84.77751017],[243045.22552681,431252.38427734,84.7768836],[243045.22459412,431252.38346863,84.77563095],[243045.22449875,431252.38299561,84.77531767],[243045.22431183,431252.38204956,84.7746911],[243045.22449493,431252.38104248,84.77437735],[243045.22439957,431252.38056946,84.77406406],[243045.22421265,431252.37963104,84.77343845],[243045.22411728,431252.37915802,84.77312565],[243045.22318649,431252.3783493,84.77187633],[243045.2227211,431252.37794495,84.77125263],[243045.22179222,431252.37713623,84.77000523],[243045.22105026,431252.37727356,84.76938343],[243045.22058487,431252.3768692,84.76876068],[243045.21975136,431252.37652588,84.76782751],[243045.21947289,431252.37706757,84.76782846],[243045.21891975,431252.37813568,84.76783085],[243045.21864128,431252.37866974,84.7678318],[243045.21799469,431252.37927246,84.76752281],[243045.21725464,431252.37940216,84.76690197]]",dji_pose_mesh_ray_contour_nodes,
280,269,3,SPL,925.3953,1924.907,920,1923,932,1928,12,5,43,243045.21056366,431252.56441498,84.83320522,dji_pose_mesh_ray_centroid,True,True,1219546,2.642178,warp,,925.3953,1924.907,1,1,1.0,1,2.642178,2.642178,6,6,1.0,"[[923.5,1923.0],[924.0,1923.5],[925.0,1923.5],[926.0,1923.5],[927.0,1923.5],[927.5,1923.0]]","[[243045.2110672,431252.56645966,84.83445072],[243045.21093559,431252.56591797,84.83412409],[243045.21109962,431252.56526184,84.83412313],[243045.21126366,431252.56460571,84.83412218],[243045.21142769,431252.56394958,84.83412123],[243045.21172333,431252.56382751,84.83444691]]",dji_pose_mesh_ray_contour_nodes,
281,270,3,SPL,1492.1531,1926.4898,1485,1923,1501,1931,16,8,98,243045.33095932,431252.21911621,84.83216095,dji_pose_mesh_ray_centroid,True,True,1220034,2.509653,warp,,1492.1531,1926.4898,1,1,1.0,1,2.509653,2.509653,11,11,1.0,"[[1494.5,1923.0],[1495.0,1923.5],[1496.0,1923.5],[1497.0,1923.5],[1497.5,1924.0],[1498.0,1924.5],[1499.0,1924.5],[1499.5,1925.0],[1499.5,1926.0],[1499.5,1927.0],[1500.0,1927.5]]","[[243045.33285713,431252.21872711,84.83443212],[243045.33275604,431252.21826935,84.83410644],[243045.33295822,431252.21765137,84.83410597],[243045.3331604,431252.21704102,84.83410597],[243045.3330574,431252.21657562,84.83378029],[243045.33295631,431252.21611786,84.83345461],[243045.33315849,431252.21549988,84.83345413],[243045.3330555,431252.21504211,84.83312893],[243045.33264732,431252.21474457,84.83247805],[243045.33223915,431252.21443939,84.83182764],[243045.33213615,431252.21398163,84.83150244]]",dji_pose_mesh_ray_contour_nodes,
282,271,3,SPL,1388.8387,1925.9032,1386,1924,1393,1929,7,5,31,243045.31007385,431252.28284454,84.83256054,dji_pose_mesh_ray_centroid,True,True,1220014,2.531714,warp,,1388.8387,1925.9032,1,1,1.0,1,2.531714,2.531714,4,4,1.0,"[[1392.0,1926.5],[1391.5,1927.0],[1391.0,1927.5],[1390.5,1928.0]]","[[243045.31048203,431252.28071594,84.83217192],[243045.31017876,431252.28086853,84.83184624],[243045.30987549,431252.28101349,84.83152103],[243045.30957222,431252.28116608,84.83119583]]",dji_pose_mesh_ray_contour_nodes,
283,272,3,SPL,1396.6667,1925.3333,1396,1925,1398,1927,2,2,3,243045.31191063,431252.2782135,84.83293056,dji_pose_mesh_ray_centroid,True,True,1220014,2.530313,warp,,1396.6667,1925.3333,1,1,1.0,1,2.530313,2.530313,2,2,1.0,"[[1396.5,1926.0],[1396.0,1925.5]]","[[243045.31160736,431252.27810669,84.83249664],[243045.31170654,431252.27857208,84.83282185]]",dji_pose_mesh_ray_contour_nodes,
284,273,3,SPL,1327.9619,1938.7714,1320,1932,1336,1946,16,14,105,243045.29243469,431252.31614685,84.82421303,dji_pose_mesh_ray_centroid,True,True,1220014,2.53853,warp,,1327.9619,1938.7714,1,1,1.0,1,2.53853,2.53853,25,25,1.0,"[[1332.5,1945.0],[1332.0,1944.5],[1331.0,1944.5],[1330.5,1944.0],[1330.0,1943.5],[1329.5,1943.0],[1329.0,1942.5],[1328.0,1942.5],[1327.5,1942.0],[1327.0,1941.5],[1326.0,1941.5],[1325.0,1941.5],[1324.5,1941.0],[1324.0,1940.5],[1323.0,1940.5],[1322.0,1940.5],[1321.5,1940.0],[1321.5,1939.0],[1321.5,1938.0],[1321.5,1937.0],[1321.5,1936.0],[1321.5,1935.0],[1321.0,1934.5],[1320.5,1934.0],[1320.0,1933.5]]","[[243045.29088593,431252.31136322,84.8201828],[243045.2909832,431252.31182861,84.82050562],[243045.29077721,431252.31244659,84.82050562],[243045.29087448,431252.31291199,84.82082891],[243045.29096985,431252.31337738,84.82115221],[243045.29106712,431252.31384277,84.82147598],[243045.29116249,431252.31430817,84.82179928],[243045.2909584,431252.31492615,84.82179928],[243045.29105568,431252.31539154,84.82212257],[243045.29115105,431252.31585693,84.82244635],[243045.29094696,431252.31646729,84.82244635],[243045.29074097,431252.31708527,84.82244682],[243045.29083824,431252.31755066,84.82277012],[243045.29093552,431252.31801605,84.82309389],[243045.29072952,431252.31863403,84.82309389],[243045.29052544,431252.31924438,84.82309437],[243045.2906208,431252.31971741,84.82341814],[243045.29101944,431252.32003784,84.82406568],[243045.29141617,431252.32035828,84.82471371],[243045.2918148,431252.32067871,84.82536173],[243045.29221344,431252.32099915,84.82601023],[243045.29261208,431252.32132721,84.82665873],[243045.29270935,431252.3217926,84.82698345],[243045.29280663,431252.32226562,84.8273077],[243045.29290199,431252.32273102,84.82763243]]",dji_pose_mesh_ray_contour_nodes,
285,274,3,SPL,1508.4383,1941.4074,1491,1932,1527,1953,36,21,324,243045.32818794,431252.20461273,84.82248402,dji_pose_mesh_ray_centroid,True,True,1220034,2.498687,warp,,1508.4383,1941.4074,1,1,1.0,1,2.498687,2.498687,45,45,1.0,"[[1491.0,1947.5],[1491.5,1947.0],[1491.5,1946.0],[1491.5,1945.0],[1492.0,1944.5],[1492.5,1944.0],[1493.0,1943.5],[1494.0,1943.5],[1495.0,1943.5],[1496.0,1943.5],[1497.0,1943.5],[1498.0,1943.5],[1499.0,1943.5],[1499.5,1943.0],[1500.0,1942.5],[1501.0,1942.5],[1501.5,1942.0],[1502.0,1941.5],[1502.5,1941.0],[1503.0,1940.5],[1503.5,1940.0],[1503.5,1939.0],[1504.0,1938.5],[1504.5,1938.0],[1504.5,1937.0],[1505.0,1936.5],[1505.5,1936.0],[1505.5,1935.0],[1506.0,1934.5],[1507.0,1934.5],[1507.5,1934.0],[1508.0,1933.5],[1509.0,1933.5],[1509.5,1933.0],[1510.0,1932.5],[1511.0,1932.5],[1512.0,1932.5],[1513.0,1932.5],[1514.0,1932.5],[1515.0,1932.5],[1516.0,1932.5],[1517.0,1932.5],[1518.0,1932.5],[1519.0,1932.5],[1519.5,1932.0]]","[[243045.32219887,431252.21348572,84.81855202],[243045.32250214,431252.21333313,84.81887436],[243045.32290649,431252.21363068,84.81951952],[243045.32331085,431252.21393585,84.82016516],[243045.32361412,431252.21377563,84.82048798],[243045.32391739,431252.21362305,84.82081079],[243045.32422066,431252.21346283,84.82113361],[243045.32442284,431252.21285248,84.82113361],[243045.32462502,431252.2122345,84.82113361],[243045.32482719,431252.21162415,84.82113361],[243045.32502937,431252.21100616,84.82113314],[243045.32523155,431252.21039581,84.82113314],[243045.32543182,431252.20977783,84.82113314],[243045.325737,431252.20962524,84.82145596],[243045.32604027,431252.20946503,84.82177877],[243045.32624245,431252.20885468,84.82177877],[243045.32654572,431252.20869446,84.82210207],[243045.32684898,431252.20854187,84.82242489],[243045.32715416,431252.20838165,84.82274818],[243045.32745743,431252.20822144,84.82307148],[243045.3277607,431252.20806885,84.82339477],[243045.32816696,431252.20836639,84.82404184],[243045.32847023,431252.20821381,84.82436562],[243045.32877541,431252.20805359,84.82468891],[243045.32918167,431252.20835114,84.82533646],[243045.32948494,431252.20819855,84.82566023],[243045.32979012,431252.20803833,84.82598448],[243045.33019638,431252.20833588,84.8266325],[243045.33050156,431252.20818329,84.82695627],[243045.33070374,431252.20756531,84.82695627],[243045.33100891,431252.20741272,84.82728052],[243045.33131218,431252.2072525,84.82760429],[243045.33151436,431252.20663452,84.82760429],[243045.33181953,431252.20648193,84.82792854],[243045.33212471,431252.20632172,84.82825279],[243045.33232689,431252.20571136,84.82825279],[243045.33252907,431252.20509338,84.82825232],[243045.33273125,431252.2044754,84.82825232],[243045.33293343,431252.20386505,84.82825232],[243045.3331356,431252.20324707,84.82825184],[243045.33333969,431252.20262909,84.82825184],[243045.33354187,431252.20201874,84.82825184],[243045.33374405,431252.20140076,84.82825136],[243045.33394623,431252.20079041,84.82825136],[243045.3342514,431252.20063019,84.82857561]]",dji_pose_mesh_ray_contour_nodes,
286,275,3,SPL,1461.4898,1941.9796,1458,1939,1467,1947,9,8,49,243045.31846809,431252.23326874,84.82212067,dji_pose_mesh_ray_centroid,True,True,1220034,2.508029,warp,,1461.4898,1941.9796,1,1,1.0,1,2.508029,2.508029,10,10,1.0,"[[1466.0,1941.5],[1465.5,1942.0],[1465.0,1942.5],[1464.5,1943.0],[1464.0,1943.5],[1463.5,1944.0],[1463.0,1944.5],[1462.5,1945.0],[1462.0,1945.5],[1461.5,1946.0]]","[[243045.31957245,431252.23064423,84.82243013],[243045.31926918,431252.23080444,84.82210684],[243045.31896782,431252.23095703,84.82178402],[243045.31866455,431252.23110962,84.82146072],[243045.31836128,431252.23126984,84.82113743],[243045.31805801,431252.23142242,84.82081461],[243045.31775475,431252.23157501,84.82049179],[243045.31745338,431252.2317276,84.82016897],[243045.31715012,431252.23188782,84.81984615],[243045.31684685,431252.23204041,84.81952333]]",dji_pose_mesh_ray_contour_nodes,
287,276,3,SPL,1469.0,1940.25,1468,1940,1471,1942,3,2,4,243045.32068443,431252.22918701,84.82323837,dji_pose_mesh_ray_centroid,True,True,1220034,2.507351,warp,,1469.0,1940.25,1,1,1.0,1,2.507351,2.507351,2,2,1.0,"[[1468.5,1941.0],[1468.0,1940.5]]","[[243045.32028008,431252.22926331,84.82275295],[243045.32038116,431252.22972107,84.82307672]]",dji_pose_mesh_ray_contour_nodes,
288,277,3,SPL,1525.1048,1957.5699,1512,1945,1536,1970,24,25,458,243045.32500839,431252.18959808,84.81206751,dji_pose_mesh_ray_centroid,True,True,1220034,2.487163,warp,,1525.1048,1957.5699,1,1,1.0,1,2.487163,2.487163,23,23,1.0,"[[1512.0,1953.5],[1512.5,1953.0],[1513.0,1952.5],[1514.0,1952.5],[1514.5,1952.0],[1515.0,1951.5],[1516.0,1951.5],[1517.0,1951.5],[1518.0,1951.5],[1518.5,1951.0],[1519.0,1950.5],[1520.0,1950.5],[1520.5,1950.0],[1521.0,1949.5],[1521.5,1949.0],[1521.5,1948.0],[1522.0,1947.5],[1522.5,1947.0],[1523.0,1946.5],[1523.5,1946.0],[1524.0,1945.5],[1525.0,1945.5],[1525.5,1945.0]]","[[243045.32401085,431252.19882202,84.81468487],[243045.32431412,431252.19866943,84.81500626],[243045.32461739,431252.19850922,84.81532812],[243045.32481956,431252.19789886,84.81532812],[243045.32512093,431252.19773865,84.81564999],[243045.32542419,431252.19757843,84.81597185],[243045.32562637,431252.19696808,84.81597137],[243045.32582855,431252.19635773,84.81597137],[243045.32602882,431252.19574738,84.81597137],[243045.32633209,431252.19558716,84.81629324],[243045.32663536,431252.19542694,84.8166151],[243045.32683754,431252.19481659,84.8166151],[243045.32714081,431252.19465637,84.81693697],[243045.32744408,431252.19449615,84.81725931],[243045.32774734,431252.19434357,84.81758118],[243045.3281517,431252.19464111,84.81822586],[243045.32845497,431252.1944809,84.8185482],[243045.32876015,431252.19432068,84.81887054],[243045.32906342,431252.19416046,84.81919336],[243045.32936668,431252.19400787,84.8195157],[243045.32966995,431252.19384766,84.81983852],[243045.32987213,431252.19322968,84.81983805],[243045.3301754,431252.19307709,84.82016087]]",dji_pose_mesh_ray_contour_nodes,
289,278,3,SPL,882.6111,1949.9907,875,1947,893,1955,18,8,108,243045.19291878,431252.58203125,84.81696415,dji_pose_mesh_ray_centroid,True,True,1219546,2.641772,warp,,882.6111,1949.9907,1,1,1.0,1,2.641772,2.641772,17,17,1.0,"[[892.0,1949.5],[891.5,1950.0],[891.0,1950.5],[890.0,1950.5],[889.5,1951.0],[889.0,1951.5],[888.0,1951.5],[887.5,1952.0],[887.0,1952.5],[886.5,1953.0],[886.0,1953.5],[885.0,1953.5],[884.0,1953.5],[883.0,1953.5],[882.0,1953.5],[881.0,1953.5],[880.5,1954.0]]","[[243045.19466019,431252.57608795,84.817276],[243045.19436836,431252.57621002,84.81695366],[243045.19407654,431252.57632446,84.81663132],[243045.19391251,431252.57698059,84.81663179],[243045.19361877,431252.57710266,84.81630945],[243045.19332695,431252.5772171,84.81598711],[243045.19316483,431252.57787323,84.81598759],[243045.19287109,431252.57798767,84.81566572],[243045.19257927,431252.57810974,84.81534338],[243045.19228745,431252.57823181,84.81502151],[243045.19199562,431252.57834625,84.81469965],[243045.19183159,431252.57900238,84.81469965],[243045.19166756,431252.57965851,84.81470013],[243045.19150543,431252.58030701,84.8147006],[243045.1913414,431252.58096313,84.81470108],[243045.19117928,431252.58161926,84.81470156],[243045.19088554,431252.5817337,84.81437969]]",dji_pose_mesh_ray_contour_nodes,
290,279,3,SPL,538.9792,1953.6875,531,1950,547,1958,16,8,96,243045.12649536,431252.79798126,84.81465483,dji_pose_mesh_ray_centroid,True,True,1219579,2.753917,warp,,538.9792,1953.6875,1,1,1.0,1,2.753917,2.753917,9,9,1.0,"[[540.5,1950.0],[541.0,1950.5],[542.0,1950.5],[543.0,1950.5],[543.5,1951.0],[544.0,1951.5],[545.0,1951.5],[545.5,1952.0],[546.0,1952.5]]","[[243045.1282711,431252.79871368,84.81704378],[243045.12818336,431252.79818726,84.81671953],[243045.12840271,431252.79758453,84.81671953],[243045.12862015,431252.79698181,84.81671953],[243045.12853432,431252.79645538,84.81639576],[243045.12844658,431252.79592896,84.81607151],[243045.12866592,431252.79532623,84.81607151],[243045.12857819,431252.7947998,84.81574774],[243045.12849236,431252.79427338,84.81542397]]",dji_pose_mesh_ray_contour_nodes,
291,280,3,SPL,1488.1704,1961.4593,1475,1954,1503,1970,28,16,270,243045.3160038,431252.21103668,84.80957365,dji_pose_mesh_ray_centroid,True,True,1220034,2.492633,warp,,1488.1704,1961.4593,1,1,1.0,1,2.492633,2.492633,37,37,1.0,"[[1475.0,1963.5],[1475.5,1963.0],[1475.5,1962.0],[1476.0,1961.5],[1476.5,1961.0],[1477.0,1960.5],[1477.5,1960.0],[1478.0,1959.5],[1478.5,1959.0],[1479.0,1958.5],[1479.5,1958.0],[1480.0,1957.5],[1480.5,1957.0],[1481.0,1956.5],[1481.5,1956.0],[1482.0,1955.5],[1483.0,1955.5],[1484.0,1955.5],[1485.0,1955.5],[1486.0,1955.5],[1487.0,1955.5],[1487.5,1956.0],[1488.0,1956.5],[1488.5,1957.0],[1489.0,1957.5],[1490.0,1957.5],[1491.0,1957.5],[1491.5,1957.0],[1492.0,1956.5],[1492.5,1956.0],[1493.0,1955.5],[1494.0,1955.5],[1494.5,1955.0],[1495.0,1954.5],[1496.0,1954.5],[1497.0,1954.5],[1497.5,1954.0]]","[[243045.31253433,431252.21847534,84.80826616],[243045.31283569,431252.21832275,84.8085866],[243045.31323624,431252.2186203,84.80922794],[243045.3135376,431252.21846771,84.80954838],[243045.31383896,431252.2183075,84.80986929],[243045.31414032,431252.21815491,84.81018972],[243045.31444168,431252.21800232,84.81051063],[243045.31474304,431252.2178421,84.81083155],[243045.3150444,431252.21768951,84.81115246],[243045.31534576,431252.2175293,84.81147385],[243045.31564713,431252.21737671,84.81179476],[243045.31595039,431252.21722412,84.81211567],[243045.31625175,431252.2170639,84.81243706],[243045.31655312,431252.21691132,84.81275845],[243045.31685448,431252.2167511,84.81307983],[243045.31715775,431252.21659851,84.81340122],[243045.31735802,431252.21598816,84.81340122],[243045.3175602,431252.21537018,84.81340074],[243045.31776237,431252.21475983,84.81340074],[243045.31796455,431252.21414948,84.81340074],[243045.31816483,431252.21353912,84.81340074],[243045.31806564,431252.21308136,84.81307936],[243045.31796455,431252.2126236,84.81275797],[243045.31786346,431252.21216583,84.81243658],[243045.31776237,431252.2117157,84.81211519],[243045.31796455,431252.21109772,84.81211519],[243045.31816673,431252.21048737,84.81211519],[243045.31846809,431252.21033478,84.8124361],[243045.31877136,431252.21017456,84.81275749],[243045.31907272,431252.21002197,84.81307888],[243045.31937408,431252.20986176,84.81340027],[243045.31957626,431252.2092514,84.81340027],[243045.31987953,431252.20909119,84.81372166],[243045.32018089,431252.2089386,84.81404304],[243045.32038116,431252.20832825,84.81404304],[243045.32058334,431252.20771027,84.81404304],[243045.32088661,431252.20755768,84.81436443]]",dji_pose_mesh_ray_contour_nodes,
292,281,3,SPL,968.0998,2001.8998,913,1957,1023,2043,110,86,6843,243045.18511963,431252.5054245,84.78388262,dji_pose_mesh_ray_centroid,True,True,1219546,2.582742,warp,,968.0998,2001.8998,1,1,1.0,1,2.582742,2.582742,122,122,1.0,"[[913.0,2019.5],[913.5,2019.0],[914.0,2018.5],[914.5,2018.0],[915.0,2017.5],[915.5,2017.0],[916.0,2016.5],[916.5,2016.0],[917.0,2015.5],[917.5,2015.0],[918.0,2014.5],[918.5,2014.0],[918.5,2013.0],[918.5,2012.0],[918.5,2011.0],[918.5,2010.0],[918.5,2009.0],[918.5,2008.0],[918.5,2007.0],[919.0,2006.5],[919.5,2006.0],[919.5,2005.0],[919.5,2004.0],[920.0,2003.5],[920.5,2003.0],[921.0,2002.5],[921.5,2002.0],[922.0,2001.5],[922.5,2001.0],[922.5,2000.0],[922.5,1999.0],[923.0,1998.5],[923.5,1998.0],[923.5,1997.0],[923.5,1996.0],[923.5,1995.0],[923.5,1994.0],[923.5,1993.0],[923.5,1992.0],[924.0,1991.5],[924.5,1991.0],[924.5,1990.0],[924.5,1989.0],[924.5,1988.0],[924.5,1987.0],[924.5,1986.0],[925.0,1985.5],[925.5,1985.0],[926.0,1984.5],[926.5,1984.0],[927.0,1983.5],[927.5,1983.0],[928.0,1982.5],[929.0,1982.5],[929.5,1982.0],[930.0,1981.5],[930.5,1981.0],[931.0,1980.5],[931.5,1980.0],[931.5,1979.0],[932.0,1978.5],[932.5,1978.0],[933.0,1977.5],[933.5,1977.0],[933.5,1976.0],[934.0,1975.5],[934.5,1975.0],[934.5,1974.0],[935.0,1973.5],[936.0,1973.5],[936.5,1973.0],[937.0,1972.5],[937.5,1972.0],[938.0,1971.5],[938.5,1971.0],[939.0,1970.5],[940.0,1970.5],[940.5,1970.0],[941.0,1969.5],[941.5,1969.0],[942.0,1968.5],[943.0,1968.5],[943.5,1968.0],[944.0,1967.5],[944.5,1967.0],[945.0,1966.5],[946.0,1966.5],[946.5,1966.0],[947.0,1965.5],[948.0,1965.5],[948.5,1965.0],[949.0,1964.5],[950.0,1964.5],[950.5,1964.0],[951.0,1963.5],[951.5,1963.0],[952.0,1962.5],[952.5,1962.0],[953.0,1961.5],[953.5,1961.0],[954.0,1960.5],[954.5,1960.0],[955.0,1959.5],[955.5,1959.0],[956.0,1958.5],[957.0,1958.5],[957.5,1958.0],[958.0,1957.5],[959.0,1957.5],[960.0,1957.5],[961.0,1957.5],[961.5,1958.0],[962.0,1958.5],[963.0,1958.5],[964.0,1958.5],[965.0,1958.5],[966.0,1958.5],[967.0,1958.5],[967.5,1958.0],[968.0,1957.5],[969.0,1957.5],[969.5,1957.0]]","[[243045.16898155,431252.53387451,84.7728138],[243045.16926575,431252.53375244,84.7731266],[243045.16955185,431252.53363037,84.77343941],[243045.16983795,431252.5335083,84.77375269],[243045.17012215,431252.53338623,84.77406597],[243045.17040825,431252.53326416,84.77437925],[243045.17069435,431252.53314209,84.77469253],[243045.17098045,431252.53302002,84.77500582],[243045.17126656,431252.53289795,84.7753191],[243045.17155075,431252.53277588,84.77563238],[243045.17183685,431252.53266144,84.77594614],[243045.17212296,431252.53253937,84.7762599],[243045.17253494,431252.5329361,84.77688646],[243045.17294502,431252.53334045,84.7775135],[243045.1733551,431252.53373718,84.77814102],[243045.17376709,431252.53414154,84.77876854],[243045.17417908,431252.5345459,84.77939653],[243045.17458916,431252.53494263,84.78002453],[243045.17500114,431252.53534698,84.780653],[243045.17528915,431252.53522491,84.78096771],[243045.17557526,431252.53510284,84.78128195],[243045.17598724,431252.5355072,84.78191137],[243045.17639923,431252.53590393,84.78254032],[243045.17668724,431252.53578949,84.78285551],[243045.17697334,431252.53566742,84.78317022],[243045.17726135,431252.53554535,84.78348541],[243045.17754745,431252.53542328,84.7838006],[243045.17783546,431252.53530121,84.78411579],[243045.17812347,431252.53517914,84.78443098],[243045.17853546,431252.5355835,84.78506136],[243045.17894936,431252.53598022,84.78569221],[243045.17923737,431252.53585815,84.7860074],[243045.17952538,431252.53574371,84.78632307],[243045.17993736,431252.53614044,84.7869544],[243045.18035316,431252.5365448,84.78758573],[243045.18076706,431252.53694916,84.78821754],[243045.18118095,431252.53735352,84.78884935],[243045.18159485,431252.53775787,84.78948164],[243045.18200874,431252.53816223,84.7901144],[243045.18229675,431252.53804016,84.79043102],[243045.18258667,431252.53791809,84.79074764],[243045.18300056,431252.53832245,84.79138041],[243045.18341637,431252.53872681,84.79201412],[243045.18383217,431252.53913116,84.79264736],[243045.18424797,431252.53953552,84.79328155],[243045.18466187,431252.53993988,84.79391575],[243045.18495178,431252.53981781,84.79423284],[243045.1852417,431252.53969574,84.79455042],[243045.18552971,431252.53957367,84.79486799],[243045.18581963,431252.5394516,84.79518509],[243045.18610764,431252.53932953,84.79550266],[243045.18639755,431252.53920746,84.79582024],[243045.18668747,431252.53908539,84.79613829],[243045.18684959,431252.53843689,84.79613829],[243045.18713951,431252.53831482,84.79645586],[243045.18742752,431252.53819275,84.79677343],[243045.18771744,431252.53807068,84.79709148],[243045.18800735,431252.53794861,84.79740953],[243045.18829727,431252.53782654,84.79772711],[243045.18871498,431252.53823853,84.79836321],[243045.1890049,431252.53811646,84.79868174],[243045.18929482,431252.53799438,84.79899979],[243045.18958282,431252.53787231,84.79931784],[243045.18987465,431252.53775024,84.79963636],[243045.19029236,431252.5381546,84.80027342],[243045.19058228,431252.53803253,84.80059195],[243045.19087219,431252.53791046,84.80091047],[243045.1912899,431252.53831482,84.801548],[243045.19157982,431252.53819275,84.80186653],[243045.19174194,431252.53754425,84.80186653],[243045.19203377,431252.53742218,84.80218554],[243045.19232368,431252.53730011,84.80250454],[243045.1926136,431252.53717804,84.80282354],[243045.19290543,431252.53705597,84.80314255],[243045.19319534,431252.5369339,84.80346155],[243045.19348526,431252.53681183,84.80378056],[243045.19364929,431252.53616333,84.80378056],[243045.19393921,431252.53604126,84.80410004],[243045.19422913,431252.53591919,84.80441904],[243045.19452095,431252.53579712,84.80473852],[243045.19481277,431252.53567505,84.805058],[243045.1949749,431252.53501892,84.80505753],[243045.19526482,431252.53489685,84.80537701],[243045.19555664,431252.53477478,84.80569649],[243045.19584846,431252.53465271,84.80601644],[243045.19613838,431252.53453064,84.80633593],[243045.19630051,431252.53388214,84.80633593],[243045.19659233,431252.53376007,84.80665541],[243045.19688416,431252.533638,84.80697536],[243045.19704628,431252.5329895,84.80697489],[243045.1973381,431252.53286743,84.80729485],[243045.19762802,431252.53274536,84.8076148],[243045.19779205,431252.53208923,84.80761433],[243045.19808197,431252.53196716,84.80793428],[243045.19837379,431252.53184509,84.80825424],[243045.19866562,431252.53172302,84.80857468],[243045.19895744,431252.53160095,84.80889463],[243045.19924927,431252.53147888,84.80921459],[243045.19954109,431252.53135681,84.80953503],[243045.19983292,431252.53123474,84.80985546],[243045.20012474,431252.53110504,84.8101759],[243045.20041656,431252.53098297,84.81049633],[243045.20070839,431252.5308609,84.81081676],[243045.20100021,431252.53073883,84.8111372],[243045.20129204,431252.53061676,84.81145811],[243045.20145607,431252.52996826,84.81145763],[243045.20174789,431252.52984619,84.81177807],[243045.20203972,431252.52971649,84.81209898],[243045.20220184,431252.52906799,84.8120985],[243045.20236588,431252.52841949,84.8120985],[243045.202528,431252.52776337,84.81209803],[243045.2023983,431252.52723694,84.81177711],[243045.2022686,431252.52671051,84.81145573],[243045.20243073,431252.52606201,84.81145573],[243045.20259285,431252.52541351,84.81145525],[243045.20275497,431252.52475739,84.81145477],[243045.20291901,431252.52410889,84.81145477],[243045.20308113,431252.52346039,84.8114543],[243045.20337296,431252.52333832,84.81177473],[243045.20366478,431252.52320862,84.81209564],[243045.2038269,431252.52256012,84.81209516],[243045.20412064,431252.52243805,84.81241608]]",dji_pose_mesh_ray_contour_nodes,
293,282,3,SPL,921.4309,1972.6911,913,1961,929,1984,16,23,123,243045.18971443,431252.54733276,84.8023839,dji_pose_mesh_ray_centroid,True,True,1219546,2.615105,warp,,921.4309,1972.6911,1,1,1.0,1,2.615105,2.615105,31,31,1.0,"[[913.0,1979.5],[913.5,1979.0],[914.0,1978.5],[915.0,1978.5],[915.5,1978.0],[916.0,1977.5],[916.5,1977.0],[917.0,1976.5],[917.5,1976.0],[918.0,1975.5],[918.5,1975.0],[919.0,1974.5],[919.5,1974.0],[920.0,1973.5],[920.5,1973.0],[920.5,1972.0],[921.0,1971.5],[921.5,1971.0],[922.0,1970.5],[922.5,1970.0],[922.5,1969.0],[922.5,1968.0],[922.5,1967.0],[922.5,1966.0],[922.5,1965.0],[922.5,1964.0],[922.5,1963.0],[922.0,1962.5],[921.5,1962.0],[922.0,1961.5],[922.5,1961.0]]","[[243045.18550301,431252.55003357,84.79804468],[243045.18579292,431252.5499115,84.79836321],[243045.18608284,431252.54979706,84.79868126],[243045.18624496,431252.54914856,84.79868126],[243045.18653488,431252.54902649,84.79899979],[243045.18682289,431252.54890442,84.79931831],[243045.18711281,431252.54878235,84.79963684],[243045.18740273,431252.54866028,84.79995537],[243045.18769264,431252.54853821,84.80027389],[243045.18798256,431252.54841614,84.80059242],[243045.18827438,431252.5483017,84.80091143],[243045.1885643,431252.54817963,84.80122995],[243045.18885422,431252.54805756,84.80154896],[243045.18914413,431252.54793549,84.80186796],[243045.18943405,431252.54781342,84.80218697],[243045.18985176,431252.5482254,84.80282497],[243045.19014359,431252.54810333,84.80314445],[243045.1904335,431252.54798126,84.80346346],[243045.19072342,431252.54785919,84.80378294],[243045.19101524,431252.54773712,84.80410242],[243045.19143295,431252.54814911,84.80474138],[243045.19185257,431252.54855347,84.80538082],[243045.19227219,431252.54896545,84.80602026],[243045.1926918,431252.54936981,84.80666017],[243045.19311142,431252.5497818,84.80730057],[243045.19353104,431252.55018616,84.80794096],[243045.19395065,431252.55059814,84.80858183],[243045.19407845,431252.55112457,84.80890274],[243045.19420815,431252.55165863,84.80922317],[243045.19449997,431252.55153656,84.80954361],[243045.19479179,431252.55141449,84.80986452]]",dji_pose_mesh_ray_contour_nodes,
294,283,3,SPL,1248.7857,1969.1429,1246,1968,1252,1971,6,3,14,243045.2642765,431252.35474396,84.80465984,dji_pose_mesh_ray_centroid,True,True,1220014,2.54119,warp,,1248.7857,1969.1429,1,1,1.0,1,2.54119,2.54119,3,3,1.0,"[[1246.0,1968.5],[1247.0,1968.5],[1247.5,1968.0]]","[[243045.26395988,431252.35665894,84.80507183],[243045.26416397,431252.35604858,84.80507183],[243045.26446152,431252.35590363,84.80539179]]",dji_pose_mesh_ray_contour_nodes,
295,284,3,SPL,1534.6154,1974.3077,1534,1971,1536,1979,2,8,13,243045.3201828,431252.17887878,84.80135345,dji_pose_mesh_ray_centroid,True,True,1220034,2.476914,warp,,1534.6154,1974.3077,1,1,1.0,1,2.476914,2.476914,3,3,1.0,"[[1534.5,1978.0],[1534.5,1977.0],[1534.0,1976.5]]","[[243045.3186779,431252.1778717,84.79899979],[243045.31908035,431252.17816162,84.79963684],[243045.31917953,431252.17861176,84.79995537]]",dji_pose_mesh_ray_contour_nodes,
296,285,3,SPL,852.5,1973.5,852,1973,854,1975,2,2,4,243045.1781559,431252.5918808,84.80187321,dji_pose_mesh_ray_centroid,True,True,1219546,2.63822,warp,,852.5,1973.5,1,1,1.0,1,2.63822,2.63822,4,4,1.0,"[[852.0,1973.0],[853.0,1973.0],[852.0,1974.0],[853.0,1974.0]]","[[243045.17828178,431252.59241486,84.80219269],[243045.17844582,431252.59175873,84.80219269],[243045.17786598,431252.59199524,84.80155373],[243045.17802811,431252.59133911,84.80155373]]",dji_pose_mesh_ray_contour_nodes,
297,286,3,SPL,1318.679,1978.2099,1314,1973,1324,1985,10,12,81,243045.27496529,431252.30921936,84.79886579,dji_pose_mesh_ray_centroid,True,True,1220014,2.520469,warp,,1318.679,1978.2099,1,1,1.0,1,2.520469,2.520469,10,10,1.0,"[[1314.0,1979.5],[1314.5,1979.0],[1315.0,1978.5],[1315.5,1978.0],[1315.5,1977.0],[1315.5,1976.0],[1315.5,1975.0],[1315.5,1974.0],[1316.0,1973.5],[1316.5,1973.0]]","[[243045.27350998,431252.31166077,84.79804325],[243045.27380753,431252.31151581,84.79836225],[243045.27410507,431252.31137085,84.79868078],[243045.27440262,431252.31122589,84.79899979],[243045.27479362,431252.3115387,84.79963779],[243045.27518463,431252.31185913,84.8002758],[243045.27557755,431252.31217957,84.80091429],[243045.27596855,431252.3125,84.80155277],[243045.2762661,431252.31234741,84.80187225],[243045.27656364,431252.31220245,84.80219173]]",dji_pose_mesh_ray_contour_nodes,
298,287,3,SPL,1299.9302,1977.4884,1293,1974,1307,1983,14,9,43,243045.27143478,431252.32086945,84.79932594,dji_pose_mesh_ray_centroid,True,True,1220014,2.525084,warp,,1299.9302,1977.4884,1,1,1.0,1,2.525084,2.525084,18,18,1.0,"[[1306.0,1976.5],[1305.5,1977.0],[1305.0,1977.5],[1304.0,1977.5],[1303.0,1977.5],[1302.0,1977.5],[1301.5,1978.0],[1301.0,1978.5],[1300.0,1978.5],[1299.5,1979.0],[1299.0,1979.5],[1298.5,1980.0],[1298.0,1980.5],[1297.5,1981.0],[1297.0,1981.5],[1296.0,1981.5],[1295.0,1981.5],[1294.5,1982.0]]","[[243045.27305603,431252.31748962,84.7999568],[243045.27275848,431252.31763458,84.79963779],[243045.27246094,431252.31777954,84.79931879],[243045.27225685,431252.31838226,84.79931879],[243045.27205467,431252.31899261,84.79931879],[243045.27185059,431252.31960297,84.79931879],[243045.27155304,431252.31974792,84.79899979],[243045.27125549,431252.31989288,84.79868078],[243045.27105331,431252.32050323,84.79868078],[243045.27075577,431252.32064819,84.79836225],[243045.27045822,431252.32079315,84.79804325],[243045.27016258,431252.32093811,84.79772472],[243045.26986504,431252.32108307,84.7974062],[243045.26956749,431252.3212204,84.79708767],[243045.26927185,431252.32136536,84.79676914],[243045.26906776,431252.32197571,84.79676914],[243045.26886559,431252.32258606,84.79676914],[243045.26856804,431252.32273102,84.79645061]]",dji_pose_mesh_ray_contour_nodes,
299,288,3,SPL,1279.6,1976.2,1278,1976,1282,1978,4,2,5,243045.26779938,431252.33366394,84.80014849,dji_pose_mesh_ray_centroid,True,True,1220014,2.530405,warp,,1279.6,1976.2,1,1,1.0,1,2.530405,2.530405,3,3,1.0,"[[1279.5,1977.0],[1279.0,1976.5],[1278.0,1976.5]]","[[243045.2674675,431252.33346558,84.79963779],[243045.26756096,431252.33393097,84.7999568],[243045.26735687,431252.33454132,84.7999568]]",dji_pose_mesh_ray_contour_nodes,
300,289,3,SPL,1464.0781,1979.5312,1460,1976,1470,1984,10,8,64,243045.303936,431252.22032928,84.79802418,dji_pose_mesh_ray_centroid,True,True,1220034,2.488527,warp,,1464.0781,1979.5312,1,1,1.0,1,2.488527,2.488527,8,8,1.0,"[[1465.5,1976.0],[1466.0,1976.5],[1467.0,1976.5],[1467.5,1977.0],[1468.0,1977.5],[1468.5,1978.0],[1468.5,1979.0],[1469.0,1979.5]]","[[243045.30562782,431252.22052002,84.80027485],[243045.30552864,431252.22006989,84.79995584],[243045.30572891,431252.21945953,84.79995584],[243045.30562973,431252.21900177,84.79963732],[243045.30553246,431252.21854401,84.79931831],[243045.30543327,431252.21809387,84.79899979],[243045.30503464,431252.21779633,84.79836273],[243045.30493546,431252.21733856,84.7980442]]",dji_pose_mesh_ray_contour_nodes,
301,290,3,SPL,1345.8298,1984.0638,1341,1981,1352,1987,11,6,47,243045.27819252,431252.29085541,84.79513788,dji_pose_mesh_ray_centroid,True,True,1220014,2.511468,warp,,1345.8298,1984.0638,1,1,1.0,1,2.511468,2.511468,8,8,1.0,"[[1346.5,1981.0],[1347.0,1981.5],[1348.0,1981.5],[1348.5,1982.0],[1349.0,1982.5],[1349.5,1983.0],[1350.0,1983.5],[1351.0,1983.5]]","[[243045.27952957,431252.29141235,84.79708815],[243045.2794342,431252.29095459,84.79676962],[243045.27963829,431252.29034424,84.79676962],[243045.27954292,431252.28987885,84.79645157],[243045.27944946,431252.28942108,84.79613304],[243045.2793541,431252.28896332,84.79581499],[243045.27926064,431252.28849792,84.79549694],[243045.27946281,431252.2878952,84.79549694]]",dji_pose_mesh_ray_contour_nodes,
302,291,3,SPL,1502.7,1985.0,1498,1981,1509,1990,11,9,60,243045.30950546,431252.1951828,84.7945466,dji_pose_mesh_ray_centroid,True,True,1220034,2.477947,warp,,1502.7,1985.0,1,1,1.0,1,2.477947,2.477947,10,10,1.0,"[[1508.0,1984.5],[1507.5,1985.0],[1507.5,1986.0],[1507.0,1986.5],[1506.5,1987.0],[1506.0,1987.5],[1505.5,1988.0],[1505.0,1988.5],[1504.0,1988.5],[1503.5,1989.0]]","[[243045.31076622,431252.19210052,84.79486418],[243045.31046677,431252.19226074,84.7945466],[243045.31006813,431252.1919632,84.79391146],[243045.30976868,431252.19212341,84.79359388],[243045.30946922,431252.19228363,84.79327631],[243045.30916977,431252.19243622,84.79295921],[243045.30887032,431252.19259644,84.79264164],[243045.30857086,431252.19274902,84.79232454],[243045.30837059,431252.19335938,84.79232454],[243045.30807114,431252.19351959,84.79200697]]",dji_pose_mesh_ray_contour_nodes,
303,292,3,SPL,1136.2917,1989.3333,1133,1987,1141,1992,8,5,24,243045.22762299,431252.41132355,84.79180479,dji_pose_mesh_ray_centroid,True,True,1219548,2.550333,warp,,1136.2917,1989.3333,1,1,1.0,1,2.550333,2.550333,8,8,1.0,"[[1135.5,1987.0],[1136.0,1987.5],[1137.0,1987.5],[1137.5,1988.0],[1138.0,1988.5],[1139.0,1988.5],[1139.5,1989.0],[1140.0,1989.5]]","[[243045.22849655,431252.41271973,84.79328299],[243045.22840118,431252.41223907,84.79296589],[243045.22868156,431252.41170502,84.79296589],[243045.2285862,431252.41122437,84.79264879],[243045.22849083,431252.41075134,84.79233217],[243045.22877121,431252.41020966,84.7923317],[243045.22867584,431252.40973663,84.79201508],[243045.22858238,431252.40925598,84.79169846]]",dji_pose_mesh_ray_contour_nodes,
304,293,3,SPL,1401.848,1998.376,1392,1990,1410,2009,18,19,125,243045.28394508,431252.25244141,84.78606367,dji_pose_mesh_ray_centroid,True,True,1220014,2.492219,warp,,1401.848,1998.376,1,1,1.0,1,2.492219,2.492219,29,29,1.0,"[[1406.5,2008.0],[1406.0,2007.5],[1405.0,2007.5],[1404.5,2007.0],[1404.5,2006.0],[1404.0,2005.5],[1403.5,2005.0],[1403.5,2004.0],[1403.0,2003.5],[1402.5,2003.0],[1402.5,2002.0],[1402.0,2001.5],[1401.5,2001.0],[1401.5,2000.0],[1401.0,1999.5],[1400.5,1999.0],[1400.0,1998.5],[1399.5,1998.0],[1399.0,1997.5],[1398.5,1997.0],[1398.0,1996.5],[1397.0,1996.5],[1396.0,1996.5],[1395.0,1996.5],[1394.5,1996.0],[1394.0,1995.5],[1393.0,1995.5],[1392.5,1995.0],[1392.0,1994.5]]","[[243045.28112411,431252.2467041,84.77999067],[243045.28121758,431252.24715424,84.78030539],[243045.2810154,431252.24775696,84.78030539],[243045.28111076,431252.24821472,84.78062057],[243045.28150177,431252.2485199,84.78125048],[243045.28159523,431252.24897003,84.78156567],[243045.28168869,431252.2494278,84.78188133],[243045.2820797,431252.24973297,84.78251171],[243045.28217506,431252.25018311,84.78282738],[243045.28226852,431252.25064087,84.78314257],[243045.28265953,431252.25094604,84.7837739],[243045.28275299,431252.25139618,84.78408956],[243045.28284836,431252.25185394,84.78440523],[243045.28323936,431252.25215912,84.78503704],[243045.28333473,431252.25260925,84.78535318],[243045.28342819,431252.25306702,84.78566933],[243045.28352356,431252.25352478,84.78598547],[243045.28361702,431252.25397491,84.78630114],[243045.28371239,431252.25443268,84.78661776],[243045.28380775,431252.25489044,84.7869339],[243045.28390121,431252.25534821,84.78725004],[243045.28369904,431252.25595093,84.78725004],[243045.28349686,431252.25655365,84.78725004],[243045.28329468,431252.257164,84.78725004],[243045.28338814,431252.25762177,84.78756618],[243045.28348351,431252.2580719,84.7878828],[243045.28328133,431252.25868225,84.7878828],[243045.28337479,431252.25914001,84.78819942],[243045.28347015,431252.25959778,84.78851604]]",dji_pose_mesh_ray_contour_nodes,
305,294,3,SPL,1266.93,1996.45,1259,1992,1276,2002,17,10,100,243045.25735855,431252.3348465,84.78727436,dji_pose_mesh_ray_centroid,True,True,1220014,2.523146,warp,,1266.93,1996.45,1,1,1.0,1,2.523146,2.523146,17,17,1.0,"[[1275.0,1995.5],[1274.5,1996.0],[1274.5,1997.0],[1274.0,1997.5],[1273.0,1997.5],[1272.0,1997.5],[1271.0,1997.5],[1270.0,1997.5],[1269.5,1998.0],[1269.0,1998.5],[1268.0,1998.5],[1267.5,1999.0],[1267.0,1999.5],[1266.5,2000.0],[1266.0,2000.5],[1265.0,2000.5],[1264.5,2001.0]]","[[243045.25936127,431252.3302536,84.78787661],[243045.25906754,431252.33039856,84.78755999],[243045.25868034,431252.33007812,84.78692675],[243045.2583847,431252.33022308,84.78661013],[243045.25818253,431252.33082581,84.78661013],[243045.25798035,431252.33143616,84.78661013],[243045.25777626,431252.33203888,84.78661013],[243045.25757408,431252.33264923,84.78660965],[243045.25728035,431252.33279419,84.78629351],[243045.25698471,431252.33293152,84.78597689],[243045.25678253,431252.33354187,84.78597689],[243045.25648689,431252.33368683,84.78566074],[243045.25619316,431252.33382416,84.78534412],[243045.25589752,431252.33396912,84.78502798],[243045.25560379,431252.33411407,84.78471184],[243045.25540161,431252.3347168,84.78471184],[243045.25510788,431252.33486176,84.78439569]]",dji_pose_mesh_ray_contour_nodes,
306,295,3,SPL,1291.9341,2003.7904,1286,1993,1301,2013,15,20,167,243045.25958633,431252.31734467,84.78263521,dji_pose_mesh_ray_centroid,True,True,1220014,2.51374,warp,,1291.9341,2003.7904,1,1,1.0,1,2.51374,2.51374,31,31,1.0,"[[1292.5,1993.0],[1293.0,1993.5],[1294.0,1993.5],[1294.5,1994.0],[1294.5,1995.0],[1294.5,1996.0],[1294.5,1997.0],[1294.0,1997.5],[1293.5,1998.0],[1293.0,1998.5],[1292.5,1999.0],[1292.0,1999.5],[1291.0,1999.5],[1290.5,2000.0],[1290.5,2001.0],[1291.0,2001.5],[1291.5,2002.0],[1292.0,2002.5],[1293.0,2002.5],[1294.0,2002.5],[1294.5,2003.0],[1295.0,2003.5],[1296.0,2003.5],[1296.5,2004.0],[1297.0,2004.5],[1297.5,2005.0],[1298.0,2005.5],[1298.5,2006.0],[1299.0,2006.5],[1299.5,2007.0],[1300.0,2007.5]]","[[243045.26388168,431252.32043457,84.78946161],[243045.26378822,431252.31996918,84.78914452],[243045.26399231,431252.31936646,84.78914452],[243045.26389885,431252.31890106,84.7888279],[243045.26350975,431252.31858063,84.78819418],[243045.26312256,431252.31826019,84.78756094],[243045.26273537,431252.31794739,84.7869277],[243045.26243973,431252.31809235,84.78661108],[243045.26214409,431252.3182373,84.78629494],[243045.26184845,431252.31837463,84.78597832],[243045.26155472,431252.31851959,84.78566217],[243045.26125908,431252.31866455,84.78534603],[243045.2610569,431252.3192749,84.78534603],[243045.26076126,431252.31941986,84.78502989],[243045.26037407,431252.31909943,84.7843976],[243045.26028252,431252.31863403,84.78408194],[243045.26019096,431252.31817627,84.78376579],[243045.2600975,431252.31771088,84.78345013],[243045.26030159,431252.31710815,84.78345013],[243045.26050377,431252.3164978,84.78345013],[243045.26041031,431252.31604004,84.78313446],[243045.26031876,431252.31557465,84.78281879],[243045.26052094,431252.31497192,84.78281879],[243045.26042938,431252.31451416,84.7825036],[243045.26033783,431252.31404877,84.78218794],[243045.26024437,431252.313591,84.78187227],[243045.26015282,431252.31312561,84.78155708],[243045.26006126,431252.31266785,84.78124189],[243045.25996971,431252.31220245,84.78092623],[243045.25987625,431252.31174469,84.78061104],[243045.2597847,431252.31128693,84.78029585]]",dji_pose_mesh_ray_contour_nodes,
307,296,3,SPL,1149.4118,2001.6471,1147,1995,1152,2009,5,14,51,243045.22551537,431252.39917755,84.78402567,dji_pose_mesh_ray_centroid,True,True,1219548,2.540754,warp,,1149.4118,2001.6471,1,1,1.0,1,2.540754,2.540754,9,9,1.0,"[[1150.5,2008.0],[1150.0,2007.5],[1149.0,2007.5],[1148.5,2007.0],[1148.0,2006.5],[1147.5,2006.0],[1147.5,2005.0],[1147.5,2004.0],[1147.0,2003.5]]","[[243045.2228508,431252.39598083,84.78003168],[243045.22294426,431252.39645386,84.78034592],[243045.22266579,431252.39699554,84.78034639],[243045.22275925,431252.39746857,84.78066063],[243045.22285461,431252.39794159,84.78097486],[243045.22294807,431252.39841461,84.78128958],[243045.22341537,431252.3988266,84.78191757],[243045.22388268,431252.39923859,84.78254652],[243045.22397614,431252.39971161,84.78286123]]",dji_pose_mesh_ray_contour_nodes,
308,297,3,SPL,1495.1429,1997.0714,1493,1996,1498,1999,5,3,14,243045.30319405,431252.1962204,84.78689527,dji_pose_mesh_ray_centroid,True,True,1220034,2.473521,warp,,1495.1429,1997.0714,1,1,1.0,1,2.473521,2.473521,2,2,1.0,"[[1493.0,1996.5],[1493.5,1996.0]]","[[243045.30299187,431252.19769287,84.78725624],[243045.30329132,431252.19753265,84.78757286]]",dji_pose_mesh_ray_contour_nodes,
309,298,3,SPL,1465.4301,2002.9462,1459,1997,1473,2010,14,13,93,243045.29493332,431252.21251678,84.78318214,dji_pose_mesh_ray_centroid,True,True,1220034,2.476685,warp,,1465.4301,2002.9462,1,1,1.0,1,2.476685,2.476685,19,19,1.0,"[[1466.5,2009.0],[1466.0,2008.5],[1465.0,2008.5],[1464.5,2008.0],[1464.0,2007.5],[1463.5,2007.0],[1463.0,2006.5],[1462.5,2006.0],[1462.5,2005.0],[1462.0,2004.5],[1461.5,2004.0],[1461.5,2003.0],[1461.5,2002.0],[1461.0,2001.5],[1460.5,2001.0],[1460.5,2000.0],[1460.0,1999.5],[1459.5,1999.0],[1459.0,1998.5]]","[[243045.29276276,431252.21006775,84.77936745],[243045.29286003,431252.21052551,84.77968216],[243045.29265976,431252.21112823,84.77968216],[243045.29275703,431252.21157837,84.77999687],[243045.29285431,431252.2120285,84.78031158],[243045.29294968,431252.21247864,84.7806263],[243045.29304695,431252.2129364,84.78094149],[243045.29314423,431252.21338654,84.7812562],[243045.29353905,431252.21368408,84.78188658],[243045.29363441,431252.21413422,84.78220177],[243045.29373169,431252.21458435,84.78251696],[243045.29412651,431252.2148819,84.78314781],[243045.29451942,431252.21517944,84.78377914],[243045.29461861,431252.21563721,84.78409433],[243045.29471397,431252.21608734,84.78441],[243045.2951088,431252.21638489,84.78504181],[243045.29520607,431252.21683502,84.78535747],[243045.29530334,431252.21729279,84.78567362],[243045.29540062,431252.21774292,84.78598928]]",dji_pose_mesh_ray_contour_nodes,
310,299,3,SPL,1312.1958,2005.5734,1304,1999,1320,2013,16,14,143,243045.26299667,431252.30451202,84.78151178,dji_pose_mesh_ray_centroid,True,True,1220014,2.508268,warp,,1312.1958,2005.5734,1,1,1.0,1,2.508268,2.508268,21,21,1.0,"[[1304.0,2007.5],[1304.5,2007.0],[1304.5,2006.0],[1305.0,2005.5],[1305.5,2005.0],[1306.0,2004.5],[1306.5,2004.0],[1307.0,2003.5],[1307.5,2003.0],[1308.0,2002.5],[1308.5,2002.0],[1309.0,2001.5],[1309.5,2001.0],[1310.0,2000.5],[1311.0,2000.5],[1311.5,2000.0],[1312.0,1999.5],[1313.0,1999.5],[1314.0,1999.5],[1315.0,1999.5],[1315.5,1999.0]]","[[243045.26059341,431252.30886078,84.78029633],[243045.26088905,431252.30871582,84.78061151],[243045.26127434,431252.30903625,84.78124237],[243045.26156998,431252.3088913,84.78155756],[243045.26186371,431252.30874634,84.78187323],[243045.26215935,431252.30860138,84.78218842],[243045.26245308,431252.30845642,84.78250408],[243045.26274872,431252.30831146,84.78281975],[243045.26304436,431252.3081665,84.78313541],[243045.26333809,431252.30802155,84.78345108],[243045.26363373,431252.30787659,84.78376722],[243045.26392937,431252.30773163,84.78408289],[243045.2642231,431252.30758667,84.78439903],[243045.26451874,431252.30743408,84.78471518],[243045.26472092,431252.30683136,84.78471518],[243045.26501656,431252.3066864,84.78503132],[243045.26531219,431252.30654144,84.78534746],[243045.26551437,431252.30593109,84.78534746],[243045.26571655,431252.30532837,84.78534746],[243045.26591873,431252.30472565,84.78534746],[243045.26621437,431252.30458069,84.7856636]]",dji_pose_mesh_ray_contour_nodes,
311,300,3,SPL,1133.6667,2004.3333,1133,2004,1135,2006,2,2,3,243045.21987534,431252.40652466,84.78234482,dji_pose_mesh_ray_centroid,True,True,1219548,2.541397,warp,,1133.6667,2004.3333,1,1,1.0,1,2.541397,2.541397,2,2,1.0,"[[1133.5,2005.0],[1133.0,2004.5]]","[[243045.21951675,431252.40634155,84.78192615],[243045.21961021,431252.40681458,84.78224087]]",dji_pose_mesh_ray_contour_nodes,
312,301,3,SPL,1233.9167,2004.75,1232,2004,1237,2007,5,3,12,243045.24746704,431252.35218811,84.78202486,dji_pose_mesh_ray_centroid,True,True,1220014,2.526731,warp,,1233.9167,2004.75,1,1,1.0,1,2.526731,2.526731,3,3,1.0,"[[1236.0,2005.5],[1235.0,2005.5],[1234.5,2006.0]]","[[243045.24760056,431252.35068512,84.78155184],[243045.24739838,431252.35128784,84.78155184],[243045.24710464,431252.3514328,84.78123617]]",dji_pose_mesh_ray_contour_nodes,
313,302,3,SPL,1330.0,2004.5,1330,2004,1331,2006,1,2,2,243045.26701546,431252.29406738,84.78219032,dji_pose_mesh_ray_centroid,True,True,1220014,2.504815,warp,,1330.0,2004.5,1,1,1.0,1,2.504815,2.504815,2,2,1.0,"[[1330.0,2004.0],[1330.0,2005.0]]","[[243045.26721001,431252.29421997,84.78250599],[243045.26682281,431252.29390717,84.78187513]]",dji_pose_mesh_ray_contour_nodes,
314,303,3,SPL,1368.9162,2019.5131,1357,2013,1387,2027,30,14,191,243045.26906013,431252.26589966,84.77275085,dji_pose_mesh_ray_centroid,True,True,1220014,2.488918,warp,,1368.9162,2019.5131,1,1,1.0,1,2.488918,2.488918,64,64,1.0,"[[1363.5,2013.0],[1364.0,2013.5],[1365.0,2013.5],[1365.5,2014.0],[1366.0,2014.5],[1367.0,2014.5],[1367.5,2015.0],[1368.0,2015.5],[1369.0,2015.5],[1370.0,2015.5],[1370.5,2016.0],[1371.0,2016.5],[1372.0,2016.5],[1373.0,2016.5],[1373.5,2017.0],[1374.0,2017.5],[1375.0,2017.5],[1376.0,2017.5],[1376.5,2018.0],[1377.0,2018.5],[1378.0,2018.5],[1378.5,2019.0],[1379.0,2019.5],[1380.0,2019.5],[1380.5,2020.0],[1381.0,2020.5],[1381.5,2021.0],[1382.0,2021.5],[1382.5,2022.0],[1382.0,2022.5],[1381.0,2022.5],[1380.0,2022.5],[1379.0,2022.5],[1378.0,2022.5],[1377.5,2023.0],[1377.0,2023.5],[1376.0,2023.5],[1375.0,2023.5],[1374.0,2023.5],[1373.0,2023.5],[1372.0,2023.5],[1371.5,2024.0],[1371.0,2024.5],[1370.0,2024.5],[1369.0,2024.5],[1368.0,2024.5],[1367.0,2024.5],[1366.0,2024.5],[1365.0,2024.5],[1364.0,2024.5],[1363.5,2024.0],[1363.0,2023.5],[1362.5,2023.0],[1362.0,2022.5],[1361.5,2022.0],[1361.0,2021.5],[1360.5,2021.0],[1360.0,2020.5],[1359.5,2020.0],[1359.0,2019.5],[1358.5,2019.0],[1358.0,2018.5],[1357.5,2018.0],[1357.0,2017.5]]","[[243045.27049255,431252.27116394,84.77683973],[243045.27039909,431252.27070618,84.7765255],[243045.27060127,431252.27010345,84.7765255],[243045.27050781,431252.26965332,84.77621174],[243045.27041435,431252.26919556,84.7758975],[243045.27061653,431252.26859283,84.7758975],[243045.27052307,431252.26813507,84.77558327],[243045.27043152,431252.26767731,84.77526951],[243045.27063179,431252.26707458,84.77526951],[243045.27083397,431252.26647186,84.77526951],[243045.27074242,431252.2660141,84.77495575],[243045.27064896,431252.26556396,84.77464151],[243045.27085114,431252.26495361,84.77464199],[243045.27105141,431252.26435089,84.77464199],[243045.27095985,431252.26390076,84.77432823],[243045.27086639,431252.26344299,84.77401447],[243045.27106857,431252.26284027,84.77401447],[243045.27127075,431252.26223755,84.77401447],[243045.27117729,431252.26177979,84.77370071],[243045.27108383,431252.26132965,84.77338743],[243045.27128601,431252.26072693,84.77338743],[243045.27119255,431252.26026917,84.77307367],[243045.271101,431252.25981903,84.77276039],[243045.27130127,431252.25920868,84.77276039],[243045.27120781,431252.25875854,84.77244711],[243045.27111626,431252.25830078,84.77213383],[243045.2710228,431252.25785065,84.77182054],[243045.27092934,431252.25739288,84.77150726],[243045.27083588,431252.25694275,84.77119398],[243045.27054214,431252.25709534,84.7708807],[243045.27034187,431252.25769806,84.7708807],[243045.27013969,431252.25830078,84.77088022],[243045.26993752,431252.2589035,84.77088022],[243045.26973724,431252.25950623,84.77088022],[243045.2694416,431252.25965118,84.77056694],[243045.26914787,431252.25980377,84.77025366],[243045.26894569,431252.26040649,84.77025366],[243045.26874542,431252.26100922,84.77025366],[243045.26854324,431252.26161194,84.77025318],[243045.26834106,431252.26221466,84.77025318],[243045.26814079,431252.26281738,84.77025318],[243045.26784706,431252.26296234,84.7699399],[243045.26755142,431252.26311493,84.76962709],[243045.26735115,431252.26371765,84.76962662],[243045.26714897,431252.26432037,84.76962662],[243045.26694679,431252.2649231,84.76962662],[243045.26674652,431252.26552582,84.76962614],[243045.26654434,431252.26612854,84.76962614],[243045.26634407,431252.26673126,84.76962614],[243045.26614189,431252.26733398,84.76962614],[243045.26623344,431252.26779175,84.76993895],[243045.2663269,431252.26824188,84.77025175],[243045.26641846,431252.26869965,84.77056503],[243045.26651192,431252.26914978,84.77087784],[243045.26660347,431252.26960754,84.77119112],[243045.26669502,431252.27006531,84.7715044],[243045.26678848,431252.27051544,84.77181768],[243045.26688004,431252.27097321,84.77213097],[243045.2669735,431252.27143097,84.77244425],[243045.26706505,431252.2718811,84.77275801],[243045.26715851,431252.27233887,84.77307129],[243045.26725006,431252.27279663,84.77338505],[243045.26734352,431252.27325439,84.77369881],[243045.26743698,431252.27370453,84.77401209]]",dji_pose_mesh_ray_contour_nodes,
315,304,3,SPL,1275.0803,2021.1928,1260,2015,1292,2028,32,13,249,243045.2494812,431252.32201385,84.7716856,dji_pose_mesh_ray_centroid,True,True,1220014,2.509009,warp,,1275.0803,2021.1928,1,1,1.0,1,2.509009,2.509009,29,29,1.0,"[[1271.5,2015.0],[1272.0,2015.5],[1273.0,2015.5],[1273.5,2016.0],[1274.0,2016.5],[1274.5,2017.0],[1274.5,2018.0],[1275.0,2018.5],[1275.5,2019.0],[1276.0,2019.5],[1277.0,2019.5],[1277.5,2020.0],[1278.0,2020.5],[1279.0,2020.5],[1280.0,2020.5],[1281.0,2020.5],[1282.0,2020.5],[1282.5,2020.0],[1283.0,2019.5],[1284.0,2019.5],[1284.5,2019.0],[1285.0,2018.5],[1286.0,2018.5],[1287.0,2018.5],[1288.0,2018.5],[1289.0,2018.5],[1290.0,2018.5],[1290.5,2019.0],[1291.0,2019.5]]","[[243045.25113297,431252.32614136,84.77557278],[243045.25104141,431252.32568359,84.77525854],[243045.25124359,431252.32508087,84.77525854],[243045.25115395,431252.32461548,84.77494431],[243045.25106239,431252.32415771,84.77463055],[243045.25097084,431252.32369232,84.77431631],[243045.25058746,431252.32337952,84.77368832],[243045.25049782,431252.32291412,84.77337456],[243045.25040627,431252.32245636,84.7730608],[243045.25031471,431252.32199097,84.77274752],[243045.25051689,431252.32138824,84.77274752],[243045.25042534,431252.32093048,84.77243376],[243045.25033569,431252.32047272,84.77212048],[243045.25053787,431252.31986237,84.77212048],[243045.25073814,431252.31925964,84.77212048],[243045.25094032,431252.31865692,84.77212095],[243045.2511425,431252.3180542,84.77212095],[243045.25143623,431252.31790924,84.77243471],[243045.25172806,431252.31776428,84.77274847],[243045.25193024,431252.31716156,84.77274847],[243045.25222397,431252.3170166,84.77306223],[243045.25251579,431252.31687164,84.77337599],[243045.25271797,431252.31626892,84.77337599],[243045.25292015,431252.3156662,84.77337599],[243045.25312233,431252.31506348,84.77337646],[243045.25332451,431252.31446075,84.77337646],[243045.25352478,431252.31385803,84.77337646],[243045.25343513,431252.31339264,84.77306271],[243045.25334358,431252.31293488,84.77274942]]",dji_pose_mesh_ray_contour_nodes,
316,305,3,SPL,1325.3131,2029.5467,1304,2017,1342,2042,38,25,428,243045.25640488,431252.28909302,84.76646423,dji_pose_mesh_ray_centroid,True,True,1220014,2.493591,warp,,1325.3131,2029.5467,1,1,1.0,1,2.493591,2.493591,43,43,1.0,"[[1304.0,2029.5],[1304.5,2029.0],[1305.0,2028.5],[1306.0,2028.5],[1307.0,2028.5],[1308.0,2028.5],[1309.0,2028.5],[1310.0,2028.5],[1311.0,2028.5],[1312.0,2028.5],[1313.0,2028.5],[1313.5,2028.0],[1314.0,2027.5],[1315.0,2027.5],[1315.5,2027.0],[1316.0,2026.5],[1316.5,2026.0],[1317.0,2025.5],[1318.0,2025.5],[1318.5,2025.0],[1319.0,2024.5],[1320.0,2024.5],[1321.0,2024.5],[1321.5,2024.0],[1322.0,2023.5],[1323.0,2023.5],[1323.5,2023.0],[1324.0,2022.5],[1325.0,2022.5],[1325.5,2022.0],[1326.0,2021.5],[1327.0,2021.5],[1327.5,2021.0],[1328.0,2020.5],[1328.5,2020.0],[1329.0,2019.5],[1330.0,2019.5],[1330.5,2019.0],[1331.0,2018.5],[1331.5,2018.0],[1332.0,2017.5],[1333.0,2017.5],[1333.5,2017.0]]","[[243045.2521286,431252.30194855,84.76649046],[243045.25242043,431252.30180359,84.76680279],[243045.25271416,431252.30165863,84.76711559],[243045.25291443,431252.30105591,84.76711559],[243045.25311661,431252.30045319,84.76711559],[243045.25331688,431252.29985046,84.76711607],[243045.25351906,431252.29924774,84.76711607],[243045.25372124,431252.29864502,84.76711607],[243045.25392151,431252.2980423,84.76711655],[243045.25412369,431252.29743958,84.76711655],[243045.25432587,431252.29683685,84.76711655],[243045.25461769,431252.29669189,84.76742935],[243045.25491142,431252.29654694,84.76774216],[243045.25511169,431252.29594421,84.76774216],[243045.25540352,431252.29579926,84.76805496],[243045.25569725,431252.2956543,84.76836777],[243045.25599098,431252.29550934,84.76868057],[243045.25628281,431252.29536438,84.76899338],[243045.25648499,431252.29476166,84.76899338],[243045.25677681,431252.2946167,84.76930666],[243045.25707054,431252.29447174,84.76961946],[243045.25727272,431252.29386902,84.76961994],[243045.25747299,431252.2932663,84.76961994],[243045.25776672,431252.29311371,84.76993322],[243045.25806046,431252.29296875,84.77024603],[243045.25826263,431252.29236603,84.77024651],[243045.25855446,431252.29222107,84.77055931],[243045.25884819,431252.29207611,84.77087259],[243045.25905037,431252.29147339,84.77087307],[243045.2593441,431252.29132843,84.77118635],[243045.25963593,431252.29118347,84.77149963],[243045.2598381,431252.29057312,84.77149963],[243045.26013184,431252.29042816,84.77181339],[243045.26042557,431252.2902832,84.77212667],[243045.2607193,431252.29013824,84.77244043],[243045.26101303,431252.28999329,84.77275419],[243045.26121521,431252.28939056,84.77275419],[243045.26150894,431252.28923798,84.77306795],[243045.26180267,431252.28909302,84.77338171],[243045.26209641,431252.28894806,84.77369547],[243045.26239014,431252.2888031,84.77400923],[243045.26259232,431252.28820038,84.77400923],[243045.26288605,431252.28804779,84.77432346]]",dji_pose_mesh_ray_contour_nodes,
317,306,3,SPL,1424.3636,2025.9091,1421,2024,1430,2028,9,4,22,243045.27774811,431252.23052979,84.76875305,dji_pose_mesh_ray_centroid,True,True,1220034,2.474058,warp,,1424.3636,2025.9091,1,1,1.0,1,2.474058,2.474058,8,8,1.0,"[[1423.5,2024.0],[1424.0,2024.5],[1425.0,2024.5],[1426.0,2024.5],[1426.5,2025.0],[1427.0,2025.5],[1428.0,2025.5],[1429.0,2025.5]]","[[243045.27831841,431252.23162079,84.76994705],[243045.27822304,431252.23117065,84.76963425],[243045.27842331,431252.2305603,84.76963472],[243045.27862167,431252.22995758,84.76963472],[243045.27852631,431252.22950745,84.76932192],[243045.27843094,431252.22905731,84.76900959],[243045.27863121,431252.22845459,84.76900959],[243045.27882957,431252.22785187,84.76900959]]",dji_pose_mesh_ray_contour_nodes,
318,307,3,SPL,1209.7596,2035.9038,1205,2026,1215,2047,10,21,104,243045.22822571,431252.35457611,84.76252508,dji_pose_mesh_ray_centroid,True,True,1219552,2.513816,warp,,1209.7596,2035.9038,1,1,1.0,1,2.513816,2.513816,24,24,1.0,"[[1207.5,2046.0],[1207.0,2045.5],[1206.5,2045.0],[1206.5,2044.0],[1207.0,2043.5],[1207.5,2043.0],[1207.5,2042.0],[1207.5,2041.0],[1207.5,2040.0],[1207.5,2039.0],[1208.0,2038.5],[1208.5,2038.0],[1208.5,2037.0],[1208.5,2036.0],[1208.5,2035.0],[1208.5,2034.0],[1208.5,2033.0],[1208.5,2032.0],[1208.0,2031.5],[1207.5,2031.0],[1207.0,2030.5],[1206.0,2030.5],[1205.5,2030.0],[1205.0,2029.5]]","[[243045.22315407,431252.35198212,84.7562685],[243045.22320747,431252.35241699,84.75657892],[243045.22325897,431252.35284424,84.75688982],[243045.22368813,431252.35321045,84.75750875],[243045.22406578,431252.35314941,84.75781727],[243045.22444153,431252.35308838,84.75812578],[243045.22487068,431252.35345459,84.75874567],[243045.22529984,431252.3538208,84.75936604],[243045.2257309,431252.35418701,84.75998592],[243045.22616005,431252.35455322,84.76060677],[243045.2265377,431252.35449219,84.76091623],[243045.22691536,431252.35442352,84.76122522],[243045.22734642,431252.35479736,84.76184654],[243045.22777557,431252.35516357,84.76246786],[243045.22820663,431252.35552979,84.76308966],[243045.2286396,431252.35590363,84.76371193],[243045.22907066,431252.35626984,84.7643342],[243045.22950172,431252.35663605,84.76495695],[243045.22955513,431252.35707092,84.76526928],[243045.22960854,431252.3575058,84.76558161],[243045.22966194,431252.35794067,84.76589394],[243045.22933769,431252.35843658,84.76589632],[243045.22939301,431252.35886383,84.76620865],[243045.22944641,431252.35929871,84.76652145]]",dji_pose_mesh_ray_contour_nodes,
319,308,3,SPL,1296.875,2029.4583,1294,2027,1300,2033,6,6,24,243045.25070953,431252.30625916,84.76651525,dji_pose_mesh_ray_centroid,True,True,1220014,2.500005,warp,,1296.875,2029.4583,1,1,1.0,1,2.500005,2.500005,6,6,1.0,"[[1296.5,2032.0],[1296.0,2031.5],[1295.5,2031.0],[1295.0,2030.5],[1294.5,2030.0],[1294.0,2029.5]]","[[243045.24966049,431252.30568695,84.76492786],[243045.24975204,431252.30614471,84.76523972],[243045.24984169,431252.30660248,84.76555204],[243045.24993324,431252.30706024,84.76586437],[243045.25002289,431252.30751801,84.7661767],[243045.25011444,431252.30797577,84.76648855]]",dji_pose_mesh_ray_contour_nodes,
320,309,3,SPL,1496.3125,2029.125,1495,2027,1499,2033,4,6,16,243045.29080582,431252.1861496,84.76675701,dji_pose_mesh_ray_centroid,True,True,1220034,2.457751,warp,,1496.3125,2029.125,1,1,1.0,1,2.457751,2.457751,6,6,1.0,"[[1498.0,2029.5],[1497.5,2030.0],[1497.0,2030.5],[1496.5,2031.0],[1496.0,2031.5],[1495.5,2032.0]]","[[243045.29099464,431252.18502045,84.76652336],[243045.29069901,431252.18518066,84.76621151],[243045.29040527,431252.18533325,84.76589918],[243045.29010963,431252.18549347,84.76558733],[243045.2898159,431252.18564606,84.765275],[243045.28952026,431252.18580627,84.76496315]]",dji_pose_mesh_ray_contour_nodes,
321,310,3,SPL,778.561,2033.122,776,2029,782,2038,6,9,41,243045.1416893,431252.61489868,84.76419878,dji_pose_mesh_ray_centroid,True,True,1219546,2.629377,warp,,778.561,2033.122,1,1,1.0,1,2.629377,2.629377,7,7,1.0,"[[776.0,2031.5],[776.5,2031.0],[776.5,2030.0],[777.0,2029.5],[778.0,2029.5],[779.0,2029.5],[779.5,2029.0]]","[[243045.14192963,431252.61723328,84.76520824],[243045.14221191,431252.61711884,84.76552057],[243045.14261627,431252.61753845,84.76614523],[243045.14289856,431252.61742401,84.76645803],[243045.14306068,431252.61678314,84.76645899],[243045.14322281,431252.61613464,84.76645946],[243045.143507,431252.6160202,84.76677227]]",dji_pose_mesh_ray_contour_nodes,
322,311,3,SPL,3619.25,2036.55,3614,2034,3626,2039,12,5,40,243045.6915226,431250.92022705,84.76277924,dji_pose_mesh_ray_centroid,True,True,78881,2.38304,warp,,3619.25,2036.55,1,1,1.0,1,2.38304,2.38304,10,10,1.0,"[[3618.5,2034.0],[3619.0,2034.5],[3620.0,2034.5],[3621.0,2034.5],[3621.5,2035.0],[3622.0,2035.5],[3623.0,2035.5],[3623.5,2036.0],[3624.0,2036.5],[3625.0,2036.5]]","[[243045.6925354,431250.92076874,84.76433992],[243045.69241714,431250.92045593,84.76403379],[243045.69264793,431250.9198761,84.76403332],[243045.69287682,431250.91928864,84.76403284],[243045.69276047,431250.91898346,84.76372671],[243045.69264221,431250.91867065,84.76342058],[243045.692873,431250.91809082,84.7634201],[243045.69275475,431250.91777802,84.76311398],[243045.6926384,431250.91747284,84.76280832],[243045.69286919,431250.91689301,84.76280785]]",dji_pose_mesh_ray_contour_nodes,
323,312,3,SPL,1489.9375,2040.1719,1486,2035,1494,2047,8,12,64,243045.28522873,431252.18678284,84.75987434,dji_pose_mesh_ray_centroid,True,True,1220034,2.453755,warp,,1489.9375,2040.1719,1,1,1.0,1,2.453755,2.453755,13,13,1.0,"[[1486.0,2043.5],[1486.5,2043.0],[1486.5,2042.0],[1487.0,2041.5],[1487.5,2041.0],[1487.5,2040.0],[1487.5,2039.0],[1487.5,2038.0],[1487.5,2037.0],[1487.5,2036.0],[1488.0,2035.5],[1489.0,2035.5],[1489.5,2035.0]]","[[243045.28315163,431252.18818665,84.7578063],[243045.28344536,431252.18803406,84.75811672],[243045.28383446,431252.18832397,84.75873804],[243045.28412819,431252.18816376,84.75904846],[243045.28442192,431252.18801117,84.75935936],[243045.28481102,431252.18830109,84.75998068],[243045.28520012,431252.188591,84.76060247],[243045.28558922,431252.18888092,84.76122475],[243045.28598022,431252.18917084,84.76184702],[243045.28636932,431252.18946075,84.76246929],[243045.28666306,431252.18930817,84.76278067],[243045.28686142,431252.18870544,84.76278114],[243045.28715706,431252.18854523,84.76309252]]",dji_pose_mesh_ray_contour_nodes,
324,313,3,SPL,1309.4217,2043.8434,1305,2039,1315,2050,10,11,83,243045.24773788,431252.29421997,84.75755501,dji_pose_mesh_ray_centroid,True,True,1220014,2.490222,warp,,1309.4217,2043.8434,1,1,1.0,1,2.490222,2.490222,7,7,1.0,"[[1305.0,2043.5],[1305.5,2043.0],[1305.5,2042.0],[1305.5,2041.0],[1306.0,2040.5],[1306.5,2040.0],[1306.5,2039.0]]","[[243045.24698067,431252.29698181,84.7577672],[243045.24727249,431252.29683685,84.7580781],[243045.24765396,431252.29714966,84.75869989],[243045.24803352,431252.29746246,84.75932169],[243045.24832535,431252.2973175,84.75963259],[243045.24861717,431252.29717255,84.75994396],[243045.24899864,431252.29747772,84.76056623]]",dji_pose_mesh_ray_contour_nodes,
325,314,3,SPL,1255.4,2044.425,1250,2041,1263,2048,13,7,40,243045.23666191,431252.32649994,84.7571826,dji_pose_mesh_ray_centroid,True,True,1220014,2.502227,warp,,1255.4,2044.425,1,1,1.0,1,2.502227,2.502227,13,13,1.0,"[[1250.0,2044.5],[1250.5,2044.0],[1251.0,2043.5],[1252.0,2043.5],[1253.0,2043.5],[1254.0,2043.5],[1255.0,2043.5],[1256.0,2043.5],[1256.5,2043.0],[1257.0,2042.5],[1257.5,2042.0],[1258.0,2041.5],[1258.5,2041.0]]","[[243045.23554802,431252.32972717,84.75713491],[243045.23583794,431252.32958221,84.75744581],[243045.23612785,431252.32943726,84.75775671],[243045.23633003,431252.32884216,84.75775671],[243045.2365303,431252.32823944,84.75775719],[243045.23673058,431252.32763672,84.75775719],[243045.23693275,431252.327034,84.75775766],[243045.23713303,431252.32643127,84.75775766],[243045.23742294,431252.32629395,84.75806856],[243045.23771286,431252.32614899,84.75837946],[243045.23800468,431252.32601166,84.75869036],[243045.2382946,431252.3258667,84.75900173],[243045.23858452,431252.32572174,84.75931263]]",dji_pose_mesh_ray_contour_nodes,
326,315,3,SPL,1287.6429,2047.7381,1284,2044,1292,2052,8,8,42,243045.24188232,431252.30609131,84.75513267,dji_pose_mesh_ray_centroid,True,True,1220014,2.49325,warp,,1287.6429,2047.7381,1,1,1.0,1,2.49325,2.49325,9,9,1.0,"[[1284.0,2047.5],[1284.5,2047.0],[1284.5,2046.0],[1285.0,2045.5],[1285.5,2045.0],[1286.0,2044.5],[1287.0,2044.5],[1288.0,2044.5],[1288.5,2044.0]]","[[243045.24124146,431252.30834961,84.75527954],[243045.24153137,431252.30820465,84.75558996],[243045.24191093,431252.30851746,84.75621033],[243045.24220085,431252.3083725,84.75652122],[243045.24249268,431252.30823517,84.75683165],[243045.24278259,431252.30809021,84.75714207],[243045.24298286,431252.30748749,84.75714254],[243045.24318504,431252.30688477,84.75714254],[243045.24347496,431252.30673981,84.75745344]]",dji_pose_mesh_ray_contour_nodes,
327,316,3,SPL,1220.5,2045.0,1220,2045,1222,2046,2,1,2,243045.22778511,431252.34590149,84.75685501,dji_pose_mesh_ray_centroid,True,True,1219552,2.507946,warp,,1220.5,2045.0,1,1,1.0,1,2.507946,2.507946,2,2,1.0,"[[1220.0,2045.0],[1221.0,2045.0]]","[[243045.22762299,431252.34615326,84.75685596],[243045.22794724,431252.34565735,84.75685358]]",dji_pose_mesh_ray_contour_nodes,
328,317,3,SPL,1409.0,2045.5,1409,2045,1410,2047,1,2,2,243045.26709747,431252.23392487,84.75654602,dji_pose_mesh_ray_centroid,True,True,1220014,2.467885,warp,,1409.0,2045.5,1,1,1.0,1,2.467885,2.467885,2,2,1.0,"[[1409.0,2045.0],[1409.0,2046.0]]","[[243045.26729012,431252.23406982,84.75685644],[243045.26690483,431252.23377228,84.75623608]]",dji_pose_mesh_ray_contour_nodes,
329,318,3,SPL,1180.7125,2052.2688,1169,2048,1192,2058,23,10,160,243045.21184921,431252.3629303,84.75246859,dji_pose_mesh_ray_centroid,True,True,1219552,2.507016,warp,,1180.7125,2052.2688,1,1,1.0,1,2.507016,2.507016,26,26,1.0,"[[1186.5,2057.0],[1186.0,2056.5],[1185.0,2056.5],[1184.0,2056.5],[1183.5,2056.0],[1183.0,2055.5],[1182.5,2055.0],[1182.0,2054.5],[1181.0,2054.5],[1180.0,2054.5],[1179.5,2055.0],[1179.0,2055.5],[1178.5,2056.0],[1178.0,2056.5],[1177.0,2056.5],[1176.0,2056.5],[1175.5,2056.0],[1175.0,2055.5],[1174.0,2055.5],[1173.0,2055.5],[1172.5,2055.0],[1172.0,2054.5],[1171.0,2054.5],[1170.0,2054.5],[1169.5,2054.0],[1169.0,2053.5]]","[[243045.21169853,431252.3583374,84.74953985],[243045.21175003,431252.35876465,84.74984884],[243045.21142769,431252.35926056,84.7498517],[243045.21110725,431252.35974884,84.74985504],[243045.21115875,431252.36018372,84.75016403],[243045.21121216,431252.36061096,84.75047302],[243045.21126366,431252.36104584,84.75078201],[243045.21131516,431252.36147308,84.751091],[243045.21099472,431252.36196899,84.75109386],[243045.21067238,431252.36245728,84.75109673],[243045.21030045,431252.36251831,84.7507906],[243045.20992661,431252.36258698,84.75048447],[243045.20955467,431252.36264801,84.75017834],[243045.20918274,431252.36270905,84.74987221],[243045.2088623,431252.36320496,84.74987507],[243045.20854187,431252.36369324,84.74987793],[243045.20859337,431252.36412811,84.75018692],[243045.20864487,431252.36455536,84.75049591],[243045.20832443,431252.36505127,84.75049877],[243045.20800209,431252.36553955,84.75050163],[243045.20805359,431252.36597443,84.75081062],[243045.20810699,431252.36640167,84.75111961],[243045.20778465,431252.36689758,84.75112247],[243045.20746422,431252.36738586,84.75112486],[243045.20751572,431252.36782074,84.75143385],[243045.20756721,431252.36824799,84.75174332]]",dji_pose_mesh_ray_contour_nodes,
330,319,3,SPL,1331.0,2052.2857,1328,2050,1335,2055,7,5,28,243045.24885368,431252.27866364,84.75232363,dji_pose_mesh_ray_centroid,True,True,1220014,2.48139,warp,,1331.0,2052.2857,1,1,1.0,1,2.48139,2.48139,5,5,1.0,"[[1331.5,2050.0],[1332.0,2050.5],[1333.0,2050.5],[1333.5,2051.0],[1334.0,2051.5]]","[[243045.24982452,431252.27906036,84.75373936],[243045.24973488,431252.27861023,84.75342941],[243045.24993515,431252.27800751,84.75342989],[243045.2498455,431252.27755737,84.75311995],[243045.24975395,431252.27709961,84.75281048]]",dji_pose_mesh_ray_contour_nodes,
331,320,3,SPL,1243.6383,2055.0426,1241,2051,1248,2060,7,9,47,243045.23028755,431252.3302002,84.75059748,dji_pose_mesh_ray_centroid,True,True,1220014,2.499836,warp,,1243.6383,2055.0426,1,1,1.0,1,2.499836,2.499836,9,9,1.0,"[[1244.5,2051.0],[1245.0,2051.5],[1245.5,2052.0],[1246.0,2052.5],[1246.5,2053.0],[1246.5,2054.0],[1246.5,2055.0],[1246.5,2056.0],[1247.0,2056.5]]","[[243045.23198509,431252.33096313,84.75310087],[243045.23189735,431252.33050537,84.75279093],[243045.23180771,431252.33004761,84.75248146],[243045.23171997,431252.32958984,84.75217199],[243045.23163223,431252.32913208,84.75186205],[243045.23125458,431252.32881165,84.75124311],[243045.23087692,431252.32849884,84.75062418],[243045.23049927,431252.32817841,84.75000572],[243045.23041153,431252.32772064,84.74969673]]",dji_pose_mesh_ray_contour_nodes,
332,321,3,SPL,1277.0417,2056.25,1276,2053,1280,2061,4,8,24,243045.2365303,431252.30979156,84.74985838,dji_pose_mesh_ray_centroid,True,True,1220014,2.491575,warp,,1277.0417,2056.25,1,1,1.0,1,2.491575,2.491575,8,8,1.0,"[[1279.0,2054.5],[1278.5,2055.0],[1278.5,2056.0],[1278.5,2057.0],[1278.5,2058.0],[1278.5,2059.0],[1278.0,2059.5],[1277.5,2060.0]]","[[243045.23758507,431252.30915833,84.75094128],[243045.23729515,431252.30930328,84.75063181],[243045.2369175,431252.30899048,84.75001335],[243045.23653984,431252.30867767,84.74939489],[243045.23616028,431252.30836487,84.74877691],[243045.23578262,431252.30805206,84.74815893],[243045.23549461,431252.30819702,84.74785042],[243045.2352047,431252.30834198,84.74754143]]",dji_pose_mesh_ray_contour_nodes,
333,322,3,SPL,1237.5195,2066.1623,1227,2057,1250,2074,23,17,154,243045.22419548,431252.32977295,84.74375057,dji_pose_mesh_ray_centroid,True,True,1219552,2.495044,warp,,1237.5195,2066.1623,1,1,1.0,1,2.495044,2.495044,30,30,1.0,"[[1232.5,2057.0],[1233.0,2057.5],[1233.5,2058.0],[1233.5,2059.0],[1234.0,2059.5],[1234.5,2060.0],[1235.0,2060.5],[1236.0,2060.5],[1236.5,2061.0],[1237.0,2061.5],[1237.5,2062.0],[1237.5,2063.0],[1238.0,2063.5],[1238.5,2064.0],[1239.0,2064.5],[1239.5,2065.0],[1239.5,2066.0],[1240.0,2066.5],[1241.0,2066.5],[1242.0,2066.5],[1243.0,2066.5],[1244.0,2066.5],[1245.0,2066.5],[1245.5,2067.0],[1246.0,2067.5],[1247.0,2067.5],[1247.5,2068.0],[1248.0,2068.5],[1248.5,2069.0],[1249.0,2069.5]]","[[243045.22650528,431252.33557892,84.74940491],[243045.22645187,431252.33514404,84.74909544],[243045.22639847,431252.3347168,84.7487855],[243045.22596931,431252.33435822,84.74816942],[243045.22591591,431252.33392334,84.74785995],[243045.2258625,431252.33349609,84.74755049],[243045.2258091,431252.33306885,84.74724102],[243045.22613335,431252.33257294,84.74723768],[243045.22607994,431252.33214569,84.74692869],[243045.22602654,431252.33171082,84.74661922],[243045.22597313,431252.33128357,84.74630976],[243045.22554398,431252.33092499,84.74569464],[243045.22549248,431252.33049774,84.74538517],[243045.22543907,431252.33006287,84.74507618],[243045.22538567,431252.32963562,84.74476719],[243045.22533226,431252.32920837,84.7444582],[243045.22490311,431252.32884979,84.74384356],[243045.22485161,431252.32842255,84.74353504],[243045.22517395,431252.32792664,84.7435317],[243045.22549438,431252.32743073,84.74352837],[243045.22581673,431252.32693481,84.74352503],[243045.22604942,431252.32636261,84.74352455],[243045.22624969,431252.32576752,84.74352455],[243045.22616196,431252.32530975,84.74321699],[243045.22607422,431252.32485199,84.74290943],[243045.22627449,431252.32424927,84.74290943],[243045.22618675,431252.3237915,84.74260187],[243045.22609901,431252.32334137,84.74229431],[243045.22601128,431252.32288361,84.74198675],[243045.22592545,431252.32242584,84.74167919]]",dji_pose_mesh_ray_contour_nodes,
334,323,3,SPL,1487.5,2057.5,1486,2057,1490,2059,4,2,8,243045.27802086,431252.1832428,84.74914026,dji_pose_mesh_ray_centroid,True,True,1220034,2.446056,warp,,1487.5,2057.5,1,1,1.0,1,2.446056,2.446056,8,8,1.0,"[[1486.0,2057.0],[1487.0,2057.0],[1488.0,2057.0],[1489.0,2057.0],[1486.0,2058.0],[1487.0,2058.0],[1488.0,2058.0],[1489.0,2058.0]]","[[243045.27791786,431252.18428802,84.7494483],[243045.27811623,431252.1836853,84.74944878],[243045.27831459,431252.18309021,84.74944878],[243045.27851105,431252.18248749,84.74944925],[243045.27753258,431252.18399811,84.74883079],[243045.27772903,431252.18339539,84.74883127],[243045.2779274,431252.18280029,84.74883175],[243045.27812576,431252.18219757,84.74883175]]",dji_pose_mesh_ray_contour_nodes,
335,324,3,SPL,1263.8387,2067.2097,1258,2064,1271,2072,13,8,62,243045.22975349,431252.31427002,84.74309254,dji_pose_mesh_ray_centroid,True,True,1220014,2.489364,warp,,1263.8387,2067.2097,1,1,1.0,1,2.489364,2.489364,13,13,1.0,"[[1270.0,2066.5],[1269.0,2066.5],[1268.5,2067.0],[1268.0,2067.5],[1267.5,2068.0],[1267.0,2068.5],[1266.5,2069.0],[1266.0,2069.5],[1265.5,2070.0],[1265.0,2070.5],[1264.0,2070.5],[1263.0,2070.5],[1262.5,2071.0]]","[[243045.23125267,431252.31080627,84.74353123],[243045.2310524,431252.31140137,84.74353123],[243045.23076439,431252.31154633,84.74322319],[243045.23047638,431252.31168365,84.74291515],[243045.23018837,431252.31182861,84.74260712],[243045.22990036,431252.31197357,84.74229908],[243045.22961426,431252.31211853,84.74199152],[243045.22932434,431252.31225586,84.74168396],[243045.22903824,431252.31240082,84.74137592],[243045.22875023,431252.31254578,84.74106836],[243045.22854996,431252.31314087,84.74106836],[243045.22834969,431252.31374359,84.74106789],[243045.22806168,431252.31388092,84.74076033]]",dji_pose_mesh_ray_contour_nodes,
336,325,3,SPL,1660.6587,2068.6467,1644,2064,1675,2074,31,10,167,243045.30786133,431252.07650757,84.74233198,dji_pose_mesh_ray_centroid,True,True,1220034,2.40859,warp,,1660.6587,2068.6467,1,1,1.0,1,2.40859,2.40859,31,31,1.0,"[[1644.0,2069.5],[1645.0,2069.5],[1646.0,2069.5],[1646.5,2069.0],[1647.0,2068.5],[1648.0,2068.5],[1649.0,2068.5],[1650.0,2068.5],[1650.5,2068.0],[1651.0,2067.5],[1651.5,2067.0],[1651.5,2066.0],[1652.0,2065.5],[1652.5,2065.0],[1653.0,2064.5],[1654.0,2064.5],[1655.0,2064.5],[1656.0,2064.5],[1657.0,2064.5],[1658.0,2064.5],[1658.5,2065.0],[1659.0,2065.5],[1659.5,2066.0],[1660.0,2066.5],[1661.0,2066.5],[1662.0,2066.5],[1662.5,2066.0],[1662.5,2065.0],[1663.0,2064.5],[1664.0,2064.5],[1664.5,2064.0]]","[[243045.304245,431252.08623505,84.74180222],[243045.30444336,431252.08563232,84.74180269],[243045.30463982,431252.08503723,84.74180317],[243045.30493355,431252.08486938,84.74211025],[243045.30522728,431252.08470917,84.74241734],[243045.30542374,431252.08410645,84.74241781],[243045.3056221,431252.08351135,84.74241781],[243045.30581856,431252.08291626,84.74241829],[243045.30611229,431252.08274841,84.74272537],[243045.30640602,431252.0825882,84.74303293],[243045.30669975,431252.08242035,84.74334002],[243045.30709076,431252.08268738,84.74395466],[243045.3073864,431252.08251953,84.74426222],[243045.30768013,431252.08235931,84.74456978],[243045.30797386,431252.08219147,84.74487734],[243045.30817223,431252.08159637,84.74487781],[243045.30836868,431252.08099365,84.74487829],[243045.30856514,431252.08039856,84.74487829],[243045.3087635,431252.07980347,84.74487877],[243045.30895996,431252.07920074,84.74487925],[243045.30886269,431252.0787735,84.74457169],[243045.30876541,431252.07833862,84.7442646],[243045.30866814,431252.07790375,84.74395752],[243045.30857086,431252.0774765,84.74365044],[243045.30876732,431252.07687378,84.74365044],[243045.30896568,431252.07627869,84.74365091],[243045.30925941,431252.07611084,84.74395847],[243045.30965042,431252.07637787,84.74457312],[243045.30994606,431252.07621765,84.74488068],[243045.31014252,431252.07561493,84.74488115],[243045.31043625,431252.07545471,84.74518871]]",dji_pose_mesh_ray_contour_nodes,
337,326,3,SPL,1165.3333,2069.1111,1164,2068,1168,2071,4,3,9,243045.19980621,431252.36431122,84.74218273,dji_pose_mesh_ray_centroid,True,True,1219552,2.499047,warp,,1165.3333,2069.1111,1,1,1.0,1,2.499047,2.499047,2,2,1.0,"[[1164.0,2068.5],[1164.5,2068.0]]","[[243045.19963837,431252.3651886,84.74256086],[243045.20000648,431252.36512756,84.74286461]]",dji_pose_mesh_ray_contour_nodes,
338,327,3,SPL,1313.5556,2070.0556,1311,2068,1317,2073,6,5,18,243045.23862457,431252.28365326,84.74135494,dji_pose_mesh_ray_centroid,True,True,1220014,2.476812,warp,,1313.5556,2070.0556,1,1,1.0,1,2.476812,2.476812,5,5,1.0,"[[1311.0,2069.5],[1311.5,2069.0],[1312.0,2068.5],[1313.0,2068.5],[1313.5,2068.0]]","[[243045.23832512,431252.28535461,84.74169588],[243045.23861313,431252.28520966,84.74200344],[243045.23890114,431252.2850647,84.74231148],[243045.23910141,431252.28446198,84.74231148],[243045.23939133,431252.28431702,84.74261951]]",dji_pose_mesh_ray_contour_nodes,
339,328,3,SPL,1305.9474,2074.0526,1304,2072,1309,2077,5,5,19,243045.23559761,431252.28697205,84.73889732,dji_pose_mesh_ray_centroid,True,True,1220014,2.476619,warp,,1305.9474,2074.0526,1,1,1.0,1,2.476619,2.476619,3,3,1.0,"[[1304.0,2072.5],[1305.0,2072.5],[1305.5,2072.0]]","[[243045.23579407,431252.28861237,84.73985004],[243045.23599434,431252.28801727,84.73985052],[243045.23628235,431252.28787231,84.7401576]]",dji_pose_mesh_ray_contour_nodes,
340,329,3,SPL,1260.5,2080.3333,1259,2077,1263,2085,4,8,18,243045.22416687,431252.31216431,84.73503208,dji_pose_mesh_ray_centroid,True,True,1220014,2.48392,warp,,1260.5,2080.3333,1,1,1.0,1,2.48392,2.48392,7,7,1.0,"[[1262.0,2079.5],[1261.5,2080.0],[1261.5,2081.0],[1261.5,2082.0],[1261.0,2082.5],[1260.5,2083.0],[1260.5,2084.0]]","[[243045.22477722,431252.31153107,84.73554325],[243045.22449112,431252.3116684,84.73523664],[243045.22411728,431252.31135559,84.73462439],[243045.22374344,431252.31105042,84.73401213],[243045.22345543,431252.31118774,84.73370552],[243045.22316933,431252.3113327,84.73339939],[243045.22279549,431252.3110199,84.73278761]]",dji_pose_mesh_ray_contour_nodes,
341,330,3,SPL,1156.625,2082.25,1156,2081,1159,2085,3,4,8,243045.19153214,431252.36376953,84.73421287,dji_pose_mesh_ray_centroid,True,True,1219552,2.492659,warp,,1156.625,2082.25,1,1,1.0,1,2.492659,2.492659,4,4,1.0,"[[1158.0,2082.5],[1157.5,2083.0],[1157.0,2083.5],[1156.5,2084.0]]","[[243045.19186592,431252.36300659,84.734056],[243045.1914978,431252.36306763,84.73375416],[243045.19112968,431252.36312866,84.7334528],[243045.19076347,431252.36319733,84.73315144]]",dji_pose_mesh_ray_contour_nodes,
342,331,3,SPL,1201.1176,2092.1471,1197,2088,1207,2097,10,9,68,243045.20153427,431252.33837128,84.72803307,dji_pose_mesh_ray_centroid,True,True,1219552,2.48375,warp,,1201.1176,2092.1471,1,1,1.0,1,2.48375,2.48375,8,8,1.0,"[[1202.5,2088.0],[1203.0,2088.5],[1204.0,2088.5],[1204.5,2089.0],[1205.0,2089.5],[1205.5,2090.0],[1205.5,2091.0],[1206.0,2091.5]]","[[243045.20371437,431252.33917999,84.73054266],[243045.20366478,431252.33876038,84.73023701],[243045.20398331,431252.33826447,84.73023319],[243045.20393181,431252.33783722,84.72992754],[243045.20388031,431252.3374176,84.72962236],[243045.20383072,431252.33699036,84.72931671],[243045.20340919,431252.33663177,84.72871017],[243045.2033596,431252.33620453,84.728405]]",dji_pose_mesh_ray_contour_nodes,
343,332,3,SPL,1655.5385,2089.2308,1653,2088,1659,2091,6,3,13,243045.29883385,431252.07409668,84.72974157,dji_pose_mesh_ray_centroid,True,True,1220034,2.400106,warp,,1655.5385,2089.2308,1,1,1.0,1,2.400106,2.400106,4,4,1.0,"[[1655.5,2088.0],[1656.0,2088.5],[1657.0,2088.5],[1658.0,2088.5]]","[[243045.29930496,431252.07444763,84.73049164],[243045.29920959,431252.07402039,84.73018694],[243045.29940605,431252.07342529,84.73018742],[243045.2996006,431252.0728302,84.73018789]]",dji_pose_mesh_ray_contour_nodes,
344,333,3,SPL,1251.0,2090.0,1250,2090,1253,2091,3,1,3,243045.21836281,431252.31455994,84.72912979,dji_pose_mesh_ray_centroid,True,True,1219552,2.481164,warp,,1251.0,2090.0,1,1,1.0,1,2.481164,2.481164,3,3,1.0,"[[1250.0,2090.0],[1251.0,2090.0],[1252.0,2090.0]]","[[243045.21804237,431252.31505585,84.72913408],[243045.21836281,431252.31455994,84.72912979],[243045.21868324,431252.31406403,84.72912598]]",dji_pose_mesh_ray_contour_nodes,
345,334,3,SPL,1322.6818,2095.1591,1319,2092,1327,2099,8,7,44,243045.23101425,431252.27056885,84.7259984,dji_pose_mesh_ray_centroid,True,True,1220014,2.463067,warp,,1322.6818,2095.1591,1,1,1.0,1,2.463067,2.463067,5,5,1.0,"[[1323.5,2092.0],[1324.0,2092.5],[1325.0,2092.5],[1325.5,2093.0],[1326.0,2093.5]]","[[243045.23235893,431252.27103424,84.72792339],[243045.23227119,431252.27058411,84.72761869],[243045.23246956,431252.26998901,84.72761917],[243045.23238373,431252.26954651,84.72731447],[243045.23229408,431252.26909637,84.72700977]]",dji_pose_mesh_ray_contour_nodes,
346,335,3,SPL,1661.3636,2094.8182,1660,2093,1663,2098,3,5,11,243045.29781151,431252.06916046,84.72634459,dji_pose_mesh_ray_centroid,True,True,1220034,2.396582,warp,,1661.3636,2094.8182,1,1,1.0,1,2.396582,2.396582,5,5,1.0,"[[1660.5,2097.0],[1660.5,2096.0],[1660.5,2095.0],[1660.5,2094.0],[1660.0,2093.5]]","[[243045.29679871,431252.06909943,84.72501898],[243045.2971859,431252.06935883,84.72562599],[243045.29757118,431252.06962585,84.72623348],[243045.29795837,431252.06988525,84.72684145],[243045.29805565,431252.07032013,84.72714519]]",dji_pose_mesh_ray_contour_nodes,
347,336,3,SPL,1176.7973,2100.1081,1172,2096,1182,2107,10,11,74,243045.19049072,431252.34741974,84.72332573,dji_pose_mesh_ray_centroid,True,True,1219552,2.481441,warp,,1176.7973,2100.1081,1,1,1.0,1,2.481441,2.481441,15,15,1.0,"[[1179.5,2106.0],[1179.0,2105.5],[1178.0,2105.5],[1177.0,2105.5],[1176.5,2105.0],[1176.0,2104.5],[1175.5,2104.0],[1175.0,2103.5],[1174.5,2103.0],[1174.5,2102.0],[1174.0,2101.5],[1173.5,2101.0],[1173.0,2100.5],[1172.5,2100.0],[1172.0,2099.5]]","[[243045.18889809,431252.34397888,84.71976566],[243045.18894768,431252.3443985,84.72006845],[243045.18863106,431252.34488678,84.72007322],[243045.18831635,431252.34538269,84.72007799],[243045.18836403,431252.34580231,84.72038078],[243045.18841362,431252.34622955,84.72068405],[243045.18846321,431252.34664917,84.72098732],[243045.1885128,431252.34707642,84.72129059],[243045.18856239,431252.34750366,84.72159386],[243045.1889782,431252.34786224,84.7221961],[243045.18902779,431252.34828949,84.72249937],[243045.18907547,431252.34870911,84.72280312],[243045.18912697,431252.34913635,84.72310638],[243045.18917656,431252.3495636,84.72341013],[243045.18922424,431252.34998322,84.72371387]]",dji_pose_mesh_ray_contour_nodes,
348,337,3,SPL,1230.5246,2101.4426,1226,2097,1237,2105,11,8,61,243045.20698929,431252.32058716,84.7222805,dji_pose_mesh_ray_centroid,True,True,1219552,2.476547,warp,,1230.5246,2101.4426,1,1,1.0,1,2.476547,2.476547,12,12,1.0,"[[1229.5,2097.0],[1230.0,2097.5],[1231.0,2097.5],[1231.5,2098.0],[1232.0,2098.5],[1232.5,2099.0],[1233.0,2099.5],[1233.5,2100.0],[1234.0,2100.5],[1235.0,2100.5],[1235.5,2101.0],[1236.0,2101.5]]","[[243045.20853233,431252.32267761,84.72497272],[243045.20848083,431252.32225037,84.72466755],[243045.20879936,431252.32175446,84.72466326],[243045.20874786,431252.32133484,84.72435856],[243045.20869637,431252.32090759,84.72405338],[243045.20864677,431252.32048798,84.72374868],[243045.20859528,431252.32006073,84.72344398],[243045.20854378,431252.31963348,84.72313929],[243045.20849228,431252.31921387,84.72283459],[243045.20881081,431252.31871796,84.7228303],[243045.20875931,431252.31829834,84.7225256],[243045.20870781,431252.31787109,84.7222209]]",dji_pose_mesh_ray_contour_nodes,
349,338,3,SPL,1663.3182,2105.6818,1661,2104,1667,2109,6,5,22,243045.2939949,431252.0651474,84.71975708,dji_pose_mesh_ray_centroid,True,True,1220034,2.391382,warp,,1663.3182,2105.6818,1,1,1.0,1,2.391382,2.391382,6,6,1.0,"[[1666.0,2106.5],[1665.5,2107.0],[1665.0,2107.5],[1664.0,2107.5],[1663.0,2107.5],[1662.5,2108.0]]","[[243045.29420471,431252.06333923,84.71926308],[243045.29391479,431252.06350708,84.71896076],[243045.29362297,431252.06367493,84.71865797],[243045.29342842,431252.06426239,84.71865749],[243045.29323196,431252.06485748,84.71865702],[243045.29294205,431252.06502533,84.7183547]]",dji_pose_mesh_ray_contour_nodes,
350,339,3,SPL,1165.5208,2120.7292,1162,2117,1170,2125,8,8,48,243045.17841148,431252.34550476,84.71100712,dji_pose_mesh_ray_centroid,True,True,1219552,2.471485,warp,,1165.5208,2120.7292,1,1,1.0,1,2.471485,2.471485,7,7,1.0,"[[1162.0,2119.5],[1162.5,2119.0],[1163.0,2118.5],[1163.5,2118.0],[1164.0,2117.5],[1165.0,2117.5],[1165.5,2117.0]]","[[243045.17781067,431252.34766388,84.71175909],[243045.17817307,431252.34759521,84.71205521],[243045.17853546,431252.34753418,84.71235132],[243045.17889786,431252.34747314,84.71264791],[243045.17926216,431252.34740448,84.71294403],[243045.17957497,431252.3469162,84.71293926],[243045.17993927,431252.34685516,84.71323585]]",dji_pose_mesh_ray_contour_nodes,
351,340,3,SPL,1249.08,2119.28,1247,2117,1252,2123,5,6,25,243045.20539856,431252.30516052,84.71144676,dji_pose_mesh_ray_centroid,True,True,1219552,2.465759,warp,,1249.08,2119.28,1,1,1.0,1,2.465759,2.465759,3,3,1.0,"[[1247.5,2122.0],[1247.5,2121.0],[1247.0,2120.5]]","[[243045.20375824,431252.30497742,84.70982313],[243045.20417786,431252.30532837,84.71042252],[243045.20422745,431252.30574799,84.71072531]]",dji_pose_mesh_ray_contour_nodes,
352,341,3,SPL,1232.5,2150.0,1232,2150,1234,2151,2,1,2,243045.18740463,431252.30253601,84.69323254,dji_pose_mesh_ray_centroid,True,True,1219552,2.451031,warp,,1232.5,2150.0,1,1,1.0,1,2.451031,2.451031,2,2,1.0,"[[1232.0,2150.0],[1233.0,2150.0]]","[[243045.18724823,431252.30278015,84.69323587],[243045.18756104,431252.30229187,84.69322967]]",dji_pose_mesh_ray_contour_nodes,
353,342,3,SPL,1194.875,2153.4167,1192,2152,1200,2156,8,4,24,243045.17422485,431252.31964874,84.69144773,dji_pose_mesh_ray_centroid,True,True,1219552,2.452184,warp,,1194.875,2153.4167,1,1,1.0,1,2.452184,2.452184,5,5,1.0,"[[1199.0,2153.5],[1198.5,2154.0],[1198.0,2154.5],[1197.0,2154.5],[1196.5,2155.0]]","[[243045.17547989,431252.31761932,84.69137287],[243045.1751194,431252.31768799,84.69108105],[243045.17475891,431252.31775665,84.6907897],[243045.17444801,431252.3182373,84.6907959],[243045.17408752,431252.31830597,84.69050407]]",dji_pose_mesh_ray_contour_nodes,
354,343,3,SPL,1817.2237,2271.2237,1813,2267,1824,2277,11,10,76,243045.25947762,431251.9336853,84.62303305,dji_pose_mesh_ray_centroid,True,True,1220026,2.296139,warp,,1817.2237,2271.2237,1,1,1.0,1,2.296139,2.296139,12,12,1.0,"[[1823.0,2269.5],[1822.5,2270.0],[1822.5,2271.0],[1822.0,2271.5],[1821.5,2272.0],[1821.0,2272.5],[1820.0,2272.5],[1819.5,2273.0],[1819.5,2274.0],[1819.0,2274.5],[1818.5,2275.0],[1818.5,2276.0]]","[[243045.26135254,431251.93086243,84.62400293],[243045.26105118,431251.93102264,84.62372065],[243045.26066017,431251.9307785,84.62315607],[243045.26036072,431251.93093872,84.62287378],[243045.26006126,431251.93109894,84.62259197],[243045.25976181,431251.93125916,84.62231016],[243045.25955391,431251.9318161,84.62231064],[243045.25925446,431251.93197632,84.62202883],[243045.25886345,431251.93173218,84.62146473],[243045.258564,431251.9318924,84.62118292],[243045.25826454,431251.93205261,84.62090158],[243045.25787354,431251.93180847,84.62033796]]",dji_pose_mesh_ray_contour_nodes,
355,344,3,SPL,1776.6892,2278.2432,1770,2275,1783,2286,13,11,74,243045.24834442,431251.95469666,84.61910105,dji_pose_mesh_ray_centroid,True,True,1220026,2.298231,warp,,1776.6892,2278.2432,1,1,1.0,1,2.298231,2.298231,20,20,1.0,"[[1780.5,2285.0],[1780.5,2284.0],[1780.5,2283.0],[1780.5,2282.0],[1780.0,2281.5],[1779.5,2281.0],[1779.0,2280.5],[1778.0,2280.5],[1777.0,2280.5],[1776.0,2280.5],[1775.5,2281.0],[1775.0,2281.5],[1774.0,2281.5],[1773.0,2281.5],[1772.5,2281.0],[1772.0,2280.5],[1771.5,2280.0],[1771.0,2279.5],[1770.5,2279.0],[1770.0,2278.5]]","[[243045.24650764,431251.95088959,84.61530018],[243045.24689674,431251.95113373,84.61586142],[243045.24728394,431251.95137787,84.61642313],[243045.24767303,431251.95162964,84.61698532],[243045.24776459,431251.952034,84.61726665],[243045.24785423,431251.95243835,84.61754799],[243045.24794579,431251.95284271,84.6178298],[243045.24773788,431251.95339966,84.61783028],[243045.24753189,431251.9539566,84.61783075],[243045.24732399,431251.95452118,84.61783171],[243045.24702644,431251.95467377,84.61755085],[243045.2467308,431251.95483398,84.61726999],[243045.2465229,431251.95539093,84.61727047],[243045.24631691,431251.95595551,84.61727142],[243045.24640656,431251.95635223,84.61755276],[243045.24649811,431251.95675659,84.61783409],[243045.24658775,431251.95716095,84.6181159],[243045.24667931,431251.95756531,84.61839724],[243045.24677086,431251.95796967,84.61867905],[243045.2468605,431251.95838165,84.61896086]]",dji_pose_mesh_ray_contour_nodes,
356,345,3,SPL,1820.8974,2285.6923,1818,2280,1824,2292,6,12,39,243045.25458717,431251.92810822,84.61488485,dji_pose_mesh_ray_centroid,True,True,1220026,2.289698,warp,,1820.8974,2285.6923,1,1,1.0,1,2.289698,2.289698,12,12,1.0,"[[1820.5,2291.0],[1820.5,2290.0],[1820.0,2289.5],[1819.5,2289.0],[1819.5,2288.0],[1819.5,2287.0],[1819.5,2286.0],[1819.5,2285.0],[1819.5,2284.0],[1819.0,2283.5],[1818.5,2283.0],[1818.0,2282.5]]","[[243045.2524395,431251.9270401,84.61190844],[243045.2528286,431251.92728424,84.61246872],[243045.25292015,431251.9276886,84.61274958],[243045.2530117,431251.92808533,84.61302996],[243045.2534008,431251.92832947,84.61359072],[243045.2537899,431251.92857361,84.61415195],[243045.254179,431251.92881012,84.61471271],[243045.2545681,431251.92905426,84.61527443],[243045.2549572,431251.9292984,84.61583614],[243045.25504875,431251.92970276,84.616117],[243045.2551403,431251.93009949,84.61639833],[243045.25523376,431251.93050385,84.61667967]]",dji_pose_mesh_ray_contour_nodes,
357,346,3,SPL,5274.466,2325.8155,5268,2320,5280,2333,12,13,103,243045.87479019,431249.99977112,84.59639072,dji_pose_mesh_ray_centroid,True,True,314733,2.665503,warp,,5274.466,2325.8155,1,1,1.0,1,2.665503,2.665503,15,15,1.0,"[[5274.5,2332.0],[5274.5,2331.0],[5274.0,2330.5],[5273.5,2330.0],[5273.0,2329.5],[5272.5,2329.0],[5272.0,2328.5],[5271.0,2328.5],[5270.5,2328.0],[5270.5,2327.0],[5270.0,2326.5],[5269.0,2326.5],[5268.5,2326.0],[5268.5,2325.0],[5268.0,2324.5]]","[[243045.87176323,431250.00061035,84.59303284],[243045.87225342,431250.00047302,84.593575],[243045.87240028,431250.00067902,84.59384632],[243045.87254715,431250.00088501,84.59411812],[243045.87269402,431250.001091,84.59438944],[243045.87283897,431250.001297,84.59466124],[243045.87298584,431250.00150299,84.59493256],[243045.87278938,431250.00205231,84.59493303],[243045.87293434,431250.0022583,84.59520483],[243045.87342453,431250.00211334,84.59574795],[243045.8735714,431250.00231934,84.59601974],[243045.87337494,431250.00287628,84.59602022],[243045.8735199,431250.00308228,84.59629202],[243045.87401199,431250.00293732,84.59683561],[243045.87415695,431250.00314331,84.59710741]]",dji_pose_mesh_ray_contour_nodes,
358,347,3,SPL,4993.8571,2347.5714,4993,2346,4996,2350,3,4,7,243045.8126545,431250.15557098,84.58436871,dji_pose_mesh_ray_centroid,True,True,314849,2.5681,warp,,4993.8571,2347.5714,1,1,1.0,1,2.5681,2.5681,3,3,1.0,"[[4994.5,2346.0],[4994.5,2347.0],[4995.0,2347.5]]","[[243045.8133812,431250.1550827,84.5852294],[243045.81297112,431250.15518188,84.58468389],[243045.81283188,431250.15496063,84.584414]]",dji_pose_mesh_ray_contour_nodes,
359,348,3,SPL,5001.651,2374.2718,4993,2363,5014,2391,21,28,298,243045.80276489,431250.15391541,84.56991291,dji_pose_mesh_ray_centroid,True,True,314849,2.560112,warp,,5001.651,2374.2718,1,1,1.0,1,2.560112,2.560112,38,38,1.0,"[[5013.0,2370.5],[5012.5,2371.0],[5012.0,2371.5],[5011.0,2371.5],[5010.5,2372.0],[5010.0,2372.5],[5009.0,2372.5],[5008.0,2372.5],[5007.0,2372.5],[5006.0,2372.5],[5005.5,2373.0],[5005.0,2373.5],[5004.5,2374.0],[5004.5,2375.0],[5004.0,2375.5],[5003.5,2376.0],[5003.5,2377.0],[5003.5,2378.0],[5003.5,2379.0],[5003.5,2380.0],[5003.5,2381.0],[5003.5,2382.0],[5003.5,2383.0],[5003.5,2384.0],[5004.0,2384.5],[5004.5,2385.0],[5005.0,2385.5],[5006.0,2385.5],[5007.0,2385.5],[5007.5,2386.0],[5008.0,2386.5],[5008.5,2387.0],[5009.0,2387.5],[5009.5,2388.0],[5009.5,2389.0],[5009.0,2389.5],[5008.0,2389.5],[5007.5,2390.0]]","[[243045.80576515,431250.14754486,84.57201958],[243045.80549622,431250.14785767,84.57174587],[243045.80522728,431250.14816284,84.57147264],[243045.80509949,431250.1486969,84.57146692],[243045.80483055,431250.1490097,84.57119322],[243045.80456352,431250.14932251,84.57091999],[243045.80443382,431250.14984894,84.57091427],[243045.80430412,431250.150383,84.57090807],[243045.80417633,431250.15090942,84.57090235],[243045.80404663,431250.15144348,84.57089663],[243045.8037796,431250.15175629,84.5706234],[243045.80351067,431250.15206909,84.57034969],[243045.80324364,431250.15237427,84.57007647],[243045.80283737,431250.15247345,84.56953621],[243045.80256844,431250.15277863,84.56926298],[243045.80230141,431250.15309143,84.56898975],[243045.80189514,431250.15318298,84.5684495],[243045.80148888,431250.15328217,84.56790924],[243045.80108452,431250.15337372,84.56736946],[243045.80067825,431250.15346527,84.56682968],[243045.80027199,431250.15355682,84.56629038],[243045.79986763,431250.15364838,84.56575108],[243045.79946136,431250.15374756,84.56521177],[243045.79905701,431250.15383911,84.56467295],[243045.79891777,431250.15361786,84.56440639],[243045.79878044,431250.15339661,84.56413984],[243045.7986412,431250.15318298,84.56387377],[243045.7987709,431250.15264893,84.56387949],[243045.7989006,431250.1521225,84.56388569],[243045.79876328,431250.15190125,84.56361961],[243045.79862404,431250.15168762,84.56335306],[243045.79848671,431250.15146637,84.56308699],[243045.79834938,431250.15125275,84.56282091],[243045.79821014,431250.15103149,84.56255484],[243045.79780579,431250.15112305,84.56201696],[243045.79753876,431250.15143585,84.56174469],[243045.79741096,431250.15196228,84.56173897],[243045.79714394,431250.15227509,84.56146669]]",dji_pose_mesh_ray_contour_nodes,
360,349,3,SPL,5016.8889,2368.8889,5015,2368,5019,2371,4,3,9,243045.80692291,431250.14532471,84.57291412,dji_pose_mesh_ray_centroid,True,True,314849,2.565799,warp,,5016.8889,2368.8889,1,1,1.0,1,2.565799,2.565799,3,3,1.0,"[[5016.5,2370.0],[5016.0,2369.5],[5015.0,2369.5]]","[[243045.80641937,431250.14563751,84.57231045],[243045.80655861,431250.14585876,84.57257843],[243045.80642891,431250.14638519,84.57257223]]",dji_pose_mesh_ray_contour_nodes,
361,350,3,SPL,5017.8947,2386.1404,5013,2382,5024,2391,11,9,57,243045.80004501,431250.14641571,84.56360674,dji_pose_mesh_ray_centroid,True,True,314849,2.559719,warp,,5017.8947,2386.1404,1,1,1.0,1,2.559719,2.559719,11,11,1.0,"[[5018.5,2382.0],[5019.0,2382.5],[5019.5,2383.0],[5020.0,2383.5],[5020.5,2384.0],[5021.0,2384.5],[5021.5,2385.0],[5022.0,2385.5],[5022.5,2386.0],[5022.5,2387.0],[5023.0,2387.5]]","[[243045.80180168,431250.14570618,84.56584072],[243045.80166435,431250.14549255,84.56557417],[243045.80152512,431250.1452713,84.56530762],[243045.80138779,431250.14505768,84.56504106],[243045.80124855,431250.14483643,84.56477499],[243045.80111122,431250.1446228,84.56450844],[243045.80097198,431250.14440155,84.56424236],[243045.80083466,431250.14418793,84.56397629],[243045.80069542,431250.14396667,84.56370974],[243045.80029106,431250.14406586,84.56317139],[243045.80015373,431250.1438446,84.56290579]]",dji_pose_mesh_ray_contour_nodes,
362,351,3,SPL,5003.8095,2406.1429,5000,2405,5008,2409,8,4,21,243045.79015732,431250.15571594,84.55278444,dji_pose_mesh_ray_centroid,True,True,314849,2.549068,warp,,5003.8095,2406.1429,1,1,1.0,1,2.549068,2.549068,7,7,1.0,"[[5004.5,2408.0],[5004.0,2407.5],[5003.0,2407.5],[5002.0,2407.5],[5001.5,2407.0],[5001.0,2406.5],[5000.0,2406.5]]","[[243045.78949928,431250.15552521,84.55179548],[243045.78963661,431250.15574646,84.55205965],[243045.78950691,431250.15627289,84.55205345],[243045.78937912,431250.15679932,84.55204725],[243045.78951645,431250.15702057,84.55231142],[243045.78965187,431250.15723419,84.55257606],[243045.78952408,431250.15776062,84.55256939]]",dji_pose_mesh_ray_contour_nodes,
363,352,3,SPL,5049.262,2439.5371,5035,2431,5063,2450,28,19,229,243045.78262901,431250.13494873,84.53531885,dji_pose_mesh_ray_centroid,True,True,314849,2.54822,warp,,5049.262,2439.5371,1,1,1.0,1,2.54822,2.54822,38,38,1.0,"[[5035.0,2435.5],[5036.0,2435.5],[5037.0,2435.5],[5037.5,2435.0],[5038.0,2434.5],[5038.5,2435.0],[5039.0,2435.5],[5040.0,2435.5],[5041.0,2435.5],[5042.0,2435.5],[5042.5,2436.0],[5043.0,2436.5],[5044.0,2436.5],[5045.0,2436.5],[5045.5,2437.0],[5046.0,2437.5],[5046.5,2437.0],[5047.0,2436.5],[5048.0,2436.5],[5049.0,2436.5],[5049.5,2436.0],[5050.0,2435.5],[5050.5,2436.0],[5051.0,2436.5],[5052.0,2436.5],[5053.0,2436.5],[5053.5,2437.0],[5054.0,2437.5],[5054.5,2437.0],[5054.5,2436.0],[5055.0,2435.5],[5055.5,2435.0],[5055.5,2434.0],[5055.5,2433.0],[5056.0,2432.5],[5056.5,2432.0],[5057.0,2431.5],[5057.5,2431.0]]","[[243045.78240967,431250.14204407,84.53735971],[243045.78253937,431250.14151764,84.53736639],[243045.78266716,431250.14099121,84.53737307],[243045.78293037,431250.14068604,84.53764105],[243045.78319359,431250.14037323,84.53790951],[243045.78305817,431250.14015961,84.53764772],[243045.78292274,431250.13994598,84.53738642],[243045.78305054,431250.13941956,84.53739309],[243045.78318024,431250.13889313,84.53739929],[243045.78330803,431250.13837433,84.53740644],[243045.78317261,431250.13816071,84.53714466],[243045.78303719,431250.13793945,84.53688335],[243045.78316498,431250.13742065,84.53689003],[243045.78329277,431250.13689423,84.53689671],[243045.78315926,431250.1366806,84.5366354],[243045.78302383,431250.13646698,84.53637409],[243045.78328705,431250.13615417,84.53664207],[243045.78355026,431250.135849,84.53691006],[243045.78367805,431250.13532257,84.53691673],[243045.78380585,431250.13479614,84.53692341],[243045.78406906,431250.13449097,84.53719139],[243045.78433228,431250.13417816,84.53745937],[243045.78419876,431250.13396454,84.53719807],[243045.78406334,431250.13375092,84.53693676],[243045.78419113,431250.13322449,84.53694344],[243045.78431892,431250.13270569,84.53695011],[243045.7841835,431250.13249207,84.5366888],[243045.78404808,431250.13227844,84.5364275],[243045.78431129,431250.13196564,84.53669548],[243045.78470993,431250.13187408,84.53722477],[243045.78497314,431250.13156128,84.53749275],[243045.78523827,431250.13124847,84.53776073],[243045.7856369,431250.13115692,84.53829002],[243045.78603554,431250.13105774,84.53881979],[243045.78629875,431250.13075256,84.53908777],[243045.78656387,431250.13043976,84.53935623],[243045.78682709,431250.13012695,84.53962421],[243045.7870903,431250.12982178,84.53989267]]",dji_pose_mesh_ray_contour_nodes,
364,353,3,SPL,5073.6154,2440.6154,5072,2439,5076,2443,4,4,13,243045.78531837,431250.12230682,84.53491163,dji_pose_mesh_ray_centroid,True,True,314849,2.553803,warp,,5073.6154,2440.6154,1,1,1.0,1,2.553803,2.553803,2,2,1.0,"[[5072.0,2439.5],[5072.5,2439.0]]","[[243045.78555679,431250.12304688,84.53549004],[243045.78582001,431250.12273407,84.53575802]]",dji_pose_mesh_ray_contour_nodes,
365,354,3,SPL,5276.9671,2477.8421,5274,2461,5280,2498,6,37,152,243045.80186653,431250.01916504,84.51618719,dji_pose_mesh_ray_centroid,True,True,1220228,2.597783,warp,,5276.9671,2477.8421,1,1,1.0,1,2.597783,2.597783,24,24,1.0,"[[5278.5,2497.0],[5278.0,2496.5],[5277.5,2496.0],[5277.5,2495.0],[5277.5,2494.0],[5277.5,2493.0],[5277.0,2492.5],[5276.5,2492.0],[5276.5,2491.0],[5276.5,2490.0],[5276.5,2489.0],[5276.0,2488.5],[5275.5,2488.0],[5275.0,2487.5],[5274.5,2487.0],[5274.5,2486.0],[5274.5,2485.0],[5274.5,2484.0],[5274.5,2483.0],[5274.5,2482.0],[5274.5,2481.0],[5274.5,2480.0],[5274.5,2479.0],[5274.0,2478.5]]","[[243045.79318047,431250.02088928,84.50640821],[243045.79331779,431250.02108765,84.50666285],[243045.79345322,431250.02128601,84.50691795],[243045.79392242,431250.02115631,84.50742674],[243045.79438972,431250.02102661,84.50793552],[243045.79485703,431250.02088928,84.50844479],[243045.79499435,431250.02108765,84.50869989],[243045.79513168,431250.02129364,84.508955],[243045.79559898,431250.02115631,84.50946426],[243045.79606819,431250.02102661,84.50997448],[243045.79653549,431250.02089691,84.51048422],[243045.79667282,431250.02109528,84.5107398],[243045.79681015,431250.02129364,84.51099491],[243045.79694748,431250.02149963,84.5112505],[243045.79708481,431250.021698,84.51150608],[243045.79755402,431250.0215683,84.51201677],[243045.79802322,431250.02143097,84.51252747],[243045.79849243,431250.02130127,84.51303863],[243045.79896164,431250.02117157,84.5135498],[243045.79943085,431250.02103424,84.51406097],[243045.79990196,431250.02090454,84.51457262],[243045.80037117,431250.02076721,84.51508427],[243045.80084229,431250.02063751,84.51559591],[243045.80097961,431250.02083588,84.51585245]]",dji_pose_mesh_ray_contour_nodes,
366,355,3,SPL,5275.6846,2515.6644,5270,2505,5280,2532,10,27,149,243045.78394508,431250.02484131,84.49695206,dji_pose_mesh_ray_centroid,True,True,1220228,2.581284,warp,,5275.6846,2515.6644,1,1,1.0,1,2.581284,2.581284,27,27,1.0,"[[5278.5,2531.0],[5278.0,2530.5],[5277.5,2530.0],[5277.5,2529.0],[5277.5,2528.0],[5277.5,2527.0],[5277.5,2526.0],[5277.0,2525.5],[5276.5,2525.0],[5276.0,2524.5],[5275.0,2524.5],[5274.5,2524.0],[5274.5,2523.0],[5274.0,2522.5],[5273.5,2522.0],[5273.5,2521.0],[5273.5,2520.0],[5273.5,2519.0],[5273.5,2518.0],[5273.0,2517.5],[5272.5,2517.0],[5272.5,2516.0],[5272.0,2515.5],[5271.5,2515.0],[5271.0,2514.5],[5270.5,2514.0],[5270.0,2513.5]]","[[243045.77739525,431250.02536011,84.48922825],[243045.77752876,431250.02555847,84.48947954],[243045.77766228,431250.02575684,84.48973083],[243045.77812386,431250.02562714,84.49023342],[243045.77858543,431250.02549744,84.49073601],[243045.77904701,431250.02536774,84.49123859],[243045.7795105,431250.02523041,84.49174166],[243045.77964401,431250.0254364,84.49199343],[243045.77977943,431250.02563477,84.49224567],[243045.77991295,431250.02583313,84.49249744],[243045.77972031,431250.02635956,84.4924984],[243045.77985573,431250.02656555,84.49275017],[243045.78031731,431250.02643585,84.49325371],[243045.78045273,431250.02663422,84.49350595],[243045.78058815,431250.02683258,84.4937582],[243045.78104973,431250.02670288,84.49426222],[243045.78151321,431250.02657318,84.49476623],[243045.7819767,431250.02644348,84.49527025],[243045.78244019,431250.02630615,84.49577475],[243045.78257561,431250.02651215,84.49602747],[243045.78270912,431250.02671051,84.49628019],[243045.78317261,431250.02658081,84.49678516],[243045.78330803,431250.02677917,84.49703789],[243045.78344345,431250.02697754,84.49729061],[243045.78357887,431250.02718353,84.49754381],[243045.78371429,431250.0273819,84.49779654],[243045.78384972,431250.02758026,84.49804974]]",dji_pose_mesh_ray_contour_nodes,
367,356,3,SPL,5275.5692,2707.2462,5269,2695,5280,2728,11,33,195,243045.71070862,431250.04559326,84.40148449,dji_pose_mesh_ray_centroid,True,True,314768,2.518996,warp,,5275.5692,2707.2462,1,1,1.0,1,2.518996,2.518996,39,39,1.0,"[[5278.5,2727.0],[5278.5,2726.0],[5278.0,2725.5],[5277.5,2725.0],[5277.5,2724.0],[5277.5,2723.0],[5277.0,2722.5],[5276.5,2722.0],[5276.5,2721.0],[5276.5,2720.0],[5276.0,2719.5],[5275.5,2719.0],[5275.5,2718.0],[5275.0,2717.5],[5274.5,2717.0],[5274.5,2716.0],[5274.5,2715.0],[5274.0,2714.5],[5273.5,2714.0],[5273.5,2713.0],[5273.5,2712.0],[5273.5,2711.0],[5273.0,2710.5],[5272.5,2710.0],[5272.5,2709.0],[5272.0,2708.5],[5271.5,2708.0],[5271.5,2707.0],[5271.5,2706.0],[5271.0,2705.5],[5270.5,2705.0],[5270.5,2704.0],[5270.5,2703.0],[5270.5,2702.0],[5270.5,2701.0],[5270.0,2700.5],[5269.5,2700.0],[5269.5,2699.0],[5269.0,2698.5]]","[[243045.70439148,431250.04602814,84.3918848],[243045.70473099,431250.04592896,84.3923707],[243045.70483398,431250.04613495,84.39260912],[243045.70493889,431250.04633331,84.39284754],[243045.7052784,431250.04624176,84.39333391],[243045.705616,431250.04614258,84.39382029],[243045.7057209,431250.04634094,84.39405918],[243045.70582581,431250.04654694,84.39429808],[243045.70616341,431250.04644775,84.39478493],[243045.70650291,431250.0463562,84.39527178],[243045.70660782,431250.04655457,84.39551067],[243045.70671082,431250.04675293,84.39574957],[243045.70705032,431250.04666138,84.3962369],[243045.70715523,431250.04685974,84.39647579],[243045.70726013,431250.04706573,84.39671516],[243045.70759964,431250.04696655,84.39720249],[243045.70793724,431250.04686737,84.3976903],[243045.70804405,431250.04707336,84.39792967],[243045.70814705,431250.04727173,84.39816904],[243045.70848656,431250.04718018,84.39865684],[243045.70882607,431250.04708099,84.39914465],[243045.70916557,431250.04698944,84.39963293],[243045.70927048,431250.04718781,84.39987278],[243045.70937538,431250.04738617,84.40011215],[243045.70971489,431250.04729462,84.40060091],[243045.7098217,431250.04749298,84.40084076],[243045.70992661,431250.04769897,84.40108061],[243045.71026611,431250.04759979,84.40156937],[243045.71060562,431250.04750824,84.40205812],[243045.71071053,431250.0477066,84.40229797],[243045.71081543,431250.0479126,84.4025383],[243045.71115685,431250.04781342,84.40302753],[243045.71149635,431250.04771423,84.40351677],[243045.71183586,431250.04762268,84.404006],[243045.71217728,431250.0475235,84.40449524],[243045.71228218,431250.04772949,84.40473604],[243045.71238708,431250.04792786,84.40497637],[243045.7127285,431250.0478363,84.40546608],[243045.7128334,431250.04803467,84.40570688]]",dji_pose_mesh_ray_contour_nodes,
368,357,3,SPL,5274.6731,2798.9519,5268,2792,5280,2808,12,16,104,243045.67982292,431250.05473328,84.35723925,dji_pose_mesh_ray_centroid,True,True,314768,2.494652,warp,,5274.6731,2798.9519,1,1,1.0,1,2.494652,2.494652,20,20,1.0,"[[5277.5,2807.0],[5277.0,2806.5],[5276.0,2806.5],[5275.0,2806.5],[5274.5,2806.0],[5274.5,2805.0],[5274.0,2804.5],[5273.5,2804.0],[5273.5,2803.0],[5273.0,2802.5],[5272.5,2802.0],[5272.5,2801.0],[5272.5,2800.0],[5272.0,2799.5],[5271.5,2799.0],[5271.0,2798.5],[5270.0,2798.5],[5269.5,2798.0],[5269.0,2797.5],[5268.0,2797.5]]","[[243045.67723083,431250.05417633,84.35349369],[243045.67733765,431250.05437469,84.35372543],[243045.67716599,431250.05487823,84.353724],[243045.67699242,431250.05538177,84.35372257],[243045.67709923,431250.05558014,84.35395431],[243045.67748451,431250.05547333,84.35441923],[243045.67758942,431250.05567169,84.35465145],[243045.67769623,431250.05587006,84.35488319],[243045.67808151,431250.05575562,84.35534859],[243045.67818832,431250.05595398,84.35558081],[243045.67829323,431250.05615234,84.35581303],[243045.67867851,431250.05604553,84.35627842],[243045.6790638,431250.05593872,84.35674429],[243045.67917061,431250.05613708,84.35697651],[243045.67927742,431250.05633545,84.35720873],[243045.67938423,431250.05653381,84.35744142],[243045.67921066,431250.05703735,84.35743999],[243045.67931747,431250.05723572,84.35767221],[243045.67942429,431250.05743408,84.35790491],[243045.67925262,431250.05793762,84.35790348]]",dji_pose_mesh_ray_contour_nodes,
369,358,3,SPL,14.6098,2865.2195,8,2864,22,2868,14,4,41,243044.74969482,431252.74360657,84.31662893,dji_pose_mesh_ray_centroid,True,True,315020,2.524295,warp,,14.6098,2865.2195,1,1,1.0,1,2.524295,2.524295,7,7,1.0,"[[21.0,2865.5],[20.0,2865.5],[19.5,2866.0],[19.0,2866.5],[18.0,2866.5],[17.0,2866.5],[16.5,2867.0]]","[[243044.75100708,431252.74054718,84.31642532],[243044.75079346,431252.74101257,84.31643629],[243044.75058556,431252.74110413,84.31620359],[243044.75037766,431252.74119568,84.31597137],[243044.75016212,431252.74166107,84.31598234],[243044.7499485,431252.74213409,84.31599331],[243044.7497406,431252.74222565,84.31576109]]",dji_pose_mesh_ray_contour_nodes,
370,359,3,SPL,802.886,2891.7719,768,2868,829,2911,61,43,1447,243044.88030815,431252.32683563,84.30611753,dji_pose_mesh_ray_centroid,True,True,1219541,2.293958,warp,,802.886,2891.7719,1,1,1.0,1,2.293958,2.293958,76,76,1.0,"[[768.0,2903.5],[768.5,2903.0],[768.5,2902.0],[768.5,2901.0],[769.0,2900.5],[769.5,2900.0],[769.5,2899.0],[769.5,2898.0],[770.0,2897.5],[770.5,2897.0],[770.5,2896.0],[771.0,2895.5],[771.5,2895.0],[772.0,2894.5],[772.5,2894.0],[773.0,2893.5],[774.0,2893.5],[774.5,2893.0],[775.0,2892.5],[776.0,2892.5],[777.0,2892.5],[778.0,2892.5],[779.0,2892.5],[780.0,2892.5],[781.0,2892.5],[782.0,2892.5],[783.0,2892.5],[784.0,2892.5],[785.0,2892.5],[786.0,2892.5],[787.0,2892.5],[787.5,2892.0],[788.0,2891.5],[789.0,2891.5],[790.0,2891.5],[791.0,2891.5],[792.0,2891.5],[793.0,2891.5],[794.0,2891.5],[794.5,2891.0],[795.0,2890.5],[796.0,2890.5],[796.5,2890.0],[797.0,2889.5],[797.5,2889.0],[797.5,2888.0],[797.5,2887.0],[798.0,2886.5],[798.5,2886.0],[798.5,2885.0],[798.5,2884.0],[798.0,2883.5],[797.5,2883.0],[797.5,2882.0],[797.5,2881.0],[797.5,2880.0],[797.0,2879.5],[796.5,2879.0],[796.5,2878.0],[796.5,2877.0],[797.0,2876.5],[797.5,2876.0],[797.5,2875.0],[797.5,2874.0],[798.0,2873.5],[798.5,2873.0],[799.0,2872.5],[799.5,2872.0],[799.5,2871.0],[800.0,2870.5],[800.5,2870.0],[801.0,2869.5],[802.0,2869.5],[802.5,2869.0],[803.0,2868.5],[803.5,2868.0]]","[[243044.87225151,431252.34272766,84.3003602],[243044.8724556,431252.34259033,84.30059338],[243044.87272263,431252.34287262,84.30104637],[243044.87298965,431252.34314728,84.30149984],[243044.87319565,431252.34300995,84.30173302],[243044.87339783,431252.34288025,84.30196619],[243044.87366676,431252.34315491,84.30241966],[243044.87393379,431252.34343719,84.30287361],[243044.87413788,431252.34329987,84.30310726],[243044.87434196,431252.34316254,84.30334043],[243044.8746109,431252.34344482,84.30379438],[243044.87481499,431252.3433075,84.30402803],[243044.87501907,431252.34317017,84.30426121],[243044.87522316,431252.34303284,84.30449486],[243044.87542725,431252.34290314,84.30472803],[243044.87563133,431252.34276581,84.30496168],[243044.87577248,431252.34221649,84.30497408],[243044.87597847,431252.34207916,84.30520773],[243044.87618256,431252.34194946,84.30544138],[243044.8763237,431252.34140015,84.30545378],[243044.87646484,431252.34085083,84.30546617],[243044.87660599,431252.34030151,84.30547857],[243044.87674713,431252.3397522,84.30549097],[243044.87688828,431252.33919525,84.30550337],[243044.87702751,431252.33865356,84.30551577],[243044.87716866,431252.33810425,84.30552816],[243044.8773098,431252.33755493,84.30554056],[243044.87745094,431252.33700562,84.30555296],[243044.87759209,431252.3364563,84.30556488],[243044.87773323,431252.33590698,84.30557728],[243044.87787437,431252.33535767,84.30558968],[243044.87807846,431252.33522034,84.30582333],[243044.87828445,431252.33508301,84.30605698],[243044.8784256,431252.33453369,84.30606937],[243044.87856674,431252.33398438,84.30608177],[243044.87870598,431252.33343506,84.30609417],[243044.87884712,431252.33288574,84.30610657],[243044.87898827,431252.33233643,84.30611896],[243044.87912941,431252.33178711,84.30613136],[243044.8793335,431252.33164978,84.30636501],[243044.87953949,431252.33152008,84.30659866],[243044.87968063,431252.33097076,84.30661106],[243044.87988472,431252.33083344,84.30684471],[243044.88008881,431252.33069611,84.30707836],[243044.8802948,431252.33055878,84.30731201],[243044.88056374,431252.33083344,84.30776691],[243044.88083267,431252.33111572,84.30822277],[243044.88103676,431252.33097839,84.30845642],[243044.88124275,431252.33084106,84.30869055],[243044.88151169,431252.33111572,84.30914593],[243044.88178062,431252.33139801,84.30960178],[243044.88184547,431252.33181,84.30982399],[243044.88191032,431252.33222198,84.31004572],[243044.88217926,431252.33249664,84.31050158],[243044.8824482,431252.33277893,84.31095839],[243044.88271904,431252.33305359,84.31141472],[243044.88278198,431252.33346558,84.31163692],[243044.88284683,431252.33387756,84.31185913],[243044.88311577,431252.33415985,84.31231594],[243044.88338661,431252.33443451,84.31277275],[243044.88359261,431252.33429718,84.31300735],[243044.8837986,431252.33416748,84.31324196],[243044.88406754,431252.33444214,84.31369925],[243044.88433838,431252.3347168,84.31415701],[243044.88454437,431252.3345871,84.31439161],[243044.88475037,431252.33444977,84.31462669],[243044.88495636,431252.33431244,84.31486177],[243044.88516045,431252.33417511,84.31509638],[243044.88543129,431252.33444977,84.31555462],[243044.88563728,431252.33432007,84.3157897],[243044.88584328,431252.33418274,84.31602478],[243044.88604927,431252.33404541,84.31625986],[243044.88619041,431252.33349609,84.31627226],[243044.88639641,431252.33335876,84.31650734],[243044.88663101,431252.33325195,84.31673336],[243044.88687706,431252.33315277,84.316957]]",dji_pose_mesh_ray_contour_nodes,
371,360,3,SPL,874.7396,2903.5621,862,2899,888,2912,26,13,169,243044.89176559,431252.28883362,84.30022669,dji_pose_mesh_ray_centroid,True,True,1219549,2.276729,warp,,874.7396,2903.5621,1,1,1.0,1,2.276729,2.276729,33,33,1.0,"[[887.0,2903.5],[886.5,2904.0],[886.0,2904.5],[885.0,2904.5],[884.5,2905.0],[884.0,2905.5],[883.0,2905.5],[882.0,2905.5],[881.5,2906.0],[881.0,2906.5],[880.0,2906.5],[879.0,2906.5],[878.0,2906.5],[877.0,2906.5],[876.0,2906.5],[875.0,2906.5],[874.5,2906.0],[874.0,2905.5],[873.5,2905.0],[873.0,2904.5],[872.0,2904.5],[871.5,2905.0],[871.0,2905.5],[870.0,2905.5],[869.5,2906.0],[869.5,2907.0],[869.0,2907.5],[868.5,2908.0],[868.5,2909.0],[868.5,2910.0],[868.0,2910.5],[867.0,2910.5],[866.5,2911.0]]","[[243044.8943367,431252.28296661,84.30014467],[243044.89409065,431252.2830658,84.29992437],[243044.89384651,431252.28316498,84.2997036],[243044.89363861,431252.28364563,84.29971266],[243044.89339447,431252.28374481,84.29949188],[243044.89315033,431252.28384399,84.29927158],[243044.89294243,431252.28432465,84.29928064],[243044.89273453,431252.2848053,84.2992897],[243044.89249039,431252.28490448,84.29906893],[243044.89224434,431252.28501129,84.29884863],[243044.89203644,431252.28549194,84.29885769],[243044.89182854,431252.28596497,84.29886675],[243044.89162064,431252.28644562,84.29887581],[243044.89141273,431252.28692627,84.29888439],[243044.89120483,431252.28740692,84.29889345],[243044.89099693,431252.28788757,84.29890251],[243044.89103317,431252.28826904,84.29913187],[243044.89106941,431252.28864288,84.29936123],[243044.89110565,431252.28902435,84.29959059],[243044.89113998,431252.28940582,84.29981995],[243044.89093208,431252.28988647,84.29982901],[243044.89068794,431252.28998566,84.29960871],[243044.89044571,431252.29008484,84.29938841],[243044.8902359,431252.29056549,84.29939699],[243044.88999367,431252.29066467,84.29917669],[243044.88971329,431252.29038239,84.29872704],[243044.88946915,431252.29048157,84.29850674],[243044.88922501,431252.29058838,84.29828644],[243044.88894653,431252.29030609,84.29783726],[243044.88866615,431252.29003143,84.29738808],[243044.88842392,431252.29013062,84.29716825],[243044.88821602,431252.29060364,84.29717731],[243044.88797188,431252.29071045,84.29695702]]",dji_pose_mesh_ray_contour_nodes,
372,361,3,SPL,3773.6293,2939.6057,3684,2910,3840,2977,156,67,6046,243045.37781525,431250.81466675,84.28955793,dji_pose_mesh_ray_centroid,True,True,1219977,2.124855,warp,,3773.6293,2939.6057,1,1,1.0,1,2.124855,2.124855,152,152,1.0,"[[3788.5,2976.0],[3788.0,2975.5],[3787.0,2975.5],[3786.0,2975.5],[3785.5,2975.0],[3785.0,2974.5],[3784.5,2974.0],[3784.0,2973.5],[3783.0,2973.5],[3782.5,2973.0],[3782.0,2972.5],[3781.0,2972.5],[3780.5,2972.0],[3780.0,2971.5],[3779.0,2971.5],[3778.0,2971.5],[3777.5,2971.0],[3777.0,2970.5],[3776.0,2970.5],[3775.0,2970.5],[3774.5,2970.0],[3774.0,2969.5],[3773.0,2969.5],[3772.0,2969.5],[3771.0,2969.5],[3770.0,2969.5],[3769.0,2969.5],[3768.5,2969.0],[3768.0,2968.5],[3767.0,2968.5],[3766.5,2968.0],[3766.0,2967.5],[3765.0,2967.5],[3764.0,2967.5],[3763.5,2967.0],[3763.0,2966.5],[3762.5,2966.0],[3762.0,2965.5],[3761.0,2965.5],[3760.5,2965.0],[3760.0,2964.5],[3759.0,2964.5],[3758.5,2964.0],[3758.0,2963.5],[3757.0,2963.5],[3756.5,2963.0],[3756.0,2962.5],[3755.0,2962.5],[3754.5,2962.0],[3754.0,2961.5],[3753.5,2961.0],[3753.0,2960.5],[3752.0,2960.5],[3751.5,2960.0],[3751.0,2959.5],[3750.0,2959.5],[3749.0,2959.5],[3748.5,2959.0],[3748.0,2958.5],[3747.0,2958.5],[3746.5,2958.0],[3746.0,2957.5],[3745.0,2957.5],[3744.5,2957.0],[3744.0,2956.5],[3743.0,2956.5],[3742.5,2956.0],[3742.0,2955.5],[3741.0,2955.5],[3740.0,2955.5],[3739.5,2955.0],[3739.0,2954.5],[3738.0,2954.5],[3737.0,2954.5],[3736.0,2954.5],[3735.0,2954.5],[3734.0,2954.5],[3733.0,2954.5],[3732.0,2954.5],[3731.0,2954.5],[3730.0,2954.5],[3729.0,2954.5],[3728.0,2954.5],[3727.0,2954.5],[3726.0,2954.5],[3725.0,2954.5],[3724.5,2954.0],[3724.0,2953.5],[3723.5,2953.0],[3723.0,2952.5],[3722.5,2952.0],[3722.0,2951.5],[3721.0,2951.5],[3720.5,2951.0],[3720.0,2950.5],[3719.5,2950.0],[3719.0,2949.5],[3718.0,2949.5],[3717.0,2949.5],[3716.0,2949.5],[3715.5,2949.0],[3715.0,2948.5],[3714.0,2948.5],[3713.0,2948.5],[3712.0,2948.5],[3711.5,2948.0],[3711.0,2947.5],[3710.0,2947.5],[3709.0,2947.5],[3708.5,2947.0],[3708.0,2946.5],[3707.5,2946.0],[3707.0,2945.5],[3706.5,2945.0],[3706.0,2944.5],[3705.5,2944.0],[3705.0,2943.5],[3704.0,2943.5],[3703.5,2943.0],[3703.0,2942.5],[3702.5,2942.0],[3702.0,2941.5],[3701.5,2941.0],[3701.0,2940.5],[3700.0,2940.5],[3699.5,2940.0],[3699.0,2939.5],[3698.5,2939.0],[3698.0,2938.5],[3697.0,2938.5],[3696.5,2938.0],[3696.0,2937.5],[3695.5,2937.0],[3695.0,2936.5],[3694.5,2936.0],[3694.0,2935.5],[3693.5,2935.0],[3693.0,2934.5],[3692.0,2934.5],[3691.5,2934.0],[3691.0,2933.5],[3690.5,2933.0],[3690.0,2932.5],[3689.0,2932.5],[3688.5,2932.0],[3688.0,2931.5],[3687.0,2931.5],[3686.5,2931.0],[3686.0,2930.5],[3685.0,2930.5],[3684.5,2930.0],[3684.0,2929.5]]","[[243045.36847496,431250.80674744,84.27334404],[243045.36855507,431250.80700684,84.27356434],[243045.36839294,431250.80750275,84.273561],[243045.36823082,431250.80799866,84.27355719],[243045.36831093,431250.80825043,84.27377748],[243045.36839104,431250.80850983,84.27399826],[243045.36847115,431250.8087616,84.27421856],[243045.36855125,431250.809021,84.27443886],[243045.36838913,431250.80951691,84.27443552],[243045.36846924,431250.80976868,84.27465582],[243045.36854935,431250.81002808,84.27487659],[243045.36838722,431250.81052399,84.27487278],[243045.36846733,431250.81078339,84.27509356],[243045.36854744,431250.81103516,84.27531433],[243045.36838531,431250.81153107,84.27531052],[243045.36822319,431250.81203461,84.2753067],[243045.3683033,431250.81228638,84.27552748],[243045.36838341,431250.81254578,84.27574825],[243045.36822128,431250.81304169,84.27574491],[243045.36806107,431250.8135376,84.2757411],[243045.36814117,431250.813797,84.27596188],[243045.36822128,431250.81404877,84.27618265],[243045.36805916,431250.81454468,84.27617884],[243045.36789703,431250.81504822,84.2761755],[243045.36773491,431250.81554413,84.27617168],[243045.36757278,431250.81604004,84.27616835],[243045.36741257,431250.81653595,84.27616453],[243045.36749268,431250.81679535,84.27638531],[243045.36757088,431250.81705475,84.27660608],[243045.36741066,431250.81755066,84.27660274],[243045.36748886,431250.81780243,84.27682352],[243045.36756897,431250.81806183,84.2770443],[243045.36740875,431250.81855774,84.27704096],[243045.36724663,431250.81906128,84.27703714],[243045.36732674,431250.81931305,84.2772584],[243045.36740685,431250.81957245,84.27747917],[243045.36748505,431250.81982422,84.27770042],[243045.36756516,431250.82008362,84.27792168],[243045.36740494,431250.82057953,84.27791786],[243045.36748314,431250.82083893,84.27813911],[243045.36756325,431250.82109833,84.27836037],[243045.36740303,431250.82159424,84.27835655],[243045.36748123,431250.82185364,84.2785778],[243045.36756134,431250.82210541,84.27879906],[243045.36739922,431250.82260895,84.27879524],[243045.36747932,431250.82286072,84.27901697],[243045.36755943,431250.82312012,84.27923822],[243045.36739731,431250.82361603,84.27923441],[243045.36747742,431250.82387543,84.27945566],[243045.36755753,431250.82413483,84.27967739],[243045.36763763,431250.82439423,84.27989864],[243045.36771774,431250.824646,84.28012037],[243045.36755562,431250.82514954,84.28011656],[243045.36763573,431250.82540131,84.28033829],[243045.36771584,431250.82566071,84.28055954],[243045.36755371,431250.82615662,84.2805562],[243045.36739159,431250.82666016,84.28055239],[243045.36747169,431250.82691956,84.28077412],[243045.3675518,431250.82717133,84.28099585],[243045.36738968,431250.82767487,84.28099203],[243045.36746979,431250.82793427,84.28121376],[243045.3675499,431250.82818604,84.28143549],[243045.36738777,431250.82868958,84.28143215],[243045.36746788,431250.82894135,84.28165388],[243045.36754799,431250.82920074,84.28187561],[243045.36738586,431250.82970428,84.2818718],[243045.36746597,431250.82995605,84.28209352],[243045.36754608,431250.83021545,84.28231573],[243045.36738396,431250.83071899,84.28231192],[243045.36722183,431250.8312149,84.2823081],[243045.36730194,431250.8314743,84.28253031],[243045.36738205,431250.8317337,84.28275204],[243045.36721992,431250.83222961,84.2827487],[243045.3670578,431250.83273315,84.28274488],[243045.36689568,431250.83322906,84.28274107],[243045.36673355,431250.83372498,84.28273773],[243045.36657143,431250.83422852,84.28273392],[243045.3664093,431250.83472443,84.28273058],[243045.36624718,431250.83522797,84.28272676],[243045.36608505,431250.83572388,84.28272343],[243045.36592293,431250.83622742,84.28271961],[243045.3657608,431250.83672333,84.2827158],[243045.36559868,431250.83721924,84.28271246],[243045.36543655,431250.83772278,84.28270864],[243045.36527443,431250.83821869,84.28270531],[243045.3651123,431250.83872223,84.28270149],[243045.36519241,431250.83898163,84.2829237],[243045.36527252,431250.83924103,84.28314543],[243045.36535263,431250.83950043,84.28336763],[243045.36543274,431250.8397522,84.28358984],[243045.36551094,431250.8400116,84.28381205],[243045.36559105,431250.840271,84.28403425],[243045.36542892,431250.84077454,84.28403044],[243045.36550903,431250.84103394,84.28425264],[243045.36558914,431250.84129333,84.28447485],[243045.36566925,431250.84155273,84.28469706],[243045.36574936,431250.84181213,84.28491974],[243045.36558723,431250.84230804,84.28491592],[243045.36542511,431250.84281158,84.28491259],[243045.36526299,431250.8433075,84.28490877],[243045.36534309,431250.84356689,84.28513098],[243045.3654232,431250.84382629,84.28535366],[243045.36526108,431250.84432983,84.28534985],[243045.36509705,431250.84482574,84.28534651],[243045.36493492,431250.84532928,84.28534269],[243045.36501503,431250.84558868,84.28556538],[243045.36509514,431250.84584808,84.28578758],[243045.36493301,431250.84634399,84.28578424],[243045.36477089,431250.84684753,84.28578043],[243045.364851,431250.84710693,84.28600311],[243045.36493111,431250.84736633,84.28622532],[243045.36501122,431250.84762573,84.286448],[243045.36509132,431250.84788513,84.28667068],[243045.36517143,431250.84814453,84.28689337],[243045.36525154,431250.84840393,84.28711605],[243045.36532974,431250.84866333,84.28733873],[243045.36541176,431250.84892273,84.28756142],[243045.36524773,431250.84942627,84.28755808],[243045.36532784,431250.84968567,84.28778076],[243045.36540794,431250.84994507,84.28800392],[243045.36548805,431250.85020447,84.2882266],[243045.36556816,431250.85046387,84.28844976],[243045.36564827,431250.85072327,84.28867245],[243045.36572838,431250.8509903,84.28889561],[243045.36556625,431250.85148621,84.28889179],[243045.36564636,431250.85174561,84.28911495],[243045.36572647,431250.852005,84.28933811],[243045.36580658,431250.85227203,84.28956127],[243045.36588669,431250.85253143,84.28978443],[243045.36572456,431250.85302734,84.28978062],[243045.36580467,431250.85329437,84.29000378],[243045.36588478,431250.85355377,84.29022694],[243045.36596489,431250.85381317,84.29045057],[243045.366045,431250.85407257,84.29067373],[243045.36612511,431250.85433197,84.29089689],[243045.36620522,431250.854599,84.29112053],[243045.36628532,431250.8548584,84.29134369],[243045.36636543,431250.8551178,84.29156733],[243045.36620331,431250.85562134,84.29156351],[243045.36628342,431250.85588074,84.29178715],[243045.36636353,431250.85614014,84.29201078],[243045.36644363,431250.85639954,84.29223442],[243045.36652374,431250.85665894,84.29245758],[243045.36636162,431250.85716248,84.29245424],[243045.36644173,431250.85742188,84.29267788],[243045.36652184,431250.8576889,84.29290152],[243045.36635971,431250.85818481,84.2928977],[243045.36643982,431250.85845184,84.29312181],[243045.36651993,431250.85871124,84.29334545],[243045.3663559,431250.85921478,84.29334211],[243045.36643791,431250.85947418,84.29356575],[243045.36651802,431250.85973358,84.29378939]]",dji_pose_mesh_ray_contour_nodes,
373,362,3,SPL,5274.9324,2917.1486,5268,2912,5280,2922,12,10,74,243045.63520432,431250.06721497,84.30318975,dji_pose_mesh_ray_centroid,True,True,314852,2.459388,warp,,5274.9324,2917.1486,1,1,1.0,1,2.459388,2.459388,16,16,1.0,"[[5268.0,2916.5],[5268.5,2916.0],[5269.0,2915.5],[5270.0,2915.5],[5270.5,2915.0],[5271.0,2914.5],[5272.0,2914.5],[5273.0,2914.5],[5274.0,2914.5],[5274.5,2914.0],[5275.0,2913.5],[5276.0,2913.5],[5276.5,2913.0],[5277.0,2912.5],[5278.0,2912.5],[5278.5,2912.0]]","[[243045.63427162,431250.07058716,84.30347013],[243045.63454247,431250.07028198,84.3036952],[243045.6348114,431250.06998444,84.30392027],[243045.63498116,431250.06948853,84.30392218],[243045.635252,431250.06919098,84.30414724],[243045.63552094,431250.0688858,84.30437231],[243045.63569069,431250.06838989,84.30437374],[243045.63586044,431250.06789398,84.30437565],[243045.63602829,431250.06739807,84.30437708],[243045.63629913,431250.06710052,84.30460215],[243045.63656998,431250.06680298,84.30482769],[243045.63673782,431250.06630707,84.30482912],[243045.63700867,431250.06600189,84.30505466],[243045.63727951,431250.06570435,84.30527973],[243045.63744926,431250.06520844,84.30528116],[243045.6377182,431250.06490326,84.30550671]]",dji_pose_mesh_ray_contour_nodes,
374,363,3,SPL,4455.3766,2931.8768,4372,2914,4512,2948,140,34,2557,243045.49202347,431250.47492981,84.29512501,dji_pose_mesh_ray_centroid,True,True,1220234,2.246241,warp,,4455.3766,2931.8768,1,1,1.0,1,2.246241,2.246241,191,191,1.0,"[[4372.0,2921.5],[4372.5,2921.0],[4373.0,2920.5],[4374.0,2920.5],[4374.5,2921.0],[4375.0,2921.5],[4376.0,2921.5],[4377.0,2921.5],[4378.0,2921.5],[4379.0,2921.5],[4380.0,2921.5],[4381.0,2921.5],[4382.0,2921.5],[4382.5,2922.0],[4383.0,2922.5],[4383.5,2923.0],[4384.0,2923.5],[4385.0,2923.5],[4386.0,2923.5],[4386.5,2924.0],[4387.0,2924.5],[4388.0,2924.5],[4388.5,2925.0],[4389.0,2925.5],[4389.5,2926.0],[4390.0,2926.5],[4390.5,2926.0],[4391.0,2925.5],[4391.5,2925.0],[4392.0,2924.5],[4393.0,2924.5],[4393.5,2924.0],[4394.0,2923.5],[4395.0,2923.5],[4395.5,2924.0],[4396.0,2924.5],[4397.0,2924.5],[4397.5,2925.0],[4397.5,2926.0],[4398.0,2926.5],[4398.5,2927.0],[4398.0,2927.5],[4397.0,2927.5],[4396.0,2927.5],[4395.0,2927.5],[4394.0,2927.5],[4393.0,2927.5],[4392.0,2927.5],[4391.5,2928.0],[4391.5,2929.0],[4391.5,2930.0],[4391.5,2931.0],[4391.5,2932.0],[4391.5,2933.0],[4391.5,2934.0],[4392.0,2934.5],[4392.5,2935.0],[4393.0,2935.5],[4393.5,2936.0],[4394.0,2936.5],[4395.0,2936.5],[4396.0,2936.5],[4397.0,2936.5],[4397.5,2936.0],[4397.5,2935.0],[4398.0,2934.5],[4398.5,2934.0],[4398.5,2933.0],[4398.5,2932.0],[4398.5,2931.0],[4398.5,2930.0],[4398.5,2929.0],[4399.0,2928.5],[4399.5,2928.0],[4400.0,2927.5],[4400.5,2928.0],[4401.0,2928.5],[4401.5,2929.0],[4402.0,2929.5],[4402.5,2930.0],[4403.0,2930.5],[4404.0,2930.5],[4404.5,2931.0],[4405.0,2931.5],[4406.0,2931.5],[4406.5,2932.0],[4407.0,2932.5],[4408.0,2932.5],[4409.0,2932.5],[4410.0,2932.5],[4411.0,2932.5],[4412.0,2932.5],[4412.5,2933.0],[4413.0,2933.5],[4414.0,2933.5],[4414.5,2934.0],[4415.0,2934.5],[4416.0,2934.5],[4417.0,2934.5],[4418.0,2934.5],[4419.0,2934.5],[4420.0,2934.5],[4421.0,2934.5],[4422.0,2934.5],[4422.5,2934.0],[4423.0,2933.5],[4423.5,2933.0],[4424.0,2932.5],[4424.5,2932.0],[4424.5,2931.0],[4425.0,2930.5],[4425.5,2930.0],[4426.0,2929.5],[4427.0,2929.5],[4427.5,2929.0],[4428.0,2928.5],[4429.0,2928.5],[4430.0,2928.5],[4430.5,2928.0],[4431.0,2927.5],[4432.0,2927.5],[4433.0,2927.5],[4434.0,2927.5],[4435.0,2927.5],[4435.5,2927.0],[4436.0,2926.5],[4437.0,2926.5],[4437.5,2926.0],[4438.0,2925.5],[4438.5,2925.0],[4439.0,2924.5],[4439.5,2924.0],[4440.0,2923.5],[4441.0,2923.5],[4441.5,2923.0],[4442.0,2922.5],[4442.5,2922.0],[4443.0,2921.5],[4443.5,2921.0],[4444.0,2920.5],[4444.5,2920.0],[4445.0,2919.5],[4445.5,2919.0],[4446.0,2918.5],[4447.0,2918.5],[4447.5,2918.0],[4448.0,2917.5],[4449.0,2917.5],[4449.5,2917.0],[4450.0,2916.5],[4451.0,2916.5],[4452.0,2916.5],[4453.0,2916.5],[4454.0,2916.5],[4455.0,2916.5],[4456.0,2916.5],[4457.0,2916.5],[4458.0,2916.5],[4459.0,2916.5],[4460.0,2916.5],[4460.5,2917.0],[4461.0,2917.5],[4462.0,2917.5],[4462.5,2918.0],[4463.0,2918.5],[4464.0,2918.5],[4464.5,2919.0],[4465.0,2919.5],[4466.0,2919.5],[4466.5,2920.0],[4467.0,2920.5],[4468.0,2920.5],[4469.0,2920.5],[4470.0,2920.5],[4471.0,2920.5],[4472.0,2920.5],[4473.0,2920.5],[4474.0,2920.5],[4474.5,2920.0],[4475.0,2919.5],[4476.0,2919.5],[4477.0,2919.5],[4477.5,2919.0],[4478.0,2918.5],[4478.5,2918.0],[4479.0,2917.5],[4479.5,2917.0],[4479.5,2916.0],[4480.0,2915.5],[4480.5,2915.0],[4480.5,2914.0]]","[[243045.48367882,431250.51583862,84.2991395],[243045.4839077,431250.51557922,84.2993722],[243045.48413658,431250.51531219,84.29960489],[243045.48427582,431250.51481628,84.29961348],[243045.48418617,431250.5145874,84.29938936],[243045.48409843,431250.51435089,84.29916525],[243045.48423767,431250.51385498,84.29917383],[243045.48437691,431250.51335907,84.29918241],[243045.48451614,431250.51286316,84.299191],[243045.48465538,431250.51236725,84.29919958],[243045.48479652,431250.51187134,84.29920816],[243045.48493576,431250.51137543,84.29921675],[243045.485075,431250.51088715,84.29922533],[243045.48498726,431250.51065063,84.29900169],[243045.48489761,431250.51042175,84.29877758],[243045.48480797,431250.51018524,84.29855347],[243045.48472023,431250.50995636,84.29832983],[243045.48485947,431250.50946045,84.29833841],[243045.4849987,431250.50896454,84.298347],[243045.48491096,431250.50872803,84.29812288],[243045.48482132,431250.50849915,84.29789925],[243045.48496056,431250.50800323,84.29790783],[243045.48487282,431250.50777435,84.29768419],[243045.48478317,431250.50753784,84.29746056],[243045.48469543,431250.50730896,84.29723692],[243045.48460579,431250.50707245,84.29701328],[243045.48483467,431250.50681305,84.2972455],[243045.48506355,431250.50654602,84.29747772],[243045.48529053,431250.50628662,84.29770994],[243045.48551941,431250.50601959,84.29794216],[243045.48565865,431250.50552368,84.29795074],[243045.48588753,431250.50526428,84.29818344],[243045.48611641,431250.50499725,84.29841566],[243045.48625374,431250.50450134,84.29842424],[243045.486166,431250.50427246,84.29820061],[243045.48607635,431250.50404358,84.29797649],[243045.4862175,431250.50354767,84.29798508],[243045.48612785,431250.50331116,84.29776144],[243045.48581123,431250.5033493,84.29730558],[243045.48572159,431250.50311279,84.29708195],[243045.48563385,431250.50288391,84.29685831],[243045.48540497,431250.50314331,84.29662609],[243045.48526573,431250.50363922,84.29661751],[243045.4851265,431250.50413513,84.29660892],[243045.48498726,431250.50463104,84.29660034],[243045.48484802,431250.50512695,84.29659176],[243045.48470879,431250.50562286,84.29658318],[243045.48456764,431250.50611877,84.29657459],[243045.48434067,431250.50637817,84.29634237],[243045.48402405,431250.50640869,84.29588699],[243045.48370743,431250.50644684,84.29543114],[243045.48339081,431250.50647736,84.29497576],[243045.48307419,431250.50650787,84.29452085],[243045.48275757,431250.50653839,84.29406548],[243045.48244286,431250.50656891,84.29361057],[243045.48235321,431250.50634003,84.29338789],[243045.48226547,431250.50610352,84.29316473],[243045.48217773,431250.50587463,84.29294157],[243045.48208809,431250.50564575,84.29271841],[243045.48200035,431250.50540924,84.29249573],[243045.48213959,431250.50491333,84.29250431],[243045.48227882,431250.50442505,84.29251289],[243045.48241806,431250.50392914,84.29252195],[243045.48264503,431250.50366211,84.29275322],[243045.48296165,431250.50363159,84.29320812],[243045.48319054,431250.50337219,84.29343939],[243045.48341751,431250.50310516,84.29367113],[243045.48373413,431250.50307465,84.29412603],[243045.48405075,431250.50304413,84.29458141],[243045.48436737,431250.50301361,84.29503632],[243045.48468399,431250.50297546,84.2954917],[243045.48500061,431250.50294495,84.29594707],[243045.48522758,431250.50268555,84.29617929],[243045.48545647,431250.50241852,84.29641151],[243045.48568344,431250.50215912,84.29664326],[243045.4855957,431250.50192261,84.2964201],[243045.48550606,431250.50169373,84.29619646],[243045.48541832,431250.50146484,84.29597282],[243045.48532867,431250.50122833,84.29574966],[243045.48524094,431250.50099945,84.2955265],[243045.48515129,431250.50077057,84.29530287],[243045.48529243,431250.50027466,84.29531145],[243045.48520279,431250.50004578,84.29508829],[243045.48511505,431250.49980927,84.29486513],[243045.48525429,431250.49932098,84.29487371],[243045.48516464,431250.49908447,84.29465055],[243045.4850769,431250.49885559,84.29442739],[243045.48521614,431250.49835968,84.29443598],[243045.48535538,431250.49786377,84.29444456],[243045.48549461,431250.49737549,84.29445314],[243045.48563385,431250.49687958,84.29446173],[243045.48577309,431250.49638367,84.29447031],[243045.48568344,431250.49615479,84.29424715],[243045.4855957,431250.49591827,84.29402447],[243045.48573494,431250.49542999,84.29403305],[243045.4856472,431250.49519348,84.29380989],[243045.48555756,431250.4949646,84.29358673],[243045.48569679,431250.49446869,84.29359531],[243045.48583603,431250.49398041,84.2936039],[243045.48597527,431250.4934845,84.29361296],[243045.4861145,431250.49298859,84.29362154],[243045.48625374,431250.49249268,84.29363012],[243045.48639297,431250.49200439,84.29363871],[243045.48653221,431250.49150848,84.29364729],[243045.48675919,431250.49124146,84.29387903],[243045.48698807,431250.49098206,84.29411077],[243045.48721504,431250.49071503,84.29434252],[243045.48744392,431250.490448,84.29457426],[243045.4876709,431250.4901886,84.294806],[243045.48798943,431250.49015045,84.29526091],[243045.4882164,431250.48989105,84.29549265],[243045.48844528,431250.48962402,84.29572487],[243045.48867416,431250.48936462,84.29595661],[243045.48881149,431250.48886871,84.29596519],[243045.48904037,431250.48860168,84.29619694],[243045.48926926,431250.48834229,84.29642916],[243045.48940849,431250.48784637,84.29643774],[243045.48954773,431250.48735046,84.29644632],[243045.4897747,431250.48708344,84.29667854],[243045.49000359,431250.48682404,84.29691029],[243045.49014282,431250.48632812,84.29691887],[243045.49028206,431250.48583221,84.29692745],[243045.4904213,431250.4853363,84.29693651],[243045.49056053,431250.48484039,84.29694509],[243045.49078941,431250.48458099,84.29717684],[243045.49101639,431250.48431396,84.29740906],[243045.49115753,431250.48381805,84.29741764],[243045.49138451,431250.48355865,84.29764986],[243045.49161339,431250.48329163,84.2978816],[243045.49184227,431250.4830246,84.29811382],[243045.49207115,431250.4827652,84.29834604],[243045.49229813,431250.48249817,84.29857826],[243045.49252701,431250.48223114,84.29881048],[243045.49266624,431250.48173523,84.29881906],[243045.49289513,431250.48147583,84.29905128],[243045.49312401,431250.4812088,84.29928398],[243045.49335289,431250.48094177,84.2995162],[243045.49358177,431250.48067474,84.29974842],[243045.49380875,431250.48041534,84.29998112],[243045.49403763,431250.48014832,84.30021334],[243045.49426651,431250.47988129,84.30044556],[243045.49449539,431250.47961426,84.30067825],[243045.49472427,431250.47935486,84.30091095],[243045.49495316,431250.47908783,84.30114317],[243045.49509239,431250.47859192,84.30115175],[243045.49532127,431250.47832489,84.30138445],[243045.49555016,431250.47806549,84.30161715],[243045.49568939,431250.47756958,84.30162573],[243045.49591827,431250.47730255,84.30185842],[243045.49614716,431250.47703552,84.30209112],[243045.49628639,431250.47653961,84.30209923],[243045.49642563,431250.4760437,84.30210781],[243045.49656487,431250.47555542,84.30211639],[243045.49670601,431250.47505951,84.30212498],[243045.49684334,431250.4745636,84.30213356],[243045.49698448,431250.47406769,84.30214214],[243045.49712372,431250.47357178,84.30215073],[243045.49726868,431250.47307587,84.3021574],[243045.49741745,431250.47257996,84.30216408],[243045.49756432,431250.47208405,84.30217075],[243045.49748039,431250.47185516,84.30194569],[243045.49739456,431250.47162628,84.30172014],[243045.49754333,431250.47113037,84.30172682],[243045.4974575,431250.47090149,84.30150175],[243045.49737358,431250.47067261,84.30127668],[243045.49752045,431250.4701767,84.30128336],[243045.49743652,431250.46994781,84.30105829],[243045.4973526,431250.46971893,84.30083322],[243045.49749947,431250.46922302,84.3008399],[243045.49741554,431250.46899414,84.30061483],[243045.49732971,431250.46876526,84.30038977],[243045.49747658,431250.46826935,84.30039644],[243045.49762535,431250.46777344,84.30040312],[243045.49777222,431250.46727753,84.30040979],[243045.49791908,431250.46678162,84.30041647],[243045.49806786,431250.46628571,84.30042314],[243045.49821472,431250.46578979,84.30042982],[243045.49836159,431250.46529388,84.3004365],[243045.49859428,431250.46502686,84.30066776],[243045.49882698,431250.46476746,84.30089951],[243045.49897385,431250.46427155,84.30090618],[243045.49912071,431250.46377563,84.30091286],[243045.49935341,431250.46350861,84.3011446],[243045.49958611,431250.46324158,84.30137634],[243045.49981689,431250.46297455,84.30160809],[243045.50004959,431250.46270752,84.30183983],[243045.50028229,431250.46244049,84.30207205],[243045.50059891,431250.46240234,84.30252886],[243045.5008316,431250.46213531,84.30276108],[243045.5010643,431250.46186829,84.30299282],[243045.50138092,431250.46183014,84.30345011]]",dji_pose_mesh_ray_contour_nodes,
375,364,3,SPL,865.1929,2918.3,854,2915,878,2922,24,7,140,243044.88566589,431252.28929901,84.2936964,dji_pose_mesh_ray_centroid,True,True,1219549,2.27428,warp,,865.1929,2918.3,1,1,1.0,1,2.27428,2.27428,12,12,1.0,"[[854.0,2916.5],[855.0,2916.5],[855.5,2916.0],[856.0,2915.5],[857.0,2915.5],[858.0,2915.5],[859.0,2915.5],[860.0,2915.5],[861.0,2915.5],[862.0,2915.5],[863.0,2915.5],[863.5,2915.0]]","[[243044.88384438,431252.29515839,84.29460382],[243044.88405228,431252.29467773,84.29459476],[243044.88429451,431252.29457855,84.29481411],[243044.88453674,431252.29447937,84.29503345],[243044.88474464,431252.29399872,84.29502439],[243044.88495255,431252.2935257,84.29501581],[243044.88516045,431252.29304504,84.29500675],[243044.88536835,431252.29256439,84.29499769],[243044.88557434,431252.29208374,84.29498863],[243044.88578224,431252.29161072,84.29497957],[243044.88599014,431252.29113007,84.29497051],[243044.88623238,431252.29103088,84.29518986]]",dji_pose_mesh_ray_contour_nodes,
376,365,3,SPL,3542.6796,2940.9746,3419,2915,3650,2961,231,46,2556,243045.33873177,431250.93018341,84.28838873,dji_pose_mesh_ray_centroid,True,True,1220109,2.095564,warp,,3542.6796,2940.9746,1,1,1.0,1,2.095564,2.095564,256,256,1.0,"[[3419.0,2953.5],[3420.0,2953.5],[3420.5,2953.0],[3421.0,2952.5],[3422.0,2952.5],[3423.0,2952.5],[3424.0,2952.5],[3425.0,2952.5],[3426.0,2952.5],[3428.0,2952.5],[3429.0,2952.5],[3430.0,2952.5],[3431.0,2952.5],[3431.5,2952.0],[3432.0,2951.5],[3433.0,2951.5],[3433.5,2951.0],[3435.0,2950.5],[3435.5,2950.0],[3436.0,2949.5],[3437.0,2949.5],[3438.0,2949.5],[3438.5,2949.0],[3439.0,2948.5],[3440.0,2948.5],[3441.0,2948.5],[3442.0,2947.5],[3443.0,2947.5],[3444.0,2947.5],[3444.5,2947.0],[3445.0,2946.5],[3446.0,2946.5],[3446.5,2946.0],[3447.0,2945.5],[3449.0,2945.5],[3449.5,2945.0],[3450.0,2944.5],[3451.0,2944.5],[3451.5,2944.0],[3452.0,2943.5],[3453.0,2943.5],[3453.5,2943.0],[3454.0,2942.5],[3455.5,2942.0],[3456.0,2941.5],[3456.5,2941.0],[3457.0,2940.5],[3458.0,2940.5],[3459.0,2940.5],[3460.0,2940.5],[3460.5,2940.0],[3462.0,2939.5],[3462.5,2939.0],[3463.0,2938.5],[3464.0,2938.5],[3465.0,2938.5],[3465.5,2938.0],[3466.0,2937.5],[3467.0,2937.5],[3468.0,2937.5],[3469.5,2938.0],[3470.0,2938.5],[3470.5,2939.0],[3471.0,2939.5],[3471.5,2940.0],[3471.5,2941.0],[3472.0,2941.5],[3472.5,2942.0],[3474.0,2942.5],[3475.0,2942.5],[3475.5,2943.0],[3476.0,2943.5],[3477.0,2943.5],[3478.0,2943.5],[3479.0,2943.5],[3480.0,2943.5],[3481.0,2943.5],[3482.0,2942.5],[3483.0,2942.5],[3483.5,2942.0],[3484.0,2941.5],[3485.0,2941.5],[3486.0,2941.5],[3486.5,2942.0],[3487.0,2942.5],[3489.0,2942.5],[3490.0,2942.5],[3491.0,2942.5],[3492.0,2942.5],[3493.0,2942.5],[3494.0,2942.5],[3494.5,2943.0],[3495.0,2943.5],[3496.0,2943.5],[3498.0,2943.5],[3499.0,2943.5],[3500.0,2943.5],[3501.0,2943.5],[3502.0,2943.5],[3503.0,2943.5],[3504.0,2943.5],[3505.0,2943.5],[3507.0,2943.5],[3508.0,2943.5],[3508.5,2944.0],[3509.0,2944.5],[3510.0,2944.5],[3511.0,2944.5],[3511.5,2945.0],[3512.0,2945.5],[3513.0,2945.5],[3514.0,2946.5],[3515.0,2946.5],[3515.5,2947.0],[3516.0,2947.5],[3517.0,2947.5],[3517.5,2947.0],[3518.0,2946.5],[3518.5,2946.0],[3519.5,2945.0],[3520.0,2944.5],[3521.0,2944.5],[3521.5,2944.0],[3522.0,2943.5],[3523.0,2943.5],[3523.5,2943.0],[3524.0,2942.5],[3525.0,2942.5],[3526.0,2943.5],[3527.0,2943.5],[3527.5,2944.0],[3528.0,2944.5],[3528.5,2945.0],[3529.0,2945.5],[3529.5,2946.0],[3530.0,2946.5],[3532.0,2946.5],[3533.0,2946.5],[3533.5,2946.0],[3533.5,2945.0],[3533.0,2944.5],[3532.5,2944.0],[3532.0,2943.5],[3531.5,2943.0],[3532.0,2942.5],[3534.0,2942.5],[3535.0,2942.5],[3536.0,2942.5],[3537.0,2942.5],[3538.0,2942.5],[3539.0,2942.5],[3539.5,2943.0],[3540.0,2943.5],[3542.0,2943.5],[3542.5,2943.0],[3543.0,2942.5],[3544.0,2942.5],[3545.0,2942.5],[3545.5,2942.0],[3546.0,2941.5],[3546.5,2941.0],[3546.5,2940.0],[3546.5,2938.0],[3546.5,2937.0],[3546.5,2936.0],[3546.5,2935.0],[3547.0,2934.5],[3547.5,2934.0],[3548.0,2933.5],[3548.5,2933.0],[3550.0,2932.5],[3551.0,2932.5],[3552.0,2932.5],[3553.0,2932.5],[3554.0,2932.5],[3555.0,2932.5],[3556.0,2932.5],[3556.5,2932.0],[3557.0,2931.5],[3558.5,2932.0],[3559.0,2932.5],[3560.0,2932.5],[3561.0,2932.5],[3561.5,2932.0],[3562.0,2931.5],[3563.0,2931.5],[3564.0,2931.5],[3565.0,2930.5],[3566.0,2930.5],[3566.5,2930.0],[3567.0,2929.5],[3568.0,2929.5],[3569.0,2929.5],[3570.0,2929.5],[3571.0,2929.5],[3572.0,2929.5],[3574.0,2929.5],[3574.5,2930.0],[3575.0,2930.5],[3576.0,2930.5],[3577.0,2930.5],[3578.0,2930.5],[3579.0,2930.5],[3579.5,2930.0],[3581.0,2929.5],[3581.5,2929.0],[3582.0,2928.5],[3583.0,2928.5],[3583.5,2928.0],[3584.0,2927.5],[3585.0,2927.5],[3585.5,2927.0],[3586.0,2926.5],[3588.0,2926.5],[3589.0,2926.5],[3590.0,2926.5],[3591.0,2926.5],[3592.0,2926.5],[3593.0,2926.5],[3594.0,2926.5],[3595.0,2926.5],[3597.0,2926.5],[3598.0,2926.5],[3599.0,2926.5],[3599.5,2926.0],[3600.0,2925.5],[3601.0,2925.5],[3602.0,2925.5],[3603.0,2925.5],[3603.5,2925.0],[3605.0,2924.5],[3606.0,2924.5],[3606.5,2924.0],[3607.0,2923.5],[3608.0,2923.5],[3609.0,2923.5],[3609.5,2923.0],[3610.0,2922.5],[3611.5,2922.0],[3612.0,2921.5],[3612.5,2921.0],[3613.0,2920.5],[3614.0,2920.5],[3615.0,2920.5],[3615.5,2920.0],[3616.0,2919.5],[3617.0,2919.5],[3618.0,2918.5],[3619.0,2918.5],[3619.5,2918.0],[3620.0,2917.5],[3620.5,2917.0],[3621.0,2916.5],[3621.5,2916.0],[3622.0,2915.5],[3623.5,2915.0]]","[[243045.31251526,431250.99141693,84.282866],[243045.31270027,431250.99092102,84.28286314],[243045.31295204,431250.99069214,84.28308582],[243045.31320381,431250.99047089,84.28330803],[243045.31339073,431250.98996735,84.28330564],[243045.31357765,431250.98947144,84.28330326],[243045.31376266,431250.98897552,84.2833004],[243045.31394958,431250.98847961,84.28329802],[243045.31413651,431250.98797607,84.28329563],[243045.31450844,431250.98698425,84.28329039],[243045.31469536,431250.98648834,84.283288],[243045.31488037,431250.98599243,84.28328562],[243045.31506729,431250.98548889,84.28328323],[243045.31531906,431250.98526764,84.28350544],[243045.31557083,431250.98503876,84.28372812],[243045.31575775,431250.98453522,84.28372574],[243045.31600952,431250.98431396,84.28394794],[243045.31644821,431250.98358154,84.28416824],[243045.31669998,431250.98335266,84.28439093],[243045.31695175,431250.98313141,84.28461313],[243045.31713867,431250.98262787,84.28461075],[243045.31732368,431250.98213196,84.28460836],[243045.31757736,431250.98190308,84.28483105],[243045.31782913,431250.98167419,84.28505373],[243045.31801605,431250.98117828,84.28505087],[243045.31820107,431250.98068237,84.28504848],[243045.31870651,431250.98022461,84.28549433],[243045.31889343,431250.9797287,84.28549194],[243045.31907845,431250.97922516,84.28548956],[243045.31933212,431250.97899628,84.28571224],[243045.31958389,431250.9787674,84.28593492],[243045.31977081,431250.97827148,84.28593254],[243045.32002258,431250.9780426,84.28615522],[243045.32027626,431250.97781372,84.28637791],[243045.32064819,431250.97681427,84.28637314],[243045.32090187,431250.97658539,84.2865963],[243045.32115364,431250.97635651,84.28681898],[243045.32134056,431250.9758606,84.2868166],[243045.32159424,431250.97563171,84.28703976],[243045.32184601,431250.97540283,84.28726292],[243045.32203293,431250.97490692,84.28726006],[243045.3222847,431250.97467804,84.28748321],[243045.32253838,431250.97444916,84.28770637],[243045.32297707,431250.97371674,84.28792715],[243045.32323074,431250.97348785,84.28815031],[243045.32348442,431250.97325897,84.28837347],[243045.32373619,431250.97303009,84.28859711],[243045.32392311,431250.97253418,84.28859425],[243045.32411003,431250.97203064,84.28859186],[243045.32429695,431250.97153473,84.28858948],[243045.32455063,431250.97130585,84.28881264],[243045.32498932,431250.97058105,84.28903341],[243045.325243,431250.97034454,84.28925705],[243045.32549667,431250.97011566,84.28948069],[243045.32568359,431250.96961975,84.28947782],[243045.32587051,431250.96912384,84.28947544],[243045.32612419,431250.96888733,84.28969908],[243045.32637596,431250.96865845,84.28992271],[243045.32656288,431250.96816254,84.28991985],[243045.3267498,431250.96766663,84.28991747],[243045.32686996,431250.96689606,84.28968906],[243045.32680321,431250.96662903,84.28946304],[243045.32673645,431250.96635437,84.2892375],[243045.3266716,431250.96608734,84.28901148],[243045.32660484,431250.96582031,84.28878546],[243045.32628441,431250.96578217,84.28833675],[243045.32621765,431250.96551514,84.28811073],[243045.32615089,431250.96524048,84.28788519],[243045.32627106,431250.96447754,84.28765678],[243045.32645798,431250.96398163,84.2876544],[243045.32639122,431250.96370697,84.28742886],[243045.32632446,431250.96343994,84.28720331],[243045.32651138,431250.96294403,84.28720093],[243045.32668877,431250.96244049,84.28720093],[243045.32686234,431250.96194458,84.28720188],[243045.3270359,431250.96144104,84.28720236],[243045.32720947,431250.96094513,84.28720331],[243045.32769775,431250.96047974,84.2876544],[243045.32787132,431250.9599762,84.28765535],[243045.32811546,431250.95974731,84.2878809],[243045.3283596,431250.95951843,84.28810644],[243045.32853317,431250.95901489,84.28810739],[243045.32870674,431250.95851898,84.28810787],[243045.32863617,431250.95824432,84.28788328],[243045.3285675,431250.95797729,84.28765821],[243045.32891464,431250.95697784,84.28766012],[243045.32908821,431250.95648193,84.2876606],[243045.32926178,431250.95597839,84.28766155],[243045.32943726,431250.95547485,84.28766203],[243045.32961082,431250.95497894,84.28766298],[243045.32978439,431250.9544754,84.28766394],[243045.32971382,431250.95420837,84.28743887],[243045.32964516,431250.95394135,84.28721428],[243045.32981873,431250.95344543,84.28721476],[243045.33016586,431250.95243835,84.28721666],[243045.33033943,431250.95194244,84.28721714],[243045.330513,431250.9514389,84.28721809],[243045.33068848,431250.95094299,84.28721905],[243045.33086205,431250.95043945,84.28721952],[243045.33103561,431250.94994354,84.28722048],[243045.33120918,431250.94944,84.28722095],[243045.33138275,431250.94894409,84.28722191],[243045.3317318,431250.94794464,84.28722334],[243045.33190536,431250.9474411,84.28722429],[243045.33183479,431250.94717407,84.2869997],[243045.33176422,431250.94690704,84.28677463],[243045.3319397,431250.9464035,84.28677559],[243045.33211327,431250.94590759,84.28677654],[243045.33204269,431250.94564056,84.28655148],[243045.33197212,431250.94537354,84.28632688],[243045.33214569,431250.94487,84.28632784],[243045.33200645,431250.94433594,84.28587866],[243045.33218002,431250.94384003,84.28587961],[243045.33210945,431250.943573,84.28565502],[243045.33203888,431250.94330597,84.28543043],[243045.33221245,431250.94280243,84.28543138],[243045.33245659,431250.94257355,84.28565645],[243045.33270073,431250.94233704,84.285882],[243045.33294487,431250.94210815,84.28610706],[243045.33343315,431250.94164276,84.28655815],[243045.33367729,431250.94140625,84.28678322],[243045.33385086,431250.94091034,84.28678417],[243045.334095,431250.94067383,84.28700972],[243045.33433914,431250.94044495,84.28723526],[243045.33451462,431250.93994141,84.28723574],[243045.33475876,431250.93971252,84.28746128],[243045.33500099,431250.93947601,84.28768682],[243045.33517647,431250.93897247,84.28768778],[243045.33503532,431250.93843842,84.28723812],[243045.33520889,431250.9379425,84.28723907],[243045.33513832,431250.93767548,84.28701401],[243045.33506775,431250.93740845,84.28678942],[243045.33499718,431250.93714142,84.28656483],[243045.33492851,431250.93687439,84.28634024],[243045.33485794,431250.93660736,84.28611565],[243045.33478737,431250.93634033,84.28589106],[243045.33513451,431250.93534088,84.28589249],[243045.33530807,431250.93484497,84.28589344],[243045.33555222,431250.93460846,84.28611898],[243045.33586693,431250.93463898,84.28656864],[243045.3359375,431250.93490601,84.28679323],[243045.33600807,431250.93517303,84.28701782],[243045.33607864,431250.93544006,84.28724289],[243045.33614922,431250.93570709,84.28746748],[243045.33639336,431250.93547821,84.28769302],[243045.33674049,431250.93447876,84.28769493],[243045.33691406,431250.93397522,84.28769541],[243045.33708954,431250.93347168,84.28769636],[243045.33726311,431250.93297577,84.28769684],[243045.33743668,431250.93247223,84.28769779],[243045.33761024,431250.93197632,84.28769875],[243045.33753967,431250.93170929,84.28747368],[243045.3374691,431250.93144226,84.28724909],[243045.33781815,431250.93044281,84.28725052],[243045.33806229,431250.9302063,84.28747606],[243045.33830643,431250.92997742,84.28770161],[243045.33848,431250.92947388,84.28770256],[243045.33865356,431250.92897797,84.28770304],[243045.33889771,431250.92874146,84.28792906],[243045.33914375,431250.92850494,84.2881546],[243045.33938789,431250.92827606,84.28838015],[243045.33970261,431250.92830658,84.28883076],[243045.34033394,431250.92836761,84.28973246],[243045.34065056,431250.92840576,84.29018354],[243045.34096527,431250.92843628,84.29063511],[243045.34128189,431250.9284668,84.2910862],[243045.34152794,431250.92823029,84.29131222],[243045.34177208,431250.9280014,84.29153824],[243045.34201813,431250.92776489,84.29176474],[243045.34226227,431250.92752838,84.29199076],[243045.34268188,431250.92679596,84.29221773],[243045.34285545,431250.92629242,84.29221868],[243045.34303093,431250.92579651,84.29221916],[243045.3432045,431250.92529297,84.29222012],[243045.34337997,431250.92478943,84.29222107],[243045.34355354,431250.92429352,84.29222155],[243045.34372711,431250.92378998,84.2922225],[243045.34397316,431250.92355347,84.292449],[243045.3442173,431250.92331696,84.29267502],[243045.3443203,431250.92255402,84.29245043],[243045.34424973,431250.92228699,84.29222488],[243045.34442329,431250.92178345,84.29222584],[243045.34459877,431250.92128754,84.29222631],[243045.34484291,431250.92105103,84.29245281],[243045.34508896,431250.92081451,84.29267883],[243045.34526253,431250.9203186,84.29267979],[243045.345438,431250.91981506,84.29268074],[243045.34592819,431250.91934204,84.29313326],[243045.34610176,431250.91884613,84.29313421],[243045.34634781,431250.91860962,84.29336071],[243045.34659386,431250.91837311,84.29358721],[243045.34676743,431250.91786957,84.29358768],[243045.3469429,431250.91737366,84.29358864],[243045.34711647,431250.91687012,84.29358911],[243045.34729004,431250.91636658,84.29359007],[243045.34746552,431250.91587067,84.29359102],[243045.34781265,431250.91486359,84.29359245],[243045.34774208,431250.91460419,84.29336691],[243045.3476696,431250.91433716,84.29314089],[243045.34784508,431250.91383362,84.29314184],[243045.34801865,431250.91333008,84.29314232],[243045.34819221,431250.91283417,84.29314327],[243045.34836769,431250.91233063,84.29314375],[243045.34861374,431250.91209412,84.29337025],[243045.34903336,431250.91136169,84.2935977],[243045.3492794,431250.91112518,84.2938242],[243045.34952545,431250.91088867,84.29405069],[243045.34969902,431250.91038513,84.29405165],[243045.34994507,431250.91014862,84.29427814],[243045.35019112,431250.90991211,84.29450464],[243045.35036469,431250.9094162,84.2945056],[243045.35061073,431250.90917969,84.29473209],[243045.35085678,431250.90894318,84.29495859],[243045.35120583,431250.9079361,84.2949605],[243045.3513813,431250.90744019,84.29496098],[243045.35155487,431250.90693665,84.29496193],[243045.35172844,431250.90643311,84.29496241],[243045.35190392,431250.90593719,84.29496336],[243045.35207748,431250.90543365,84.29496384],[243045.35225105,431250.90493011,84.29496479],[243045.35242653,431250.9044342,84.29496574],[243045.35277367,431250.90342712,84.29496717],[243045.35294914,431250.90293121,84.29496765],[243045.35312271,431250.90242767,84.2949686],[243045.35336876,431250.90219116,84.29519558],[243045.35361671,431250.90195465,84.29542208],[243045.35379028,431250.90145111,84.29542303],[243045.35396385,431250.90094757,84.29542351],[243045.35413933,431250.90045166,84.29542446],[243045.35438538,431250.90021515,84.29565096],[243045.3548069,431250.8994751,84.29587889],[243045.35498047,431250.89897156,84.29587936],[243045.35522652,431250.89873505,84.29610634],[243045.35547447,431250.89849854,84.29633331],[243045.35564804,431250.897995,84.29633379],[243045.35582161,431250.89749908,84.29633474],[243045.35606956,431250.89726257,84.29656172],[243045.35631561,431250.89702606,84.29678869],[243045.35673714,431250.89628601,84.29701662],[243045.35698318,431250.8960495,84.29724359],[243045.35722923,431250.89581299,84.29747057],[243045.35747719,431250.89556885,84.29769754],[243045.35765076,431250.89507294,84.2976985],[243045.35782623,431250.8945694,84.29769897],[243045.35807228,431250.89433289,84.29792595],[243045.35832024,431250.89409637,84.2981534],[243045.3584938,431250.89359283,84.29815388],[243045.35898781,431250.89311981,84.29860878],[243045.35916328,431250.89261627,84.29860926],[243045.35940933,431250.89237976,84.29883671],[243045.35965729,431250.89214325,84.29906368],[243045.35990334,431250.89190674,84.29929113],[243045.36015129,431250.8916626,84.29951858],[243045.36039925,431250.89142609,84.29974604],[243045.36064529,431250.89118958,84.29997349],[243045.36106873,431250.89044952,84.30020142]]",dji_pose_mesh_ray_contour_nodes,
377,366,3,SPL,4338.2857,2926.4286,4337,2926,4341,2928,4,2,7,243045.47740936,431250.53270721,84.29659986,dji_pose_mesh_ray_centroid,True,True,1220240,2.226106,warp,,4338.2857,2926.4286,1,1,1.0,1,2.226106,2.226106,2,2,1.0,"[[4340.0,2926.5],[4339.5,2927.0]]","[[243045.4776268,431250.53186035,84.29658222],[243045.47739983,431250.53211975,84.29634953]]",dji_pose_mesh_ray_contour_nodes,
378,367,3,SPL,2874.6918,2961.5001,2795,2935,2956,2989,161,54,3975,243045.2134304,431251.26205444,84.27944136,dji_pose_mesh_ray_centroid,True,True,1220089,2.039108,warp,,2874.6918,2961.5001,1,1,1.0,1,2.039108,2.039108,173,173,1.0,"[[2795.0,2969.5],[2795.5,2969.0],[2796.0,2968.5],[2797.0,2968.5],[2798.0,2968.5],[2798.5,2968.0],[2799.0,2967.5],[2800.0,2967.5],[2800.5,2967.0],[2801.0,2966.5],[2801.5,2966.0],[2802.0,2965.5],[2803.0,2965.5],[2804.0,2965.5],[2805.0,2965.5],[2805.5,2965.0],[2806.0,2964.5],[2807.0,2964.5],[2807.5,2964.0],[2808.0,2963.5],[2809.0,2963.5],[2809.5,2963.0],[2810.0,2962.5],[2811.0,2962.5],[2812.0,2962.5],[2812.5,2962.0],[2813.0,2961.5],[2814.0,2961.5],[2815.0,2961.5],[2816.0,2961.5],[2817.0,2961.5],[2817.5,2961.0],[2818.0,2960.5],[2819.0,2960.5],[2820.0,2960.5],[2821.0,2960.5],[2822.0,2960.5],[2823.0,2960.5],[2824.0,2960.5],[2825.0,2960.5],[2826.0,2960.5],[2827.0,2960.5],[2828.0,2960.5],[2829.0,2960.5],[2830.0,2960.5],[2831.0,2960.5],[2831.5,2960.0],[2832.0,2959.5],[2833.0,2959.5],[2834.0,2959.5],[2835.0,2959.5],[2835.5,2959.0],[2836.0,2958.5],[2837.0,2958.5],[2838.0,2958.5],[2838.5,2958.0],[2839.0,2957.5],[2839.5,2957.0],[2840.0,2956.5],[2841.0,2956.5],[2842.0,2956.5],[2842.5,2956.0],[2843.0,2955.5],[2844.0,2955.5],[2844.5,2955.0],[2845.0,2954.5],[2846.0,2954.5],[2847.0,2954.5],[2847.5,2954.0],[2848.0,2953.5],[2849.0,2953.5],[2850.0,2953.5],[2851.0,2953.5],[2851.5,2953.0],[2852.0,2952.5],[2853.0,2952.5],[2854.0,2952.5],[2855.0,2952.5],[2856.0,2952.5],[2856.5,2952.0],[2857.0,2951.5],[2858.0,2951.5],[2859.0,2951.5],[2860.0,2951.5],[2860.5,2951.0],[2861.0,2950.5],[2862.0,2950.5],[2862.5,2950.0],[2863.0,2949.5],[2864.0,2949.5],[2864.5,2949.0],[2865.0,2948.5],[2866.0,2948.5],[2867.0,2948.5],[2868.0,2948.5],[2868.5,2948.0],[2869.0,2947.5],[2870.0,2947.5],[2871.0,2947.5],[2871.5,2947.0],[2872.0,2946.5],[2873.0,2946.5],[2874.0,2946.5],[2875.0,2946.5],[2876.0,2946.5],[2877.0,2946.5],[2878.0,2946.5],[2879.0,2946.5],[2880.0,2946.5],[2881.0,2946.5],[2882.0,2946.5],[2882.5,2947.0],[2883.0,2947.5],[2884.0,2947.5],[2885.0,2947.5],[2886.0,2947.5],[2886.5,2947.0],[2887.0,2946.5],[2888.0,2946.5],[2889.0,2946.5],[2890.0,2946.5],[2890.5,2946.0],[2891.0,2945.5],[2891.5,2945.0],[2892.0,2944.5],[2892.5,2944.0],[2892.5,2943.0],[2893.0,2942.5],[2894.0,2942.5],[2894.5,2942.0],[2895.0,2941.5],[2896.0,2941.5],[2896.5,2941.0],[2897.0,2940.5],[2898.0,2940.5],[2899.0,2940.5],[2900.0,2940.5],[2900.5,2940.0],[2901.0,2939.5],[2902.0,2939.5],[2903.0,2939.5],[2903.5,2939.0],[2904.0,2938.5],[2905.0,2938.5],[2905.5,2938.0],[2906.0,2937.5],[2907.0,2937.5],[2908.0,2937.5],[2908.5,2937.0],[2909.0,2936.5],[2910.0,2936.5],[2911.0,2936.5],[2911.5,2936.0],[2912.0,2935.5],[2913.0,2935.5],[2914.0,2935.5],[2915.0,2935.5],[2916.0,2935.5],[2917.0,2935.5],[2918.0,2935.5],[2919.0,2935.5],[2920.0,2935.5],[2921.0,2935.5],[2922.0,2935.5],[2923.0,2935.5],[2924.0,2935.5],[2925.0,2935.5],[2926.0,2935.5],[2927.0,2935.5],[2928.0,2935.5],[2929.0,2935.5],[2930.0,2935.5],[2930.5,2935.0]]","[[243045.19748306,431251.30115509,84.27574253],[243045.1977253,431251.3009491,84.27596331],[243045.19796753,431251.30075073,84.27618456],[243045.19813538,431251.30024719,84.27618647],[243045.19830513,431251.29975128,84.27618885],[243045.19854736,431251.29955292,84.27640963],[243045.1987896,431251.29934692,84.27663088],[243045.19895744,431251.29885101,84.27663326],[243045.19919968,431251.29864502,84.27685451],[243045.19944191,431251.29844666,84.27707577],[243045.19968414,431251.29824066,84.27729702],[243045.19992638,431251.2980423,84.27751827],[243045.20009422,431251.29753876,84.27752018],[243045.20026398,431251.29704285,84.27752256],[243045.20043182,431251.29653931,84.27752495],[243045.20067406,431251.29634094,84.2777462],[243045.20091629,431251.29613495,84.27796745],[243045.20108604,431251.29563904,84.27796984],[243045.20132828,431251.29543304,84.27819109],[243045.20157051,431251.29523468,84.27841234],[243045.20173836,431251.29473114,84.27841473],[243045.20198059,431251.29453278,84.27863598],[243045.20222473,431251.29432678,84.27885771],[243045.20239258,431251.29383087,84.27885961],[243045.20256042,431251.29332733,84.278862],[243045.20280457,431251.29312897,84.27908325],[243045.2030468,431251.29292297,84.27930498],[243045.20321465,431251.29241943,84.27930737],[243045.20338249,431251.29192352,84.27930975],[243045.20355225,431251.29141998,84.27931166],[243045.20372009,431251.29092407,84.27931404],[243045.20396233,431251.29071808,84.27953529],[243045.20420647,431251.29051971,84.27975702],[243045.20437431,431251.29001617,84.27975941],[243045.20454216,431251.28951263,84.27976131],[243045.20471191,431251.28901672,84.2797637],[243045.20487976,431251.28851318,84.27976608],[243045.20504761,431251.28800964,84.27976799],[243045.20521736,431251.28751373,84.27977037],[243045.20538521,431251.28701019,84.27977276],[243045.20555305,431251.28651428,84.27977467],[243045.2057209,431251.28601074,84.27977705],[243045.20589066,431251.2855072,84.27977943],[243045.2060585,431251.28501129,84.27978134],[243045.20622635,431251.28450775,84.27978373],[243045.2063942,431251.28401184,84.27978563],[243045.20663834,431251.28380585,84.28000736],[243045.20688057,431251.28359985,84.28022909],[243045.20705032,431251.28310394,84.28023148],[243045.20721817,431251.2826004,84.28023386],[243045.20738602,431251.28210449,84.28023577],[243045.20763016,431251.2818985,84.2804575],[243045.2078743,431251.2816925,84.28067923],[243045.20804214,431251.28119659,84.28068161],[243045.20820999,431251.28069305,84.28068352],[243045.20845413,431251.28048706,84.28090525],[243045.20869637,431251.2802887,84.28112745],[243045.20894051,431251.2800827,84.28134918],[243045.20918465,431251.27987671,84.28157091],[243045.20935249,431251.2793808,84.2815733],[243045.20952225,431251.27887726,84.2815752],[243045.20976448,431251.27867126,84.28179741],[243045.21000862,431251.2784729,84.28201914],[243045.21017647,431251.27796936,84.28202152],[243045.21042061,431251.27776337,84.28224373],[243045.21066475,431251.277565,84.28246546],[243045.2108326,431251.27706146,84.28246784],[243045.21100235,431251.27655792,84.28247023],[243045.21124458,431251.27635956,84.28269196],[243045.21148872,431251.27615356,84.28291416],[243045.21165848,431251.27565002,84.28291655],[243045.21182632,431251.27515411,84.28291845],[243045.21199417,431251.27465057,84.28292084],[243045.21223831,431251.27444458,84.28314304],[243045.21247673,431251.27423859,84.28336668],[243045.21264648,431251.27374268,84.28336859],[243045.21281433,431251.27323914,84.28337097],[243045.21298409,431251.2727356,84.28337288],[243045.21315384,431251.27223969,84.28337526],[243045.21339035,431251.27203369,84.2835989],[243045.21362877,431251.2718277,84.28382254],[243045.21379852,431251.27132416,84.28382492],[243045.21396637,431251.27082062,84.28382683],[243045.21413612,431251.27032471,84.28382921],[243045.21437454,431251.27011871,84.28405285],[243045.21461296,431251.26991272,84.28427696],[243045.21478081,431251.26940918,84.28427887],[243045.21501923,431251.26920319,84.28450298],[243045.21525764,431251.26899719,84.2847271],[243045.2154274,431251.26849365,84.284729],[243045.21566582,431251.26828766,84.28495359],[243045.21590233,431251.26808167,84.28517771],[243045.21607208,431251.26757812,84.28517961],[243045.21624184,431251.26708221,84.28518152],[243045.21641159,431251.26657867,84.28518343],[243045.2166481,431251.26637268,84.28540802],[243045.21688652,431251.26616669,84.28563213],[243045.21705627,431251.26566315,84.28563404],[243045.21722603,431251.26515961,84.28563642],[243045.21746445,431251.26495361,84.28586054],[243045.21770287,431251.26474762,84.28608465],[243045.21787071,431251.26424408,84.28608656],[243045.21804047,431251.26374817,84.28608894],[243045.21821022,431251.26324463,84.28609085],[243045.21837807,431251.26274109,84.28609276],[243045.21854782,431251.26223755,84.28609514],[243045.21871758,431251.26174164,84.28609705],[243045.21888542,431251.2612381,84.28609943],[243045.21905518,431251.26073456,84.28610134],[243045.21922493,431251.26023865,84.28610325],[243045.21939278,431251.25973511,84.28610563],[243045.21932411,431251.25943756,84.28588343],[243045.21925354,431251.25914764,84.28566122],[243045.21942329,431251.2586441,84.28566313],[243045.21959114,431251.25814056,84.28566551],[243045.21976089,431251.25764465,84.28566742],[243045.21999931,431251.25743103,84.28589153],[243045.22023773,431251.25722504,84.28611612],[243045.22040749,431251.25672913,84.28611803],[243045.22057724,431251.25622559,84.28611994],[243045.22074509,431251.25572205,84.28612232],[243045.22098351,431251.25551605,84.28634644],[243045.22122383,431251.25531006,84.28657103],[243045.22146225,431251.25510406,84.28679514],[243045.22170067,431251.25489044,84.28701973],[243045.22193909,431251.25468445,84.28724384],[243045.22224808,431251.25476837,84.28769064],[243045.2224884,431251.25456238,84.28791523],[243045.22265625,431251.25406647,84.28791714],[243045.22289658,431251.25385284,84.28814173],[243045.22313499,431251.25364685,84.28836632],[243045.22330475,431251.25314331,84.2883687],[243045.22354317,431251.25293732,84.28859329],[243045.22378349,431251.25273132,84.28881788],[243045.22395134,431251.25222778,84.28881979],[243045.22412109,431251.25172424,84.28882217],[243045.22429085,431251.25122833,84.28882408],[243045.22452927,431251.25101471,84.28904867],[243045.22476959,431251.25080872,84.28927374],[243045.22493935,431251.25030518,84.28927565],[243045.22510719,431251.24980164,84.28927755],[243045.22534752,431251.24959564,84.28950262],[243045.22558594,431251.24938965,84.28972721],[243045.22575569,431251.24888611,84.28972912],[243045.22599602,431251.24868011,84.28995419],[243045.22623444,431251.24846649,84.29017878],[243045.22640419,431251.24797058,84.29018116],[243045.22657394,431251.24746704,84.29018307],[243045.22681236,431251.24726105,84.29040813],[243045.22705269,431251.24704742,84.2906332],[243045.22722244,431251.24654388,84.29063511],[243045.22739029,431251.24604797,84.29063702],[243045.22763062,431251.24583435,84.29086208],[243045.22787094,431251.24562836,84.29108715],[243045.2280407,431251.24512482,84.29108906],[243045.22820854,431251.24462128,84.29109096],[243045.2283783,431251.24412537,84.29109335],[243045.22854805,431251.24362183,84.29109526],[243045.2287178,431251.24311829,84.29109764],[243045.22888565,431251.24261475,84.29109955],[243045.2290554,431251.24211121,84.29110146],[243045.22922516,431251.24160767,84.29110336],[243045.22939491,431251.24111176,84.29110575],[243045.22956276,431251.24060822,84.29110765],[243045.22973251,431251.24010468,84.29111004],[243045.22990227,431251.23960114,84.29111195],[243045.23007202,431251.2390976,84.29111385],[243045.23023987,431251.23860168,84.29111624],[243045.23040962,431251.23809814,84.29111814],[243045.23057938,431251.2375946,84.29112005],[243045.23074913,431251.23709106,84.29112244],[243045.23091698,431251.23658752,84.29112434],[243045.2311573,431251.23638153,84.29134941]]",dji_pose_mesh_ray_contour_nodes,
379,368,3,SPL,3399.3889,2962.4444,3386,2960,3412,2966,26,6,126,243045.3060379,431251.0007782,84.27892113,dji_pose_mesh_ray_centroid,True,True,1220106,2.074703,warp,,3399.3889,2962.4444,1,1,1.0,1,2.074703,2.074703,11,11,1.0,"[[3392.5,2965.0],[3392.0,2964.5],[3391.0,2964.5],[3390.5,2964.0],[3390.0,2963.5],[3389.0,2963.5],[3388.0,2963.5],[3387.5,2963.0],[3387.0,2962.5],[3386.5,2962.0],[3386.0,2961.5]]","[[243045.30395126,431251.00408173,84.27779961],[243045.30401611,431251.00435638,84.27802372],[243045.3038311,431251.00485229,84.2780261],[243045.30389595,431251.00512695,84.27825022],[243045.30395889,431251.00539398,84.27847433],[243045.30377388,431251.00588989,84.27847671],[243045.30358696,431251.0063858,84.2784791],[243045.30365181,431251.00666046,84.27870321],[243045.30371666,431251.00692749,84.27892733],[243045.30378151,431251.00720215,84.27915192],[243045.30384636,431251.00746918,84.27937603]]",dji_pose_mesh_ray_contour_nodes,
380,369,3,SPL,3319.625,2965.875,3314,2965,3327,2968,13,3,32,243045.29014015,431251.04020691,84.27759314,dji_pose_mesh_ray_centroid,True,True,1220106,2.065507,warp,,3319.625,2965.875,1,1,1.0,1,2.065507,2.065507,6,6,1.0,"[[3326.0,2965.5],[3325.5,2966.0],[3325.0,2966.5],[3324.0,2966.5],[3323.0,2966.5],[3322.5,2967.0]]","[[243045.29144096,431251.0370636,84.27774429],[243045.2911911,431251.03728485,84.27752256],[243045.29094124,431251.0375061,84.27730131],[243045.29075623,431251.03800201,84.2773037],[243045.29057121,431251.03849792,84.27730656],[243045.29032135,431251.03871918,84.27708483]]",dji_pose_mesh_ray_contour_nodes,
381,370,3,SPL,3275.427,2989.7354,3257,2976,3296,3004,39,28,548,243045.27453804,431251.06084442,84.26712275,dji_pose_mesh_ray_centroid,True,True,1220106,2.056594,warp,,3275.427,2989.7354,1,1,1.0,1,2.056594,2.056594,85,85,1.0,"[[3257.0,2998.5],[3258.0,2998.5],[3259.0,2998.5],[3260.0,2998.5],[3261.0,2998.5],[3262.0,2998.5],[3262.5,2999.0],[3263.0,2999.5],[3264.0,2999.5],[3265.0,2999.5],[3266.0,2999.5],[3266.5,2999.0],[3266.5,2998.0],[3266.5,2997.0],[3266.0,2996.5],[3265.5,2996.0],[3265.0,2995.5],[3264.5,2995.0],[3264.5,2994.0],[3264.5,2993.0],[3264.5,2992.0],[3264.5,2991.0],[3264.5,2990.0],[3265.0,2989.5],[3265.5,2989.0],[3265.0,2988.5],[3264.0,2988.5],[3263.0,2988.5],[3262.5,2988.0],[3262.0,2987.5],[3261.5,2987.0],[3261.0,2986.5],[3260.5,2986.0],[3260.5,2985.0],[3260.5,2984.0],[3260.5,2983.0],[3260.5,2982.0],[3261.0,2981.5],[3261.5,2981.0],[3262.0,2980.5],[3263.0,2980.5],[3264.0,2980.5],[3264.5,2981.0],[3265.0,2981.5],[3266.0,2981.5],[3267.0,2981.5],[3268.0,2981.5],[3269.0,2981.5],[3269.5,2981.0],[3270.0,2980.5],[3271.0,2980.5],[3272.0,2980.5],[3273.0,2980.5],[3273.5,2980.0],[3274.0,2979.5],[3275.0,2979.5],[3275.5,2979.0],[3276.0,2978.5],[3277.0,2978.5],[3278.0,2978.5],[3279.0,2978.5],[3280.0,2978.5],[3281.0,2978.5],[3281.5,2979.0],[3281.5,2980.0],[3281.5,2981.0],[3281.5,2982.0],[3282.0,2982.5],[3283.0,2982.5],[3284.0,2982.5],[3285.0,2982.5],[3286.0,2982.5],[3286.5,2982.0],[3287.0,2981.5],[3287.5,2981.0],[3288.0,2980.5],[3288.5,2980.0],[3289.0,2979.5],[3289.5,2979.0],[3289.5,2978.0],[3290.0,2977.5],[3290.5,2977.0],[3291.0,2976.5],[3292.0,2976.5],[3292.5,2976.0]]","[[243045.26828003,431251.06943512,84.26334524],[243045.26848412,431251.06894684,84.26333713],[243045.2686882,431251.06845856,84.26332903],[243045.2688942,431251.06797028,84.26332092],[243045.26909828,431251.06747437,84.26331329],[243045.26930237,431251.06698608,84.26330519],[243045.26922989,431251.06671143,84.2630868],[243045.26915741,431251.06643677,84.26286793],[243045.2693615,431251.06594849,84.2628603],[243045.26956558,431251.06546021,84.26285219],[243045.26976967,431251.06496429,84.26284409],[243045.27003288,431251.06475067,84.26305866],[243045.27033997,431251.06480408,84.26349926],[243045.27064896,431251.06485748,84.26393986],[243045.27070999,431251.06513214,84.26416159],[243045.27077103,431251.0654068,84.26438332],[243045.27083397,431251.06568146,84.26460504],[243045.270895,431251.06595612,84.26482677],[243045.27120209,431251.06600952,84.26526785],[243045.27151108,431251.06606293,84.2657094],[243045.27181816,431251.06611633,84.26615047],[243045.27212715,431251.06616974,84.26659203],[243045.27243614,431251.06622314,84.26703358],[243045.27268219,431251.06600189,84.2672534],[243045.27293015,431251.06578827,84.26747322],[243045.27299118,431251.06606293,84.26769543],[243045.27280617,431251.06655121,84.26769781],[243045.27262115,431251.06704712,84.26770067],[243045.27268219,431251.06732178,84.26792288],[243045.27274513,431251.06759644,84.26814508],[243045.27280617,431251.06787109,84.26836729],[243045.27286911,431251.06814575,84.2685895],[243045.27293015,431251.06842041,84.26881218],[243045.27323914,431251.06847382,84.26925468],[243045.27354813,431251.06852722,84.26969719],[243045.27385712,431251.06858063,84.27013969],[243045.27416611,431251.06863403,84.2705822],[243045.27441406,431251.06842041,84.2708025],[243045.27466011,431251.06819916,84.2710228],[243045.27490807,431251.06797791,84.27124309],[243045.27509308,431251.06748199,84.27124071],[243045.27527809,431251.06698608,84.27123785],[243045.27521515,431251.06671143,84.27101517],[243045.27515411,431251.06643677,84.27079248],[243045.27533913,431251.06594849,84.27078962],[243045.27552414,431251.06545258,84.27078724],[243045.27570915,431251.06495667,84.27078485],[243045.27589417,431251.06446075,84.27078247],[243045.27614212,431251.0642395,84.27100229],[243045.27638817,431251.06401825,84.27122259],[243045.27657318,431251.06352997,84.27122021],[243045.2767601,431251.06303406,84.27121782],[243045.27694511,431251.06253815,84.27121496],[243045.27719116,431251.06231689,84.27143526],[243045.27743912,431251.06209564,84.27165556],[243045.27762413,431251.06159973,84.27165317],[243045.27787209,431251.06137848,84.27187347],[243045.27812004,431251.06115723,84.27209377],[243045.27830505,431251.06066895,84.27209139],[243045.27849007,431251.06017303,84.272089],[243045.27867508,431251.05967712,84.27208614],[243045.27886009,431251.05918121,84.27208376],[243045.2790451,431251.0586853,84.27208137],[243045.27898407,431251.05841064,84.27185821],[243045.27867317,431251.05835724,84.27141523],[243045.27836418,431251.05830383,84.27097177],[243045.27805328,431251.05825043,84.27052879],[243045.27799225,431251.05797577,84.27030611],[243045.27817535,431251.05748749,84.27030373],[243045.27836227,431251.05699158,84.27030134],[243045.27854538,431251.05649567,84.27029896],[243045.2787323,431251.05599976,84.2702961],[243045.27897835,431251.0557785,84.2705164],[243045.2792263,431251.05555725,84.27073669],[243045.27947426,431251.055336,84.27095699],[243045.27972221,431251.05511475,84.27117681],[243045.27997017,431251.05489349,84.27139711],[243045.28021812,431251.05467224,84.27161741],[243045.28046417,431251.05445099,84.27183819],[243045.28077507,431251.05450439,84.27228165],[243045.28102303,431251.05428314,84.27250195],[243045.28127098,431251.05406189,84.27272272],[243045.28151894,431251.05384064,84.27294302],[243045.28170395,431251.05334473,84.27294064],[243045.2819519,431251.05312347,84.27316093]]",dji_pose_mesh_ray_contour_nodes,
382,371,3,SPL,5279.0,3594.5,5279,3592,5280,3598,1,6,6,243045.40923309,431250.12940216,84.02901792,dji_pose_mesh_ray_centroid,True,True,314848,2.306825,warp,,5279.0,3594.5,1,1,1.0,1,2.306825,2.306825,6,6,1.0,"[[5279.0,3592.0],[5279.0,3593.0],[5279.0,3594.0],[5279.0,3595.0],[5279.0,3596.0],[5279.0,3597.0]]","[[243045.40990639,431250.12921143,84.02996063],[243045.40963745,431250.12928772,84.02958345],[243045.40936852,431250.12936401,84.02920628],[243045.40909767,431250.12944031,84.0288291],[243045.40882874,431250.1295166,84.02845192],[243045.4085598,431250.1295929,84.02807522]]",dji_pose_mesh_ray_contour_nodes,
383,372,3,SPL,5279.0,3605.5,5279,3604,5280,3608,1,4,4,243045.4062748,431250.13024139,84.02487469,dji_pose_mesh_ray_centroid,True,True,314848,2.305315,warp,,5279.0,3605.5,1,1,1.0,1,2.305315,2.305315,4,4,1.0,"[[5279.0,3604.0],[5279.0,3605.0],[5279.0,3606.0],[5279.0,3607.0]]","[[243045.40667725,431250.13012695,84.02543879],[243045.40640831,431250.13020325,84.02506256],[243045.40613937,431250.13027954,84.02468634],[243045.40587044,431250.13035583,84.02431059]]",dji_pose_mesh_ray_contour_nodes,
384,373,3,SPL,5271.25,3638.75,5271,3638,5273,3641,2,3,4,243045.39645767,431250.13613129,84.01230764,dji_pose_mesh_ray_centroid,True,True,314848,2.299179,warp,,5271.25,3638.75,1,1,1.0,1,2.299179,2.299179,3,3,1.0,"[[5272.0,3638.5],[5271.5,3639.0],[5271.5,3640.0]]","[[243045.39661407,431250.13578796,84.01241159],[243045.39641953,431250.13603973,84.012218],[243045.3961544,431250.13611603,84.01184511]]",dji_pose_mesh_ray_contour_nodes,
385,374,3,SPL,5279.0,3638.5,5279,3638,5280,3640,1,2,2,243045.39744568,431250.13273621,84.01251507,dji_pose_mesh_ray_centroid,True,True,314848,2.300869,warp,,5279.0,3638.5,1,1,1.0,1,2.300869,2.300869,2,2,1.0,"[[5279.0,3638.0],[5279.0,3639.0]]","[[243045.39757919,431250.13270569,84.01270151],[243045.39731407,431250.13277435,84.01232862]]",dji_pose_mesh_ray_contour_nodes,
386,375,3,SPL,5276.8404,3668.0798,5273,3651,5280,3688,7,37,188,243045.38933945,431250.1359024,84.00149298,dji_pose_mesh_ray_centroid,True,True,314848,2.296537,warp,,5276.8404,3668.0798,1,1,1.0,1,2.296537,2.296537,36,36,1.0,"[[5278.5,3687.0],[5278.0,3686.5],[5277.0,3686.5],[5276.0,3686.5],[5275.0,3686.5],[5274.5,3686.0],[5274.5,3685.0],[5274.5,3684.0],[5274.5,3683.0],[5274.5,3682.0],[5274.5,3681.0],[5274.5,3680.0],[5274.5,3679.0],[5275.0,3678.5],[5275.5,3678.0],[5275.5,3677.0],[5275.5,3676.0],[5275.0,3675.5],[5274.5,3675.0],[5274.5,3674.0],[5274.5,3673.0],[5274.5,3672.0],[5274.5,3671.0],[5274.5,3670.0],[5274.5,3669.0],[5274.5,3668.0],[5274.5,3667.0],[5274.5,3666.0],[5274.5,3665.0],[5274.0,3664.5],[5273.5,3664.0],[5273.5,3663.0],[5273.5,3662.0],[5273.5,3661.0],[5273.5,3660.0],[5273.0,3659.5]]","[[243045.38454819,431250.13659668,83.99453163],[243045.38462067,431250.13677216,83.99470806],[243045.3845005,431250.13720703,83.99469328],[243045.38438225,431250.13763428,83.9946785],[243045.38426399,431250.13806915,83.99466324],[243045.38433647,431250.13825226,83.99484014],[243045.38459969,431250.13817596,83.99520826],[243045.3848629,431250.13809967,83.99557733],[243045.38512611,431250.13803101,83.99594593],[243045.38538933,431250.13795471,83.99631453],[243045.38565254,431250.13787842,83.9966836],[243045.38591576,431250.13780212,83.99705267],[243045.38618088,431250.13772583,83.99742126],[243045.38637161,431250.13747406,83.99761343],[243045.38656235,431250.13722229,83.99780559],[243045.38682556,431250.137146,83.99817514],[243045.38709068,431250.1370697,83.99854422],[243045.38716125,431250.13725281,83.9987216],[243045.38723564,431250.13742828,83.99889898],[243045.38749886,431250.13735962,83.99926853],[243045.38776207,431250.13728333,83.99963808],[243045.38802719,431250.13720703,84.00000763],[243045.38829041,431250.13713074,84.00037765],[243045.38855553,431250.13706207,84.00074768],[243045.38881874,431250.13698578,84.00111771],[243045.38908386,431250.13690948,84.00148773],[243045.38934708,431250.13683319,84.00185776],[243045.3896122,431250.1367569,84.00222826],[243045.38987732,431250.13668823,84.00259876],[243045.3899498,431250.13686371,84.00277662],[243045.39002228,431250.13704681,84.00295401],[243045.3902874,431250.13697052,84.00332499],[243045.39055252,431250.13689423,84.00369549],[243045.39081764,431250.13681793,84.00406647],[243045.39108086,431250.13674927,84.00443697],[243045.39115524,431250.13692474,84.00461531]]",dji_pose_mesh_ray_contour_nodes,
387,376,3,SPL,5275.8,3742.6,5275,3742,5278,3744,3,2,5,243045.3662281,431250.14284515,83.97555017,dji_pose_mesh_ray_centroid,True,True,19882,2.283152,warp,,5275.8,3742.6,1,1,1.0,1,2.283152,2.283152,2,2,1.0,"[[5276.5,3742.0],[5277.0,3742.5]]","[[243045.366539,431250.14248657,83.97574949],[243045.36645889,431250.1423111,83.97557926]]",dji_pose_mesh_ray_contour_nodes,
388,377,3,SPL,5277.4466,3767.7476,5274,3754,5280,3788,6,34,103,243045.35841751,431250.14440918,83.96710253,dji_pose_mesh_ray_centroid,True,True,19882,2.278818,warp,,5277.4466,3767.7476,1,1,1.0,1,2.278818,2.278818,28,28,1.0,"[[5278.5,3787.0],[5278.5,3786.0],[5278.5,3785.0],[5278.5,3784.0],[5278.5,3783.0],[5278.5,3782.0],[5278.5,3781.0],[5278.0,3780.5],[5277.5,3780.0],[5277.5,3779.0],[5277.5,3778.0],[5277.5,3777.0],[5277.5,3776.0],[5277.5,3775.0],[5277.5,3774.0],[5277.0,3773.5],[5276.5,3773.0],[5276.0,3772.5],[5275.5,3772.0],[5275.0,3771.5],[5274.5,3771.0],[5274.5,3770.0],[5274.5,3769.0],[5274.5,3768.0],[5274.5,3767.0],[5274.5,3766.0],[5274.5,3765.0],[5274.0,3764.5]]","[[243045.3524456,431250.14568329,83.96068096],[243045.35276413,431250.14559174,83.96101332],[243045.35308266,431250.14550018,83.96134615],[243045.35340118,431250.14541626,83.9616785],[243045.3537178,431250.14532471,83.96201134],[243045.35403824,431250.14523315,83.96234417],[243045.35435677,431250.1451416,83.962677],[243045.35443306,431250.14531708,83.96284533],[243045.35451126,431250.14549255,83.96301365],[243045.35482979,431250.145401,83.96334696],[243045.35515022,431250.14530945,83.96368027],[243045.35546875,431250.1452179,83.96401358],[243045.35578728,431250.14513397,83.96434689],[243045.35610771,431250.14504242,83.96468019],[243045.35642624,431250.14495087,83.96501398],[243045.35650444,431250.14512634,83.96518278],[243045.35658264,431250.14530182,83.96535158],[243045.35665894,431250.14547729,83.96552038],[243045.35673714,431250.14565277,83.96568918],[243045.35681534,431250.14582825,83.96585798],[243045.35689163,431250.14600372,83.96602726],[243045.35721207,431250.14591217,83.96636105],[243045.3575325,431250.14582062,83.96669531],[243045.35785294,431250.14572906,83.96702957],[243045.35817146,431250.14563751,83.96736383],[243045.3584919,431250.14554596,83.96769857],[243045.35881233,431250.14545441,83.96803284],[243045.35889053,431250.14562988,83.96820211]]",dji_pose_mesh_ray_contour_nodes,
389,378,3,SPL,5083.0,3951.0,5083,3951,5084,3952,1,1,1,243045.27195168,431250.24338531,83.9075942,dji_pose_mesh_ray_centroid,True,True,1220118,2.201243,warp,,5083.0,3951.0,1,1,1.0,1,2.201243,2.201243,1,1,1.0,"[[5083.0,3951.0]]","[[243045.27195168,431250.24338531,83.9075942]]",dji_pose_mesh_ray_contour_nodes,
