instance_id,instance_local_id,class_id,class_name,centroid_x_px,centroid_y_px,bbox_xmin_px,bbox_ymin_px,bbox_xmax_px,bbox_ymax_px,bbox_w_px,bbox_h_px,area_px,world_x_m,world_y_m,world_z_m,geo3d_source,xyz_valid,mesh_ray_hit,mesh_face_index,mesh_ray_t_m,mesh_ray_backend,xyz_miss_reason,image_pixel_x,image_pixel_y,instance_mesh_sample_count,instance_mesh_hit_count,instance_mesh_hit_ratio,instance_mesh_unique_face_count,instance_mesh_ray_t_min_m,instance_mesh_ray_t_max_m,node_count,node_xyz_valid_count,node_xyz_hit_ratio,nodes_image_xy_json,nodes_world_xyz_json,nodes_geo3d_source,nodes_miss_reason
1,1,1,CRC,3041.2667,666.0,3038,665,3045,668,7,3,15,243043.23782349,431260.87245941,85.85182667,dji_pose_mesh_ray_centroid,True,True,1112970,3.303587,warp,,3041.2667,666.0,1,1,1.0,1,3.303587,3.303587,4,4,1.0,"[[3038.0,665.5],[3039.0,665.5],[3040.0,665.5],[3040.5,665.0]]","[[243043.23744202,431260.87514496,85.85243225],[243043.23766899,431260.8743515,85.85241413],[243043.23789787,431260.87355804,85.85239601],[243043.2383728,431260.87324524,85.85293388]]",dji_pose_mesh_ray_contour_nodes,
2,1,2,DLM,5248.4164,449.2225,5222,424,5273,479,51,55,1847,243044.0205574,431259.09401703,86.09139729,dji_pose_mesh_ray_centroid,True,True,1111870,4.178253,warp,,5248.4164,449.2225,1,1,1.0,1,4.178253,4.178253,81,81,1.0,"[[5245.5,424.0],[5246.0,424.5],[5247.0,424.5],[5248.0,424.5],[5249.0,424.5],[5250.0,424.5],[5251.0,424.5],[5252.0,424.5],[5253.0,424.5],[5254.0,424.5],[5254.5,425.0],[5255.0,425.5],[5256.0,425.5],[5256.5,426.0],[5257.0,426.5],[5258.0,426.5],[5258.5,427.0],[5259.0,427.5],[5260.0,427.5],[5261.0,427.5],[5262.0,427.5],[5262.5,428.0],[5263.0,428.5],[5264.0,428.5],[5265.0,428.5],[5265.5,429.0],[5266.0,429.5],[5266.5,430.0],[5267.0,430.5],[5267.5,431.0],[5268.0,431.5],[5269.0,431.5],[5269.5,432.0],[5269.0,432.5],[5268.5,433.0],[5268.0,433.5],[5267.0,433.5],[5266.5,434.0],[5266.0,434.5],[5265.5,435.0],[5265.0,435.5],[5264.5,436.0],[5264.0,436.5],[5263.5,437.0],[5263.0,437.5],[5262.5,438.0],[5262.0,438.5],[5261.0,438.5],[5260.5,439.0],[5260.0,439.5],[5259.0,439.5],[5258.5,440.0],[5258.0,440.5],[5257.5,441.0],[5258.0,441.5],[5258.5,442.0],[5259.0,442.5],[5259.5,443.0],[5260.0,443.5],[5261.0,443.5],[5261.5,444.0],[5262.0,444.5],[5262.5,445.0],[5263.0,445.5],[5263.5,446.0],[5263.5,447.0],[5264.0,447.5],[5264.5,448.0],[5265.0,448.5],[5266.0,448.5],[5266.5,449.0],[5267.0,449.5],[5268.0,449.5],[5268.5,450.0],[5269.0,450.5],[5270.0,450.5],[5270.5,451.0],[5271.0,451.5],[5271.5,452.0],[5271.5,453.0],[5272.0,453.5]]","[[243044.04146385,431259.09039307,86.12107849],[243044.04113197,431259.09011078,86.120471],[243044.0413208,431259.08930969,86.12043476],[243044.04151344,431259.08851624,86.12039947],[243044.04170418,431259.08771515,86.12036324],[243044.04189491,431259.08692169,86.12032795],[243044.04208755,431259.08612061,86.12029171],[243044.04227829,431259.08532715,86.12025642],[243044.04246902,431259.08452606,86.12022018],[243044.04265976,431259.0837326,86.1201849],[243044.04232788,431259.08345032,86.11957741],[243044.041996,431259.08317566,86.11896992],[243044.04218674,431259.08237457,86.11893463],[243044.04185486,431259.08209991,86.11832809],[243044.04152298,431259.08181763,86.1177206],[243044.04171371,431259.08102417,86.11768532],[243044.04138184,431259.08074188,86.11707878],[243044.04105186,431259.08045959,86.11647224],[243044.0412426,431259.07966614,86.11643696],[243044.04143333,431259.07887268,86.11640072],[243044.04162407,431259.07807159,86.11636543],[243044.04129219,431259.07779694,86.1157589],[243044.04096031,431259.07751465,86.11515331],[243044.04115105,431259.07672119,86.11511707],[243044.04134178,431259.07592773,86.11508179],[243044.04101181,431259.07564545,86.1144762],[243044.04067993,431259.07537079,86.11387062],[243044.04034805,431259.0750885,86.11326504],[243044.04001617,431259.07481384,86.11265945],[243044.0396862,431259.07453156,86.11205387],[243044.03935432,431259.0742569,86.11144924],[243044.03954506,431259.07346344,86.111413],[243044.03921318,431259.07318115,86.11080837],[243044.03869247,431259.07369995,86.11023903],[243044.03816986,431259.07421875,86.10966968],[243044.03764915,431259.07473755,86.1091013],[243044.03745842,431259.07553101,86.10913658],[243044.03693581,431259.0760498,86.10856724],[243044.0364151,431259.0765686,86.10799789],[243044.03589249,431259.07707977,86.1074295],[243044.03537178,431259.07759857,86.10686111],[243044.03485107,431259.07811737,86.10629272],[243044.03433037,431259.07863617,86.10572433],[243044.03380966,431259.07914734,86.10515594],[243044.03328705,431259.07966614,86.10458755],[243044.03276634,431259.08018494,86.10401916],[243044.03224754,431259.08069611,86.10345173],[243044.03205681,431259.08149719,86.10348701],[243044.03153419,431259.08200836,86.10291862],[243044.03101349,431259.08252716,86.10235119],[243044.03082466,431259.08332062,86.10238647],[243044.03030396,431259.08383942,86.10181904],[243044.02978325,431259.08435059,86.10125065],[243044.02926254,431259.08486938,86.10068321],[243044.02893257,431259.0845871,86.10008144],[243044.02860451,431259.08431244,86.09947872],[243044.02827454,431259.08403015,86.098876],[243044.02794647,431259.08375549,86.09827423],[243044.0276165,431259.08347321,86.09767246],[243044.02780724,431259.08267975,86.09763718],[243044.02747917,431259.08240509,86.09703541],[243044.02715111,431259.0821228,86.09643364],[243044.02680016,431259.08185577,86.09582519],[243044.02640152,431259.08159637,86.09519863],[243044.02600288,431259.08133698,86.09457302],[243044.02505684,431259.081604,86.09337234],[243044.0246563,431259.0813446,86.09274673],[243044.02425957,431259.08108521,86.09212208],[243044.02386093,431259.08082581,86.09149742],[243044.0240078,431259.08004761,86.09144688],[243044.02360916,431259.07978821,86.09082222],[243044.02321053,431259.07953644,86.09019756],[243044.0233593,431259.07875061,86.09014797],[243044.02296066,431259.07849884,86.08952427],[243044.02256203,431259.07823944,86.08889961],[243044.0227108,431259.07746124,86.08885002],[243044.02231216,431259.07720184,86.08822632],[243044.02191353,431259.07694244,86.08760261],[243044.0215168,431259.07669067,86.08697891],[243044.02057457,431259.07695007,86.08578205],[243044.02017593,431259.0766983,86.08515835]]",dji_pose_mesh_ray_contour_nodes,
3,1,3,SPL,1489.5,301.5,1488,301,1492,303,4,2,8,243043.11318588,431262.31784058,86.31942177,dji_pose_mesh_ray_centroid,True,True,285905,3.947567,warp,,1489.5,301.5,1,1,1.0,1,3.947567,3.947567,8,8,1.0,"[[1488.0,301.0],[1489.0,301.0],[1490.0,301.0],[1491.0,301.0],[1488.0,302.0],[1489.0,302.0],[1490.0,302.0],[1491.0,302.0]]","[[243043.11310387,431262.31944275,86.32009315],[243043.11349487,431262.3186264,86.32013512],[243043.11388397,431262.31781006,86.32017803],[243043.11427498,431262.31699371,86.32022095],[243043.11209679,431262.31869507,86.31862259],[243043.11248779,431262.31787872,86.3186655],[243043.11287689,431262.31706238,86.31870842],[243043.11326599,431262.3162384,86.31875038]]",dji_pose_mesh_ray_contour_nodes,
4,2,3,SPL,5172.8983,433.141,5053,335,5280,527,227,192,9633,243044.01526642,431259.15163422,86.11131096,dji_pose_mesh_ray_centroid,True,True,285702,4.165598,warp,,5172.8983,433.141,1,1,1.0,1,4.165598,4.165598,256,256,1.0,"[[5071.5,335.0],[5073.0,335.5],[5074.5,336.0],[5076.0,336.5],[5077.5,337.0],[5079.0,337.5],[5080.5,338.0],[5082.0,338.5],[5083.0,339.5],[5084.0,340.5],[5085.5,341.0],[5086.5,342.0],[5087.5,343.0],[5088.5,344.0],[5090.0,344.5],[5090.5,346.0],[5091.5,347.0],[5092.5,348.0],[5094.0,348.5],[5094.5,350.0],[5095.0,351.5],[5095.5,353.0],[5096.0,354.5],[5096.5,356.0],[5096.5,358.0],[5097.5,359.0],[5097.5,361.0],[5098.0,362.5],[5099.5,363.0],[5100.5,364.0],[5102.0,364.5],[5102.5,366.0],[5103.5,367.0],[5104.0,368.5],[5104.5,370.0],[5105.5,371.0],[5105.5,373.0],[5105.5,375.0],[5106.0,376.5],[5106.5,378.0],[5107.0,379.5],[5107.5,381.0],[5108.5,382.0],[5110.0,383.5],[5112.0,383.5],[5114.0,383.5],[5115.5,384.0],[5116.5,385.0],[5117.5,386.0],[5118.5,387.0],[5119.0,388.5],[5120.0,389.5],[5120.5,391.0],[5121.5,392.0],[5122.5,393.0],[5124.0,393.5],[5125.0,394.5],[5126.5,395.0],[5128.0,395.5],[5128.5,397.0],[5129.5,398.0],[5130.5,399.0],[5131.5,400.0],[5132.5,401.0],[5133.5,402.0],[5134.5,403.0],[5136.0,403.5],[5137.0,404.5],[5138.0,405.5],[5139.0,406.5],[5140.5,407.0],[5141.5,408.0],[5142.5,409.0],[5143.5,410.0],[5144.0,411.5],[5145.0,412.5],[5145.5,414.0],[5146.5,415.0],[5147.5,416.0],[5148.0,417.5],[5148.5,419.0],[5149.5,420.0],[5150.0,421.5],[5151.5,422.0],[5153.0,422.5],[5155.0,423.5],[5157.0,423.5],[5159.0,423.5],[5160.5,424.0],[5162.0,424.5],[5164.0,424.5],[5165.5,425.0],[5167.0,425.5],[5169.0,425.5],[5171.0,425.5],[5173.0,425.5],[5175.0,425.5],[5177.0,425.5],[5179.0,425.5],[5181.0,425.5],[5183.0,425.5],[5185.0,425.5],[5186.0,424.5],[5188.0,424.5],[5190.0,424.5],[5192.0,424.5],[5194.0,424.5],[5196.0,424.5],[5197.0,423.5],[5199.0,423.5],[5201.0,423.5],[5203.0,423.5],[5204.5,423.0],[5206.0,422.5],[5208.0,422.5],[5209.5,423.0],[5211.0,423.5],[5212.5,423.0],[5214.0,422.5],[5216.0,422.5],[5217.5,422.0],[5219.0,421.5],[5220.5,422.0],[5222.0,422.5],[5223.5,422.0],[5224.5,421.0],[5225.5,420.0],[5227.0,419.5],[5230.0,419.5],[5232.0,419.5],[5234.0,419.5],[5236.0,419.5],[5237.0,420.5],[5237.5,422.0],[5238.5,423.0],[5237.5,424.0],[5236.0,424.5],[5235.0,425.5],[5233.5,425.0],[5232.0,424.5],[5230.0,424.5],[5228.0,424.5],[5227.0,425.5],[5226.0,426.5],[5225.5,428.0],[5225.5,430.0],[5226.5,431.0],[5227.5,432.0],[5228.5,433.0],[5229.5,434.0],[5231.0,434.5],[5232.0,435.5],[5232.5,437.0],[5232.0,438.5],[5230.0,438.5],[5229.0,439.5],[5227.5,440.0],[5226.0,440.5],[5224.0,440.5],[5223.0,441.5],[5222.0,442.5],[5221.5,444.0],[5222.0,445.5],[5223.0,446.5],[5224.0,447.5],[5226.0,447.5],[5227.0,448.5],[5227.5,450.0],[5227.5,452.0],[5228.0,453.5],[5229.5,455.0],[5230.0,456.5],[5230.5,458.0],[5229.5,459.0],[5229.5,461.0],[5230.5,462.0],[5231.5,463.0],[5233.0,463.5],[5234.0,464.5],[5234.5,466.0],[5236.0,466.5],[5237.0,467.5],[5239.0,467.5],[5240.0,468.5],[5241.0,469.5],[5242.0,470.5],[5243.0,471.5],[5244.0,472.5],[5245.0,473.5],[5246.5,474.0],[5247.5,474.0],[5249.0,473.5],[5250.0,472.5],[5251.5,473.0],[5252.5,474.0],[5253.5,475.0],[5255.0,475.5],[5256.0,476.5],[5257.5,477.0],[5258.5,478.0],[5260.0,478.5],[5261.0,477.5],[5263.0,477.5],[5264.0,476.5],[5264.5,475.0],[5264.5,473.0],[5265.5,472.0],[5266.5,471.0],[5268.0,470.5],[5269.0,469.5],[5270.0,468.5],[5271.0,467.5],[5271.5,466.0],[5272.0,463.5],[5272.5,462.0],[5272.5,460.0],[5272.5,458.0],[5272.5,456.0],[5272.5,454.0],[5271.5,453.0],[5271.0,451.5],[5270.0,450.5],[5268.5,450.0],[5267.0,449.5],[5266.0,448.5],[5264.5,448.0],[5263.5,447.0],[5263.0,445.5],[5262.0,444.5],[5261.0,443.5],[5259.5,443.0],[5258.5,442.0],[5257.5,441.0],[5258.5,440.0],[5260.0,439.5],[5261.0,438.5],[5262.5,438.0],[5263.5,437.0],[5264.5,436.0],[5265.5,435.0],[5266.5,434.0],[5268.0,433.5],[5269.0,432.5],[5269.0,431.5],[5267.5,431.0],[5266.5,430.0],[5268.0,429.5],[5269.0,430.5],[5271.0,430.5],[5272.5,430.0],[5273.5,429.0],[5274.5,428.0],[5275.0,426.5],[5276.5,426.0],[5277.5,425.0],[5279.0,423.5]]","[[243044.08621979,431259.21085358,86.2353735],[243044.08580589,431259.20979309,86.23459625],[243044.08539009,431259.2087326,86.23381901],[243044.0849781,431259.20767975,86.23304272],[243044.08456421,431259.20661926,86.23226643],[243044.08415031,431259.20555878,86.23149109],[243044.08373833,431259.20449829,86.23071575],[243044.08332443,431259.20344543,86.22994041],[243044.08226013,431259.20293427,86.22852802],[243044.08119583,431259.2024231,86.22711563],[243044.08078384,431259.20137024,86.2263422],[243044.07972145,431259.20085907,86.22493172],[243044.07865906,431259.2003479,86.22352219],[243044.07759666,431259.19983673,86.22211361],[243044.07718658,431259.19878387,86.22134209],[243044.07547569,431259.19882202,86.21929932],[243044.07441711,431259.19831085,86.2178936],[243044.07335854,431259.19780731,86.21648884],[243044.07294846,431259.19675446,86.21571922],[243044.07124329,431259.1967926,86.21368217],[243044.06954002,431259.19683075,86.21164703],[243044.06783676,431259.19686127,86.2096138],[243044.06613731,431259.19689941,86.20758247],[243044.06443787,431259.19693756,86.20555305],[243044.06209373,431259.1975174,86.20289421],[243044.06104279,431259.19701385,86.20149994],[243044.05870628,431259.19759369,86.19884586],[243044.05701256,431259.19763184,86.19682503],[243044.0566082,431259.19657898,86.19606399],[243044.05556297,431259.19607544,86.19467449],[243044.05516052,431259.19503021,86.19391346],[243044.05347061,431259.19506836,86.19189739],[243044.05242729,431259.19456482,86.19051075],[243044.05102158,431259.1945343,86.18860149],[243044.04974937,431259.19447327,86.18674374],[243044.04916382,431259.19385529,86.18552875],[243044.04720879,431259.19434357,86.18303108],[243044.04525757,431259.19482422,86.18053627],[243044.04399109,431259.19476318,86.17868423],[243044.04272461,431259.19469452,86.17683411],[243044.04145813,431259.19463348,86.17498398],[243044.04019547,431259.19456482,86.17313671],[243044.03961182,431259.19395447,86.17192841],[243044.03873825,431259.19303131,86.17011738],[243044.03951836,431259.1913147,86.170187],[243044.04029655,431259.18960571,86.17025566],[243044.04039574,431259.18843842,86.16968727],[243044.03981209,431259.18782806,86.16848087],[243044.03923035,431259.18721008,86.16727447],[243044.03864861,431259.18659973,86.16606903],[243044.03738785,431259.1865387,86.16422749],[243044.03680801,431259.18592834,86.16302299],[243044.03554726,431259.18586731,86.16118336],[243044.03496742,431259.18525696,86.15998077],[243044.03438759,431259.18464661,86.15877914],[243044.03448486,431259.18347931,86.15821171],[243044.03390503,431259.18286896,86.15701103],[243044.03400421,431259.18170929,86.15644455],[243044.03410339,431259.18054962,86.15587902],[243044.03284645,431259.18048859,86.15404415],[243044.03226662,431259.17988586,86.15284443],[243044.03168869,431259.17927551,86.15164566],[243044.03111076,431259.17866516,86.15044785],[243044.03053093,431259.17805481,86.14924908],[243044.029953,431259.17745209,86.14805222],[243044.02937698,431259.17684174,86.14685535],[243044.02947617,431259.17568207,86.14629173],[243044.02889824,431259.17507172,86.14509582],[243044.02832222,431259.17446899,86.14389992],[243044.02774429,431259.17385864,86.14270496],[243044.02784348,431259.1727066,86.14214134],[243044.02726746,431259.17209625,86.14094734],[243044.02669144,431259.17149353,86.13975429],[243044.02611542,431259.17089081,86.13856125],[243044.0248642,431259.17082977,86.13673878],[243044.02428818,431259.17022705,86.13554668],[243044.02304077,431259.17017365,86.13372707],[243044.02246666,431259.16956329,86.13253784],[243044.02189255,431259.16896057,86.13134766],[243044.02064514,431259.16890717,86.12953091],[243044.01939964,431259.16885376,86.12771511],[243044.01882553,431259.16825104,86.12652779],[243044.01758194,431259.16819763,86.1247139],[243044.01768112,431259.16704559,86.12415409],[243044.0177803,431259.16589355,86.12359428],[243044.01759529,431259.16443634,86.12244225],[243044.01836586,431259.16273499,86.122509],[243044.01913643,431259.16103363,86.12257481],[243044.01923561,431259.15988922,86.12201595],[243044.0193367,431259.15873718,86.12145615],[243044.02010727,431259.15703583,86.1215229],[243044.02020645,431259.15588379,86.1209631],[243044.02030563,431259.15473175,86.12040424],[243044.0210762,431259.1530304,86.120471],[243044.02184868,431259.15132904,86.1205368],[243044.02261925,431259.14962769,86.12060356],[243044.02338982,431259.14792633,86.12067032],[243044.02416229,431259.14622498,86.12073612],[243044.02493477,431259.14452362,86.12080288],[243044.02570534,431259.14282227,86.12086868],[243044.02647781,431259.14112091,86.12093544],[243044.02724838,431259.13941956,86.12100124],[243044.02859497,431259.13831329,86.12225342],[243044.02936745,431259.13661194,86.12232017],[243044.03013992,431259.13491058,86.12238693],[243044.03078651,431259.13323975,86.12240887],[243044.03116989,431259.13163757,86.12233639],[243044.03155327,431259.13004303,86.12226486],[243044.0325985,431259.12901306,86.12341022],[243044.03298378,431259.12741089,86.12333775],[243044.03336716,431259.12581635,86.12326622],[243044.03375053,431259.12421417,86.12319469],[243044.03446388,431259.12290192,86.12373066],[243044.03518105,431259.12158966,86.12426758],[243044.03556442,431259.11998749,86.12419605],[243044.03542328,431259.11890411,86.12355137],[243044.03528404,431259.11782074,86.12290668],[243044.0359993,431259.11650848,86.1234436],[243044.03671455,431259.1151886,86.12398052],[243044.03709793,431259.11359406,86.12390804],[243044.03781319,431259.11227417,86.12444496],[243044.03852844,431259.11096191,86.12498188],[243044.0383873,431259.10987854,86.1243372],[243044.03824806,431259.10879517,86.12369251],[243044.03896141,431259.10748291,86.12422943],[243044.04001045,431259.10645294,86.12537479],[243044.04105759,431259.10541534,86.12652016],[243044.04177284,431259.10410309,86.12705803],[243044.04234886,431259.10170746,86.12694931],[243044.04273224,431259.10010529,86.12687778],[243044.04311562,431259.09851074,86.12680531],[243044.04349899,431259.09690857,86.12673378],[243044.04283333,431259.09635162,86.12551594],[243044.04164314,431259.09630585,86.12372589],[243044.04097748,431259.09574127,86.122509],[243044.03993225,431259.09677124,86.12136555],[243044.039217,431259.09809113,86.12082958],[243044.03816986,431259.09912109,86.11968613],[243044.038311,431259.10020447,86.1203289],[243044.03845024,431259.10128021,86.12097263],[243044.03806877,431259.10287476,86.12104511],[243044.03768539,431259.10447693,86.12111664],[243044.03664017,431259.1055069,86.11997223],[243044.03559303,431259.10653687,86.11882973],[243044.03421593,431259.10728455,86.11707973],[243044.03251076,431259.10774994,86.11472511],[243044.03184891,431259.10718536,86.11351204],[243044.03118706,431259.10662079,86.11230087],[243044.03052711,431259.10605621,86.11108971],[243044.02986526,431259.10549164,86.10987854],[243044.02972794,431259.10441589,86.10923862],[243044.02906609,431259.10385132,86.10802841],[243044.02788734,431259.10380554,86.10625076],[243044.02651596,431259.10455322,86.10451031],[243044.02613449,431259.10614777,86.10458088],[243044.02509308,431259.1071701,86.10344315],[243044.02438164,431259.10848236,86.102911],[243044.0236702,431259.10979462,86.10237789],[243044.02328873,431259.11138153,86.10244846],[243044.02224731,431259.1124115,86.10131168],[243044.02120781,431259.11343384,86.10017681],[243044.01984024,431259.11418152,86.09843826],[243044.01866531,431259.11412811,86.09666729],[243044.01800919,431259.11356354,86.0954628],[243044.01735497,431259.11299896,86.09426022],[243044.01773643,431259.11141205,86.09418964],[243044.01708221,431259.11084747,86.09298706],[243044.01590729,431259.11079407,86.0912199],[243044.01421928,431259.11125946,86.08888817],[243044.01304626,431259.11120605,86.08712292],[243044.01206779,431259.11036682,86.08532429],[243044.01089859,431259.11031342,86.0835619],[243044.00972939,431259.11026764,86.08180046],[243044.0086956,431259.11128998,86.08067322],[243044.00683594,431259.11179352,86.07828903],[243044.00604439,431259.11127472,86.07704544],[243044.00525475,431259.11074829,86.0758028],[243044.00500679,431259.10971069,86.07513332],[243044.00421715,431259.10918427,86.07389164],[243044.00288582,431259.10918427,86.07207966],[243044.00263977,431259.10814667,86.07141018],[243044.00185204,431259.10762024,86.07017136],[243044.00214767,431259.10606384,86.07007408],[243044.00136185,431259.10554504,86.06883526],[243044.00057411,431259.10502625,86.06759739],[243043.99978638,431259.10450745,86.06635952],[243043.99900055,431259.10398102,86.06512356],[243043.99821472,431259.10346222,86.0638876],[243043.99742889,431259.10294342,86.06265163],[243043.99718475,431259.10191345,86.06198692],[243043.99733162,431259.10113525,86.06193829],[243043.99802017,431259.09983826,86.06245899],[243043.99910164,431259.09880066,86.06359673],[243043.9988575,431259.09776306,86.06293106],[243043.99807167,431259.09725189,86.06169605],[243043.99728775,431259.09673309,86.06046295],[243043.9970417,431259.0956955,86.05979729],[243043.99625778,431259.09518433,86.05856514],[243043.99601364,431259.09414673,86.05790138],[243043.99522972,431259.09363556,86.05666923],[243043.99498558,431259.09259796,86.05600643],[243043.99606514,431259.09156036,86.05714035],[243043.99636078,431259.0900116,86.05704403],[243043.99744034,431259.088974,86.05817985],[243043.99891281,431259.0881958,86.0599308],[243044.0007782,431259.08766937,86.06230068],[243044.00185966,431259.08663177,86.06343842],[243044.00294113,431259.08559418,86.06457615],[243044.00363159,431259.08429718,86.06509685],[243044.00471306,431259.08325958,86.06623554],[243044.00579643,431259.08222198,86.06737423],[243044.00687981,431259.08117676,86.06851387],[243044.008358,431259.08039856,86.07027245],[243044.01077461,431259.0793457,86.07322311],[243044.01225471,431259.07855988,86.07498455],[243044.01413345,431259.07803345,86.07736874],[243044.0160141,431259.07749939,86.07975578],[243044.01789474,431259.07697296,86.08214474],[243044.01977921,431259.0764389,86.0845356],[243044.02057457,431259.07695007,86.08578205],[243044.02191353,431259.07694244,86.08760261],[243044.0227108,431259.07746124,86.08885002],[243044.02296066,431259.07849884,86.08952427],[243044.02321053,431259.07953644,86.09019756],[243044.0240078,431259.08004761,86.09144688],[243044.02425957,431259.08108521,86.09212208],[243044.02505684,431259.081604,86.09337234],[243044.02640152,431259.08159637,86.09519863],[243044.02715111,431259.0821228,86.09643364],[243044.02780724,431259.08267975,86.09763718],[243044.02794647,431259.08375549,86.09827423],[243044.02860451,431259.08431244,86.09947872],[243044.02926254,431259.08486938,86.10068321],[243044.03030396,431259.08383942,86.10181904],[243044.03101349,431259.08252716,86.10235119],[243044.03205681,431259.08149719,86.10348701],[243044.03276634,431259.08018494,86.10401916],[243044.03380966,431259.07914734,86.10515594],[243044.03485107,431259.07811737,86.10629272],[243044.03589249,431259.07707977,86.1074295],[243044.03693581,431259.0760498,86.10856724],[243044.03764915,431259.07473755,86.1091013],[243044.03869247,431259.07369995,86.11023903],[243044.03954506,431259.07346344,86.111413],[243044.0396862,431259.07453156,86.11205387],[243044.04034805,431259.0750885,86.11326504],[243044.0410614,431259.07377625,86.11379909],[243044.04039955,431259.0732193,86.11258793],[243044.04078102,431259.07163239,86.11251736],[243044.04149437,431259.07032013,86.11305141],[243044.0425396,431259.06928253,86.11419105],[243044.04358482,431259.06824493,86.11533165],[243044.04496193,431259.06748199,86.11707783],[243044.04567719,431259.06616974,86.11761284],[243044.04672432,431259.06513214,86.11875534],[243044.04829407,431259.06357574,86.12046814]]",dji_pose_mesh_ray_contour_nodes,
5,3,3,SPL,4996.0714,345.2857,4992,339,5005,351,13,12,84,243044.06495857,431259.2743988,86.22664928,dji_pose_mesh_ray_centroid,True,True,1111867,4.222301,warp,,4996.0714,345.2857,1,1,1.0,1,4.222301,4.222301,22,22,1.0,"[[4992.5,339.0],[4993.0,339.5],[4994.0,339.5],[4994.5,340.0],[4995.0,340.5],[4996.0,340.5],[4997.0,340.5],[4997.5,341.0],[4998.0,341.5],[4998.5,342.0],[4998.5,343.0],[4999.0,343.5],[4999.5,344.0],[5000.0,344.5],[5000.5,345.0],[5001.0,345.5],[5001.5,346.0],[5001.5,347.0],[5002.0,347.5],[5002.5,348.0],[5003.0,348.5],[5004.0,348.5]]","[[243044.07196999,431259.27558899,86.23537826],[243044.07143593,431259.27532196,86.23466778],[243044.071558,431259.27451324,86.23460007],[243044.07102585,431259.27423859,86.23388958],[243044.0704937,431259.27397156,86.23317909],[243044.07061386,431259.27316284,86.23311138],[243044.07073402,431259.27236176,86.23304272],[243044.07020187,431259.2720871,86.23233318],[243044.06966972,431259.27182007,86.23162365],[243044.06913948,431259.27155304,86.23091412],[243044.06795502,431259.27182007,86.22956562],[243044.06742287,431259.27155304,86.22885704],[243044.06689262,431259.27128601,86.22814941],[243044.06636238,431259.27101898,86.22744083],[243044.06583214,431259.27075195,86.22673321],[243044.0653019,431259.27048492,86.22602558],[243044.06477165,431259.27021027,86.22531891],[243044.063591,431259.27048492,86.22397327],[243044.06306076,431259.2702179,86.2232666],[243044.06253242,431259.26995087,86.22256088],[243044.06200218,431259.26968384,86.22185421],[243044.06212234,431259.26887512,86.2217865]]",dji_pose_mesh_ray_contour_nodes,
6,4,3,SPL,1299.0,388.0,1297,388,1302,389,5,1,5,243043.00404358,431262.4439621,86.21301746,dji_pose_mesh_ray_centroid,True,True,1113530,3.898943,warp,,1299.0,388.0,1,1,1.0,1,3.898943,3.898943,5,5,1.0,"[[1297.0,388.0],[1298.0,388.0],[1299.0,388.0],[1300.0,388.0],[1301.0,388.0]]","[[243043.00312614,431262.44542694,86.2128582],[243043.00358391,431262.44469452,86.21293831],[243043.00404358,431262.4439621,86.21301746],[243043.00450134,431262.44322205,86.21309757],[243043.00496101,431262.44248962,86.21317768]]",dji_pose_mesh_ray_contour_nodes,
7,5,3,SPL,1308.5,388.0,1305,388,1313,389,8,1,8,243043.00840187,431262.43696594,86.21377563,dji_pose_mesh_ray_centroid,True,True,1113530,3.898255,warp,,1308.5,388.0,1,1,1.0,1,3.898255,3.898255,8,8,1.0,"[[1305.0,388.0],[1306.0,388.0],[1307.0,388.0],[1308.0,388.0],[1309.0,388.0],[1310.0,388.0],[1311.0,388.0],[1312.0,388.0]]","[[243043.00679588,431262.43954468,86.21349621],[243043.00725555,431262.43880463,86.21357632],[243043.00771332,431262.4380722,86.21365643],[243043.00817299,431262.43733215,86.21373558],[243043.00863266,431262.43659973,86.21381569],[243043.00909042,431262.43585968,86.2138958],[243043.00955009,431262.43512726,86.21397495],[243043.01000977,431262.43438721,86.21405506]]",dji_pose_mesh_ray_contour_nodes,
8,6,3,SPL,2748.9351,599.4795,2691,573,2804,629,113,56,3931,243043.21315002,431261.11995697,85.92915058,dji_pose_mesh_ray_centroid,True,True,285949,3.370028,warp,,2748.9351,599.4795,1,1,1.0,1,3.370028,3.370028,154,154,1.0,"[[2691.0,612.5],[2691.5,612.0],[2692.0,611.5],[2693.0,611.5],[2694.0,611.5],[2694.5,611.0],[2695.0,610.5],[2695.5,610.0],[2696.0,609.5],[2697.0,609.5],[2697.5,609.0],[2698.0,608.5],[2699.0,608.5],[2699.5,608.0],[2700.0,607.5],[2701.0,607.5],[2701.5,607.0],[2702.0,606.5],[2702.5,607.0],[2703.0,607.5],[2704.0,607.5],[2704.5,607.0],[2705.0,606.5],[2706.0,606.5],[2707.0,606.5],[2707.5,606.0],[2708.0,605.5],[2709.0,605.5],[2710.0,605.5],[2711.0,605.5],[2712.0,605.5],[2712.5,605.0],[2712.5,604.0],[2712.0,603.5],[2711.0,603.5],[2710.0,603.5],[2709.0,603.5],[2708.5,604.0],[2708.0,604.5],[2707.5,604.0],[2707.0,603.5],[2706.0,603.5],[2705.0,603.5],[2704.5,603.0],[2704.5,602.0],[2704.5,601.0],[2704.5,600.0],[2705.0,599.5],[2705.5,599.0],[2705.5,598.0],[2705.5,597.0],[2705.5,596.0],[2705.0,595.5],[2704.5,595.0],[2705.0,594.5],[2705.5,594.0],[2705.5,593.0],[2706.0,592.5],[2706.5,592.0],[2707.0,591.5],[2707.5,591.0],[2708.0,590.5],[2708.5,590.0],[2709.0,589.5],[2709.5,589.0],[2710.0,588.5],[2710.5,588.0],[2711.0,587.5],[2711.5,587.0],[2712.0,586.5],[2712.5,586.0],[2713.0,585.5],[2714.0,585.5],[2714.5,585.0],[2715.0,584.5],[2715.5,584.0],[2716.0,583.5],[2717.0,583.5],[2718.0,583.5],[2719.0,583.5],[2720.0,583.5],[2721.0,583.5],[2721.5,583.0],[2722.0,582.5],[2723.0,582.5],[2723.5,582.0],[2724.0,581.5],[2725.0,581.5],[2726.0,581.5],[2726.5,581.0],[2727.0,580.5],[2728.0,580.5],[2729.0,580.5],[2730.0,580.5],[2731.0,580.5],[2732.0,580.5],[2732.5,580.0],[2733.0,579.5],[2734.0,579.5],[2735.0,579.5],[2736.0,579.5],[2737.0,579.5],[2738.0,579.5],[2739.0,579.5],[2740.0,579.5],[2741.0,579.5],[2742.0,579.5],[2742.5,579.0],[2743.0,578.5],[2744.0,578.5],[2745.0,578.5],[2745.5,578.0],[2746.0,577.5],[2746.5,577.0],[2747.0,576.5],[2748.0,576.5],[2748.5,576.0],[2749.0,575.5],[2750.0,575.5],[2751.0,575.5],[2751.5,575.0],[2752.0,574.5],[2753.0,574.5],[2754.0,574.5],[2754.5,574.0],[2755.0,573.5],[2756.0,573.5],[2757.0,573.5],[2758.0,573.5],[2759.0,573.5],[2759.5,574.0],[2760.0,574.5],[2761.0,574.5],[2762.0,574.5],[2763.0,574.5],[2763.5,575.0],[2764.0,575.5],[2765.0,575.5],[2766.0,575.5],[2767.0,575.5],[2768.0,575.5],[2769.0,575.5],[2770.0,575.5],[2770.5,575.0],[2771.0,574.5],[2772.0,574.5],[2773.0,574.5],[2774.0,574.5],[2774.5,574.0],[2775.0,573.5],[2776.0,573.5],[2777.0,573.5],[2778.0,573.5],[2778.5,573.0]]","[[243043.18736267,431261.16309357,85.91447544],[243043.18790245,431261.16283417,85.91505241],[243043.18844414,431261.16256714,85.91563034],[243043.18870354,431261.16176605,85.9156208],[243043.18896103,431261.16095734,85.91561222],[243043.18950272,431261.16069794,85.91619015],[243043.1900444,431261.16043091,85.91676712],[243043.19058609,431261.16017151,85.917346],[243043.19112778,431261.15990448,85.91792393],[243043.19138718,431261.15909576,85.91791534],[243043.19192886,431261.15883636,85.91849327],[243043.19247055,431261.15856934,85.91907215],[243043.19272804,431261.15776825,85.91906261],[243043.19327164,431261.15750122,85.91964149],[243043.19381332,431261.15723419,85.92022037],[243043.19407272,431261.15643311,85.92021084],[243043.19461441,431261.15616608,85.92078972],[243043.195158,431261.15589905,85.92136955],[243043.19487381,431261.15535736,85.92078114],[243043.19459152,431261.1548233,85.92019272],[243043.19484901,431261.15401459,85.92018414],[243043.19539261,431261.15374756,85.92076302],[243043.1959343,431261.15348053,85.9213419],[243043.1961937,431261.15267944,85.92133236],[243043.19645309,431261.15187073,85.92132378],[243043.19699669,431261.1516037,85.92190266],[243043.19753838,431261.1513443,85.92248249],[243043.19779778,431261.15053558,85.92247295],[243043.19805717,431261.14972687,85.92246437],[243043.19831657,431261.14892578,85.92245483],[243043.19857597,431261.14811707,85.9224453],[243043.19911957,431261.14785004,85.92302513],[243043.19994736,431261.14812469,85.92419434],[243043.20023155,431261.14866638,85.92478275],[243043.19997215,431261.1494751,85.92479229],[243043.19971275,431261.15028381,85.92480183],[243043.19945335,431261.1510849,85.92481041],[243043.19890976,431261.15135193,85.92423058],[243043.19836617,431261.15161896,85.92365074],[243043.19865036,431261.15216064,85.92424011],[243043.19893456,431261.15270233,85.92482853],[243043.19867516,431261.15351105,85.92483807],[243043.19841576,431261.15431213,85.9248476],[243043.19869995,431261.15485382,85.92543697],[243043.19952774,431261.15513611,85.92660713],[243043.20035744,431261.15541077,85.92777729],[243043.20118523,431261.15568542,85.92894936],[243043.20173073,431261.15542603,85.92953014],[243043.20227432,431261.155159,85.93011188],[243043.20310402,431261.15543365,85.9312849],[243043.20393562,431261.15571594,85.93245792],[243043.20476723,431261.1559906,85.9336319],[243043.20505142,431261.15653229,85.93422413],[243043.20533752,431261.1570816,85.93481541],[243043.20588303,431261.15681458,85.93539906],[243043.20643044,431261.15654755,85.93598175],[243043.20726204,431261.15682983,85.93715763],[243043.20780945,431261.15656281,85.93774128],[243043.20835495,431261.15629578,85.93832493],[243043.20890045,431261.15602875,85.93890858],[243043.20944786,431261.15576172,85.93949318],[243043.20999527,431261.15550232,85.94007683],[243043.21054268,431261.15523529,85.94066143],[243043.21108818,431261.15496826,85.94124603],[243043.2116375,431261.15470123,85.94183063],[243043.21218491,431261.1544342,85.94241619],[243043.21273232,431261.15416718,85.94300079],[243043.21327972,431261.15390015,85.9435854],[243043.21382904,431261.15364075,85.94417095],[243043.21437645,431261.15337372,85.94475651],[243043.21492386,431261.15310669,85.94534206],[243043.21547318,431261.15283966,85.94592762],[243043.21573257,431261.15203094,85.94591808],[243043.21628189,431261.15176392,85.94650459],[243043.21683121,431261.15149689,85.94709015],[243043.21738052,431261.15122986,85.94767666],[243043.21792793,431261.15096283,85.94826317],[243043.21818924,431261.15014648,85.94825363],[243043.21845055,431261.14933777,85.94824409],[243043.21870995,431261.14852905,85.94823551],[243043.21897125,431261.14771271,85.94822597],[243043.21923256,431261.14690399,85.94821644],[243043.21978188,431261.14663696,85.94880295],[243043.22033119,431261.14636993,85.94938946],[243043.22059059,431261.14556122,85.94937992],[243043.22114182,431261.14529419,85.94996738],[243043.22169113,431261.14502716,85.95055389],[243043.22195244,431261.14421082,85.95054436],[243043.22221184,431261.1434021,85.95053482],[243043.22276306,431261.14313507,85.95112228],[243043.22331238,431261.14286804,85.95170975],[243043.22357368,431261.1420517,85.95170021],[243043.22383308,431261.14124298,85.95169067],[243043.22409439,431261.14042664,85.95168114],[243043.2243557,431261.13961792,85.9516716],[243043.224617,431261.1388092,85.95166206],[243043.22516632,431261.13853455,85.95224953],[243043.22571754,431261.13826752,85.95283794],[243043.22597885,431261.1374588,85.95282841],[243043.22624016,431261.13664246,85.95281887],[243043.22649956,431261.13583374,85.95280933],[243043.22676086,431261.13502502,85.9527998],[243043.22702217,431261.13420868,85.95279026],[243043.22728157,431261.13339996,85.95278072],[243043.22754288,431261.13258362,85.95277119],[243043.22780418,431261.1317749,85.9527626],[243043.22806549,431261.13096619,85.95275307],[243043.22861481,431261.13069153,85.95334053],[243043.22916412,431261.1304245,85.95392704],[243043.22940826,431261.12960815,85.95391083],[243043.2296524,431261.12879181,85.95389461],[243043.2301445,431261.12850189,85.95446014],[243043.2306385,431261.12821198,85.95502472],[243043.23113251,431261.12792206,85.95559025],[243043.2316246,431261.12763214,85.95615578],[243043.23186874,431261.1268158,85.95613956],[243043.23236275,431261.12652588,85.95670509],[243043.23285675,431261.12623596,85.95727062],[243043.23310089,431261.12541962,85.95725441],[243043.23334694,431261.12460327,85.95723915],[243043.23383904,431261.12431335,85.95780468],[243043.23433304,431261.12402344,85.95837021],[243043.23457909,431261.12320709,85.958354],[243043.23482323,431261.12238312,85.95833874],[243043.23531723,431261.1220932,85.95890427],[243043.23581123,431261.12180328,85.95947075],[243043.23605537,431261.12098694,85.95945454],[243043.23630142,431261.12017059,85.95943832],[243043.23654556,431261.11935425,85.95942211],[243043.2367897,431261.11853027,85.9594059],[243043.23653984,431261.11800385,85.95882416],[243043.23628998,431261.11747742,85.95824242],[243043.23653412,431261.11666107,85.9582262],[243043.23677826,431261.11584473,85.95820999],[243043.2370224,431261.11502838,85.95819378],[243043.23677444,431261.11450195,85.95761299],[243043.23652458,431261.11397552,85.95703125],[243043.23676872,431261.11315918,85.95701504],[243043.23701286,431261.11233521,85.95699882],[243043.237257,431261.11151886,85.95698261],[243043.23750114,431261.11070251,85.95696735],[243043.23774529,431261.10988617,85.95695114],[243043.23798943,431261.10906982,85.95693493],[243043.23848343,431261.10877991,85.95750046],[243043.23897934,431261.10848236,85.95806599],[243043.23922348,431261.10766602,85.95804977],[243043.23946762,431261.10684967,85.95803451],[243043.23971176,431261.10603333,85.9580183],[243043.24020576,431261.10574341,85.95858383],[243043.24070168,431261.10545349,85.95915031],[243043.24094582,431261.10462952,85.9591341],[243043.24118996,431261.10381317,85.95911789],[243043.2414341,431261.10299683,85.95910168],[243043.2419281,431261.10270691,85.95966816]]",dji_pose_mesh_ray_contour_nodes,
9,7,3,SPL,1029.899,613.9439,1007,602,1052,624,45,22,713,243042.75324821,431262.51913452,85.92916107,dji_pose_mesh_ray_centroid,True,True,1113532,3.669622,warp,,1029.899,613.9439,1,1,1.0,1,3.669622,3.669622,35,35,1.0,"[[1007.0,613.5],[1007.5,613.0],[1008.0,612.5],[1008.5,612.0],[1009.0,611.5],[1009.5,611.0],[1010.0,610.5],[1010.5,610.0],[1011.0,609.5],[1012.0,609.5],[1013.0,609.5],[1014.0,609.5],[1015.0,609.5],[1016.0,609.5],[1017.0,609.5],[1018.0,609.5],[1018.5,609.0],[1019.0,608.5],[1020.0,608.5],[1021.0,608.5],[1021.5,608.0],[1022.0,607.5],[1023.0,607.5],[1023.5,607.0],[1024.0,606.5],[1024.5,606.0],[1025.0,605.5],[1025.5,605.0],[1026.0,604.5],[1027.0,604.5],[1027.5,604.0],[1028.0,603.5],[1028.5,603.0],[1029.0,602.5],[1029.5,602.0]]","[[243042.7461586,431262.53713226,85.92929459],[243042.74660492,431262.53701019,85.92986202],[243042.74705124,431262.53689575,85.93043041],[243042.74749565,431262.53677368,85.9309988],[243042.74794197,431262.53665161,85.93156624],[243042.74838829,431262.53652954,85.93213463],[243042.74883461,431262.5364151,85.93270302],[243042.74928093,431262.53629303,85.93327236],[243042.74972725,431262.53617096,85.93384075],[243042.74999619,431262.53534698,85.93383217],[243042.75026321,431262.53452301,85.93382359],[243042.75053215,431262.53369141,85.933815],[243042.75079918,431262.53286743,85.93380642],[243042.75106812,431262.53204346,85.93379784],[243042.75133896,431262.53121948,85.93379116],[243042.75168419,431262.53046417,85.93381882],[243042.75214195,431262.53035736,85.93439198],[243042.75259972,431262.53024292,85.93496609],[243042.75294495,431262.52949524,85.93499374],[243042.75329018,431262.52873993,85.93502045],[243042.75374794,431262.52862549,85.93559456],[243042.75420761,431262.52851868,85.93616962],[243042.75455284,431262.52776337,85.93619633],[243042.7550106,431262.52764893,85.93677139],[243042.75547028,431262.52754211,85.9373455],[243042.75592804,431262.52742767,85.93792057],[243042.75638771,431262.52732086,85.93849564],[243042.75684738,431262.52720642,85.93907165],[243042.75730705,431262.52709961,85.93964672],[243042.75765228,431262.5263443,85.93967342],[243042.75811195,431262.52622986,85.94024944],[243042.75857162,431262.52612305,85.94082451],[243042.7590313,431262.52600861,85.94140053],[243042.75949097,431262.52590179,85.94197655],[243042.75995064,431262.52578735,85.94255257]]",dji_pose_mesh_ray_contour_nodes,
10,8,3,SPL,2704.0986,753.2586,2688,739,2722,768,34,29,781,243043.08794785,431261.11812592,85.75972366,dji_pose_mesh_ray_centroid,True,True,1112842,3.201296,warp,,2704.0986,753.2586,1,1,1.0,1,3.201296,3.201296,38,38,1.0,"[[2700.5,739.0],[2701.0,739.5],[2702.0,739.5],[2703.0,739.5],[2703.5,740.0],[2704.0,740.5],[2705.0,740.5],[2706.0,740.5],[2707.0,740.5],[2707.5,741.0],[2708.0,741.5],[2709.0,741.5],[2710.0,741.5],[2710.5,742.0],[2711.0,742.5],[2712.0,742.5],[2712.5,743.0],[2713.0,743.5],[2714.0,743.5],[2715.0,743.5],[2715.5,744.0],[2716.0,744.5],[2717.0,744.5],[2717.5,745.0],[2718.0,745.5],[2718.5,746.0],[2719.0,746.5],[2719.5,747.0],[2719.5,748.0],[2719.5,749.0],[2719.5,750.0],[2719.5,751.0],[2719.5,752.0],[2719.5,753.0],[2720.0,753.5],[2720.5,754.0],[2720.5,755.0],[2721.0,755.5]]","[[243043.09736633,431261.12438965,85.77501106],[243043.09716797,431261.12389374,85.77448368],[243043.09752083,431261.12314606,85.77451229],[243043.09787369,431261.12239838,85.77453995],[243043.09767532,431261.12190247,85.77401257],[243043.09747505,431261.12140656,85.77348518],[243043.09782982,431261.12065887,85.77351379],[243043.09818459,431261.11991119,85.77354145],[243043.09853745,431261.11917114,85.77357006],[243043.09833908,431261.1186676,85.77304268],[243043.09813881,431261.11817169,85.7725153],[243043.09849167,431261.11742401,85.77254391],[243043.09884644,431261.11668396,85.77257252],[243043.09864807,431261.11618042,85.77204514],[243043.0984478,431261.11568451,85.77151871],[243043.09880066,431261.11493683,85.77154636],[243043.09860229,431261.11444092,85.77101994],[243043.09840393,431261.11394501,85.77049351],[243043.09875679,431261.11319733,85.77052116],[243043.09911156,431261.11245728,85.77054977],[243043.09891129,431261.11196136,85.77002239],[243043.09871292,431261.11146545,85.76949692],[243043.09906578,431261.11071777,85.76952457],[243043.09886742,431261.11022186,85.76899815],[243043.09866714,431261.10972595,85.76847172],[243043.09846878,431261.10923004,85.76794624],[243043.09826851,431261.1087265,85.76741981],[243043.09807014,431261.10823059,85.76689434],[243043.09731865,431261.10798645,85.76581573],[243043.09656906,431261.10773468,85.76473713],[243043.09581757,431261.10749054,85.76365948],[243043.09506798,431261.10723877,85.76258182],[243043.09431839,431261.10699463,85.76150513],[243043.09357071,431261.10675049,85.76042843],[243043.09337234,431261.10625458,85.75990486],[243043.09317398,431261.10575867,85.75938034],[243043.09242439,431261.1055069,85.75830555],[243043.09222794,431261.10501862,85.75778198]]",dji_pose_mesh_ray_contour_nodes,
11,9,3,SPL,4075.4216,768.3589,3840,746,4344,789,504,43,8255,243043.42025185,431260.06409454,85.73486328,dji_pose_mesh_ray_centroid,True,True,1112916,3.361763,warp,,4075.4216,768.3589,1,1,1.0,1,3.361763,3.361763,256,256,1.0,"[[3935.5,746.0],[3936.0,746.5],[3938.0,746.5],[3939.5,747.0],[3941.0,747.5],[3943.0,747.5],[3945.0,747.5],[3947.0,747.5],[3949.0,747.5],[3950.5,748.0],[3952.0,748.5],[3952.5,749.0],[3954.0,749.5],[3956.0,749.5],[3958.0,749.5],[3959.0,750.5],[3961.0,750.5],[3963.0,750.5],[3964.5,751.0],[3966.0,751.5],[3968.0,751.5],[3969.0,751.5],[3971.0,751.5],[3973.0,751.5],[3975.0,751.5],[3977.0,751.5],[3978.5,752.0],[3980.0,752.5],[3981.5,753.0],[3983.0,753.5],[3984.0,754.5],[3985.0,754.5],[3986.5,755.0],[3988.0,755.5],[3989.0,756.5],[3991.0,756.5],[3992.5,757.0],[3994.0,757.5],[3996.0,757.5],[3997.0,758.5],[3999.0,758.5],[3999.5,759.0],[4001.0,759.5],[4002.5,760.0],[4004.0,760.5],[4006.0,760.5],[4007.5,761.0],[4009.0,761.5],[4011.0,761.5],[4012.0,762.5],[4014.0,762.5],[4016.0,762.5],[4017.0,762.5],[4019.0,762.5],[4021.0,762.5],[4023.0,762.5],[4025.0,762.5],[4026.5,763.0],[4028.0,763.5],[4030.0,763.5],[4032.0,763.5],[4034.0,763.5],[4035.0,763.5],[4037.0,763.5],[4038.0,762.5],[4040.0,762.5],[4042.0,762.5],[4044.0,762.5],[4045.0,761.5],[4047.0,761.5],[4049.0,761.5],[4051.0,761.5],[4052.0,761.5],[4053.0,762.5],[4055.0,762.5],[4057.0,762.5],[4059.0,762.5],[4061.0,762.5],[4062.5,763.0],[4063.5,764.0],[4064.5,765.0],[4066.0,765.5],[4066.5,766.0],[4067.5,767.0],[4069.0,767.5],[4071.0,767.5],[4073.0,767.5],[4075.0,767.5],[4077.0,767.5],[4079.0,767.5],[4080.5,767.0],[4082.0,766.5],[4083.0,766.5],[4085.0,766.5],[4087.0,766.5],[4089.0,766.5],[4091.0,766.5],[4092.5,767.0],[4094.0,767.5],[4096.0,767.5],[4098.0,767.5],[4100.0,767.5],[4102.0,767.5],[4103.0,767.5],[4105.0,767.5],[4107.0,767.5],[4109.0,767.5],[4111.0,767.5],[4113.0,767.5],[4115.0,767.5],[4116.0,766.5],[4117.0,765.5],[4118.5,765.0],[4119.0,764.5],[4120.0,763.5],[4122.0,763.5],[4123.0,762.5],[4125.0,762.5],[4126.5,762.0],[4128.0,761.5],[4130.0,761.5],[4132.0,761.5],[4134.0,761.5],[4135.0,761.5],[4137.0,761.5],[4138.0,760.5],[4139.5,760.0],[4140.5,759.0],[4142.0,758.5],[4143.0,757.5],[4145.0,757.5],[4147.0,757.5],[4149.0,757.5],[4150.0,757.5],[4151.5,757.0],[4153.0,756.5],[4155.0,756.5],[4156.5,757.0],[4158.0,757.5],[4160.0,757.5],[4162.0,757.5],[4164.0,757.5],[4166.0,757.5],[4166.5,758.0],[4168.0,758.5],[4170.0,758.5],[4171.0,759.5],[4173.0,759.5],[4174.0,760.5],[4176.0,760.5],[4177.0,761.5],[4179.0,761.5],[4180.0,762.5],[4182.0,762.5],[4182.5,763.0],[4183.5,764.0],[4184.5,765.0],[4186.0,765.5],[4187.0,766.5],[4189.0,766.5],[4191.0,766.5],[4192.0,767.5],[4194.0,767.5],[4196.0,767.5],[4197.0,767.5],[4199.0,767.5],[4201.0,767.5],[4203.0,767.5],[4205.0,767.5],[4207.0,767.5],[4209.0,767.5],[4211.0,767.5],[4213.0,767.5],[4215.0,767.5],[4216.0,767.5],[4218.0,767.5],[4220.0,767.5],[4222.0,767.5],[4223.5,768.0],[4223.5,770.0],[4224.5,770.0],[4226.0,769.5],[4227.0,768.5],[4229.0,768.5],[4230.0,768.5],[4232.0,768.5],[4234.0,768.5],[4235.0,767.5],[4237.0,767.5],[4239.0,767.5],[4241.0,767.5],[4243.0,767.5],[4244.5,768.0],[4246.0,768.5],[4247.0,768.5],[4249.0,768.5],[4250.0,767.5],[4252.0,767.5],[4254.0,767.5],[4255.5,768.0],[4257.0,768.5],[4259.0,768.5],[4260.5,769.0],[4262.0,769.5],[4263.0,768.5],[4264.0,768.5],[4266.0,768.5],[4267.5,769.0],[4269.0,769.5],[4271.0,769.5],[4273.0,769.5],[4275.0,769.5],[4276.5,770.0],[4278.0,770.5],[4280.0,770.5],[4281.0,770.5],[4282.0,771.5],[4284.0,771.5],[4285.0,772.5],[4287.0,772.5],[4289.0,772.5],[4290.5,772.0],[4292.0,771.5],[4294.0,771.5],[4296.0,771.5],[4296.5,771.0],[4298.0,770.5],[4300.0,770.5],[4302.0,770.5],[4304.0,770.5],[4305.0,769.5],[4307.0,769.5],[4309.0,769.5],[4311.0,769.5],[4313.0,769.5],[4314.0,769.5],[4316.0,769.5],[4318.0,769.5],[4319.5,770.0],[4321.0,770.5],[4323.0,770.5],[4325.0,770.5],[4327.0,770.5],[4328.5,771.0],[4330.0,771.5],[4331.0,771.5],[4333.0,771.5],[4334.0,772.5],[4335.5,773.0],[4337.0,773.5],[4338.0,774.5],[4339.0,775.5],[4340.0,776.5],[4341.0,777.5],[4341.5,779.0],[4343.0,779.5]]","[[243043.38418579,431260.17040253,85.75337505],[243043.38386154,431260.17001343,85.7528286],[243043.3841877,431260.16849518,85.75276184],[243043.38402557,431260.16735077,85.75218296],[243043.38386536,431260.16621399,85.75160408],[243043.38418961,431260.16468811,85.75153732],[243043.38489723,431260.16316986,85.75159073],[243043.38571548,431260.16165161,85.75167751],[243043.38653183,431260.16013336,85.7517643],[243043.38671494,431260.15899658,85.75129318],[243043.38689804,431260.15785217,85.75082111],[243043.38667297,431260.15747833,85.75030613],[243043.38685417,431260.15633392,85.74983501],[243043.38767242,431260.15481567,85.7499218],[243043.38848877,431260.15329742,85.75000858],[243043.38803673,431260.15253448,85.74897861],[243043.38885498,431260.15101624,85.7490654],[243043.38967323,431260.14949799,85.74915218],[243043.38985443,431260.14836121,85.74868107],[243043.39003754,431260.14722443,85.748209],[243043.39085388,431260.14569855,85.74829578],[243043.39126396,431260.14494324,85.74833965],[243043.39208221,431260.14342499,85.74842644],[243043.39289856,431260.14189911,85.74851227],[243043.39371681,431260.14038086,85.74860001],[243043.39453506,431260.13886261,85.74868584],[243043.39471817,431260.1377182,85.74821472],[243043.39490128,431260.13658142,85.74774361],[243043.39508247,431260.13544464,85.74727154],[243043.39526367,431260.13430786,85.74680042],[243043.39481163,431260.13355255,85.74577141],[243043.3952198,431260.13278961,85.74581432],[243043.39540291,431260.13165283,85.74534321],[243043.39558411,431260.13051605,85.74487209],[243043.39513016,431260.12976074,85.74384403],[243043.39594841,431260.12824249,85.74392986],[243043.39612961,431260.12710571,85.74345875],[243043.39631271,431260.12596893,85.74298859],[243043.39713097,431260.12444305,85.74307442],[243043.39667702,431260.12369537,85.74204636],[243043.39749527,431260.12216949,85.74213314],[243043.3972683,431260.12179565,85.74161911],[243043.39744949,431260.12065887,85.74114895],[243043.39763069,431260.11952209,85.74067783],[243043.3978138,431260.11838531,85.74020767],[243043.39863014,431260.11686707,85.7402935],[243043.39881325,431260.11573029,85.73982334],[243043.39899445,431260.11459351,85.73935223],[243043.3998127,431260.11307526,85.73943806],[243043.39935875,431260.11231995,85.7384119],[243043.40017509,431260.1108017,85.73849773],[243043.40099335,431260.10928345,85.73858356],[243043.40140152,431260.10852051,85.73862648],[243043.40221977,431260.10699463,85.73871231],[243043.40303802,431260.10547638,85.73879814],[243043.40385628,431260.1039505,85.73888397],[243043.40467453,431260.10243225,85.7389698],[243043.40485573,431260.10129547,85.73849964],[243043.40503693,431260.10015869,85.73802853],[243043.40585518,431260.09864044,85.73811436],[243043.40667343,431260.09711456,85.73820019],[243043.40749359,431260.09558868,85.73828602],[243043.40790176,431260.09482574,85.73832893],[243043.40872192,431260.0933075,85.73841476],[243043.40999794,431260.0925293,85.73952866],[243043.4108181,431260.09100342,85.73961449],[243043.41163635,431260.08947754,85.73970032],[243043.41245651,431260.08795166,85.73978615],[243043.41373444,431260.08717346,85.74090099],[243043.4145546,431260.08564758,85.74098682],[243043.41537476,431260.0841217,85.74107265],[243043.41619492,431260.08259583,85.74115944],[243043.416605,431260.08182526,85.74120235],[243043.41614723,431260.08108521,85.74017334],[243043.41696739,431260.07955933,85.74025917],[243043.41778755,431260.07803345,85.74034595],[243043.41860962,431260.07650757,85.74043179],[243043.41942978,431260.07497406,85.74051762],[243043.41961098,431260.07384491,85.7400465],[243043.41915131,431260.07309723,85.73901749],[243043.41869164,431260.07235718,85.73798943],[243043.41887283,431260.0712204,85.73751926],[243043.41864204,431260.07085419,85.73700523],[243043.41818428,431260.07011414,85.73597813],[243043.41836357,431260.06897736,85.73550701],[243043.41918373,431260.06745148,85.73559284],[243043.42000389,431260.0659256,85.73567867],[243043.42082596,431260.06439209,85.7357645],[243043.42164612,431260.06286621,85.73585033],[243043.42246628,431260.06134033,85.73593521],[243043.42351723,431260.06018066,85.73653507],[243043.42457008,431260.059021,85.73713493],[243043.42498016,431260.05825806,85.73717785],[243043.42580223,431260.05673218,85.73726368],[243043.42662239,431260.05519867,85.73734951],[243043.42744446,431260.05367279,85.73743534],[243043.42826653,431260.05213928,85.73752117],[243043.42844772,431260.05101013,85.73705006],[243043.42862701,431260.04987335,85.73657894],[243043.42944908,431260.04833984,85.73666477],[243043.43027115,431260.04681396,85.7367506],[243043.43109322,431260.04528046,85.73683643],[243043.43191528,431260.04375458,85.73692226],[243043.43232727,431260.04298401,85.73696518],[243043.43314934,431260.0414505,85.73705101],[243043.43397141,431260.03992462,85.73713684],[243043.43479538,431260.03839111,85.73722267],[243043.43561935,431260.0368576,85.7373085],[243043.43644142,431260.0353241,85.73739433],[243043.4372654,431260.03379059,85.73748016],[243043.43855286,431260.03299713,85.73859596],[243043.43984222,431260.03219604,85.73971271],[243043.4408989,431260.03102875,85.74031448],[243043.44154358,431260.03063202,85.74087238],[243043.44283485,431260.02983093,85.74199009],[243043.44365883,431260.02828979,85.74207687],[243043.44495201,431260.02748871,85.74319553],[243043.44577599,431260.0259552,85.74328232],[243043.44668579,431260.0247879,85.74383926],[243043.44754219,431260.02362823,85.74438095],[243043.44818115,431260.02210236,85.74441147],[243043.44882202,431260.02056885,85.74444103],[243043.44946098,431260.01904297,85.74447155],[243043.44977951,431260.0182724,85.74448681],[243043.45041847,431260.01674652,85.74451637],[243043.45149612,431260.01594543,85.74557018],[243043.45235443,431260.01478577,85.74611282],[243043.45343018,431260.01398468,85.74716759],[243043.45429039,431260.01282501,85.74771023],[243043.45536804,431260.01202393,85.74876595],[243043.45600891,431260.01049042,85.74879551],[243043.45664787,431260.00896454,85.74882603],[243043.45728874,431260.00743103,85.74885654],[243043.45760918,431260.00666046,85.74887085],[243043.45846748,431260.00550079,85.74941444],[243043.4593277,431260.0043335,85.74995804],[243043.45996857,431260.00279999,85.7499876],[243043.46006775,431260.00166321,85.74948978],[243043.46016884,431260.00053406,85.74899197],[243043.46057129,431259.99901581,85.74895],[243043.46084404,431259.99749756,85.74886799],[243043.4611187,431259.99598694,85.74878788],[243043.46139145,431259.99446869,85.74870586],[243043.46108437,431259.99411011,85.74816704],[243043.46091461,431259.99299622,85.7475872],[243043.46118736,431259.99147797,85.74750614],[243043.4605732,431259.9907608,85.74642849],[243043.46084785,431259.98925018,85.74634743],[243043.46023369,431259.98852539,85.74527073],[243043.46050644,431259.98701477,85.74518967],[243043.45989418,431259.98629761,85.74411392],[243043.46016502,431259.98478699,85.74403286],[243043.45954132,431259.98406982,85.74295425],[243043.45980072,431259.9825592,85.74286938],[243043.45948792,431259.98220062,85.7423296],[243043.45886421,431259.98149109,85.74125195],[243043.45824051,431259.98077393,85.74017429],[243043.45805931,431259.97966003,85.73959351],[243043.45743561,431259.9789505,85.73851776],[243043.45769501,431259.97743988,85.73843288],[243043.45795441,431259.97592926,85.73834896],[243043.4573307,431259.97521973,85.73727322],[243043.4575901,431259.97371674,85.73718929],[243043.45785141,431259.97220612,85.73710537],[243043.4579792,431259.97145081,85.73706341],[243043.4582386,431259.96994781,85.73697948],[243043.458498,431259.96844482,85.73689556],[243043.4587574,431259.9669342,85.73681164],[243043.4590168,431259.96543121,85.73672771],[243043.4592762,431259.96392822,85.73664379],[243043.4595356,431259.9624176,85.73656082],[243043.459795,431259.96091461,85.7364769],[243043.46005249,431259.95941162,85.73639297],[243043.46031189,431259.95790863,85.73630905],[243043.46044159,431259.95715332,85.73626709],[243043.46070099,431259.95565033,85.73618317],[243043.46096039,431259.95414734,85.73609924],[243043.46121979,431259.95264435,85.73601627],[243043.46103668,431259.95154572,85.73543739],[243043.45953369,431259.95163727,85.73337555],[243043.45966148,431259.95088196,85.73333359],[243043.46023178,431259.94973755,85.73378563],[243043.46111298,431259.94893646,85.73477554],[243043.46137238,431259.94743347,85.73469162],[243043.46150208,431259.94668579,85.73464966],[243043.46175957,431259.9451828,85.73456573],[243043.46201897,431259.94367981,85.73448276],[243043.46290016,431259.94288635,85.73547173],[243043.46315956,431259.94138336,85.7353878],[243043.46341705,431259.93988037,85.73530483],[243043.46367645,431259.93837738,85.73522091],[243043.46393394,431259.93688202,85.73513699],[243043.46375084,431259.93578339,85.73455906],[243043.46356964,431259.93467712,85.73398209],[243043.46369934,431259.93392944,85.73394012],[243043.46395683,431259.93243408,85.7338562],[243043.46483803,431259.931633,85.73484516],[243043.46509743,431259.93013,85.73476124],[243043.46535492,431259.92863464,85.73467731],[243043.46517181,431259.92753601,85.73410034],[243043.46498871,431259.92643738,85.73352241],[243043.46524811,431259.92494202,85.73343945],[243043.465065,431259.92384338,85.73286247],[243043.4648819,431259.92274475,85.7322855],[243043.46576309,431259.92194366,85.73327255],[243043.46589279,431259.92119598,85.73323154],[243043.46615028,431259.91970062,85.73314762],[243043.46596718,431259.91860199,85.73257065],[243043.46578598,431259.91750336,85.73199463],[243043.46604347,431259.916008,85.73191071],[243043.46630096,431259.91451263,85.73182774],[243043.46655846,431259.91301727,85.73174477],[243043.46637535,431259.91192627,85.73116875],[243043.46629715,431259.91082764,85.73062324],[243043.46681023,431259.90930939,85.73061657],[243043.46706772,431259.90855408,85.73061275],[243043.46651459,431259.9078598,85.72956562],[243043.46702766,431259.90634155,85.72955799],[243043.46647644,431259.90564728,85.72851086],[243043.46698952,431259.90413666,85.72850418],[243043.46750259,431259.90262604,85.7284975],[243043.46829033,431259.90145874,85.72901344],[243043.46907997,431259.90029144,85.72953033],[243043.46959305,431259.89878082,85.72952366],[243043.47010612,431259.89726257,85.72951698],[243043.47064018,431259.89685822,85.73003674],[243043.47142982,431259.89569092,85.73055363],[243043.4719429,431259.89417267,85.73054695],[243043.47245598,431259.89266205,85.73053932],[243043.47296906,431259.89115143,85.73053265],[243043.47403526,431259.89032745,85.73157406],[243043.47454834,431259.8888092,85.73156738],[243043.47506142,431259.88729858,85.73155975],[243043.47557449,431259.88578796,85.73155308],[243043.47608757,431259.88426971,85.73154545],[243043.47634506,431259.8835144,85.73154259],[243043.47685814,431259.88200378,85.73153496],[243043.47737122,431259.88048553,85.73152828],[243043.47735023,431259.8793869,85.7310009],[243043.47733116,431259.87828827,85.73047352],[243043.47784424,431259.87677002,85.73046684],[243043.47835732,431259.8752594,85.73046017],[243043.47887039,431259.87374878,85.73045254],[243043.47884941,431259.87264252,85.72992611],[243043.47882843,431259.87154388,85.72939873],[243043.47908401,431259.87078857,85.72939491],[243043.47959709,431259.86927795,85.72938824],[243043.47904205,431259.86859131,85.7283411],[243043.47902107,431259.86749268,85.72781467],[243043.479002,431259.86639404,85.72728825],[243043.47844696,431259.8657074,85.72624302],[243043.47789192,431259.86502075,85.72519684],[243043.47733879,431259.86434174,85.72415256],[243043.47678566,431259.86365509,85.72310829],[243043.47570038,431259.86338043,85.72154617],[243043.4756794,431259.86228943,85.72102165]]",dji_pose_mesh_ray_contour_nodes,
12,10,3,SPL,3759.7392,759.3786,3676,751,3839,768,163,17,1503,243043.34294319,431260.30428314,85.74448967,dji_pose_mesh_ray_centroid,True,True,1112928,3.293066,warp,,3759.7392,759.3786,1,1,1.0,1,3.293066,3.293066,121,121,1.0,"[[3738.5,751.0],[3739.0,751.5],[3739.5,752.0],[3740.0,752.5],[3741.0,752.5],[3742.0,752.5],[3743.0,752.5],[3744.0,752.5],[3744.5,753.0],[3745.0,753.5],[3746.0,753.5],[3747.0,753.5],[3748.0,753.5],[3748.5,753.0],[3749.0,752.5],[3750.0,752.5],[3751.0,752.5],[3752.0,752.5],[3753.0,752.5],[3754.0,752.5],[3755.0,752.5],[3756.0,752.5],[3757.0,752.5],[3758.0,752.5],[3759.0,752.5],[3759.5,753.0],[3760.0,753.5],[3761.0,753.5],[3762.0,753.5],[3763.0,753.5],[3764.0,753.5],[3765.0,753.5],[3766.0,753.5],[3767.0,753.5],[3768.0,753.5],[3769.0,753.5],[3770.0,753.5],[3770.5,753.0],[3771.0,752.5],[3772.0,752.5],[3773.0,752.5],[3774.0,752.5],[3775.0,752.5],[3776.0,752.5],[3777.0,752.5],[3778.0,752.5],[3779.0,752.5],[3779.5,753.0],[3780.0,753.5],[3781.0,753.5],[3782.0,753.5],[3783.0,753.5],[3783.5,754.0],[3784.0,754.5],[3785.0,754.5],[3785.5,755.0],[3786.0,755.5],[3786.5,756.0],[3787.0,756.5],[3788.0,756.5],[3788.5,757.0],[3789.0,757.5],[3790.0,757.5],[3791.0,757.5],[3792.0,757.5],[3793.0,757.5],[3794.0,757.5],[3795.0,757.5],[3796.0,757.5],[3796.5,758.0],[3797.0,758.5],[3798.0,758.5],[3799.0,758.5],[3800.0,758.5],[3801.0,758.5],[3802.0,758.5],[3803.0,758.5],[3804.0,758.5],[3805.0,758.5],[3806.0,758.5],[3807.0,758.5],[3808.0,758.5],[3809.0,758.5],[3810.0,758.5],[3811.0,758.5],[3812.0,758.5],[3812.5,759.0],[3813.0,759.5],[3814.0,759.5],[3815.0,759.5],[3815.5,760.0],[3816.0,760.5],[3817.0,760.5],[3818.0,760.5],[3819.0,760.5],[3820.0,760.5],[3821.0,760.5],[3822.0,760.5],[3822.5,761.0],[3823.0,761.5],[3824.0,761.5],[3825.0,761.5],[3826.0,761.5],[3827.0,761.5],[3828.0,761.5],[3828.5,761.0],[3829.0,760.5],[3829.5,761.0],[3830.0,761.5],[3831.0,761.5],[3831.5,762.0],[3832.0,762.5],[3833.0,762.5],[3834.0,762.5],[3834.5,763.0],[3835.0,763.5],[3836.0,763.5],[3836.5,764.0],[3837.0,764.5],[3837.5,765.0],[3838.0,765.5]]","[[243043.34605408,431260.32093048,85.75405502],[243043.34573364,431260.32052612,85.75350571],[243043.3454113,431260.32012177,85.75295639],[243043.34508896,431260.31970978,85.75240707],[243043.34526634,431260.31894684,85.75237751],[243043.34544373,431260.31817627,85.75234795],[243043.34562111,431260.3174057,85.75231838],[243043.34579659,431260.31664276,85.75228882],[243043.34547424,431260.31623077,85.7517395],[243043.34515381,431260.31582642,85.75119114],[243043.34533119,431260.31506348,85.75116157],[243043.34550667,431260.31429291,85.75113201],[243043.34568405,431260.31352234,85.75110245],[243043.34618187,431260.31316376,85.75162125],[243043.34668159,431260.31279755,85.752141],[243043.34685707,431260.31203461,85.75211143],[243043.34703445,431260.31126404,85.75208187],[243043.34721184,431260.31049347,85.75205231],[243043.34738731,431260.30973053,85.75202274],[243043.3475647,431260.30895996,85.75199318],[243043.34774017,431260.30818939,85.75196362],[243043.34791756,431260.30742645,85.751935],[243043.34809494,431260.30665588,85.75190544],[243043.34827232,431260.30589294,85.75187588],[243043.3484478,431260.30512238,85.75184631],[243043.34812546,431260.30471802,85.751297],[243043.34780312,431260.30431366,85.75074863],[243043.3479805,431260.30355072,85.75071907],[243043.34815788,431260.30278015,85.75068951],[243043.34833336,431260.30201721,85.75065994],[243043.34851074,431260.30124664,85.75063133],[243043.34868622,431260.30047607,85.75060177],[243043.3488636,431260.29971313,85.7505722],[243043.34904099,431260.29894257,85.75054264],[243043.34921646,431260.29817963,85.75051308],[243043.34939384,431260.29740906,85.75048351],[243043.34957123,431260.29664612,85.75045395],[243043.35006905,431260.29627991,85.75097275],[243043.35056686,431260.2959137,85.7514925],[243043.35074425,431260.29515076,85.75146294],[243043.35091972,431260.29438019,85.75143337],[243043.35109711,431260.29361725,85.75140381],[243043.35127258,431260.29284668,85.75137424],[243043.35144997,431260.29208374,85.75134468],[243043.35162735,431260.29131317,85.75131607],[243043.35180283,431260.29055023,85.75128651],[243043.35198021,431260.28977966,85.75125694],[243043.35165787,431260.28938293,85.75070858],[243043.35133553,431260.28897858,85.75016022],[243043.351511,431260.28821564,85.75013065],[243043.35168839,431260.28744507,85.75010109],[243043.35186386,431260.28668213,85.75007153],[243043.35154152,431260.28627777,85.74952412],[243043.35122108,431260.28588104,85.74897575],[243043.35139656,431260.2851181,85.74894714],[243043.35107422,431260.28471375,85.74839878],[243043.35075188,431260.28431702,85.74785137],[243043.35043144,431260.28391266,85.74730396],[243043.3501091,431260.28351593,85.74675751],[243043.35028458,431260.28274536,85.74672794],[243043.34996414,431260.28234863,85.74618053],[243043.3496418,431260.2819519,85.74563408],[243043.34981728,431260.28118134,85.74560451],[243043.34999466,431260.2804184,85.7455759],[243043.35017014,431260.27965546,85.74554634],[243043.35034752,431260.27889252,85.74551678],[243043.35052299,431260.27812195,85.74548817],[243043.35069847,431260.27735901,85.7454586],[243043.35087585,431260.27659607,85.74542904],[243043.35055351,431260.27619934,85.74488258],[243043.35023308,431260.27579498,85.74433613],[243043.35040855,431260.27503204,85.74430752],[243043.35058403,431260.2742691,85.74427795],[243043.35076141,431260.27350616,85.74424839],[243043.35093689,431260.27274323,85.74421978],[243043.35111237,431260.27198029,85.74419022],[243043.35128975,431260.27120972,85.74416161],[243043.35146523,431260.27044678,85.74413204],[243043.3516407,431260.26968384,85.74410248],[243043.35181808,431260.2689209,85.74407387],[243043.35199356,431260.26815796,85.7440443],[243043.35216904,431260.26739502,85.74401569],[243043.35234642,431260.26662445,85.74398613],[243043.3525219,431260.26586151,85.74395752],[243043.35269737,431260.26509857,85.74392796],[243043.35287285,431260.26433563,85.74389839],[243043.35255051,431260.2639389,85.74335289],[243043.35223007,431260.26354218,85.74280643],[243043.35240746,431260.26277924,85.74277782],[243043.35258293,431260.2620163,85.74274921],[243043.35226059,431260.26161957,85.74220276],[243043.35194016,431260.26122284,85.74165821],[243043.35211563,431260.2604599,85.74162865],[243043.35229111,431260.25969696,85.74160004],[243043.35246658,431260.25893402,85.74157047],[243043.35264397,431260.25817108,85.74154186],[243043.35281944,431260.25740814,85.7415123],[243043.35299492,431260.2566452,85.74148369],[243043.35267448,431260.25624847,85.74093819],[243043.35235214,431260.25585175,85.74039364],[243043.35252762,431260.25509644,85.74036407],[243043.35270309,431260.2543335,85.74033546],[243043.35287857,431260.25357056,85.7403059],[243043.35305595,431260.25280762,85.74027729],[243043.35323143,431260.25204468,85.74024773],[243043.35372925,431260.25167084,85.74076462],[243043.35422516,431260.25130463,85.7412796],[243043.35390472,431260.2509079,85.74073505],[243043.35358238,431260.2505188,85.74019051],[243043.35375786,431260.24975586,85.74016094],[243043.35343742,431260.24935913,85.73961639],[243043.35311508,431260.24897003,85.73907185],[243043.35329247,431260.24820709,85.73904324],[243043.35346603,431260.24744415,85.73901367],[243043.3531456,431260.24704742,85.73847008],[243043.35282516,431260.24665833,85.73792553],[243043.35300064,431260.24589539,85.73789692],[243043.3526783,431260.24549866,85.73735237],[243043.35235786,431260.24510956,85.73680878],[243043.35203743,431260.24471283,85.73626518],[243043.351717,431260.24432373,85.73572159]]",dji_pose_mesh_ray_contour_nodes,
13,11,3,SPL,3562.2414,758.8276,3559,757,3567,762,8,5,29,243043.30534554,431260.4562149,85.74993515,dji_pose_mesh_ray_centroid,True,True,1112929,3.269504,warp,,3562.2414,758.8276,1,1,1.0,1,3.269504,3.269504,5,5,1.0,"[[3566.0,759.5],[3565.5,760.0],[3565.0,760.5],[3564.0,760.5],[3563.5,761.0]]","[[243043.30578041,431260.45328522,85.74920273],[243043.30526543,431260.45362854,85.74867535],[243043.30475044,431260.45397186,85.74814892],[243043.30449677,431260.45474243,85.74815369],[243043.30398178,431260.45508575,85.74762726]]",dji_pose_mesh_ray_contour_nodes,
14,12,3,SPL,4452.0988,786.2365,4375,769,4524,803,149,34,2926,243043.49811172,431259.78058624,85.71366024,dji_pose_mesh_ray_centroid,True,True,1111831,3.449333,warp,,4452.0988,786.2365,1,1,1.0,1,3.449333,3.449333,114,114,1.0,"[[4470.5,802.0],[4470.0,801.5],[4469.0,801.5],[4468.0,801.5],[4467.0,801.5],[4466.0,801.5],[4465.0,801.5],[4464.5,801.0],[4464.0,800.5],[4463.0,800.5],[4462.0,800.5],[4461.5,800.0],[4461.0,799.5],[4460.0,799.5],[4459.0,799.5],[4458.0,799.5],[4457.5,799.0],[4457.0,798.5],[4456.0,798.5],[4455.0,798.5],[4454.0,798.5],[4453.0,798.5],[4452.0,798.5],[4451.0,798.5],[4450.0,798.5],[4449.0,798.5],[4448.0,798.5],[4447.0,798.5],[4446.0,798.5],[4445.0,798.5],[4444.0,798.5],[4443.0,798.5],[4442.0,798.5],[4441.5,798.0],[4441.0,797.5],[4440.0,797.5],[4439.0,797.5],[4438.0,797.5],[4437.5,797.0],[4437.0,796.5],[4436.0,796.5],[4435.5,796.0],[4435.0,795.5],[4434.0,795.5],[4433.0,795.5],[4432.0,795.5],[4431.0,795.5],[4430.0,795.5],[4429.0,795.5],[4428.0,795.5],[4427.0,795.5],[4426.0,795.5],[4425.0,795.5],[4424.0,795.5],[4423.0,795.5],[4422.0,795.5],[4421.0,795.5],[4420.5,795.0],[4420.0,794.5],[4419.0,794.5],[4418.0,794.5],[4417.0,794.5],[4416.0,794.5],[4415.0,794.5],[4414.0,794.5],[4413.0,794.5],[4412.0,794.5],[4411.5,794.0],[4411.0,793.5],[4410.0,793.5],[4409.0,793.5],[4408.0,793.5],[4407.0,793.5],[4406.0,793.5],[4405.5,793.0],[4405.0,792.5],[4404.0,792.5],[4403.0,792.5],[4402.0,792.5],[4401.5,792.0],[4401.0,791.5],[4400.0,791.5],[4399.0,791.5],[4398.0,791.5],[4397.0,791.5],[4396.5,791.0],[4396.0,790.5],[4395.0,790.5],[4394.0,790.5],[4393.0,790.5],[4392.0,790.5],[4391.0,790.5],[4390.0,790.5],[4389.5,790.0],[4389.0,789.5],[4388.0,789.5],[4387.0,789.5],[4386.5,789.0],[4386.0,788.5],[4385.0,788.5],[4384.0,788.5],[4383.0,788.5],[4382.0,788.5],[4381.0,788.5],[4380.5,788.0],[4380.0,787.5],[4379.5,787.0],[4379.0,786.5],[4378.0,786.5],[4377.0,786.5],[4376.5,786.0],[4376.0,785.5],[4375.5,785.0],[4375.0,784.5]]","[[243043.4900341,431259.76822662,85.69733906],[243043.49031067,431259.76855469,85.697855],[243043.49005508,431259.76930237,85.69785786],[243043.48980141,431259.77005768,85.69786167],[243043.48954773,431259.77080536,85.69786453],[243043.48929214,431259.77155304,85.69786835],[243043.48903847,431259.77230835,85.69787121],[243043.48931503,431259.77263641,85.69838715],[243043.4895916,431259.77296448,85.69890308],[243043.48933601,431259.77371216,85.69890594],[243043.48908234,431259.77445984,85.69890976],[243043.4893589,431259.7747879,85.69942474],[243043.48963547,431259.7751236,85.69994068],[243043.48937988,431259.77587128,85.6999445],[243043.48912621,431259.77661896,85.69994736],[243043.48887062,431259.77737427,85.69995117],[243043.48914719,431259.77770233,85.70046711],[243043.48942375,431259.7780304,85.70098305],[243043.48917007,431259.77877808,85.70098686],[243043.4889164,431259.77953339,85.70098972],[243043.48866081,431259.78028107,85.70099354],[243043.48840523,431259.78103638,85.7009964],[243043.48815155,431259.78178406,85.70100021],[243043.48789787,431259.78253174,85.70100307],[243043.48764229,431259.78328705,85.70100689],[243043.4873867,431259.78403473,85.70100975],[243043.48713303,431259.78479004,85.70101356],[243043.48687744,431259.78553772,85.70101643],[243043.48662376,431259.7862854,85.70102024],[243043.48636818,431259.78704071,85.7010231],[243043.4861145,431259.78778839,85.70102692],[243043.48585892,431259.7885437,85.70102978],[243043.48560524,431259.78929138,85.70103359],[243043.48588181,431259.78961945,85.70155048],[243043.48615837,431259.78995514,85.70206642],[243043.48590279,431259.79070282,85.70207024],[243043.48564911,431259.79145813,85.7020731],[243043.48539352,431259.79220581,85.70207691],[243043.48567009,431259.79253387,85.70259285],[243043.48594666,431259.79286957,85.70310974],[243043.48569107,431259.79361725,85.70311356],[243043.48596764,431259.79395294,85.70363045],[243043.4862442,431259.79428101,85.70414734],[243043.48599052,431259.79503632,85.7041502],[243043.48573494,431259.795784,85.70415401],[243043.48547935,431259.79653931,85.70415783],[243043.48522377,431259.79728699,85.70416069],[243043.48497009,431259.7980423,85.7041645],[243043.48471451,431259.79878998,85.70416737],[243043.48446083,431259.79954529,85.70417118],[243043.48420525,431259.80029297,85.70417404],[243043.48394966,431259.80104828,85.70417786],[243043.48369598,431259.80179596,85.70418072],[243043.4834404,431259.80255127,85.70418453],[243043.48318672,431259.80329895,85.70418739],[243043.48293114,431259.80405426,85.70419121],[243043.48267746,431259.80480194,85.70419407],[243043.48295212,431259.80513763,85.70471191],[243043.48322868,431259.8054657,85.70522881],[243043.4829731,431259.80622101,85.70523262],[243043.48271942,431259.80696869,85.70523548],[243043.48246384,431259.807724,85.70523834],[243043.48220825,431259.80847168,85.70524216],[243043.48195457,431259.80922699,85.70524597],[243043.48169899,431259.80997467,85.70524883],[243043.48144341,431259.81072998,85.70525265],[243043.48118973,431259.81147766,85.70525551],[243043.48146439,431259.81181335,85.70577335],[243043.48174095,431259.81214905,85.7062912],[243043.48148727,431259.81290436,85.70629406],[243043.48123169,431259.81365204,85.70629787],[243043.4809761,431259.81440735,85.70630074],[243043.48072052,431259.81515503,85.70630455],[243043.48046684,431259.81591034,85.70630741],[243043.48074341,431259.81624603,85.70682526],[243043.48101807,431259.8165741,85.7073431],[243043.48076439,431259.81732941,85.70734692],[243043.4805088,431259.81808472,85.70734978],[243043.48025322,431259.8188324,85.70735359],[243043.48052979,431259.81916809,85.70787144],[243043.48080444,431259.81950378,85.70838928],[243043.48055077,431259.82025909,85.7083931],[243043.48029518,431259.82100677,85.70839596],[243043.4800396,431259.82176208,85.70839977],[243043.47978401,431259.82250977,85.70840359],[243043.48006058,431259.82284546,85.70892143],[243043.48033714,431259.82318115,85.70943928],[243043.48008156,431259.82393646,85.70944309],[243043.47982597,431259.82469177,85.70944595],[243043.47957039,431259.82543945,85.70944977],[243043.4793148,431259.82619476,85.70945358],[243043.47906113,431259.82695007,85.70945644],[243043.47880554,431259.82769775,85.70946026],[243043.47908211,431259.82803345,85.70997906],[243043.47935867,431259.82836914,85.7104969],[243043.47910118,431259.82912445,85.71050072],[243043.4788475,431259.82987976,85.71050358],[243043.47912216,431259.83021545,85.71102238],[243043.47939873,431259.83055115,85.71154118],[243043.47914505,431259.83130646,85.71154499],[243043.47888756,431259.83205414,85.7115488],[243043.47863388,431259.83280945,85.71155167],[243043.47837639,431259.83356476,85.71155548],[243043.47812271,431259.83431244,85.71155834],[243043.47839737,431259.83465576,85.71207714],[243043.47867584,431259.83499146,85.71259689],[243043.4789505,431259.83532715,85.71311665],[243043.47922707,431259.83566284,85.71363544],[243043.47897148,431259.83641815,85.71363926],[243043.4787159,431259.83717346,85.71364212],[243043.47899246,431259.83750916,85.71416187],[243043.47926903,431259.83784485,85.71468162],[243043.47954559,431259.83818817,85.71520138],[243043.47982216,431259.83852386,85.71572208]]",dji_pose_mesh_ray_contour_nodes,
15,13,3,SPL,1988.7633,1024.4062,1961,1005,2021,1042,60,37,1669,243042.71647072,431261.56898499,85.48728037,dji_pose_mesh_ray_centroid,True,True,1112818,2.974444,warp,,1988.7633,1024.4062,1,1,1.0,1,2.974444,2.974444,51,51,1.0,"[[1989.5,1005.0],[1990.0,1005.5],[1991.0,1005.5],[1991.5,1006.0],[1992.0,1006.5],[1993.0,1006.5],[1994.0,1006.5],[1995.0,1006.5],[1995.5,1007.0],[1996.0,1007.5],[1997.0,1007.5],[1998.0,1007.5],[1998.5,1008.0],[1999.0,1008.5],[1999.5,1009.0],[2000.0,1009.5],[2001.0,1009.5],[2002.0,1009.5],[2003.0,1009.5],[2004.0,1009.5],[2004.5,1010.0],[2005.0,1010.5],[2006.0,1010.5],[2007.0,1010.5],[2008.0,1010.5],[2008.5,1011.0],[2009.0,1011.5],[2010.0,1011.5],[2010.5,1012.0],[2010.5,1013.0],[2011.0,1013.5],[2011.5,1014.0],[2011.5,1015.0],[2012.0,1015.5],[2012.5,1016.0],[2012.5,1017.0],[2013.0,1017.5],[2013.5,1018.0],[2013.5,1019.0],[2014.0,1019.5],[2014.5,1020.0],[2015.0,1020.5],[2015.5,1021.0],[2016.0,1021.5],[2017.0,1021.5],[2017.5,1022.0],[2018.0,1022.5],[2018.5,1023.0],[2019.0,1023.5],[2019.5,1024.0],[2020.0,1024.5]]","[[243042.72817993,431261.57495117,85.5054841],[243042.7279892,431261.57440948,85.50500679],[243042.72820473,431261.57366943,85.50499487],[243042.72801399,431261.57312775,85.50451803],[243042.72782326,431261.57258606,85.50404072],[243042.72803879,431261.57183838,85.50402927],[243042.72825432,431261.57109833,85.50401735],[243042.72846985,431261.57035065,85.50400543],[243042.72827911,431261.56981659,85.50352859],[243042.72808647,431261.5692749,85.50305176],[243042.72830391,431261.56852722,85.50304031],[243042.72851944,431261.56778717,85.50302839],[243042.7283268,431261.56724548,85.50255203],[243042.72813606,431261.5667038,85.50207519],[243042.72794533,431261.56616974,85.50159931],[243042.72775459,431261.56562805,85.50112295],[243042.72797012,431261.56488037,85.50111103],[243042.72818565,431261.56414032,85.50109911],[243042.72840118,431261.56340027,85.50108767],[243042.72861671,431261.56265259,85.50107574],[243042.72842598,431261.5621109,85.50059986],[243042.72823524,431261.56157684,85.50012398],[243042.72845078,431261.56082916,85.50011206],[243042.72866631,431261.56008911,85.50010061],[243042.72888184,431261.55934906,85.50008869],[243042.7286911,431261.55880737,85.49961281],[243042.72850037,431261.55827332,85.4991374],[243042.72871399,431261.55752563,85.49912548],[243042.72852325,431261.55699158,85.49865007],[243042.72792816,431261.55665588,85.49771118],[243042.72773743,431261.55612183,85.49723577],[243042.72754669,431261.55558014,85.49676084],[243042.72694969,431261.55525208,85.49582243],[243042.72675896,431261.55471802,85.49534798],[243042.72656822,431261.55417633,85.49487305],[243042.72597313,431261.55384827,85.49393606],[243042.7257843,431261.55331421,85.49346161],[243042.72559357,431261.55277252,85.49298763],[243042.72499847,431261.55244446,85.49205112],[243042.72480774,431261.5519104,85.49157762],[243042.724617,431261.55136871,85.49110365],[243042.72442818,431261.55083466,85.49063015],[243042.72423744,431261.5503006,85.49015665],[243042.72404861,431261.54976654,85.48968363],[243042.72426224,431261.54902649,85.48967171],[243042.72407341,431261.5484848,85.48919868],[243042.72388458,431261.54795074,85.48872566],[243042.72369385,431261.54741669,85.48825264],[243042.72350502,431261.54688263,85.48777962],[243042.72331429,431261.54634857,85.48730707],[243042.72312546,431261.54581451,85.48683453]]",dji_pose_mesh_ray_contour_nodes,
16,14,3,SPL,4218.5,1034.0,4218,1034,4220,1035,2,1,2,243043.26509666,431259.96712494,85.47551441,dji_pose_mesh_ray_centroid,True,True,1112935,3.148916,warp,,4218.5,1034.0,1,1,1.0,1,3.148916,3.148916,2,2,1.0,"[[4218.0,1034.0],[4219.0,1034.0]]","[[243043.26504326,431259.96747589,85.47553158],[243043.26514816,431259.96676636,85.47549725]]",dji_pose_mesh_ray_contour_nodes,
17,15,3,SPL,1829.0692,1708.5346,1809,1673,1847,1752,38,79,1431,243042.31521034,431261.46038055,84.93553066,dji_pose_mesh_ray_centroid,True,True,1113112,2.489599,warp,,1829.0692,1708.5346,1,1,1.0,1,2.489599,2.489599,97,97,1.0,"[[1809.0,1729.5],[1809.5,1729.0],[1809.5,1728.0],[1810.0,1727.5],[1810.5,1727.0],[1810.5,1726.0],[1811.0,1725.5],[1811.5,1725.0],[1812.0,1724.5],[1812.5,1724.0],[1813.0,1723.5],[1813.5,1723.0],[1814.0,1722.5],[1815.0,1722.5],[1816.0,1722.5],[1816.5,1723.0],[1817.0,1723.5],[1818.0,1723.5],[1818.5,1723.0],[1819.0,1722.5],[1819.5,1722.0],[1819.5,1721.0],[1819.0,1720.5],[1818.0,1720.5],[1817.5,1720.0],[1817.0,1719.5],[1816.0,1719.5],[1815.0,1719.5],[1814.5,1719.0],[1814.0,1718.5],[1813.5,1718.0],[1813.5,1717.0],[1814.0,1716.5],[1814.5,1716.0],[1814.5,1715.0],[1815.0,1714.5],[1815.5,1714.0],[1815.5,1713.0],[1816.0,1712.5],[1816.5,1712.0],[1817.0,1711.5],[1818.0,1711.5],[1818.5,1711.0],[1819.0,1710.5],[1819.5,1710.0],[1820.0,1709.5],[1820.5,1709.0],[1820.5,1708.0],[1821.0,1707.5],[1821.5,1707.0],[1822.0,1706.5],[1822.5,1706.0],[1822.5,1705.0],[1822.5,1704.0],[1823.0,1703.5],[1823.5,1703.0],[1823.5,1702.0],[1823.0,1701.5],[1822.5,1701.0],[1822.5,1700.0],[1822.0,1699.5],[1821.5,1699.0],[1821.5,1698.0],[1821.5,1697.0],[1821.5,1696.0],[1821.5,1695.0],[1821.5,1694.0],[1822.0,1693.5],[1822.5,1693.0],[1822.5,1692.0],[1822.5,1691.0],[1823.0,1690.5],[1823.5,1690.0],[1823.5,1689.0],[1823.5,1688.0],[1823.5,1687.0],[1823.0,1686.5],[1822.5,1686.0],[1822.5,1685.0],[1822.5,1684.0],[1822.5,1683.0],[1823.0,1682.5],[1823.5,1682.0],[1823.5,1681.0],[1823.5,1680.0],[1824.0,1679.5],[1824.5,1679.0],[1824.5,1678.0],[1825.0,1677.5],[1825.5,1677.0],[1825.5,1676.0],[1826.0,1675.5],[1826.5,1675.0],[1827.0,1674.5],[1827.5,1674.0],[1828.0,1673.5],[1828.5,1673.0]]","[[243042.30026627,431261.46607208,84.92106056],[243042.30062866,431261.46591949,84.92140436],[243042.30103874,431261.46617889,84.92208433],[243042.30139923,431261.46603394,84.92242813],[243042.30176163,431261.46588898,84.92277193],[243042.30217361,431261.46614075,84.92345238],[243042.3025341,431261.46599579,84.92379665],[243042.3028965,431261.46585083,84.92414093],[243042.3032589,431261.46570587,84.92448521],[243042.30362129,431261.46555328,84.92482948],[243042.30398178,431261.46540833,84.92517376],[243042.30434608,431261.46526337,84.92551851],[243042.30470657,431261.46511841,84.92586279],[243042.30501938,431261.46456146,84.92587042],[243042.30533218,431261.46401215,84.92587805],[243042.30528259,431261.46360779,84.92554092],[243042.305233,431261.46320343,84.9252038],[243042.30554581,431261.46264648,84.92521143],[243042.3059082,431261.46250153,84.92555618],[243042.3062706,431261.46235657,84.92590094],[243042.306633,431261.46220398,84.92624569],[243042.30704689,431261.46246338,84.92692757],[243042.30709648,431261.46286774,84.92726517],[243042.30678368,431261.46341705,84.92725754],[243042.30683327,431261.46382904,84.92759466],[243042.30688286,431261.4642334,84.92793226],[243042.30657005,431261.46478271,84.92792463],[243042.30625725,431261.46533203,84.927917],[243042.30630684,431261.46574402,84.9282546],[243042.30635643,431261.46614838,84.92859173],[243042.30640602,431261.46655273,84.92892933],[243042.30681992,431261.46681213,84.92961264],[243042.30718231,431261.46665955,84.92995787],[243042.30754662,431261.46651459,84.93030357],[243042.3079586,431261.46677399,84.93098736],[243042.30832291,431261.4666214,84.93133306],[243042.3086853,431261.46647644,84.93167877],[243042.3090992,431261.46673584,84.93236303],[243042.3094635,431261.46659088,84.93270922],[243042.3098278,431261.46643829,84.9330554],[243042.3101902,431261.46629333,84.93340158],[243042.31050491,431261.46574402,84.93340969],[243042.31086922,431261.46559143,84.93375635],[243042.31123352,431261.46544647,84.93410253],[243042.31159592,431261.46530151,84.9344492],[243042.31196022,431261.46514893,84.93479586],[243042.31232643,431261.46500397,84.93514252],[243042.31274033,431261.46526337,84.93582821],[243042.31310463,431261.46511078,84.93617535],[243042.31346893,431261.46496582,84.93652248],[243042.31383514,431261.46482086,84.93686962],[243042.31419945,431261.46466827,84.93721676],[243042.31461525,431261.46492767,84.9379034],[243042.31503105,431261.46518707,84.93859005],[243042.31539536,431261.46504211,84.93893766],[243042.31576157,431261.46488953,84.93928528],[243042.31617737,431261.46514893,84.93997288],[243042.31622696,431261.46555328,84.94031239],[243042.31627846,431261.46596527,84.94065237],[243042.31669426,431261.46622467,84.94133997],[243042.31674576,431261.46662903,84.94167995],[243042.31679726,431261.46703339,84.94201994],[243042.31721306,431261.46729279,84.94270849],[243042.31763077,431261.46755219,84.94339704],[243042.31804657,431261.46781158,84.94408607],[243042.31846428,431261.46807098,84.9447751],[243042.31888199,431261.46833038,84.94546461],[243042.3192482,431261.46818542,84.94581413],[243042.31961441,431261.46804047,84.94616318],[243042.32003212,431261.46829987,84.94685316],[243042.32044983,431261.46855927,84.94754362],[243042.32081604,431261.46840668,84.94789314],[243042.32118225,431261.46826172,84.94824266],[243042.32160187,431261.46852112,84.9489336],[243042.32201958,431261.46878052,84.94962501],[243042.32243729,431261.46903992,84.95031643],[243042.32248878,431261.4694519,84.95065784],[243042.32254028,431261.46985626,84.95099926],[243042.3229599,431261.47011566,84.95169163],[243042.32337952,431261.47038269,84.95238399],[243042.32379913,431261.47064209,84.95307636],[243042.32416534,431261.4704895,84.95342731],[243042.32453346,431261.47034454,84.95377827],[243042.32495308,431261.47060394,84.95447111],[243042.3253727,431261.47086334,84.95516443],[243042.32574081,431261.47071838,84.95551586],[243042.32610893,431261.47057343,84.95586729],[243042.32653046,431261.47083282,84.95656109],[243042.32689857,431261.47068024,84.95691299],[243042.32726669,431261.47053528,84.95726442],[243042.32768822,431261.47079468,84.95795917],[243042.32805634,431261.47064972,84.95831108],[243042.32842445,431261.47050476,84.95866346],[243042.32879448,431261.47035217,84.95901537],[243042.3291626,431261.47020721,84.95936775],[243042.32953262,431261.47005463,84.95972013],[243042.32990074,431261.46990967,84.96007252]]",dji_pose_mesh_ray_contour_nodes,
18,16,3,SPL,1475.8157,1762.9648,1385,1697,1628,1828,243,131,17633,243042.24113464,431261.67933655,84.90026331,dji_pose_mesh_ray_centroid,True,True,1113144,2.549594,warp,,1475.8157,1762.9648,1,1,1.0,1,2.549594,2.549594,256,256,1.0,"[[1627.0,1761.5],[1626.5,1762.0],[1626.5,1763.0],[1625.5,1764.0],[1625.0,1764.5],[1624.0,1765.5],[1623.0,1765.5],[1622.0,1766.5],[1621.0,1766.5],[1620.0,1767.5],[1619.0,1767.5],[1618.0,1767.5],[1617.0,1768.5],[1616.0,1768.5],[1614.0,1768.5],[1613.5,1769.0],[1612.0,1769.5],[1611.5,1770.0],[1610.0,1770.5],[1609.0,1770.5],[1608.0,1771.5],[1607.0,1771.5],[1606.0,1771.5],[1604.5,1772.0],[1604.0,1772.5],[1603.0,1773.5],[1602.0,1773.5],[1601.0,1774.5],[1600.0,1774.5],[1599.0,1775.5],[1598.0,1775.5],[1597.0,1775.5],[1595.5,1776.0],[1595.0,1776.5],[1593.5,1777.0],[1593.0,1777.5],[1591.0,1777.5],[1590.0,1777.5],[1589.0,1778.5],[1588.0,1778.5],[1586.5,1779.0],[1586.0,1779.5],[1585.0,1779.5],[1583.0,1779.5],[1582.0,1779.5],[1580.5,1780.0],[1580.0,1780.5],[1578.0,1780.5],[1577.0,1780.5],[1575.0,1780.5],[1574.0,1780.5],[1573.0,1781.5],[1572.0,1781.5],[1571.5,1781.0],[1570.0,1780.5],[1569.0,1780.5],[1567.0,1780.5],[1566.0,1780.5],[1565.0,1779.5],[1564.0,1779.5],[1562.0,1779.5],[1561.0,1779.5],[1560.0,1779.5],[1558.5,1780.0],[1558.0,1780.5],[1556.5,1781.0],[1556.0,1781.5],[1555.0,1780.5],[1554.0,1780.5],[1552.0,1780.5],[1551.5,1781.0],[1550.0,1781.5],[1549.5,1782.0],[1549.0,1782.5],[1547.0,1782.5],[1546.0,1782.5],[1545.0,1783.5],[1544.0,1783.5],[1542.0,1783.5],[1541.5,1784.0],[1540.0,1784.5],[1539.0,1784.5],[1538.0,1784.5],[1536.0,1784.5],[1535.5,1785.0],[1535.5,1787.0],[1535.5,1788.0],[1535.5,1790.0],[1535.5,1791.0],[1535.5,1793.0],[1535.5,1794.0],[1535.5,1796.0],[1535.5,1797.0],[1535.5,1798.0],[1535.5,1800.0],[1535.5,1801.0],[1535.5,1803.0],[1535.5,1804.0],[1535.5,1806.0],[1535.5,1807.0],[1535.5,1809.0],[1535.5,1810.0],[1535.5,1812.0],[1535.5,1813.0],[1535.5,1814.0],[1535.5,1816.0],[1535.5,1817.0],[1535.0,1818.5],[1534.5,1818.0],[1533.5,1817.0],[1533.5,1816.0],[1532.5,1815.0],[1532.5,1814.0],[1532.5,1813.0],[1531.5,1812.0],[1531.0,1811.5],[1529.0,1811.5],[1528.5,1812.0],[1527.5,1813.0],[1527.5,1814.0],[1526.5,1815.0],[1526.5,1816.0],[1526.5,1818.0],[1526.5,1819.0],[1526.0,1819.5],[1524.0,1819.5],[1523.0,1819.5],[1521.0,1819.5],[1520.5,1819.0],[1519.0,1818.5],[1518.0,1818.5],[1516.0,1818.5],[1515.5,1819.0],[1515.5,1820.0],[1515.0,1821.5],[1514.0,1821.5],[1512.5,1821.0],[1512.5,1820.0],[1513.5,1819.0],[1513.5,1818.0],[1512.5,1817.0],[1512.0,1816.5],[1510.5,1816.0],[1510.0,1815.5],[1509.0,1815.5],[1507.0,1815.5],[1506.0,1815.5],[1504.0,1815.5],[1503.0,1815.5],[1501.0,1815.5],[1500.0,1815.5],[1498.5,1815.0],[1498.0,1814.5],[1496.5,1814.0],[1496.5,1813.0],[1497.0,1812.5],[1497.5,1811.0],[1497.5,1810.0],[1497.0,1808.5],[1496.0,1808.5],[1495.0,1807.5],[1494.0,1807.5],[1492.0,1807.5],[1491.5,1807.0],[1491.0,1806.5],[1489.5,1807.0],[1489.0,1807.5],[1487.0,1807.5],[1486.0,1807.5],[1484.0,1807.5],[1483.5,1807.0],[1482.0,1806.5],[1481.0,1806.5],[1479.5,1807.0],[1479.5,1808.0],[1479.5,1809.0],[1479.0,1810.5],[1478.5,1811.0],[1477.5,1812.0],[1477.0,1812.5],[1475.5,1813.0],[1475.0,1813.5],[1473.0,1813.5],[1472.5,1814.0],[1472.0,1814.5],[1470.0,1814.5],[1469.0,1814.5],[1467.5,1815.0],[1467.0,1815.5],[1465.5,1816.0],[1465.0,1816.5],[1463.5,1817.0],[1463.0,1817.5],[1462.0,1818.5],[1461.0,1818.5],[1460.0,1818.5],[1458.5,1818.0],[1458.0,1817.5],[1457.0,1816.5],[1456.5,1816.0],[1456.0,1814.5],[1455.0,1814.5],[1454.0,1815.5],[1453.0,1815.5],[1452.5,1817.0],[1452.0,1817.5],[1451.5,1818.0],[1450.0,1818.5],[1449.0,1818.5],[1448.0,1819.5],[1447.0,1819.5],[1445.5,1820.0],[1445.0,1820.5],[1444.5,1822.0],[1444.0,1822.5],[1443.5,1823.0],[1442.5,1824.0],[1442.0,1824.5],[1440.0,1824.5],[1439.0,1824.5],[1438.5,1823.0],[1438.0,1822.5],[1437.0,1821.5],[1436.5,1821.0],[1435.0,1820.5],[1434.5,1820.0],[1434.0,1819.5],[1432.0,1819.5],[1431.0,1819.5],[1430.0,1820.5],[1429.0,1820.5],[1427.5,1821.0],[1427.0,1821.5],[1425.0,1821.5],[1424.0,1821.5],[1423.0,1821.5],[1421.0,1821.5],[1420.0,1821.5],[1418.5,1822.0],[1418.0,1822.5],[1416.5,1822.0],[1416.0,1821.5],[1414.0,1821.5],[1413.5,1821.0],[1412.0,1820.5],[1411.0,1820.5],[1410.0,1820.5],[1409.0,1821.5],[1408.0,1821.5],[1407.0,1822.5],[1406.5,1823.0],[1405.5,1824.0],[1405.0,1824.5],[1404.0,1825.5],[1403.5,1826.0],[1402.5,1827.0]]","[[243042.2643261,431261.57964325,84.90055513],[243042.26414299,431261.57989502,84.90022516],[243042.26379776,431261.57965851,84.89955282],[243042.26343536,431261.58016968,84.89889383],[243042.26325417,431261.58042145,84.89856434],[243042.26289177,431261.58093262,84.89790535],[243042.2628727,431261.58168793,84.8979187],[243042.2625103,431261.58219147,84.89726019],[243042.26249123,431261.58294678,84.89727354],[243042.26212883,431261.58345795,84.89661455],[243042.26211166,431261.58420563,84.8966279],[243042.26209259,431261.58495331,84.89664078],[243042.26173019,431261.58546448,84.89598227],[243042.26171112,431261.58621216,84.89599514],[243042.26167488,431261.58771515,84.89602137],[243042.26149368,431261.58796692,84.89569187],[243042.26129341,431261.588974,84.89537573],[243042.26111221,431261.5892334,84.89504623],[243042.26091194,431261.59023285,84.89472961],[243042.26089287,431261.59098816,84.89474297],[243042.26053047,431261.59149933,84.89408398],[243042.26051331,431261.59224701,84.89409685],[243042.26049423,431261.59300232,84.89410973],[243042.26029396,431261.59400177,84.89379311],[243042.26011276,431261.59426117,84.89346361],[243042.25975037,431261.59477234,84.89280462],[243042.25973129,431261.59552002,84.8928175],[243042.2593689,431261.59603119,84.89215851],[243042.25934982,431261.59677887,84.89217138],[243042.25898743,431261.59729004,84.89151287],[243042.25896835,431261.59804535,84.89152527],[243042.25894928,431261.59879303,84.89153814],[243042.25874901,431261.59980011,84.89122105],[243042.25856781,431261.60005951,84.89089155],[243042.25836945,431261.60106659,84.89057493],[243042.25818634,431261.60131836,84.89024544],[243042.2581501,431261.60282135,84.89027071],[243042.25813103,431261.60357666,84.89028311],[243042.25776863,431261.60408783,84.88962412],[243042.25774956,431261.60483551,84.88963652],[243042.25754929,431261.60584259,84.8893199],[243042.25736809,431261.60610199,84.8889904],[243042.25734901,431261.60684967,84.8890028],[243042.25731087,431261.60836029,84.8890276],[243042.25729179,431261.60910797,84.88903999],[243042.25709152,431261.61012268,84.8887229],[243042.25691032,431261.61037445,84.88839292],[243042.25687408,431261.61188507,84.8884182],[243042.2568531,431261.61263275,84.88843012],[243042.25681686,431261.61414337,84.88845539],[243042.25679779,431261.61489868,84.88846779],[243042.25643349,431261.61540985,84.88780785],[243042.25641632,431261.61616516,84.88782024],[243042.25657845,431261.61666107,84.88816261],[243042.2567215,431261.61791992,84.88851738],[243042.25670433,431261.61867523,84.88852978],[243042.25666618,431261.62018585,84.88855457],[243042.25664711,431261.62094116,84.88856697],[243042.25697327,431261.62194061,84.88925219],[243042.25695419,431261.62269592,84.88926458],[243042.25691605,431261.62420654,84.88928938],[243042.25689697,431261.62496948,84.88930225],[243042.2568779,431261.62572479,84.88931465],[243042.25667763,431261.62673187,84.8889966],[243042.25649643,431261.62699127,84.88866663],[243042.25629425,431261.62799835,84.88834858],[243042.25611305,431261.62825012,84.88801813],[243042.25643921,431261.6292572,84.88870382],[243042.25642014,431261.63001251,84.88871622],[243042.25638199,431261.63153076,84.88874102],[243042.25620079,431261.63178253,84.88841057],[243042.25599861,431261.63279724,84.88809252],[243042.25581741,431261.63304901,84.88776207],[243042.25563622,431261.63330841,84.88743162],[243042.25559807,431261.63481903,84.88745642],[243042.25557899,431261.63558197,84.88746881],[243042.25521469,431261.63609314,84.88680744],[243042.25519562,431261.63684845,84.88681984],[243042.25515747,431261.6383667,84.88684463],[243042.25497627,431261.63861847,84.88651371],[243042.25477409,431261.63963318,84.88619566],[243042.25475502,431261.64038849,84.88620758],[243042.25473595,431261.64115143,84.88621998],[243042.2546978,431261.64266968,84.8862443],[243042.2545166,431261.64292145,84.88591385],[243042.25382614,431261.64241791,84.88456678],[243042.25348091,431261.64217377,84.88389397],[243042.25279236,431261.64167023,84.88254881],[243042.25244713,431261.64141846,84.88187647],[243042.25175858,431261.64092255,84.88053226],[243042.25141525,431261.64067078,84.8798604],[243042.2507267,431261.64016724,84.8785181],[243042.25038338,431261.63991547,84.87784672],[243042.25004005,431261.63967133,84.87717628],[243042.24935341,431261.63916779,84.87583542],[243042.24901009,431261.63892365,84.87516499],[243042.24832344,431261.6384201,84.87382555],[243042.24798012,431261.63817596,84.87315607],[243042.24729538,431261.63767242,84.87181807],[243042.24695396,431261.63742828,84.87114954],[243042.24625206,431261.63691711,84.86981153],[243042.24586487,431261.63663483,84.8691411],[243042.2450943,431261.63607025,84.86780119],[243042.24470901,431261.63579559,84.86713171],[243042.24432373,431261.63551331,84.86646223],[243042.24355316,431261.63495636,84.86512423],[243042.24316788,431261.63467407,84.8644557],[243042.24239922,431261.6344986,84.8634491],[243042.24240112,431261.6348877,84.86377859],[243042.24240303,431261.63565826,84.86443853],[243042.24278831,431261.63593292,84.86510706],[243042.24279022,431261.63670349,84.86576748],[243042.24317551,431261.63698578,84.866436],[243042.24356079,431261.63726807,84.86710548],[243042.24356461,431261.63803864,84.86776638],[243042.24356461,431261.63842773,84.86809635],[243042.24279976,431261.6394043,84.86807919],[243042.24241638,431261.63951111,84.86773968],[243042.24164963,431261.63972473,84.86706209],[243042.24126434,431261.63944244,84.86639309],[243042.24049759,431261.63964844,84.8657155],[243042.24011421,431261.63937378,84.86504745],[243042.23934555,431261.6388092,84.86371136],[243042.23896217,431261.63852692,84.86304378],[243042.2385788,431261.63863373,84.86270571],[243042.23781586,431261.63961792,84.86268902],[243042.23743439,431261.6401062,84.86268091],[243042.23667336,431261.64108276,84.86266422],[243042.23667336,431261.64147186,84.86299324],[243042.23629379,431261.64234161,84.86331463],[243042.23591232,431261.6428299,84.86330605],[243042.23514938,431261.64381409,84.86328936],[243042.23476791,431261.64391327,84.86295176],[243042.23438454,431261.64363861,84.86228514],[243042.2336216,431261.64345551,84.86128092],[243042.23324013,431261.64395142,84.86127281],[243042.23286057,431261.64482117,84.86159372],[243042.23324394,431261.64510345,84.86225986],[243042.23400688,431261.64489746,84.86293507],[243042.23438835,431261.64517975,84.86360168],[243042.23439026,431261.64595032,84.86426067],[243042.23439026,431261.64633179,84.86459017],[243042.2340107,431261.64720917,84.86491108],[243042.2340126,431261.64759064,84.86524057],[243042.23363113,431261.64807892,84.86523199],[243042.2328701,431261.64906311,84.86521482],[243042.23248863,431261.64955139,84.86520624],[243042.2317276,431261.65052795,84.86518908],[243042.23134613,431261.65101624,84.86518049],[243042.2305851,431261.6519928,84.86516333],[243042.23020554,431261.65248108,84.86515474],[243042.22982597,431261.65335083,84.86547565],[243042.22982597,431261.65373993,84.86580467],[243042.22944641,431261.65460968,84.86612558],[243042.22982788,431261.65489197,84.86679268],[243042.23020935,431261.65479279,84.86713076],[243042.23097229,431261.65497589,84.86813688],[243042.23135376,431261.65525818,84.86880445],[243042.23173714,431261.65592194,84.86980295],[243042.23135567,431261.65641022,84.86979389],[243042.23135757,431261.65718842,84.87045336],[243042.2309761,431261.6576767,84.8704443],[243042.23021507,431261.65865326,84.87042665],[243042.23021507,431261.65903473,84.87075615],[243042.23021507,431261.65942383,84.87108612],[243042.22945404,431261.66001129,84.87073851],[243042.22907257,431261.6601181,84.87039947],[243042.22831154,431261.66109467,84.87038183],[243042.22793198,431261.66157532,84.87037277],[243042.22717094,431261.66255188,84.87035465],[243042.22717094,431261.66294098,84.87068462],[243042.22679138,431261.66381073,84.87100506],[243042.22641182,431261.66429901,84.870996],[243042.22565079,431261.6648941,84.87064838],[243042.22527122,431261.66460419,84.86998081],[243042.22488976,431261.6643219,84.86931324],[243042.22413063,431261.66413879,84.86830807],[243042.22375107,431261.66423798,84.86796999],[243042.22299194,431261.66444397,84.86729479],[243042.22261238,431261.66454315,84.86695719],[243042.22185326,431261.66513062,84.866611],[243042.2214756,431261.6652298,84.86627388],[243042.22071648,431261.66620636,84.86625671],[243042.22033882,431261.66630554,84.86591911],[243042.21995926,431261.66640472,84.86558199],[243042.21920204,431261.66738129,84.8655653],[243042.21882439,431261.66786194,84.86555672],[243042.21806717,431261.6684494,84.86521101],[243042.21768951,431261.66854858,84.86487436],[243042.2169323,431261.66913605,84.86452913],[243042.21655464,431261.66923523,84.86419249],[243042.21579742,431261.66982269,84.86384773],[243042.21541977,431261.66992188,84.86351109],[243042.21466637,431261.67012787,84.86283874],[243042.21428871,431261.67060852,84.86283016],[243042.21391106,431261.6710968,84.86282206],[243042.21353149,431261.67196655,84.86314154],[243042.21353149,431261.67234802,84.8634696],[243042.21353149,431261.67311859,84.86412525],[243042.21353149,431261.67350769,84.86445332],[243042.21390724,431261.67417908,84.86544561],[243042.21352959,431261.67465973,84.86543703],[243042.21277618,431261.67485809,84.86476421],[243042.21239853,431261.67534637,84.86475563],[243042.21164513,431261.67515564,84.86375523],[243042.21126747,431261.67525482,84.86341906],[243042.21089172,431261.675354,84.86308336],[243042.21013832,431261.67594147,84.86273909],[243042.20976067,431261.67642212,84.86273098],[243042.20900917,431261.67662048,84.86205912],[243042.20863152,431261.67710876,84.86205101],[243042.20788002,431261.6776886,84.86170721],[243042.20750427,431261.67778778,84.86137199],[243042.20675278,431261.67760468,84.86037397],[243042.20637703,431261.67770386,84.86003923],[243042.20600128,431261.67780304,84.85970402],[243042.20525169,431261.6780014,84.85903406],[243042.20487595,431261.67810059,84.85869932],[243042.20412445,431261.67906189,84.85868359],[243042.2037487,431261.67955017,84.85867548],[243042.20412254,431261.68021393,84.85966396],[243042.20412064,431261.68060303,84.8599906],[243042.20411873,431261.6813736,84.86064434],[243042.20411873,431261.68175507,84.86097145],[243042.20374107,431261.68262482,84.86128998],[243042.20374107,431261.68300629,84.86161709],[243042.20373917,431261.68338776,84.8619442],[243042.20298767,431261.68435669,84.86192751],[243042.20261192,431261.68483734,84.8619194],[243042.20186424,431261.68503571,84.86124945],[243042.20148849,431261.68551636,84.86124134],[243042.20073891,431261.68609619,84.86089802],[243042.20036316,431261.68619537,84.86056328],[243042.19961357,431261.68715668,84.86054707],[243042.19923782,431261.68764496,84.86053896],[243042.19886398,431261.68812561,84.86053085],[243042.1981144,431261.68908691,84.86051464],[243042.19773865,431261.68956757,84.86050653],[243042.19699097,431261.6901474,84.86016417],[243042.19661713,431261.69024658,84.8598299],[243042.19624138,431261.6911087,84.86014795],[243042.19623947,431261.6914978,84.86047459],[243042.19549179,431261.69245911,84.86045837],[243042.19548988,431261.69284058,84.86078453],[243042.19511414,431261.69371033,84.86110258],[243042.19473839,431261.69419098,84.86109447],[243042.19436455,431261.69467163,84.86108637],[243042.19361877,431261.69486237,84.86041784],[243042.19324493,431261.69534302,84.86040974],[243042.19249916,431261.69553375,84.85974169],[243042.19212723,431261.69563293,84.85940742],[243042.19138336,431261.69582367,84.85873985],[243042.19101143,431261.69592285,84.85840607],[243042.19026756,431261.69611359,84.85773897],[243042.18989372,431261.69621277,84.85740566],[243042.18915176,431261.6964035,84.85673904]]",dji_pose_mesh_ray_contour_nodes,
19,17,3,SPL,1202.9438,1972.0887,522,1753,1920,2097,1398,344,162959,243042.09176826,431261.77003479,84.76368046,dji_pose_mesh_ray_centroid,True,True,1113140,2.48591,warp,,1202.9438,1972.0887,1,1,1.0,1,2.48591,2.48591,256,256,1.0,"[[522.0,1996.5],[528.5,1995.0],[530.0,1990.5],[529.5,1985.0],[536.0,1982.5],[542.5,1981.0],[548.5,1978.0],[555.0,1977.5],[559.5,1974.0],[565.5,1973.0],[572.0,1971.5],[579.0,1971.5],[586.5,1970.0],[592.0,1967.5],[598.0,1964.5],[604.5,1963.0],[611.5,1961.0],[617.0,1958.5],[626.0,1958.5],[633.0,1956.5],[638.0,1953.5],[646.0,1952.5],[652.0,1950.5],[660.0,1949.5],[665.5,1946.0],[668.5,1941.0],[672.0,1935.5],[677.0,1936.5],[681.0,1935.5],[686.0,1932.5],[692.0,1929.5],[696.0,1924.5],[703.0,1923.5],[711.0,1922.5],[717.0,1922.5],[724.0,1924.5],[731.5,1924.0],[733.0,1930.5],[739.0,1929.5],[743.5,1932.0],[750.0,1933.5],[756.0,1931.5],[760.0,1928.5],[765.0,1924.5],[769.5,1923.0],[776.0,1922.5],[783.5,1923.0],[789.0,1926.5],[795.0,1929.5],[801.0,1927.5],[803.5,1923.0],[810.0,1921.5],[818.0,1920.5],[824.0,1920.5],[831.0,1920.5],[839.0,1919.5],[847.0,1919.5],[856.0,1919.5],[864.0,1919.5],[873.0,1919.5],[882.0,1919.5],[888.0,1921.5],[897.0,1921.5],[903.0,1919.5],[912.0,1919.5],[920.0,1919.5],[929.0,1919.5],[938.0,1919.5],[946.0,1919.5],[955.0,1919.5],[963.0,1919.5],[972.0,1919.5],[981.0,1919.5],[984.5,1915.0],[986.5,1908.0],[991.0,1904.5],[998.0,1902.5],[1004.0,1900.5],[1009.0,1896.5],[1014.5,1893.0],[1020.0,1890.5],[1026.5,1893.0],[1029.5,1898.0],[1031.0,1904.5],[1029.5,1912.0],[1028.5,1919.0],[1037.0,1919.5],[1045.0,1919.5],[1054.0,1919.5],[1063.0,1919.5],[1071.0,1919.5],[1080.0,1919.5],[1088.0,1919.5],[1097.0,1919.5],[1105.0,1919.5],[1112.0,1919.5],[1121.0,1919.5],[1128.5,1920.0],[1136.0,1919.5],[1144.0,1919.5],[1151.5,1921.0],[1151.5,1930.0],[1151.5,1938.0],[1151.5,1947.0],[1151.5,1955.0],[1159.0,1954.5],[1166.0,1953.5],[1174.0,1954.5],[1180.5,1957.0],[1181.0,1961.5],[1178.5,1966.0],[1184.0,1968.5],[1191.0,1966.5],[1196.0,1962.5],[1199.5,1958.0],[1202.5,1952.0],[1206.0,1947.5],[1215.0,1947.5],[1221.0,1945.5],[1227.0,1942.5],[1231.0,1937.5],[1238.0,1936.5],[1243.5,1933.0],[1249.0,1934.5],[1253.5,1930.0],[1259.5,1930.0],[1264.5,1930.0],[1269.5,1926.0],[1272.0,1924.5],[1280.0,1923.5],[1288.0,1923.5],[1294.5,1921.0],[1301.5,1920.0],[1309.0,1920.5],[1317.0,1921.5],[1323.0,1921.5],[1331.0,1922.5],[1338.5,1922.0],[1345.0,1921.5],[1353.0,1920.5],[1359.5,1922.0],[1367.0,1921.5],[1374.0,1920.5],[1382.0,1919.5],[1391.0,1919.5],[1399.0,1919.5],[1408.0,1919.5],[1416.0,1919.5],[1425.0,1919.5],[1434.0,1919.5],[1442.0,1919.5],[1451.0,1919.5],[1451.0,1916.5],[1450.0,1911.5],[1457.0,1912.5],[1462.5,1909.0],[1459.0,1903.5],[1452.5,1905.0],[1449.0,1910.5],[1444.0,1913.5],[1438.0,1916.5],[1430.0,1917.5],[1423.5,1918.0],[1416.5,1917.0],[1409.0,1917.5],[1412.0,1912.5],[1419.0,1911.5],[1425.0,1908.5],[1428.5,1903.0],[1431.0,1897.5],[1437.0,1894.5],[1444.0,1893.5],[1450.0,1896.5],[1458.0,1895.5],[1463.0,1894.5],[1466.5,1900.0],[1473.0,1901.5],[1481.0,1902.5],[1488.0,1902.5],[1492.5,1899.0],[1491.5,1893.0],[1497.0,1890.5],[1504.0,1890.5],[1511.0,1889.5],[1513.0,1893.5],[1509.5,1899.0],[1507.5,1905.0],[1503.0,1909.5],[1497.5,1912.0],[1494.5,1916.0],[1501.5,1915.0],[1508.0,1913.5],[1514.5,1912.0],[1520.0,1914.5],[1520.5,1910.0],[1523.5,1905.0],[1527.5,1900.0],[1535.0,1898.5],[1535.5,1906.0],[1535.5,1915.0],[1539.0,1919.5],[1543.5,1917.0],[1547.5,1917.0],[1552.5,1919.0],[1556.5,1914.0],[1561.5,1911.0],[1560.5,1905.0],[1562.0,1898.5],[1569.0,1896.5],[1576.0,1894.5],[1580.0,1890.5],[1583.5,1885.0],[1588.0,1881.5],[1595.0,1879.5],[1601.0,1882.5],[1608.0,1881.5],[1614.0,1878.5],[1621.0,1877.5],[1628.0,1877.5],[1633.5,1875.0],[1632.5,1867.0],[1635.5,1861.0],[1642.0,1859.5],[1648.0,1856.5],[1656.0,1856.5],[1664.0,1855.5],[1670.0,1852.5],[1676.0,1850.5],[1684.0,1849.5],[1687.5,1845.0],[1692.0,1840.5],[1696.0,1836.5],[1701.5,1833.0],[1707.0,1829.5],[1709.5,1824.0],[1714.0,1819.5],[1719.0,1816.5],[1726.0,1814.5],[1732.5,1812.0],[1738.0,1809.5],[1743.5,1806.0],[1748.5,1803.0],[1755.0,1800.5],[1763.0,1800.5],[1770.5,1802.0],[1777.0,1804.5],[1783.0,1806.5],[1787.5,1802.0],[1789.5,1796.0],[1793.0,1790.5],[1795.5,1784.0],[1798.0,1778.5],[1800.5,1772.0],[1800.5,1766.0],[1801.0,1757.5],[1805.5,1753.0]]","[[243041.94765091,431262.16667938,84.74849892],[243041.94948387,431262.16342926,84.74942875],[243041.95118141,431262.16414642,84.75222063],[243041.95277023,431262.16638947,84.75563955],[243041.954916,431262.16348267,84.75719547],[243041.95675468,431262.16021729,84.75813007],[243041.95895195,431262.15778351,84.76000023],[243041.96048355,431262.15415955,84.76031208],[243041.96252441,431262.152771,84.76249695],[243041.96410561,431262.14961243,84.7631216],[243041.96595001,431262.14634705,84.76405954],[243041.96743584,431262.14225006,84.76405954],[243041.96949387,431262.13839722,84.76499748],[243041.97144127,431262.13605499,84.76656246],[243041.97365189,431262.1335907,84.76844168],[243041.97550201,431262.13031006,84.76938248],[243041.97761726,431262.12691498,84.77063703],[243041.97957039,431262.12456512,84.77220678],[243041.98148346,431262.11929321,84.77220726],[243041.98360252,431262.11588287,84.7734642],[243041.98561287,431262.11399078,84.77535105],[243041.98763084,431262.10964966,84.77598095],[243041.98954201,431262.10681915,84.77724075],[243041.99156189,431262.1024704,84.77787113],[243041.99384308,431262.10044861,84.78007841],[243041.99607277,431262.10041809,84.78323603],[243041.9985733,431262.10025787,84.78671646],[243041.99932098,431262.0969696,84.7860837],[243042.000494,431262.09496307,84.78671694],[243042.00252151,431262.09305573,84.78861856],[243042.00476456,431262.09055328,84.7905221],[243042.00722504,431262.08992767,84.79369879],[243042.00904274,431262.08614349,84.79433536],[243042.01107788,431262.08176422,84.79497194],[243042.01236153,431262.07822418,84.79497242],[243042.01321602,431262.07341003,84.79370069],[243042.01498222,431262.06916046,84.79401922],[243042.01320839,431262.0660553,84.78988981],[243042.01481247,431262.06285858,84.79052496],[243042.01496887,431262.05935669,84.788939],[243042.01509476,431262.05420685,84.78797626],[243042.01617813,431262.05046082,84.78923082],[243042.01745415,431262.04855347,84.79112387],[243042.01913261,431262.04624176,84.79365063],[243042.01994514,431262.04343414,84.79459143],[243042.02056313,431262.03881073,84.79489183],[243042.0209198,431262.03310394,84.79455423],[243042.02013779,431262.02784729,84.79232073],[243042.01955986,431262.02240753,84.79040718],[243042.02063942,431262.01868439,84.7916584],[243042.02230644,431262.01837921,84.79450083],[243042.0232563,431262.01411438,84.795434],[243042.02414131,431262.00857544,84.7960453],[243042.02455521,431262.00418091,84.79602861],[243042.02503777,431261.99904633,84.79600954],[243042.02592278,431261.99353027,84.79661989],[243042.02640152,431261.98760986,84.79659557],[243042.02673721,431261.98075104,84.79656458],[243042.02703476,431261.97466278,84.7965374],[243042.02736855,431261.96783447,84.7965064],[243042.02770042,431261.96100616,84.79647541],[243042.02719688,431261.95574951,84.79519463],[243042.02821541,431261.94962311,84.79517841],[243042.03081894,431261.94743347,84.79645061],[243042.03366089,431261.94309998,84.79646969],[243042.03619003,431261.9392395,84.79648733],[243042.0390377,431261.93489838,84.7965064],[243042.04188919,431261.93054962,84.79652595],[243042.04442596,431261.92667389,84.79654312],[243042.04718018,431261.92221832,84.79656076],[243042.0490818,431261.91772461,84.79656506],[243042.05121994,431261.91267395,84.7965703],[243042.05335999,431261.90761566,84.79657555],[243042.05540848,431261.90680695,84.79941702],[243042.05777931,431261.9074707,84.80384302],[243042.0598011,431261.90583801,84.80606174],[243042.06201363,431261.90240479,84.80733442],[243042.06398964,431261.89953613,84.8086071],[243042.06627274,431261.89774323,84.8111496],[243042.06854248,431261.8955307,84.81337833],[243042.07054138,431261.89306641,84.81497335],[243042.07141113,431261.8887558,84.81338835],[243042.07076073,431261.88579559,84.81021357],[243042.06934166,431261.88330078,84.80609083],[243042.0669384,431261.88224792,84.80134153],[243042.06479645,431261.88104248,84.79691839],[243042.06668472,431261.87612915,84.79660749],[243042.06859016,431261.87162781,84.79661226],[243042.07073402,431261.86656189,84.79661751],[243042.07287979,431261.86148834,84.79662275],[243042.07478523,431261.856987,84.79662704],[243042.076931,431261.85191345,84.79663229],[243042.07884026,431261.84740448,84.79663706],[243042.08098602,431261.84233093,84.7966423],[243042.08289528,431261.83782196,84.79664707],[243042.08456612,431261.83386993,84.79665089],[243042.0867157,431261.82878876,84.79665613],[243042.08836937,431261.82444,84.79634428],[243042.0902977,431261.82032776,84.79666471],[243042.09221077,431261.81581116,84.79666948],[243042.09358788,431261.81121063,84.79572535],[243042.0911026,431261.80902863,84.79004526],[243042.08889961,431261.80709076,84.78500843],[243042.08642578,431261.80492401,84.779356],[243042.08423424,431261.8030014,84.77434444],[243042.08615303,431261.79890442,84.77465916],[243042.0880909,431261.79520416,84.77528667],[243042.08971977,431261.79046631,84.77466249],[243042.09057808,431261.78621674,84.77309895],[243042.08946228,431261.78486633,84.77028561],[243042.08763504,431261.78520203,84.76747513],[243042.08825493,431261.78151703,84.76591635],[243042.09046555,431261.77806091,84.76716471],[243042.09275246,431261.77619934,84.76966286],[243042.09482193,431261.77529144,84.77247715],[243042.09718895,431261.77502441,84.77623558],[243042.09926605,431261.77411652,84.77905893],[243042.10141182,431261.76904297,84.77906132],[243042.10331154,431261.76605988,84.78031826],[243042.10539436,431261.76322174,84.78220367],[243042.10769653,431261.76210785,84.78535032],[243042.10937119,431261.75815582,84.78597927],[243042.11151314,431261.75574493,84.78818464],[243042.11213112,431261.75205231,84.78723764],[243042.11438751,431261.75049591,84.79007626],[243042.11556053,431261.74688721,84.79007482],[243042.116539,431261.7438736,84.79007387],[243042.1187439,431261.74188232,84.79259968],[243042.11969376,431261.7407608,84.79354763],[243042.12156677,431261.73619843,84.79417801],[243042.12313271,431261.73137665,84.7941761],[243042.12517548,431261.72809601,84.79575634],[243042.12685394,431261.72412872,84.79638815],[243042.12816811,431261.71948242,84.79606962],[243042.12942696,431261.7144165,84.79543447],[243042.13060188,431261.71080017,84.79543304],[243042.13242722,431261.70619202,84.79480839],[243042.13485336,431261.70244598,84.79513788],[243042.13698006,431261.69921875,84.79546547],[243042.13972092,431261.69533539,84.79611301],[243042.14121437,431261.69158936,84.79517317],[243042.14388466,431261.6880188,84.79550743],[243042.1466713,431261.68490601,84.7961607],[243042.1498127,431261.68131256,84.79681683],[243042.15297318,431261.67697144,84.79684114],[243042.15578461,431261.67310333,84.7968626],[243042.15895271,431261.66874695,84.79688644],[243042.16177177,431261.66486359,84.7969079],[243042.16494751,431261.66049957,84.79693174],[243042.16812706,431261.65612793,84.79695606],[243042.17095757,431261.65222931,84.79697752],[243042.17414474,431261.64785004,84.79700184],[243042.17517281,431261.64862823,84.79891968],[243042.17653465,431261.65042114,84.80211735],[243042.17867851,431261.64674377,84.80149794],[243042.18183899,431261.64496613,84.80375957],[243042.1824913,431261.64810944,84.80728102],[243042.1796608,431261.65089417,84.80629492],[243042.17652321,431261.65116882,84.80275488],[243042.17371941,431261.6528244,84.80081844],[243042.17056656,431261.65496063,84.79888296],[243042.16739655,431261.65859222,84.79822159],[243042.16492844,431261.66162109,84.79788446],[243042.16279793,431261.6652832,84.7985034],[243042.15998268,431261.6687851,84.79816341],[243042.16274071,431261.66864777,84.80136251],[243042.16555405,431261.66551208,84.80202246],[243042.16869926,431261.66338348,84.80396032],[243042.17182159,431261.66312408,84.80749655],[243042.17459679,431261.6633606,84.81103802],[243042.17776299,431261.66122437,84.81299067],[243042.18060112,431261.6580658,84.81366253],[243042.18170166,431261.65434265,84.8117528],[243042.18490028,431261.6506958,84.81242752],[243042.1870327,431261.64850616,84.81309175],[243042.18637657,431261.64535522,84.80955982],[243042.18817711,431261.64177704,84.80861711],[243042.19068718,431261.63759613,84.80800104],[243042.19319153,431261.63415527,84.80802584],[243042.19605827,431261.63288116,84.81030035],[243042.19790268,431261.63500977,84.81417656],[243042.20087624,431261.63304138,84.81582022],[243042.20348549,431261.62966156,84.81585169],[243042.20647049,431261.62654877,84.81653213],[243042.20572853,431261.6244812,84.81394529],[243042.20238304,431261.62467194,84.81036854],[243042.19941711,431261.62400055,84.80648375],[243042.19612312,431261.62497711,84.80356741],[243042.19328499,431261.62703705,84.80194235],[243042.19082451,431261.62747955,84.79936409],[243042.19367218,431261.6242981,84.80002642],[243042.19651794,431261.62148285,84.80100965],[243042.19943237,431261.61872101,84.80199575],[243042.20055199,431261.61538696,84.80040407],[243042.20240211,431261.61636353,84.80330515],[243042.20537376,431261.61626434,84.80654335],[243042.20872307,431261.61568451,84.80979347],[243042.21208572,431261.61245728,84.81079578],[243042.20947838,431261.61018372,84.8059411],[243042.20613289,431261.60774994,84.8001318],[243042.20576668,431261.60484314,84.79724455],[243042.20837021,431261.60333252,84.79886818],[243042.20986176,431261.60139465,84.79888058],[243042.20968819,431261.59750366,84.79758263],[243042.21142769,431261.59574127,84.80078554],[243042.21253204,431261.59276581,84.80269813],[243042.2144928,431261.59492493,84.80657244],[243042.21667862,431261.5953598,84.81076622],[243042.21749687,431261.59066772,84.81202602],[243042.21773911,431261.58556366,84.81326961],[243042.21891403,431261.58338928,84.81583023],[243042.22069931,431261.58201599,84.81937027],[243042.22164345,431261.57929993,84.82160425],[243042.22180939,431261.57415771,84.82283974],[243042.22016907,431261.5684967,84.8208375],[243042.21995735,431261.56310272,84.82142305],[243042.22058487,431261.55905151,84.82331181],[243042.22037315,431261.55367279,84.8238945],[243042.21978378,431261.5480423,84.8238287],[243042.22026443,431261.54427338,84.82539415],[243042.22336388,431261.54715729,84.83058929],[243042.22537613,431261.54631042,84.83445549],[243042.22539139,431261.54147339,84.8353591],[243042.226017,431261.53742981,84.83724213],[243042.22533798,431261.53102112,84.83715153],[243042.22503853,431261.52487183,84.8377099],[243042.22566223,431261.52085114,84.83958769],[243042.22590828,431261.51657104,84.84081507],[243042.22560883,431261.51045227,84.84136867],[243042.22700691,431261.50880432,84.84424543],[243042.22832108,431261.50636292,84.84711122],[243042.22949028,431261.50418854,84.84965992],[243042.23034286,431261.50069427,84.85186338],[243042.23119354,431261.49720001,84.85406637],[243042.23305893,431261.49659729,84.85761452],[243042.23510933,431261.49463654,84.86052132],[243042.23779106,431261.49271393,84.86250591],[243042.24069214,431261.48945618,84.86384773],[243042.2436409,431261.48659515,84.86551666],[243042.24629211,431261.48426819,84.86718368],[243042.24934006,431261.48218536,84.86951065],[243042.25204277,431261.48025513,84.87151003],[243042.2550106,431261.47737122,84.8731904],[243042.2574501,431261.47303772,84.87323141],[243042.25914574,431261.46858978,84.87227964],[243042.26013947,431261.46443176,84.87066364],[243042.26117706,431261.46067047,84.86937523],[243042.26433754,431261.45936584,84.87236547],[243042.2673378,431261.45979309,84.87634134],[243042.27060699,431261.45927429,84.88000345],[243042.27397537,431261.45955658,84.88433361],[243042.27695274,431261.4595871,84.88800955],[243042.28033829,431261.45986938,84.89236212],[243042.28276062,431261.46139526,84.89637613],[243042.28635597,431261.46328735,84.90208197],[243042.28957748,431261.4619751,84.90513849]]",dji_pose_mesh_ray_contour_nodes,
20,18,3,SPL,4806.7307,1945.6462,4724,1920,4883,1983,159,63,4923,243042.80685806,431259.66137695,84.77988529,dji_pose_mesh_ray_centroid,True,True,1111827,2.648698,warp,,4806.7307,1945.6462,1,1,1.0,1,2.648698,2.648698,199,199,1.0,"[[4840.5,1982.0],[4840.0,1981.5],[4839.0,1981.5],[4838.0,1981.5],[4837.0,1981.5],[4836.0,1981.5],[4835.0,1981.5],[4834.0,1981.5],[4833.5,1981.0],[4833.0,1980.5],[4832.0,1980.5],[4831.0,1980.5],[4830.5,1980.0],[4830.0,1979.5],[4829.0,1979.5],[4828.5,1980.0],[4828.0,1980.5],[4827.0,1980.5],[4826.0,1980.5],[4825.0,1980.5],[4824.5,1980.0],[4824.0,1979.5],[4823.5,1979.0],[4823.0,1978.5],[4822.0,1978.5],[4821.5,1978.0],[4821.0,1977.5],[4820.5,1977.0],[4821.0,1976.5],[4822.0,1976.5],[4822.5,1976.0],[4823.0,1975.5],[4824.0,1975.5],[4825.0,1975.5],[4825.5,1975.0],[4826.0,1974.5],[4827.0,1974.5],[4827.5,1974.0],[4828.0,1973.5],[4828.5,1973.0],[4828.5,1972.0],[4828.0,1971.5],[4827.5,1971.0],[4827.0,1970.5],[4826.5,1970.0],[4826.0,1969.5],[4825.5,1969.0],[4825.0,1968.5],[4824.0,1968.5],[4823.0,1968.5],[4822.5,1968.0],[4822.0,1967.5],[4821.0,1967.5],[4820.5,1967.0],[4820.0,1966.5],[4819.0,1966.5],[4818.5,1966.0],[4818.0,1965.5],[4817.0,1965.5],[4816.5,1965.0],[4816.0,1964.5],[4815.5,1964.0],[4815.5,1963.0],[4815.0,1962.5],[4814.0,1962.5],[4813.0,1962.5],[4812.0,1962.5],[4811.5,1963.0],[4811.0,1963.5],[4810.0,1963.5],[4809.0,1963.5],[4808.5,1963.0],[4808.0,1962.5],[4807.5,1962.0],[4807.0,1961.5],[4806.5,1961.0],[4806.0,1960.5],[4805.0,1960.5],[4804.0,1960.5],[4803.0,1960.5],[4802.5,1961.0],[4802.0,1961.5],[4801.0,1961.5],[4800.0,1961.5],[4799.0,1961.5],[4798.0,1961.5],[4797.0,1961.5],[4796.0,1961.5],[4795.5,1961.0],[4795.0,1960.5],[4794.0,1960.5],[4793.0,1960.5],[4792.5,1960.0],[4792.0,1959.5],[4791.0,1959.5],[4790.5,1959.0],[4790.0,1958.5],[4789.0,1958.5],[4788.0,1958.5],[4787.0,1958.5],[4786.0,1958.5],[4785.0,1958.5],[4784.0,1958.5],[4783.0,1958.5],[4782.0,1958.5],[4781.0,1958.5],[4780.0,1958.5],[4779.0,1958.5],[4778.0,1958.5],[4777.0,1958.5],[4776.5,1958.0],[4776.0,1957.5],[4775.0,1957.5],[4774.0,1957.5],[4773.0,1957.5],[4772.0,1957.5],[4771.0,1957.5],[4770.5,1957.0],[4770.0,1956.5],[4769.0,1956.5],[4768.0,1956.5],[4767.5,1956.0],[4767.0,1955.5],[4766.5,1955.0],[4766.0,1954.5],[4765.5,1954.0],[4765.0,1953.5],[4764.5,1953.0],[4764.0,1952.5],[4763.5,1952.0],[4763.0,1951.5],[4762.5,1951.0],[4762.0,1950.5],[4761.5,1950.0],[4761.0,1949.5],[4760.5,1949.0],[4760.0,1948.5],[4759.5,1948.0],[4759.0,1947.5],[4758.5,1947.0],[4758.0,1946.5],[4757.5,1946.0],[4757.0,1945.5],[4756.5,1945.0],[4756.0,1944.5],[4755.5,1944.0],[4755.0,1943.5],[4754.5,1943.0],[4754.0,1942.5],[4753.0,1942.5],[4752.5,1942.0],[4752.0,1941.5],[4751.5,1941.0],[4751.0,1940.5],[4750.5,1940.0],[4750.0,1939.5],[4749.5,1939.0],[4749.0,1938.5],[4748.5,1938.0],[4748.0,1937.5],[4747.5,1937.0],[4747.5,1936.0],[4747.0,1935.5],[4746.5,1935.0],[4746.0,1934.5],[4745.0,1934.5],[4744.0,1934.5],[4743.0,1934.5],[4742.0,1934.5],[4741.0,1934.5],[4740.5,1934.0],[4740.0,1933.5],[4739.0,1933.5],[4738.0,1933.5],[4737.0,1933.5],[4736.0,1933.5],[4735.5,1934.0],[4735.0,1934.5],[4734.0,1934.5],[4733.0,1934.5],[4732.0,1934.5],[4731.5,1934.0],[4731.0,1933.5],[4730.0,1933.5],[4729.0,1933.5],[4728.5,1933.0],[4728.0,1932.5],[4727.0,1932.5],[4726.5,1932.0],[4726.0,1931.5],[4725.5,1931.0],[4725.5,1930.0],[4725.0,1929.5],[4724.5,1929.0],[4724.5,1928.0],[4724.5,1927.0],[4724.5,1926.0],[4724.5,1925.0],[4724.0,1924.5]]","[[243042.79323769,431259.64583588,84.75756121],[243042.79340172,431259.64606476,84.75786591],[243042.7932415,431259.64663696,84.75786591],[243042.79308128,431259.64720154,84.75786591],[243042.79292107,431259.64776611,84.75786591],[243042.79275894,431259.64833069,84.75786591],[243042.79259872,431259.64890289,84.75786543],[243042.79243851,431259.64946747,84.75786543],[243042.79260254,431259.64970398,84.7581706],[243042.79276657,431259.64994049,84.7584753],[243042.79260635,431259.65050507,84.7584753],[243042.79244423,431259.65106964,84.7584753],[243042.79260826,431259.65130615,84.75878],[243042.79277229,431259.65154266,84.75908518],[243042.79261208,431259.65211487,84.75908518],[243042.79228783,431259.65244293,84.75878],[243042.79196358,431259.652771,84.75847483],[243042.79180145,431259.65333557,84.75847483],[243042.79164124,431259.65390778,84.75847483],[243042.79148102,431259.65447235,84.75847483],[243042.79164505,431259.65470886,84.75878],[243042.79180908,431259.65494537,84.7590847],[243042.79197311,431259.65518188,84.75938988],[243042.79213524,431259.6554184,84.75969505],[243042.79197502,431259.65598297,84.75969505],[243042.79213905,431259.65621948,84.76000023],[243042.79230309,431259.65645599,84.7603054],[243042.79246712,431259.6566925,84.76061058],[243042.79279137,431259.65636444,84.76091623],[243042.79295349,431259.65579987,84.76091623],[243042.79327774,431259.65546417,84.76122141],[243042.7936039,431259.65513611,84.76152706],[243042.79376411,431259.65457153,84.76152706],[243042.79392433,431259.65399933,84.76152706],[243042.79425049,431259.65367126,84.76183224],[243042.79457474,431259.6533432,84.76213789],[243042.79473495,431259.652771,84.76213789],[243042.79506111,431259.65244293,84.76244354],[243042.79538536,431259.65211487,84.76274919],[243042.79571152,431259.65177917,84.76305485],[243042.79620171,431259.65168762,84.76366663],[243042.79636574,431259.65192413,84.76397228],[243042.79653168,431259.65216064,84.76427841],[243042.79669571,431259.65239716,84.76458454],[243042.79685974,431259.65263367,84.76489067],[243042.79702568,431259.65287018,84.7651968],[243042.79718971,431259.65310669,84.76550293],[243042.79735374,431259.6533432,84.76580954],[243042.79719353,431259.65390778,84.76580954],[243042.7970314,431259.65447998,84.76580954],[243042.79719734,431259.65471649,84.76611567],[243042.79736137,431259.654953,84.76642227],[243042.79720116,431259.65551758,84.76642227],[243042.79736519,431259.65576172,84.76672888],[243042.79753113,431259.65599823,84.76703548],[243042.797369,431259.65656281,84.76703548],[243042.79753494,431259.65679932,84.76734209],[243042.79769897,431259.65703583,84.76764917],[243042.79753876,431259.65760803,84.76764917],[243042.79770279,431259.65784454,84.76795578],[243042.79787636,431259.65808105,84.76826286],[243042.79807854,431259.65830994,84.76856995],[243042.79862213,431259.65821075,84.76918364],[243042.79882431,431259.65843964,84.7694912],[243042.79868126,431259.65900421,84.7694912],[243042.79854012,431259.65956879,84.76949167],[243042.79839706,431259.66013336,84.76949167],[243042.79805374,431259.66046906,84.76918459],[243042.79771042,431259.66080475,84.76887751],[243042.79756927,431259.66136932,84.76887798],[243042.79742622,431259.6619339,84.76887798],[243042.7976284,431259.66216278,84.76918554],[243042.79782867,431259.66239929,84.76949263],[243042.79803085,431259.66262817,84.76980019],[243042.79823112,431259.66285706,84.77010727],[243042.7984333,431259.66309357,84.77041483],[243042.79863548,431259.66332245,84.77072239],[243042.79849243,431259.66388702,84.77072287],[243042.79834938,431259.6644516,84.77072287],[243042.79820824,431259.66501617,84.77072334],[243042.79786491,431259.66535187,84.77041578],[243042.79752159,431259.66568756,84.7701087],[243042.79737854,431259.66625214,84.7701087],[243042.7972374,431259.66681671,84.77010918],[243042.79709435,431259.66738129,84.77010918],[243042.7969532,431259.66795349,84.77010965],[243042.79681015,431259.66851807,84.77010965],[243042.79666901,431259.66908264,84.77011013],[243042.79686928,431259.66931152,84.77041769],[243042.79707146,431259.66954803,84.77072525],[243042.79692841,431259.67011261,84.77072573],[243042.79678726,431259.67067719,84.77072573],[243042.79698753,431259.6709137,84.77103376],[243042.79718971,431259.67114258,84.77134132],[243042.79704666,431259.67170715,84.7713418],[243042.79724884,431259.67194366,84.77164936],[243042.79744911,431259.67217255,84.7719574],[243042.79730797,431259.67274475,84.77195787],[243042.79716492,431259.67330933,84.77195787],[243042.79702377,431259.6738739,84.77195835],[243042.79688072,431259.67443848,84.77195883],[243042.79673767,431259.67501068,84.77195883],[243042.79659653,431259.67557526,84.7719593],[243042.79645348,431259.67613983,84.7719593],[243042.79631233,431259.67671204,84.77195978],[243042.79616928,431259.67727661,84.77196026],[243042.79602623,431259.67784119,84.77196026],[243042.79588509,431259.67840576,84.77196073],[243042.79574203,431259.67897797,84.77196073],[243042.79559898,431259.67954254,84.77196121],[243042.79580116,431259.67977905,84.77226925],[243042.79600334,431259.68000793,84.77257776],[243042.79586029,431259.68058014,84.77257776],[243042.79571724,431259.68114471,84.77257824],[243042.7955761,431259.68170929,84.77257872],[243042.79543304,431259.68228149,84.77257872],[243042.79528999,431259.68284607,84.77257919],[243042.79549217,431259.68308258,84.77288723],[243042.79569435,431259.68331146,84.77319574],[243042.7955513,431259.68388367,84.77319622],[243042.79540825,431259.68444824,84.77319622],[243042.79561043,431259.68468475,84.77350473],[243042.7958107,431259.68491364,84.77381325],[243042.79601288,431259.68515015,84.77412224],[243042.79621506,431259.68538666,84.77443075],[243042.79641533,431259.68562317,84.77473927],[243042.79661751,431259.68585205,84.77504826],[243042.79681969,431259.68608856,84.77535725],[243042.79702187,431259.68632507,84.77566624],[243042.79722214,431259.68656158,84.77597523],[243042.79742432,431259.6867981,84.77628422],[243042.7976265,431259.68702698,84.77659368],[243042.79782867,431259.68726349,84.77690268],[243042.79803085,431259.6875,84.77721214],[243042.79818344,431259.68774414,84.77752113],[243042.79833794,431259.68798828,84.7778306],[243042.79849052,431259.68823242,84.77813959],[243042.79864311,431259.68847656,84.77844906],[243042.79879761,431259.6887207,84.77875805],[243042.7989502,431259.68896484,84.77906752],[243042.79910469,431259.68920898,84.77937698],[243042.79925728,431259.68945312,84.77968645],[243042.79941177,431259.68969727,84.77999639],[243042.79956436,431259.68994141,84.78030586],[243042.79971886,431259.69018555,84.78061533],[243042.79987144,431259.69042969,84.78092527],[243042.80002594,431259.69067383,84.78123522],[243042.80017853,431259.69091797,84.78154516],[243042.80033302,431259.69116211,84.78185511],[243042.80007172,431259.69174957,84.78185463],[243042.80022621,431259.69200134,84.78216457],[243042.8003788,431259.69224548,84.78247452],[243042.80053329,431259.69248962,84.78278446],[243042.80068779,431259.69273376,84.78309488],[243042.80084038,431259.69297791,84.78340483],[243042.80099487,431259.69322205,84.78371525],[243042.80114937,431259.69346619,84.78402567],[243042.80130196,431259.69371033,84.78433609],[243042.80145645,431259.69395447,84.78464651],[243042.80161095,431259.69419861,84.78495693],[243042.80176353,431259.69445038,84.78526783],[243042.80233383,431259.69434357,84.78588963],[243042.80248833,431259.69459534,84.78620052],[243042.80264091,431259.69483948,84.78651142],[243042.80279541,431259.69508362,84.78682232],[243042.8025341,431259.69567108,84.78682184],[243042.8022728,431259.69626617,84.78682136],[243042.80201149,431259.69685364,84.78682041],[243042.80175209,431259.69744873,84.78681993],[243042.80149078,431259.69803619,84.78681946],[243042.80164337,431259.69828033,84.78713036],[243042.80179787,431259.6985321,84.78744125],[243042.80153656,431259.69911957,84.78744078],[243042.80127525,431259.69970703,84.7874403],[243042.80101395,431259.70030212,84.78743982],[243042.80075264,431259.70088959,84.78743887],[243042.80033875,431259.70124054,84.78712749],[243042.79992294,431259.70158386,84.78681612],[243042.79966164,431259.70217133,84.78681564],[243042.79940033,431259.70276642,84.78681469],[243042.79913902,431259.70335388,84.78681421],[243042.79929352,431259.70359802,84.78712511],[243042.79944801,431259.70384979,84.78743601],[243042.79918671,431259.70443726,84.78743553],[243042.7989254,431259.70502472,84.78743505],[243042.79907799,431259.70527649,84.78774595],[243042.79923248,431259.70552063,84.78805685],[243042.79897118,431259.70610809,84.78805637],[243042.79912567,431259.70635986,84.78836775],[243042.79928017,431259.706604,84.78867865],[243042.79943275,431259.70684814,84.78899002],[243042.80000305,431259.70675659,84.78961325],[243042.80015564,431259.70700073,84.78992462],[243042.80031013,431259.70724487,84.790236],[243042.80088043,431259.70714569,84.79086018],[243042.80145073,431259.70705414,84.79148388],[243042.80201912,431259.70695496,84.79210854],[243042.80259132,431259.70685577,84.79273319],[243042.80274582,431259.70709991,84.79304504]]",dji_pose_mesh_ray_contour_nodes,
21,19,3,SPL,1219.5789,1932.4632,1209,1928,1227,1938,18,10,95,243042.10667801,431261.77000427,84.78852367,dji_pose_mesh_ray_centroid,True,True,1113140,2.497395,warp,,1219.5789,1932.4632,1,1,1.0,1,2.497395,2.497395,21,21,1.0,"[[1221.5,1937.0],[1221.0,1936.5],[1220.5,1936.0],[1220.0,1935.5],[1219.0,1935.5],[1218.5,1935.0],[1218.0,1934.5],[1217.0,1934.5],[1216.0,1934.5],[1215.5,1934.0],[1215.0,1933.5],[1214.5,1933.0],[1214.0,1932.5],[1213.0,1932.5],[1212.5,1933.0],[1212.0,1933.5],[1211.5,1934.0],[1211.0,1934.5],[1210.5,1935.0],[1210.0,1935.5],[1209.0,1935.5]]","[[243042.10587502,431261.76785278,84.78566551],[243042.10589409,431261.76824951,84.78598022],[243042.10591507,431261.76865387,84.78629494],[243042.10593414,431261.7690506,84.78660965],[243042.10569572,431261.76961517,84.78660917],[243042.1057148,431261.77001953,84.78692388],[243042.10573387,431261.77041626,84.78723907],[243042.10549545,431261.77098083,84.7872386],[243042.10525703,431261.77154541,84.78723812],[243042.10527611,431261.77194977,84.78755283],[243042.10529518,431261.7723465,84.78786802],[243042.10531425,431261.77275085,84.78818274],[243042.10533524,431261.77314758,84.78849792],[243042.10509491,431261.77371979,84.78849745],[243042.10483742,431261.77388,84.78818178],[243042.10457802,431261.77404022,84.78786659],[243042.10432053,431261.77420807,84.7875514],[243042.10406113,431261.77436829,84.78723574],[243042.10380363,431261.77453613,84.78692055],[243042.10354614,431261.77469635,84.78660536],[243042.10330582,431261.77526093,84.78660488]]",dji_pose_mesh_ray_contour_nodes,
22,20,3,SPL,1167.7963,1936.2315,1159,1932,1177,1941,18,9,108,243042.09327126,431261.79833221,84.78612757,dji_pose_mesh_ray_centroid,True,True,1113140,2.505686,warp,,1167.7963,1936.2315,1,1,1.0,1,2.505686,2.505686,17,17,1.0,"[[1159.0,1935.5],[1159.5,1935.0],[1160.0,1934.5],[1160.5,1934.0],[1161.0,1933.5],[1162.0,1933.5],[1163.0,1933.5],[1164.0,1933.5],[1165.0,1933.5],[1166.0,1933.5],[1167.0,1933.5],[1168.0,1933.5],[1169.0,1933.5],[1170.0,1933.5],[1170.5,1933.0],[1171.0,1932.5],[1171.5,1932.0]]","[[243042.09137535,431261.8034668,84.78658438],[243042.09163284,431261.80330658,84.78689909],[243042.09188843,431261.80314636,84.78721428],[243042.09214592,431261.80298615,84.78752899],[243042.09240341,431261.80282593,84.78784418],[243042.09264183,431261.80226135,84.78784466],[243042.09288025,431261.80169678,84.78784513],[243042.09311867,431261.8011322,84.78784561],[243042.09335709,431261.80056763,84.78784609],[243042.0935955,431261.80000305,84.78784656],[243042.09383583,431261.79943848,84.78784704],[243042.09407425,431261.7988739,84.78784752],[243042.09431267,431261.79831696,84.78784752],[243042.09455109,431261.79775238,84.787848],[243042.09480858,431261.79758453,84.78816318],[243042.09506607,431261.79742432,84.78847837],[243042.09532356,431261.7972641,84.78879404]]",dji_pose_mesh_ray_contour_nodes,
23,21,3,SPL,1208.7143,1940.0,1208,1939,1211,1942,3,3,7,243042.10198975,431261.77436066,84.78377247,dji_pose_mesh_ray_centroid,True,True,1113140,2.4966,warp,,1208.7143,1940.0,1,1,1.0,1,2.4966,2.4966,2,2,1.0,"[[1209.5,1939.0],[1210.0,1939.5]]","[[243042.10245514,431261.77415466,84.78440189],[243042.10243607,431261.77375031,84.78408718]]",dji_pose_mesh_ray_contour_nodes,
24,22,3,SPL,2139.6233,1955.1905,2109,1939,2172,1971,63,32,1391,243042.2710762,431261.2124176,84.77409697,dji_pose_mesh_ray_centroid,True,True,1113119,2.322919,warp,,2139.6233,1955.1905,1,1,1.0,1,2.322919,2.322919,71,71,1.0,"[[2156.5,1970.0],[2156.0,1969.5],[2155.0,1969.5],[2154.0,1969.5],[2153.0,1969.5],[2152.5,1969.0],[2152.0,1968.5],[2151.0,1968.5],[2150.0,1968.5],[2149.0,1968.5],[2148.0,1968.5],[2147.5,1969.0],[2147.0,1969.5],[2146.0,1969.5],[2145.5,1969.0],[2145.0,1968.5],[2144.0,1968.5],[2143.0,1968.5],[2142.0,1968.5],[2141.0,1968.5],[2140.0,1968.5],[2139.0,1968.5],[2138.0,1968.5],[2137.0,1968.5],[2136.5,1968.0],[2136.0,1967.5],[2135.0,1967.5],[2134.0,1967.5],[2133.5,1967.0],[2133.0,1966.5],[2132.5,1967.0],[2132.0,1967.5],[2131.0,1967.5],[2130.0,1967.5],[2129.0,1967.5],[2128.5,1968.0],[2128.0,1968.5],[2127.0,1968.5],[2126.0,1968.5],[2125.0,1968.5],[2124.5,1968.0],[2124.0,1967.5],[2123.5,1967.0],[2123.0,1966.5],[2122.0,1966.5],[2121.5,1966.0],[2121.0,1965.5],[2120.0,1965.5],[2119.5,1965.0],[2119.0,1964.5],[2118.5,1964.0],[2118.0,1963.5],[2117.5,1963.0],[2117.0,1962.5],[2116.0,1962.5],[2115.5,1962.0],[2115.0,1961.5],[2114.5,1961.0],[2114.0,1960.5],[2113.5,1960.0],[2113.5,1959.0],[2113.5,1958.0],[2113.0,1957.5],[2112.5,1957.0],[2112.5,1956.0],[2112.0,1955.5],[2111.0,1955.5],[2110.5,1955.0],[2110.0,1954.5],[2109.5,1954.0],[2109.0,1953.5]]","[[243042.2682457,431261.1993866,84.76492929],[243042.26835251,431261.19978333,84.76523781],[243042.26818657,431261.20038605,84.76523781],[243042.26802063,431261.20098877,84.76523828],[243042.2678566,431261.20159149,84.76523828],[243042.26796341,431261.20198822,84.7655468],[243042.26807022,431261.20238495,84.76585579],[243042.26790428,431261.20298767,84.76585579],[243042.26774025,431261.20358276,84.76585579],[243042.26757431,431261.20418549,84.76585579],[243042.26740837,431261.20478821,84.76585627],[243042.26713562,431261.2049942,84.76554728],[243042.26686478,431261.2052002,84.76523876],[243042.26669884,431261.20579529,84.76523876],[243042.26680565,431261.20619965,84.76554775],[243042.26691246,431261.20659637,84.76585627],[243042.26674652,431261.2071991,84.76585674],[243042.26658249,431261.20779419,84.76585674],[243042.26641655,431261.20839691,84.76585674],[243042.26625061,431261.20899963,84.76585674],[243042.26608658,431261.20960236,84.76585674],[243042.26592064,431261.21020508,84.76585722],[243042.2657547,431261.2108078,84.76585722],[243042.26558876,431261.21141052,84.76585722],[243042.26569557,431261.21180725,84.76616621],[243042.26580238,431261.21220398,84.7664752],[243042.26563835,431261.2128067,84.7664752],[243042.26547241,431261.21340942,84.7664752],[243042.26557922,431261.21380615,84.76678467],[243042.26568604,431261.21420288,84.76709366],[243042.26541328,431261.21440887,84.76678467],[243042.26514053,431261.21461487,84.76647568],[243042.2649765,431261.21521759,84.76647568],[243042.26481056,431261.21582031,84.76647615],[243042.26464462,431261.21642303,84.76647615],[243042.26437378,431261.2166214,84.76616716],[243042.26410103,431261.21682739,84.76585817],[243042.26393509,431261.21743011,84.76585865],[243042.26376915,431261.21803284,84.76585865],[243042.26360512,431261.21863556,84.76585865],[243042.26371193,431261.21903229,84.76616764],[243042.26381683,431261.21942902,84.76647663],[243042.26392365,431261.21983337,84.76678562],[243042.26403046,431261.2202301,84.76709509],[243042.26386452,431261.22083282,84.76709509],[243042.26397133,431261.22122955,84.76740408],[243042.26407814,431261.22163391,84.76771355],[243042.2639122,431261.22223663,84.76771355],[243042.26401901,431261.22263336,84.76802301],[243042.26412582,431261.22303772,84.76833248],[243042.26423264,431261.22343445,84.76864195],[243042.26433945,431261.22383118,84.76895142],[243042.26444626,431261.22423553,84.76926136],[243042.26455307,431261.22463226,84.76957083],[243042.26438713,431261.22523499,84.76957083],[243042.26449394,431261.22563934,84.76988077],[243042.26460075,431261.22603607,84.77019072],[243042.26470757,431261.22644043,84.77050066],[243042.26481438,431261.22683716,84.7708106],[243042.26492119,431261.22724152,84.77112055],[243042.26529884,431261.22743988,84.77174044],[243042.26567841,431261.22763824,84.77236032],[243042.26578522,431261.22803497,84.77267075],[243042.26589203,431261.22843933,84.77298117],[243042.26627159,431261.2286377,84.77360201],[243042.26638031,431261.22903442,84.77391243],[243042.26621437,431261.22963715,84.77391243],[243042.26632118,431261.2300415,84.77422333],[243042.26642799,431261.23044586,84.77453375],[243042.26653481,431261.23084259,84.77484465],[243042.26664162,431261.23124695,84.77515554]]",dji_pose_mesh_ray_contour_nodes,
25,23,3,SPL,1196.0,1941.25,1195,1941,1198,1943,3,2,4,243042.09861183,431261.78123474,84.7829814,dji_pose_mesh_ray_centroid,True,True,1113140,2.498501,warp,,1196.0,1941.25,1,1,1.0,1,2.498501,2.498501,2,2,1.0,"[[1195.5,1942.0],[1195.0,1941.5]]","[[243042.09828377,431261.78133392,84.7825098],[243042.09830284,431261.78173828,84.78282404]]",dji_pose_mesh_ray_contour_nodes,
26,24,3,SPL,1289.2258,2055.2258,1286,2053,1294,2058,8,5,31,243042.08371544,431261.69802856,84.71257448,dji_pose_mesh_ray_centroid,True,True,1113143,2.433902,warp,,1289.2258,2055.2258,1,1,1.0,1,2.433902,2.433902,6,6,1.0,"[[1290.5,2053.0],[1291.0,2053.5],[1292.0,2053.5],[1292.5,2054.0],[1292.5,2055.0],[1293.0,2055.5]]","[[243042.08461571,431261.69781494,84.71392584],[243042.08456421,431261.69740295,84.71362209],[243042.08475685,431261.69680786,84.71362257],[243042.08470535,431261.69639587,84.7133193],[243042.08440971,431261.69615173,84.71271229],[243042.08435822,431261.69573212,84.7124095]]",dji_pose_mesh_ray_contour_nodes,
27,25,3,SPL,818.0667,2061.0667,816,2060,822,2063,6,3,15,243041.97511864,431261.95852661,84.70933104,dji_pose_mesh_ray_centroid,True,True,1113139,2.529997,warp,,818.0667,2061.0667,1,1,1.0,1,2.529997,2.529997,3,3,1.0,"[[819.5,2060.0],[820.0,2060.5],[821.0,2060.5]]","[[243041.97554398,431261.95783997,84.7099781],[243041.9753933,431261.95729828,84.70968008],[243041.97543335,431261.95655823,84.70968485]]",dji_pose_mesh_ray_contour_nodes,
28,26,3,SPL,1247.0952,2067.2381,1245,2064,1250,2071,5,7,21,243042.07210159,431261.7199173,84.7052846,dji_pose_mesh_ray_centroid,True,True,1113143,2.439108,warp,,1247.0952,2067.2381,1,1,1.0,1,2.439108,2.439108,6,6,1.0,"[[1246.5,2064.0],[1246.5,2065.0],[1247.0,2065.5],[1248.0,2065.5],[1248.5,2066.0],[1249.0,2066.5]]","[[243042.0729351,431261.72106171,84.70724297],[243042.07264137,431261.72081757,84.70663786],[243042.07259178,431261.72039795,84.70633554],[243042.07278252,431261.71981049,84.70633602],[243042.07273293,431261.71939087,84.70603371],[243042.07268143,431261.71897888,84.70573187]]",dji_pose_mesh_ray_contour_nodes,
29,27,3,SPL,943.3462,2082.6538,938,2080,949,2086,11,6,26,243041.98688507,431261.87322998,84.69665146,dji_pose_mesh_ray_centroid,True,True,285976,2.478569,warp,,943.3462,2082.6538,1,1,1.0,1,2.478569,2.478569,13,13,1.0,"[[948.0,2082.5],[947.5,2083.0],[947.0,2083.5],[946.0,2083.5],[945.0,2083.5],[944.0,2083.5],[943.0,2083.5],[942.5,2083.0],[942.5,2082.0],[943.0,2081.5],[943.5,2081.0],[944.0,2080.5],[944.5,2080.0]]","[[243041.98835182,431261.87107849,84.69672584],[243041.98803139,431261.87115479,84.69643116],[243041.98771095,431261.87123108,84.69613647],[243041.98740768,431261.8717041,84.69613981],[243041.98710251,431261.87217712,84.69614363],[243041.98679924,431261.87264252,84.69614744],[243041.98649406,431261.87311554,84.69615078],[243041.98651123,431261.8735199,84.69644928],[243041.98684692,431261.87384033,84.69704246],[243041.98716927,431261.87377167,84.69733763],[243041.9874897,431261.87369537,84.69763279],[243041.98781013,431261.87361908,84.69792795],[243041.98813057,431261.87355042,84.69822311]]",dji_pose_mesh_ray_contour_nodes,
30,28,3,SPL,1151.0,2085.5,1151,2085,1152,2087,1,2,2,243042.04811096,431261.77165985,84.69424152,dji_pose_mesh_ray_centroid,True,True,1113134,2.454878,warp,,1151.0,2085.5,1,1,1.0,1,2.454878,2.454878,2,2,1.0,"[[1151.0,2085.0],[1151.0,2086.0]]","[[243042.04831123,431261.77183533,84.6945405],[243042.04791069,431261.77148438,84.69394302]]",dji_pose_mesh_ray_contour_nodes,
31,29,3,SPL,3323.9548,2127.1592,3259,2092,3376,2163,117,71,5315,243042.44703484,431260.51152039,84.67054415,dji_pose_mesh_ray_centroid,True,True,1113001,2.273207,warp,,3323.9548,2127.1592,1,1,1.0,1,2.273207,2.273207,105,105,1.0,"[[3328.5,2162.0],[3328.0,2161.5],[3327.0,2161.5],[3326.0,2161.5],[3325.0,2161.5],[3324.0,2161.5],[3323.5,2161.0],[3323.0,2160.5],[3322.0,2160.5],[3321.0,2160.5],[3320.0,2160.5],[3319.5,2160.0],[3319.0,2159.5],[3318.0,2159.5],[3317.0,2159.5],[3316.5,2159.0],[3316.0,2158.5],[3315.0,2158.5],[3314.5,2158.0],[3314.0,2157.5],[3313.0,2157.5],[3312.5,2157.0],[3312.0,2156.5],[3311.0,2156.5],[3310.5,2156.0],[3310.0,2155.5],[3309.5,2155.0],[3309.0,2154.5],[3308.5,2154.0],[3308.0,2153.5],[3307.5,2153.0],[3307.0,2152.5],[3306.5,2152.0],[3306.0,2151.5],[3305.0,2151.5],[3304.5,2151.0],[3304.0,2150.5],[3303.0,2150.5],[3302.5,2150.0],[3302.0,2149.5],[3301.0,2149.5],[3300.5,2149.0],[3300.0,2148.5],[3299.0,2148.5],[3298.5,2148.0],[3298.0,2147.5],[3297.0,2147.5],[3296.5,2147.0],[3296.0,2146.5],[3295.0,2146.5],[3294.5,2146.0],[3294.0,2145.5],[3293.0,2145.5],[3292.5,2145.0],[3292.0,2144.5],[3291.5,2144.0],[3291.0,2143.5],[3290.0,2143.5],[3289.5,2143.0],[3289.0,2142.5],[3288.0,2142.5],[3287.5,2142.0],[3287.0,2141.5],[3286.0,2141.5],[3285.5,2141.0],[3285.0,2140.5],[3284.0,2140.5],[3283.5,2140.0],[3283.0,2139.5],[3282.5,2139.0],[3282.0,2138.5],[3281.0,2138.5],[3280.5,2138.0],[3280.0,2137.5],[3279.0,2137.5],[3278.0,2137.5],[3277.5,2137.0],[3277.0,2136.5],[3276.0,2136.5],[3275.0,2136.5],[3274.5,2136.0],[3274.0,2135.5],[3273.0,2135.5],[3272.5,2135.0],[3272.0,2134.5],[3271.0,2134.5],[3270.0,2134.5],[3269.5,2134.0],[3269.0,2133.5],[3268.5,2133.0],[3268.0,2132.5],[3267.5,2132.0],[3267.5,2131.0],[3267.0,2130.5],[3266.5,2130.0],[3266.0,2129.5],[3265.5,2129.0],[3265.0,2128.5],[3264.0,2128.5],[3263.0,2128.5],[3262.0,2128.5],[3261.0,2128.5],[3260.5,2128.0],[3260.0,2127.5],[3259.0,2127.5]]","[[243042.43265915,431260.50652313,84.65040064],[243042.4327774,431260.50684357,84.65068817],[243042.43257523,431260.50740051,84.65068817],[243042.43237495,431260.50796509,84.65068817],[243042.43217278,431260.50852203,84.65068817],[243042.4319706,431260.50908661,84.65068865],[243042.43208885,431260.50939941,84.6509757],[243042.4322052,431260.50971222,84.65126324],[243042.43200493,431260.51027679,84.65126324],[243042.43180275,431260.51084137,84.65126324],[243042.43160057,431260.51139832,84.65126324],[243042.43171883,431260.51171112,84.65155077],[243042.43183517,431260.51203156,84.6518383],[243042.4316349,431260.5125885,84.6518383],[243042.43143272,431260.51315308,84.6518383],[243042.43154907,431260.51346588,84.65212584],[243042.43166733,431260.51378632,84.65241337],[243042.43146515,431260.51434326,84.65241384],[243042.4315834,431260.5146637,84.65270138],[243042.43169975,431260.5149765,84.65298891],[243042.43149757,431260.51554108,84.65298891],[243042.43161583,431260.51585388,84.65327644],[243042.43173218,431260.51617432,84.65356445],[243042.43153191,431260.51673889,84.65356445],[243042.43164825,431260.5170517,84.65385246],[243042.43176651,431260.5173645,84.65414],[243042.43188286,431260.51768494,84.654428],[243042.43199921,431260.51799774,84.65471601],[243042.43211746,431260.51831818,84.65500402],[243042.43223572,431260.51863861,84.65529203],[243042.43235207,431260.51895142,84.65558052],[243042.43247032,431260.51927185,84.65586853],[243042.43258667,431260.51958466,84.65615702],[243042.43270493,431260.51990509,84.65644503],[243042.43250275,431260.52046204,84.6564455],[243042.432621,431260.52078247,84.65673351],[243042.43273735,431260.52110291,84.657022],[243042.43253708,431260.52165985,84.657022],[243042.43265343,431260.52198029,84.65731049],[243042.43277168,431260.52230072,84.65759897],[243042.4325695,431260.52285767,84.65759945],[243042.43268776,431260.5231781,84.65788794],[243042.43280411,431260.52349091,84.65817642],[243042.43260193,431260.52405548,84.6581769],[243042.43272018,431260.52437592,84.65846539],[243042.43283844,431260.52469635,84.65875435],[243042.43263626,431260.5252533,84.65875435],[243042.43275261,431260.52557373,84.65904331],[243042.43287086,431260.52589417,84.6593318],[243042.43266869,431260.52645111,84.65933227],[243042.43278694,431260.52677155,84.65962124],[243042.43290329,431260.52709198,84.6599102],[243042.43270302,431260.52765656,84.6599102],[243042.43281937,431260.52796936,84.66019916],[243042.43293762,431260.52828979,84.66048813],[243042.43305588,431260.52861023,84.66077757],[243042.43317223,431260.52892303,84.66106653],[243042.43297005,431260.52948761,84.66106653],[243042.4330883,431260.52980804,84.66135597],[243042.43320656,431260.53012848,84.66164541],[243042.43300438,431260.53069305,84.66164541],[243042.43312073,431260.53100586,84.66193485],[243042.43323898,431260.53132629,84.66222429],[243042.4330368,431260.53189087,84.66222429],[243042.43315506,431260.5322113,84.66251373],[243042.43327332,431260.53253174,84.66280317],[243042.43307114,431260.53308868,84.66280365],[243042.43318748,431260.53340912,84.66309309],[243042.43330574,431260.53372955,84.66338301],[243042.433424,431260.53404999,84.66367245],[243042.43354225,431260.53437042,84.66396236],[243042.43334007,431260.534935,84.66396236],[243042.43345642,431260.53525543,84.66425228],[243042.43357468,431260.53556824,84.6645422],[243042.4333725,431260.53613281,84.6645422],[243042.43317032,431260.53669739,84.6645422],[243042.43328857,431260.53701782,84.66483211],[243042.43340683,431260.53733826,84.66512251],[243042.43320465,431260.53790283,84.66512251],[243042.43300247,431260.53846741,84.66512251],[243042.43311882,431260.53878784,84.66541243],[243042.43323708,431260.53910828,84.66570282],[243042.4330349,431260.53967285,84.66570282],[243042.43315315,431260.53998566,84.66599274],[243042.43327141,431260.54030609,84.66628313],[243042.43306732,431260.54087067,84.66628313],[243042.43286514,431260.54143524,84.66628361],[243042.4329834,431260.54175568,84.66657352],[243042.43310165,431260.54207611,84.66686392],[243042.43321991,431260.54239655,84.66715431],[243042.43333626,431260.54271698,84.66744471],[243042.43345451,431260.54303741,84.66773558],[243042.4338932,431260.54311371,84.66831636],[243042.43401146,431260.54343414,84.66860723],[243042.43412971,431260.54375458,84.66889811],[243042.43424797,431260.54407501,84.6691885],[243042.43436623,431260.54440308,84.66947937],[243042.43448448,431260.54472351,84.66977024],[243042.4342823,431260.54528809,84.66977072],[243042.43408012,431260.54585266,84.66977072],[243042.43387604,431260.54641724,84.66977072],[243042.43367386,431260.54698181,84.66977072],[243042.43379211,431260.54730225,84.67006159],[243042.43391037,431260.54762268,84.67035294],[243042.43370819,431260.54818726,84.67035294]]",dji_pose_mesh_ray_contour_nodes,
32,30,3,SPL,858.46,2157.1516,810,2110,925,2197,115,87,5337,243041.94433022,431261.89620972,84.65311718,dji_pose_mesh_ray_centroid,True,True,1113139,2.465849,warp,,858.46,2157.1516,1,1,1.0,1,2.465849,2.465849,161,161,1.0,"[[870.5,2110.0],[871.0,2110.5],[871.5,2111.0],[872.0,2111.5],[872.5,2112.0],[873.0,2112.5],[873.5,2113.0],[874.0,2113.5],[874.5,2114.0],[874.0,2114.5],[873.5,2115.0],[873.0,2115.5],[872.5,2116.0],[872.5,2117.0],[872.5,2118.0],[872.5,2119.0],[872.5,2120.0],[872.5,2121.0],[872.5,2122.0],[873.0,2122.5],[873.5,2123.0],[873.5,2124.0],[874.0,2124.5],[875.0,2124.5],[875.5,2125.0],[876.0,2125.5],[877.0,2125.5],[877.5,2126.0],[877.5,2127.0],[877.5,2128.0],[878.0,2128.5],[878.5,2129.0],[879.0,2129.5],[879.5,2130.0],[880.0,2130.5],[881.0,2130.5],[882.0,2130.5],[883.0,2130.5],[883.5,2130.0],[884.0,2129.5],[885.0,2129.5],[886.0,2129.5],[887.0,2129.5],[888.0,2129.5],[889.0,2129.5],[890.0,2129.5],[891.0,2129.5],[892.0,2129.5],[893.0,2129.5],[894.0,2129.5],[895.0,2129.5],[895.5,2129.0],[896.0,2128.5],[897.0,2128.5],[897.5,2129.0],[898.0,2129.5],[898.5,2130.0],[899.0,2130.5],[899.5,2131.0],[900.0,2131.5],[900.5,2132.0],[901.0,2132.5],[901.5,2133.0],[901.5,2134.0],[901.5,2135.0],[901.0,2135.5],[900.5,2136.0],[900.5,2137.0],[900.0,2137.5],[899.5,2138.0],[900.0,2138.5],[900.5,2139.0],[901.0,2139.5],[901.5,2140.0],[902.0,2140.5],[903.0,2140.5],[903.5,2141.0],[904.0,2141.5],[905.0,2141.5],[906.0,2141.5],[906.5,2141.0],[907.0,2140.5],[908.0,2140.5],[908.5,2140.0],[909.0,2139.5],[910.0,2139.5],[911.0,2139.5],[912.0,2139.5],[913.0,2139.5],[914.0,2139.5],[915.0,2139.5],[916.0,2139.5],[917.0,2139.5],[917.5,2140.0],[918.0,2140.5],[919.0,2140.5],[919.5,2141.0],[920.0,2141.5],[920.5,2142.0],[920.5,2143.0],[920.5,2144.0],[920.5,2145.0],[920.0,2145.5],[919.5,2146.0],[919.0,2146.5],[918.0,2146.5],[917.0,2146.5],[916.0,2146.5],[915.5,2146.0],[915.0,2145.5],[914.0,2145.5],[913.5,2145.0],[913.0,2144.5],[912.0,2144.5],[911.0,2144.5],[910.0,2144.5],[909.5,2145.0],[909.0,2145.5],[908.5,2146.0],[908.0,2146.5],[907.5,2147.0],[907.5,2148.0],[907.0,2148.5],[906.5,2149.0],[906.5,2150.0],[907.0,2150.5],[907.5,2151.0],[907.5,2152.0],[908.0,2152.5],[908.5,2153.0],[908.5,2154.0],[908.0,2154.5],[907.5,2155.0],[907.5,2156.0],[907.0,2156.5],[906.5,2157.0],[906.5,2158.0],[907.0,2158.5],[908.0,2158.5],[908.5,2159.0],[909.0,2159.5],[910.0,2159.5],[911.0,2159.5],[912.0,2159.5],[913.0,2159.5],[914.0,2159.5],[914.5,2159.0],[915.0,2158.5],[916.0,2158.5],[917.0,2158.5],[917.5,2158.0],[918.0,2157.5],[918.5,2158.0],[919.0,2158.5],[920.0,2158.5],[921.0,2158.5],[921.5,2159.0],[922.0,2159.5],[923.0,2159.5],[923.5,2160.0],[924.0,2160.5]]","[[243041.96060181,431261.90326691,84.68062115],[243041.96045303,431261.90274048,84.68033171],[243041.96030617,431261.90220642,84.68004227],[243041.9601593,431261.90167999,84.6797533],[243041.96001053,431261.90114594,84.67946386],[243041.95986366,431261.90061951,84.6791749],[243041.9597168,431261.90008545,84.67888594],[243041.95956802,431261.89955902,84.67859697],[243041.95942116,431261.89902496,84.67830801],[243041.95923233,431261.89922333,84.67801189],[243041.9590435,431261.89941406,84.67771578],[243041.95885277,431261.89961243,84.67741966],[243041.95866394,431261.89980316,84.67712355],[243041.95832825,431261.89946747,84.67653894],[243041.95799255,431261.89913177,84.67595482],[243041.95765495,431261.89880371,84.67537069],[243041.95731926,431261.89846802,84.67478657],[243041.95698357,431261.89813232,84.67420292],[243041.95664787,431261.89779663,84.67361975],[243041.95650101,431261.8972702,84.67333174],[243041.95635605,431261.89674377,84.6730442],[243041.95602036,431261.89640808,84.67246103],[243041.95587349,431261.89588165,84.67217398],[243041.95591545,431261.89515686,84.67218161],[243041.95576859,431261.89463043,84.67189455],[243041.95562172,431261.894104,84.67160702],[243041.95566368,431261.89337921,84.67161512],[243041.95551682,431261.89285278,84.67132807],[243041.95518303,431261.89251709,84.67074585],[243041.95484734,431261.89218903,84.67016411],[243041.95470238,431261.8916626,84.66987753],[243041.95455551,431261.89112854,84.66959047],[243041.95440865,431261.89060211,84.66930389],[243041.95426369,431261.89007568,84.66901731],[243041.95411682,431261.88954926,84.66873121],[243041.95415878,431261.88883209,84.66873932],[243041.95420074,431261.88811493,84.66874742],[243041.95424271,431261.88739014,84.66875553],[243041.95443153,431261.8871994,84.66905022],[243041.95462036,431261.88700104,84.6693449],[243041.95466232,431261.88628387,84.66935301],[243041.95470428,431261.88555908,84.66936111],[243041.95474625,431261.88484192,84.66936922],[243041.95478821,431261.88412476,84.66937733],[243041.95495987,431261.88352966,84.66937923],[243041.95525742,431261.88306427,84.66937399],[243041.95555687,431261.88259888,84.66936874],[243041.95585632,431261.88213348,84.6693635],[243041.95615387,431261.88166809,84.66935825],[243041.95645332,431261.8812027,84.66935348],[243041.95675278,431261.8807373,84.66934824],[243041.95706558,431261.88066101,84.66963625],[243041.95737839,431261.88059235,84.66992474],[243041.95767784,431261.88012695,84.66991949],[243041.95766449,431261.87973022,84.66962624],[243041.95764923,431261.8793335,84.66933298],[243041.95763588,431261.8789444,84.66903973],[243041.95762062,431261.87854767,84.66874599],[243041.95760727,431261.87815094,84.66845322],[243041.95759201,431261.87775421,84.66815996],[243041.95757866,431261.87736511,84.66786671],[243041.9575634,431261.87696838,84.66757345],[243041.95755005,431261.87657166,84.66728067],[243041.95722198,431261.87625122,84.66669989],[243041.95689583,431261.87593079,84.6661191],[243041.95658302,431261.87600708,84.66583157],[243041.95627022,431261.87607574,84.66554403],[243041.95594215,431261.87575531,84.6649642],[243041.95562935,431261.87582397,84.66467667],[243041.95531654,431261.87590027,84.66438961],[243041.95530319,431261.87550354,84.66409683],[243041.95528984,431261.87511444,84.66380453],[243041.95527458,431261.87471771,84.66351223],[243041.95526123,431261.87432098,84.66321945],[243041.95524788,431261.87393188,84.66292715],[243041.95554543,431261.87346649,84.66292191],[243041.95553207,431261.87306976,84.66262913],[243041.95551682,431261.87268066,84.66233683],[243041.95581627,431261.87221527,84.66233158],[243041.95611382,431261.87174988,84.66232586],[243041.95642662,431261.87167358,84.66261291],[243041.95673943,431261.87160492,84.66289997],[243041.95703697,431261.8711319,84.66289425],[243041.95734978,431261.87106323,84.6631813],[243041.95766258,431261.87098694,84.66346836],[243041.95796204,431261.87052155,84.66346312],[243041.95826149,431261.87005615,84.66345739],[243041.95855904,431261.86959076,84.66345215],[243041.95885849,431261.86912537,84.66344643],[243041.95915794,431261.86865997,84.66344118],[243041.95945549,431261.86819458,84.66343546],[243041.95975494,431261.86772156,84.66343021],[243041.9600544,431261.86725616,84.66342449],[243041.96003914,431261.86686707,84.66313219],[243041.96002579,431261.86647034,84.66283941],[243041.96032333,431261.86600494,84.66283369],[243041.96030998,431261.86560822,84.66254139],[243041.96029472,431261.86521912,84.66224861],[243041.96028137,431261.86482239,84.66195583],[243041.95995331,431261.86450195,84.66137648],[243041.95962524,431261.86418915,84.6607976],[243041.95929909,431261.86386871,84.66021824],[243041.95898628,431261.86393738,84.65993166],[243041.95867157,431261.86401367,84.65964508],[243041.95836067,431261.86408997,84.65935898],[243041.95806122,431261.86455536,84.6593647],[243041.95776367,431261.86502075,84.65937042],[243041.95746422,431261.86548615,84.65937567],[243041.95747948,431261.86588287,84.65966797],[243041.95749283,431261.86627197,84.65996027],[243041.95719528,431261.86673737,84.65996551],[243041.95720863,431261.86713409,84.66025782],[243041.95722389,431261.86752319,84.66055012],[243041.95692444,431261.86798859,84.66055584],[243041.95662689,431261.86845398,84.66056108],[243041.95632744,431261.86891937,84.66056681],[243041.95601463,431261.86899567,84.66028023],[243041.95570374,431261.86907196,84.65999412],[243041.95539093,431261.86914062,84.65970755],[243041.95507812,431261.86921692,84.65942144],[243041.95476723,431261.86928558,84.65913534],[243041.95444107,431261.86896515,84.65855741],[243041.95412827,431261.86904144,84.65827131],[243041.95381737,431261.86911011,84.65798521],[243041.95349121,431261.8687973,84.65740776],[243041.95347595,431261.86840057,84.65711641],[243041.9534626,431261.86801147,84.65682459],[243041.95313644,431261.86769104,84.65624762],[243041.95312309,431261.86729431,84.65595627],[243041.95310974,431261.86690521,84.65566492],[243041.95278358,431261.86658478,84.65508795],[243041.95247269,431261.86666107,84.6548028],[243041.95216179,431261.86672974,84.65451765],[243041.95183563,431261.86641693,84.65394163],[243041.95152473,431261.8664856,84.65365648],[243041.95121384,431261.86656189,84.65337133],[243041.95088959,431261.86624146,84.65279579],[243041.95087624,431261.86585236,84.65250492],[243041.95117378,431261.86538696,84.65249872],[243041.95115852,431261.86499023,84.65220785],[243041.95114517,431261.86460114,84.65191746],[243041.95144272,431261.86413574,84.65191126],[243041.95174026,431261.86367035,84.65190506],[243041.95203781,431261.86320496,84.65189886],[243041.95233345,431261.86273956,84.65189266],[243041.952631,431261.86227417,84.65188694],[243041.9529438,431261.86220551,84.65217161],[243041.9532547,431261.86212921,84.65245628],[243041.95355225,431261.86166382,84.65245056],[243041.95384979,431261.86119843,84.65244436],[243041.95416069,431261.86112213,84.65272903],[243041.95447159,431261.86105347,84.65301418],[243041.95445824,431261.86065674,84.65272331],[243041.95444489,431261.86026764,84.65243196],[243041.95474243,431261.85980225,84.65242624],[243041.95503998,431261.85933685,84.65242004],[243041.95502472,431261.85894775,84.65212917],[243041.95501137,431261.85855103,84.65183783],[243041.95530891,431261.85808563,84.6518321],[243041.95529556,431261.85769653,84.65154076],[243041.9552803,431261.85730743,84.65124989]]",dji_pose_mesh_ray_contour_nodes,
33,31,3,SPL,2695.8065,2128.5323,2692,2125,2701,2134,9,9,62,243042.32064247,431260.86642456,84.66974831,dji_pose_mesh_ray_centroid,True,True,285951,2.235499,warp,,2695.8065,2128.5323,1,1,1.0,1,2.235499,2.235499,7,7,1.0,"[[2695.5,2133.0],[2695.0,2132.5],[2694.5,2132.0],[2694.0,2131.5],[2693.5,2131.0],[2693.0,2130.5],[2692.0,2130.5]]","[[243042.31887054,431260.8660202,84.66714477],[243042.31894684,431260.8663559,84.6674366],[243042.31902313,431260.86669922,84.66772842],[243042.31909943,431260.86704254,84.66802025],[243042.31917572,431260.86738586,84.66831207],[243042.31925201,431260.86772919,84.66860437],[243042.31902313,431260.8682785,84.66860533]]",dji_pose_mesh_ray_contour_nodes,
34,32,3,SPL,933.5455,2129.8182,932,2128,936,2132,4,4,11,243041.96819496,431261.86262512,84.66896439,dji_pose_mesh_ray_centroid,True,True,285976,2.458638,warp,,933.5455,2129.8182,1,1,1.0,1,2.458638,2.458638,4,4,1.0,"[[932.0,2129.5],[932.5,2129.0],[933.0,2128.5],[933.5,2128.0]]","[[243041.96783638,431261.8634491,84.66915798],[243041.96815109,431261.8633728,84.66944694],[243041.96846771,431261.86330414,84.66973543],[243041.96878242,431261.86322784,84.67002439]]",dji_pose_mesh_ray_contour_nodes,
35,33,3,SPL,1150.2368,2147.7632,1148,2140,1152,2158,4,18,38,243042.02303886,431261.75021362,84.65755796,dji_pose_mesh_ray_centroid,True,True,72041,2.423172,warp,,1150.2368,2147.7632,1,1,1.0,1,2.423172,2.423172,22,22,1.0,"[[1150.5,2157.0],[1150.0,2156.5],[1149.5,2156.0],[1149.5,2155.0],[1149.0,2154.5],[1148.5,2154.0],[1148.5,2153.0],[1149.0,2152.5],[1149.5,2152.0],[1150.0,2151.5],[1150.5,2151.0],[1150.5,2150.0],[1150.5,2149.0],[1150.5,2148.0],[1150.0,2147.5],[1149.5,2147.0],[1149.5,2146.0],[1149.0,2145.5],[1148.5,2145.0],[1148.5,2144.0],[1148.5,2143.0],[1148.0,2142.5]]","[[243042.01943016,431261.74684906,84.65220165],[243042.0195179,431261.74729919,84.65249157],[243042.01960754,431261.74774933,84.65278149],[243042.02000427,431261.74810028,84.65336084],[243042.02009201,431261.74855042,84.65365076],[243042.02018166,431261.74900055,84.65394115],[243042.02057648,431261.74934387,84.65452051],[243042.02088547,431261.74924469,84.65480995],[243042.02119446,431261.74914551,84.65509939],[243042.02150154,431261.7490387,84.65538883],[243042.02181053,431261.74893951,84.65567827],[243042.02220726,431261.74929047,84.65625858],[243042.02260399,431261.74964142,84.65683937],[243042.02300262,431261.74998474,84.65742016],[243042.02309227,431261.75043488,84.65771151],[243042.02318001,431261.75089264,84.65800238],[243042.02357864,431261.75123596,84.65858364],[243042.02366829,431261.75169373,84.65887499],[243042.02375793,431261.75214386,84.65916634],[243042.02415466,431261.75249481,84.65974808],[243042.0245533,431261.75284576,84.6603303],[243042.02464294,431261.7532959,84.66062212]]",dji_pose_mesh_ray_contour_nodes,
36,34,3,SPL,773.4,2142.8,773,2142,775,2145,2,3,5,243041.94533539,431261.96269989,84.6606555,dji_pose_mesh_ray_centroid,True,True,72018,2.513699,warp,,773.4,2142.8,1,1,1.0,1,2.513699,2.513699,2,2,1.0,"[[774.0,2143.5],[773.5,2144.0]]","[[243041.94517326,431261.96206665,84.66024971],[243041.94490433,431261.96218109,84.65995789]]",dji_pose_mesh_ray_contour_nodes,
37,35,3,SPL,939.75,2149.475,929,2145,950,2155,21,10,120,243041.9635849,431261.85345459,84.65751839,dji_pose_mesh_ray_centroid,True,True,285976,2.449408,warp,,939.75,2149.475,1,1,1.0,1,2.449408,2.449408,22,22,1.0,"[[949.0,2149.5],[948.0,2149.5],[947.5,2150.0],[947.0,2150.5],[946.5,2151.0],[946.5,2152.0],[946.0,2152.5],[945.5,2153.0],[945.0,2153.5],[944.0,2153.5],[943.5,2153.0],[943.0,2152.5],[942.0,2152.5],[941.0,2152.5],[940.0,2152.5],[939.0,2152.5],[938.0,2152.5],[937.0,2152.5],[936.5,2153.0],[936.0,2153.5],[935.0,2153.5],[934.5,2154.0]]","[[243041.96634293,431261.84912872,84.65745068],[243041.96604347,431261.84959412,84.6574564],[243041.96572876,431261.84967041,84.65716982],[243041.96541595,431261.8497467,84.65688324],[243041.96510124,431261.84981537,84.65659714],[243041.96477318,431261.84950256,84.65601873],[243041.96446037,431261.84957886,84.65573263],[243041.96414566,431261.84965515,84.65544653],[243041.96383286,431261.84973145,84.6551609],[243041.9635334,431261.85019684,84.65516663],[243041.96354866,431261.85058594,84.65545845],[243041.96356201,431261.85098267,84.65575027],[243041.96326447,431261.85144806,84.65575647],[243041.96296501,431261.85191345,84.6557622],[243041.96266556,431261.85237885,84.65576792],[243041.96236801,431261.85284424,84.65577412],[243041.96206856,431261.85331726,84.65577984],[243041.96177101,431261.85378265,84.65578556],[243041.9614563,431261.85385895,84.65549993],[243041.96114349,431261.85392761,84.65521383],[243041.96084595,431261.85440063,84.65522003],[243041.96053314,431261.8544693,84.65493393]]",dji_pose_mesh_ray_contour_nodes,
38,36,3,SPL,1049.0,2146.5,1049,2146,1050,2148,1,2,2,243041.99745178,431261.80302429,84.65861416,dji_pose_mesh_ray_centroid,True,True,285976,2.439397,warp,,1049.0,2146.5,1,1,1.0,1,2.439397,2.439397,2,2,1.0,"[[1049.0,2146.0],[1049.0,2147.0]]","[[243041.99761963,431261.80317688,84.65890551],[243041.99728394,431261.80286407,84.65832281]]",dji_pose_mesh_ray_contour_nodes,
39,37,3,SPL,985.8391,2151.7586,979,2148,994,2157,15,9,87,243041.97664261,431261.83115387,84.65592718,dji_pose_mesh_ray_centroid,True,True,285976,2.443493,warp,,985.8391,2151.7586,1,1,1.0,1,2.443493,2.443493,11,11,1.0,"[[993.0,2152.5],[992.0,2152.5],[991.0,2152.5],[990.0,2152.5],[989.0,2152.5],[988.5,2153.0],[988.0,2153.5],[987.5,2154.0],[987.5,2155.0],[987.0,2155.5],[986.5,2156.0]]","[[243041.97854805,431261.8275528,84.65545511],[243041.9782486,431261.82802582,84.65546083],[243041.97794724,431261.82849121,84.65546703],[243041.97764587,431261.82896423,84.65547276],[243041.97734642,431261.82943726,84.65547848],[243041.9770298,431261.82951355,84.6551919],[243041.97671509,431261.82958984,84.65490532],[243041.97639847,431261.82966614,84.65461874],[243041.9760685,431261.82935333,84.65403986],[243041.97575188,431261.82942963,84.65375328],[243041.97543716,431261.82951355,84.65346718]]",dji_pose_mesh_ray_contour_nodes,
40,38,3,SPL,1042.0,2149.625,1040,2148,1045,2152,5,4,16,243041.99428177,431261.80535889,84.65683556,dji_pose_mesh_ray_centroid,True,True,285976,2.438728,warp,,1042.0,2149.625,1,1,1.0,1,2.438728,2.438728,3,3,1.0,"[[1040.0,2149.5],[1040.5,2149.0],[1040.5,2148.0]]","[[243041.9937191,431261.80634308,84.65691996],[243041.99403763,431261.80626678,84.65720797],[243041.99437332,431261.80657196,84.65778971]]",dji_pose_mesh_ray_contour_nodes,
41,39,3,SPL,925.5,2153.0,925,2153,927,2154,2,1,2,243041.95817375,431261.8589859,84.65556478,dji_pose_mesh_ray_centroid,True,True,285976,2.449458,warp,,925.5,2153.0,1,1,1.0,1,2.449458,2.449458,2,2,1.0,"[[925.0,2153.0],[926.0,2153.0]]","[[243041.95802498,431261.85922241,84.65556765],[243041.95832443,431261.85875702,84.65556192]]",dji_pose_mesh_ray_contour_nodes,
42,40,3,SPL,1037.8125,2154.6875,1036,2153,1040,2158,4,5,16,243041.99131775,431261.80577087,84.65391827,dji_pose_mesh_ray_centroid,True,True,285976,2.436956,warp,,1037.8125,2154.6875,1,1,1.0,1,2.436956,2.436956,5,5,1.0,"[[1037.5,2157.0],[1037.0,2156.5],[1036.5,2156.0],[1036.5,2155.0],[1036.0,2154.5]]","[[243041.99044991,431261.80519867,84.65257835],[243041.99046707,431261.8055954,84.65287161],[243041.99048233,431261.8059845,84.65316439],[243041.99081802,431261.80628967,84.6537447],[243041.99083328,431261.8066864,84.65403795]]",dji_pose_mesh_ray_contour_nodes,
43,41,3,SPL,994.6538,2158.5769,993,2156,998,2163,5,7,26,243041.9770298,431261.82487488,84.65192699,dji_pose_mesh_ray_centroid,True,True,285976,2.439644,warp,,994.6538,2158.5769,1,1,1.0,1,2.439644,2.439644,6,6,1.0,"[[997.0,2159.5],[996.5,2160.0],[996.0,2160.5],[995.5,2161.0],[995.0,2161.5],[994.5,2162.0]]","[[243041.97742844,431261.82348633,84.65137863],[243041.97711372,431261.82357025,84.65109253],[243041.9767971,431261.82364655,84.6508069],[243041.97648239,431261.82372284,84.6505208],[243041.97616768,431261.82379913,84.65023518],[243041.97585106,431261.82388306,84.64994955]]",dji_pose_mesh_ray_contour_nodes,
44,42,3,SPL,1013.3259,2164.2768,1004,2157,1024,2173,20,16,224,243041.98074722,431261.81433105,84.64851618,dji_pose_mesh_ray_centroid,True,True,285976,2.43529,warp,,1013.3259,2164.2768,1,1,1.0,1,2.43529,2.43529,21,21,1.0,"[[1010.5,2157.0],[1011.0,2157.5],[1011.5,2158.0],[1012.0,2158.5],[1012.5,2159.0],[1013.0,2159.5],[1014.0,2159.5],[1014.5,2159.0],[1015.0,2158.5],[1016.0,2158.5],[1017.0,2158.5],[1017.5,2158.0],[1018.0,2157.5],[1019.0,2157.5],[1020.0,2157.5],[1021.0,2157.5],[1022.0,2157.5],[1022.5,2158.0],[1022.5,2159.0],[1022.5,2160.0],[1023.0,2160.5]]","[[243041.98231506,431261.8179245,84.65274286],[243041.9822998,431261.81752777,84.65245008],[243041.98228455,431261.81713867,84.65215778],[243041.98226738,431261.81674957,84.65186501],[243041.98225212,431261.81636047,84.6515727],[243041.98223686,431261.81597137,84.6512804],[243041.98253632,431261.81549835,84.6512742],[243041.98285294,431261.81541443,84.65156031],[243041.98316956,431261.81533813,84.65184689],[243041.98347092,431261.81486511,84.65184069],[243041.98377228,431261.81439972,84.65183449],[243041.9840889,431261.8143158,84.65212107],[243041.98440552,431261.8142395,84.65240765],[243041.98470688,431261.81376648,84.65240145],[243041.98500824,431261.81329346,84.65239525],[243041.9853096,431261.81282806,84.65238905],[243041.98561096,431261.81235504,84.65238333],[243041.9855938,431261.81196594,84.65209055],[243041.98526001,431261.81165314,84.65151119],[243041.98492813,431261.81134033,84.65093231],[243041.98491096,431261.81095123,84.65063953]]",dji_pose_mesh_ray_contour_nodes,
45,43,3,SPL,930.4366,2175.1972,926,2169,935,2181,9,12,71,243041.95241737,431261.84966278,84.64276981,dji_pose_mesh_ray_centroid,True,True,285976,2.439424,warp,,930.4366,2175.1972,1,1,1.0,1,2.439424,2.439424,13,13,1.0,"[[926.0,2173.5],[926.5,2173.0],[927.0,2172.5],[928.0,2172.5],[928.5,2172.0],[929.0,2171.5],[930.0,2171.5],[931.0,2171.5],[931.5,2171.0],[932.0,2170.5],[932.5,2170.0],[933.0,2169.5],[933.5,2169.0]]","[[243041.95165062,431261.8522644,84.64377117],[243041.95196152,431261.85218811,84.64405441],[243041.95227242,431261.85211182,84.64433813],[243041.95256805,431261.85164642,84.64433145],[243041.95287895,431261.85157776,84.6446147],[243041.95318985,431261.85150146,84.64489841],[243041.9534874,431261.85103607,84.64489174],[243041.95378494,431261.85057068,84.64488554],[243041.95409584,431261.85049438,84.64516878],[243041.95440674,431261.85041809,84.6454525],[243041.95471764,431261.8503418,84.64573622],[243041.95502853,431261.8502655,84.64601994],[243041.95533943,431261.85019684,84.64630365]]",dji_pose_mesh_ray_contour_nodes,
46,44,3,SPL,2732.1776,2181.6542,2728,2175,2737,2190,9,15,107,243042.30674553,431260.83895111,84.63911629,dji_pose_mesh_ray_centroid,True,True,1112979,2.215136,warp,,2732.1776,2181.6542,1,1,1.0,1,2.215136,2.215136,8,8,1.0,"[[2731.5,2189.0],[2731.0,2188.5],[2730.5,2188.0],[2730.0,2187.5],[2729.5,2187.0],[2729.0,2186.5],[2728.5,2186.0],[2728.0,2185.5]]","[[243042.30385971,431260.83843231,84.63491964],[243042.30398178,431260.83878326,84.63520288],[243042.30410385,431260.83913422,84.63548613],[243042.30422592,431260.83948517,84.63576984],[243042.3043499,431260.83983612,84.63605308],[243042.30447197,431260.84018707,84.6363368],[243042.30459404,431260.84054565,84.63662004],[243042.30471802,431260.84089661,84.63690376]]",dji_pose_mesh_ray_contour_nodes,
47,45,3,SPL,909.4828,2182.4483,904,2180,916,2186,12,6,58,243041.94386864,431261.85710907,84.63876533,dji_pose_mesh_ray_centroid,True,True,285976,2.438695,warp,,909.4828,2182.4483,1,1,1.0,1,2.438695,2.438695,6,6,1.0,"[[911.5,2180.0],[912.0,2180.5],[913.0,2180.5],[914.0,2180.5],[914.5,2181.0],[915.0,2181.5]]","[[243041.94525337,431261.85694122,84.64014912],[243041.94524002,431261.85655212,84.63986015],[243041.94553566,431261.85608673,84.63985348],[243041.9458313,431261.85562897,84.6398468],[243041.94581795,431261.85523987,84.63955784],[243041.9458046,431261.85485077,84.63926935]]",dji_pose_mesh_ray_contour_nodes,
48,46,3,SPL,1006.9762,2184.4286,1001,2181,1012,2192,11,11,42,243041.97218704,431261.8110733,84.63696337,dji_pose_mesh_ray_centroid,True,True,285976,2.427383,warp,,1006.9762,2184.4286,1,1,1.0,1,2.427383,2.427383,17,17,1.0,"[[1008.5,2191.0],[1008.5,2190.0],[1008.5,2189.0],[1008.5,2188.0],[1008.5,2187.0],[1008.5,2186.0],[1008.5,2185.0],[1008.0,2184.5],[1007.0,2184.5],[1006.5,2184.0],[1006.0,2183.5],[1005.0,2183.5],[1004.0,2183.5],[1003.0,2183.5],[1002.0,2183.5],[1001.5,2183.0],[1001.0,2182.5]]","[[243041.97048378,431261.80833435,84.63319063],[243041.97081184,431261.80863953,84.63376236],[243041.97113991,431261.80895233,84.63433456],[243041.97146797,431261.80925751,84.63490677],[243041.97179794,431261.80957031,84.63547945],[243041.97212601,431261.80987549,84.63605213],[243041.97245407,431261.81018066,84.63662529],[243041.97246933,431261.81056976,84.63691521],[243041.97217178,431261.81104279,84.63692236],[243041.97218704,431261.81143188,84.63721228],[243041.9722023,431261.81181335,84.63750219],[243041.97190285,431261.81228638,84.63750935],[243041.97160339,431261.81275177,84.63751602],[243041.97130585,431261.81322479,84.63752317],[243041.9710083,431261.81369019,84.63752985],[243041.97102165,431261.81407928,84.63781977],[243041.97103691,431261.81446838,84.63811016]]",dji_pose_mesh_ray_contour_nodes,
49,47,3,SPL,1019.723,2188.9865,1014,2181,1026,2197,12,16,148,243041.97449493,431261.80369568,84.63426304,dji_pose_mesh_ray_centroid,True,True,285976,2.424173,warp,,1019.723,2188.9865,1,1,1.0,1,2.424173,2.424173,14,14,1.0,"[[1014.0,2190.5],[1014.5,2190.0],[1014.5,2189.0],[1014.5,2188.0],[1014.5,2187.0],[1015.0,2186.5],[1015.5,2186.0],[1015.5,2185.0],[1015.5,2184.0],[1015.5,2183.0],[1016.0,2182.5],[1016.5,2182.0],[1017.0,2181.5],[1017.5,2181.0]]","[[243041.97228813,431261.80591583,84.63343716],[243041.97260284,431261.80583191,84.63371992],[243041.97293091,431261.80614471,84.63429213],[243041.97325897,431261.80644989,84.63486481],[243041.97358894,431261.80675507,84.63543749],[243041.97390366,431261.80667877,84.63572025],[243041.97421646,431261.80659485,84.63600349],[243041.97454643,431261.80690002,84.63657665],[243041.9748764,431261.80721283,84.63714981],[243041.97520638,431261.80751801,84.63772345],[243041.97551918,431261.80744171,84.63800669],[243041.97583389,431261.80735779,84.6382904],[243041.97614861,431261.80728149,84.63857412],[243041.97646332,431261.80719757,84.63885784]]",dji_pose_mesh_ray_contour_nodes,
50,48,3,SPL,1045.3958,2184.3958,1041,2181,1051,2190,10,9,48,243041.98369789,431261.79305267,84.63671493,dji_pose_mesh_ray_centroid,True,True,285976,2.423556,warp,,1045.3958,2184.3958,1,1,1.0,1,2.423556,2.423556,9,9,1.0,"[[1045.5,2189.0],[1045.0,2188.5],[1044.5,2188.0],[1044.5,2187.0],[1044.0,2186.5],[1043.0,2186.5],[1042.5,2186.0],[1042.0,2185.5],[1041.0,2185.5]]","[[243041.98220253,431261.79159546,84.6340723],[243041.98221779,431261.79198456,84.63436222],[243041.98223495,431261.79237366,84.63465261],[243041.98256493,431261.79267883,84.63522625],[243041.98258209,431261.79306793,84.63551664],[243041.98228073,431261.79353333,84.6355238],[243041.9822979,431261.79392242,84.63581419],[243041.98231316,431261.79431152,84.63610458],[243041.9820137,431261.79477692,84.63611174]]",dji_pose_mesh_ray_contour_nodes,
51,49,3,SPL,986.0,2191.0,986,2191,987,2192,1,1,1,243041.96378136,431261.81884766,84.63335133,dji_pose_mesh_ray_centroid,True,True,285976,2.426788,warp,,986.0,2191.0,1,1,1.0,1,2.426788,2.426788,1,1,1.0,"[[986.0,2191.0]]","[[243041.96378136,431261.81884766,84.63335133]]",dji_pose_mesh_ray_contour_nodes,
52,50,3,SPL,929.1383,2195.7766,922,2192,937,2201,15,9,94,243041.94538307,431261.84381104,84.63103771,dji_pose_mesh_ray_centroid,True,True,285976,2.430903,warp,,929.1383,2195.7766,1,1,1.0,1,2.430903,2.430903,16,16,1.0,"[[936.0,2194.5],[935.5,2195.0],[935.5,2196.0],[935.0,2196.5],[934.5,2197.0],[934.5,2198.0],[934.0,2198.5],[933.0,2198.5],[932.5,2199.0],[932.0,2199.5],[931.0,2199.5],[930.0,2199.5],[929.0,2199.5],[928.0,2199.5],[927.0,2199.5],[926.5,2200.0]]","[[243041.94782066,431261.84102631,84.63171434],[243041.94751167,431261.8411026,84.63143349],[243041.94718933,431261.84078979,84.63086462],[243041.94688034,431261.84086609,84.63058424],[243041.94657326,431261.84094238,84.63030386],[243041.94625092,431261.84062958,84.62973547],[243041.94594193,431261.84070587,84.62945509],[243041.94564629,431261.84117126,84.62946272],[243041.9453392,431261.84124756,84.62918234],[243041.94503021,431261.84132385,84.62890196],[243041.94473457,431261.84178925,84.62890959],[243041.94444084,431261.84224701,84.62891674],[243041.9441452,431261.8427124,84.62892389],[243041.94384956,431261.8431778,84.62893152],[243041.94355583,431261.84363556,84.62893867],[243041.94324684,431261.84371185,84.62865877]]",dji_pose_mesh_ray_contour_nodes,
53,51,3,SPL,1085.0888,2225.5903,1023,2196,1132,2252,109,56,3434,243041.97855759,431261.75888062,84.61318874,dji_pose_mesh_ray_centroid,True,True,72041,2.398075,warp,,1085.0888,2225.5903,1,1,1.0,1,2.398075,2.398075,124,124,1.0,"[[1023.0,2230.5],[1023.5,2230.0],[1024.0,2229.5],[1024.5,2229.0],[1025.0,2228.5],[1026.0,2228.5],[1026.5,2228.0],[1027.0,2227.5],[1028.0,2227.5],[1029.0,2227.5],[1030.0,2227.5],[1030.5,2228.0],[1031.0,2228.5],[1032.0,2228.5],[1032.5,2229.0],[1033.0,2229.5],[1034.0,2229.5],[1034.5,2230.0],[1035.0,2230.5],[1035.5,2231.0],[1035.5,2232.0],[1035.5,2233.0],[1035.5,2234.0],[1035.5,2235.0],[1036.0,2235.5],[1036.5,2236.0],[1037.0,2236.5],[1037.5,2236.0],[1038.0,2235.5],[1038.5,2235.0],[1038.5,2234.0],[1038.5,2233.0],[1038.5,2232.0],[1038.5,2231.0],[1038.5,2230.0],[1038.5,2229.0],[1039.0,2228.5],[1039.5,2228.0],[1040.0,2227.5],[1041.0,2227.5],[1042.0,2227.5],[1043.0,2227.5],[1044.0,2227.5],[1045.0,2227.5],[1045.5,2227.0],[1046.0,2226.5],[1046.5,2226.0],[1046.5,2225.0],[1047.0,2224.5],[1047.5,2224.0],[1047.5,2223.0],[1048.0,2222.5],[1049.0,2222.5],[1049.5,2222.0],[1050.0,2221.5],[1051.0,2221.5],[1052.0,2221.5],[1052.5,2222.0],[1053.0,2222.5],[1054.0,2222.5],[1055.0,2222.5],[1056.0,2222.5],[1057.0,2222.5],[1058.0,2222.5],[1058.5,2222.0],[1059.0,2221.5],[1059.5,2221.0],[1059.5,2220.0],[1060.0,2219.5],[1060.5,2219.0],[1061.0,2218.5],[1062.0,2218.5],[1062.5,2218.0],[1063.0,2217.5],[1063.5,2217.0],[1064.0,2216.5],[1064.5,2216.0],[1064.5,2215.0],[1065.0,2214.5],[1065.5,2214.0],[1065.5,2213.0],[1065.5,2212.0],[1065.5,2211.0],[1065.0,2210.5],[1064.5,2210.0],[1064.5,2209.0],[1065.0,2208.5],[1065.5,2208.0],[1065.5,2207.0],[1066.0,2206.5],[1066.5,2206.0],[1067.0,2205.5],[1068.0,2205.5],[1069.0,2205.5],[1069.5,2205.0],[1070.0,2204.5],[1071.0,2204.5],[1072.0,2204.5],[1072.5,2204.0],[1073.0,2203.5],[1074.0,2203.5],[1074.5,2203.0],[1075.0,2202.5],[1076.0,2202.5],[1076.5,2202.0],[1077.0,2201.5],[1078.0,2201.5],[1078.5,2201.0],[1079.0,2200.5],[1080.0,2200.5],[1080.5,2200.0],[1081.0,2199.5],[1081.5,2199.0],[1082.0,2198.5],[1083.0,2198.5],[1083.5,2198.0],[1084.0,2197.5],[1084.5,2197.0],[1085.0,2196.5],[1086.0,2196.5],[1087.0,2196.5],[1088.0,2196.5],[1089.0,2196.5],[1089.5,2196.0]]","[[243041.9618988,431261.78952026,84.61064863],[243041.9622097,431261.78943634,84.61092663],[243041.96251869,431261.78935242,84.61120415],[243041.96282959,431261.78927612,84.61148214],[243041.96314049,431261.7891922,84.61176014],[243041.96343613,431261.78872681,84.61175203],[243041.96374702,431261.78864288,84.61203003],[243041.96405792,431261.78855896,84.61230802],[243041.96435356,431261.78809357,84.61229992],[243041.9646492,431261.78762817,84.61229181],[243041.96494675,431261.78716278,84.61228323],[243041.96493149,431261.78677368,84.61199713],[243041.96491623,431261.78639221,84.61171055],[243041.96521378,431261.78592682,84.61170196],[243041.96519852,431261.78554535,84.61141586],[243041.96518326,431261.78515625,84.61112928],[243041.9654808,431261.78469086,84.61112118],[243041.96546555,431261.78430939,84.6108346],[243041.96545029,431261.78392029,84.61054802],[243041.96543694,431261.78353882,84.61026192],[243041.96511078,431261.78324127,84.60969782],[243041.96478462,431261.7829361,84.6091342],[243041.96446037,431261.78263855,84.6085701],[243041.96413612,431261.78233337,84.60800695],[243041.96412086,431261.7819519,84.60772085],[243041.96410751,431261.78157043,84.60743523],[243041.96408081,431261.78117371,84.60715008],[243041.96437645,431261.78107452,84.60742855],[243041.96467209,431261.78098297,84.6077075],[243041.96496964,431261.78088379,84.60798597],[243041.96534729,431261.78123474,84.6085453],[243041.96567345,431261.78153992,84.60910845],[243041.9659996,431261.78183746,84.60967255],[243041.96632576,431261.78214264,84.61023664],[243041.96665001,431261.78244019,84.61080122],[243041.96697617,431261.78274536,84.61136579],[243041.96728706,431261.78266144,84.61164379],[243041.96759796,431261.78257751,84.61192226],[243041.96791077,431261.78249359,84.61220074],[243041.96820641,431261.7820282,84.61219215],[243041.96850395,431261.78156281,84.61218405],[243041.96877289,431261.78106689,84.61217785],[243041.96898842,431261.78052521,84.61217642],[243041.96920204,431261.77998352,84.61217499],[243041.96949959,431261.77988434,84.61245489],[243041.96979713,431261.77978516,84.61273479],[243041.97009468,431261.7796936,84.61301422],[243041.97047424,431261.78004456,84.61357546],[243041.97077179,431261.77994537,84.61385536],[243041.97106934,431261.77984619,84.61413574],[243041.9714489,431261.78019714,84.61469746],[243041.97174644,431261.78009796,84.61497784],[243041.97196198,431261.77955627,84.61497641],[243041.97225952,431261.77946472,84.61525631],[243041.97255707,431261.77936554,84.61553669],[243041.9727726,431261.77882385,84.61553526],[243041.97298813,431261.77827454,84.61553383],[243041.97290421,431261.77783203,84.61525202],[243041.97282219,431261.7773819,84.61497068],[243041.97303772,431261.77684021,84.61496925],[243041.97325325,431261.77629852,84.61496782],[243041.97346878,431261.77575684,84.61496639],[243041.97368431,431261.77521515,84.61496496],[243041.97389984,431261.77467346,84.61496353],[243041.97419739,431261.77457428,84.61524343],[243041.97449493,431261.7744751,84.61552381],[243041.97479439,431261.77437592,84.61580467],[243041.97517586,431261.77472687,84.61636686],[243041.9754734,431261.77462769,84.61664772],[243041.97577095,431261.7745285,84.61692858],[243041.9760704,431261.77443695,84.61720896],[243041.97628593,431261.77388763,84.61720753],[243041.97658348,431261.77379608,84.61748838],[243041.97688293,431261.7736969,84.61776924],[243041.97718048,431261.77359772,84.61805057],[243041.97747993,431261.77349854,84.61833143],[243041.97777939,431261.77340698,84.61861229],[243041.97816086,431261.77375031,84.61917639],[243041.97846031,431261.77365875,84.61945772],[243041.97875786,431261.77355957,84.61973906],[243041.97914124,431261.77391052,84.62030315],[243041.97952271,431261.77425385,84.62086773],[243041.97990608,431261.7746048,84.6214323],[243041.97999001,431261.77505493,84.62171555],[243041.98007202,431261.77549744,84.62199879],[243041.9804554,431261.77584839,84.62256384],[243041.98075485,431261.77575684,84.62284565],[243041.98105431,431261.77565765,84.62312794],[243041.98143768,431261.77600861,84.62369347],[243041.98173904,431261.77590942,84.62397575],[243041.9820385,431261.77581024,84.62425804],[243041.98233795,431261.77571106,84.62454081],[243041.98255539,431261.77516937,84.62453937],[243041.98277092,431261.77462006,84.62453794],[243041.98307037,431261.7745285,84.62482023],[243041.98337173,431261.77442932,84.625103],[243041.98358727,431261.77388,84.62510157],[243041.9838028,431261.77333832,84.62510014],[243041.98410416,431261.77323914,84.6253829],[243041.98440361,431261.77313995,84.62566566],[243041.98462105,431261.77259827,84.62566423],[243041.98492241,431261.77249908,84.625947],[243041.98522186,431261.7723999,84.62622976],[243041.9854393,431261.77185822,84.62622833],[243041.98573875,431261.77175903,84.6265111],[243041.98604012,431261.77165985,84.62679434],[243041.98625565,431261.77111053,84.62679291],[243041.98655701,431261.77101135,84.62707567],[243041.98685837,431261.7709198,84.62735891],[243041.9870739,431261.77037048,84.62735748],[243041.98737526,431261.7702713,84.62764072],[243041.98767662,431261.77017212,84.62792397],[243041.98797798,431261.77007294,84.62820721],[243041.98827934,431261.76998138,84.62849045],[243041.98849487,431261.76943207,84.62848902],[243041.98879623,431261.76933289,84.62877274],[243041.9890976,431261.7692337,84.62905598],[243041.98939896,431261.76913452,84.62933969],[243041.98970032,431261.76903534,84.62962294],[243041.98991776,431261.76849365,84.62962198],[243041.99013519,431261.76794434,84.62962055],[243041.99035072,431261.76739502,84.62961912],[243041.99056816,431261.76685333,84.62961817],[243041.99086952,431261.76675415,84.62990141]]",dji_pose_mesh_ray_contour_nodes,
54,52,3,SPL,956.1622,2207.8649,950,2206,964,2210,14,4,37,243041.94946861,431261.82752228,84.62397718,dji_pose_mesh_ray_centroid,True,True,285976,2.422924,warp,,956.1622,2207.8649,1,1,1.0,1,2.422924,2.422924,15,15,1.0,"[[950.5,2206.0],[951.0,2206.5],[952.0,2206.5],[953.0,2206.5],[954.0,2206.5],[955.0,2206.5],[956.0,2206.5],[957.0,2206.5],[958.0,2206.5],[959.0,2206.5],[960.0,2206.5],[961.0,2206.5],[962.0,2206.5],[962.5,2207.0],[963.0,2207.5]]","[[243041.94839668,431261.83072662,84.62507725],[243041.94838333,431261.83033752,84.62479019],[243041.94867897,431261.82987213,84.62478256],[243041.94897461,431261.82940674,84.62477493],[243041.94927025,431261.82894897,84.6247673],[243041.94956398,431261.82848358,84.62475967],[243041.94985962,431261.82801819,84.62475204],[243041.95015526,431261.8275528,84.62474441],[243041.9504509,431261.8270874,84.62473679],[243041.95074654,431261.82662201,84.62472963],[243041.95104218,431261.82616425,84.624722],[243041.95133781,431261.82569885,84.62471437],[243041.95163345,431261.82523346,84.62470674],[243041.9516201,431261.82484436,84.62441921],[243041.95160484,431261.82445526,84.62413216]]",dji_pose_mesh_ray_contour_nodes,
55,53,3,SPL,1149.8333,2216.9167,1148,2212,1152,2224,4,12,36,243041.99585342,431261.72663116,84.61797667,dji_pose_mesh_ray_centroid,True,True,72041,2.389242,warp,,1149.8333,2216.9167,1,1,1.0,1,2.389242,2.389242,8,8,1.0,"[[1150.5,2223.0],[1150.0,2222.5],[1149.5,2222.0],[1149.5,2221.0],[1149.0,2220.5],[1148.5,2220.0],[1148.5,2219.0],[1148.0,2218.5]]","[[243041.99365234,431261.72420502,84.61455011],[243041.99373627,431261.72464752,84.61483192],[243041.9938221,431261.72509003,84.61511373],[243041.99420738,431261.72542572,84.61567688],[243041.99429131,431261.72586823,84.61595869],[243041.99437523,431261.72631073,84.61624098],[243041.99476242,431261.72665405,84.61680412],[243041.99484634,431261.72708893,84.61708689]]",dji_pose_mesh_ray_contour_nodes,
56,54,3,SPL,1036.7895,2221.6053,1033,2219,1042,2225,9,6,38,243041.96888161,431261.78577423,84.61556101,dji_pose_mesh_ray_centroid,True,True,285976,2.40893,warp,,1036.7895,2221.6053,1,1,1.0,1,2.40893,2.40893,6,6,1.0,"[[1037.5,2219.0],[1038.0,2219.5],[1039.0,2219.5],[1040.0,2219.5],[1040.5,2220.0],[1041.0,2220.5]]","[[243041.969944,431261.78622437,84.6170311],[243041.96992874,431261.7858429,84.61674404],[243041.97022629,431261.7853775,84.61673593],[243041.97052193,431261.78490448,84.61672783],[243041.97050858,431261.78452301,84.6164403],[243041.97049332,431261.78414154,84.61615324]]",dji_pose_mesh_ray_contour_nodes,
57,55,3,SPL,1146.7895,2229.6316,1143,2227,1151,2233,8,6,38,243041.99030304,431261.72398376,84.61083126,dji_pose_mesh_ray_centroid,True,True,72041,2.383773,warp,,1146.7895,2229.6316,1,1,1.0,1,2.383773,2.383773,5,5,1.0,"[[1143.0,2228.5],[1143.5,2228.0],[1144.0,2227.5],[1145.0,2227.5],[1145.5,2227.0]]","[[243041.98992157,431261.72642517,84.61147165],[243041.99022102,431261.72632599,84.61175156],[243041.99052048,431261.72621918,84.61203098],[243041.99073601,431261.72567749,84.61202955],[243041.99103546,431261.72557068,84.61230993]]",dji_pose_mesh_ray_contour_nodes,
58,56,3,SPL,138.3704,2313.1667,131,2308,149,2318,18,10,108,243041.77377129,431262.26464081,84.56343794,dji_pose_mesh_ray_centroid,True,True,1113224,2.638896,warp,,138.3704,2313.1667,1,1,1.0,1,2.638896,2.638896,15,15,1.0,"[[138.5,2308.0],[138.5,2309.0],[138.5,2310.0],[139.0,2310.5],[139.5,2311.0],[140.0,2311.5],[140.5,2311.0],[141.0,2310.5],[142.0,2310.5],[143.0,2310.5],[144.0,2310.5],[145.0,2310.5],[146.0,2310.5],[147.0,2310.5],[148.0,2310.5]]","[[243041.77503777,431262.26623535,84.5663147],[243041.77479744,431262.26591492,84.56575775],[243041.77455902,431262.26559448,84.56520033],[243041.77455902,431262.26519012,84.56491899],[243041.77456093,431262.26477814,84.56463766],[243041.77456093,431262.26437378,84.5643568],[243041.77480125,431262.26428986,84.56463242],[243041.77504158,431262.2641983,84.56490803],[243041.77528191,431262.26371002,84.56490231],[243041.77552223,431262.26321411,84.56489658],[243041.77576447,431262.26272583,84.56489134],[243041.77600479,431262.26222992,84.56488562],[243041.77624512,431262.26174164,84.56487989],[243041.77648735,431262.26124573,84.56487465],[243041.77672768,431262.26074982,84.56486893]]",dji_pose_mesh_ray_contour_nodes,
59,57,3,SPL,151.7778,2309.3333,150,2308,154,2312,4,4,9,243041.77791786,431262.25926208,84.56549787,dji_pose_mesh_ray_centroid,True,True,1113224,2.636917,warp,,151.7778,2309.3333,1,1,1.0,1,2.636917,2.636917,4,4,1.0,"[[150.0,2309.5],[150.5,2309.0],[151.0,2308.5],[151.5,2308.0]]","[[243041.77744865,431262.26008606,84.56541491],[243041.77768898,431262.26000214,84.56569099],[243041.77792931,431262.25991821,84.56596661],[243041.77817154,431262.25982666,84.56624269]]",dji_pose_mesh_ray_contour_nodes,
60,58,3,SPL,120.0392,2324.0637,108,2319,134,2332,26,13,204,243041.76676941,431262.27014923,84.55748987,dji_pose_mesh_ray_centroid,True,True,1113224,2.639604,warp,,120.0392,2324.0637,1,1,1.0,1,2.639604,2.639604,20,20,1.0,"[[118.5,2331.0],[118.0,2330.5],[117.0,2330.5],[116.0,2330.5],[115.0,2330.5],[114.0,2330.5],[113.5,2330.0],[113.0,2329.5],[112.5,2329.0],[112.0,2328.5],[111.5,2328.0],[111.0,2327.5],[110.5,2327.0],[110.5,2326.0],[110.0,2325.5],[109.5,2325.0],[109.0,2324.5],[108.5,2324.0],[108.5,2323.0],[108.0,2322.5]]","[[243041.76475334,431262.26866913,84.55365705],[243041.76475334,431262.26908112,84.55393696],[243041.76451302,431262.2695694,84.55394268],[243041.76427269,431262.27005768,84.5539484],[243041.76403427,431262.27054596,84.5539546],[243041.76379395,431262.27104187,84.55396032],[243041.76379204,431262.27144623,84.55423975],[243041.76379204,431262.27185059,84.55451965],[243041.76379013,431262.27225494,84.55479908],[243041.76378822,431262.27266693,84.55507898],[243041.76378632,431262.27307129,84.55535841],[243041.76378632,431262.27347565,84.55563831],[243041.76378441,431262.27388,84.55591822],[243041.76402092,431262.27420807,84.55647182],[243041.76401901,431262.27461243,84.55675173],[243041.76401901,431262.27501678,84.55703163],[243041.76401711,431262.27542877,84.55731153],[243041.7640152,431262.27583313,84.55759144],[243041.76425171,431262.27615356,84.558146],[243041.76425171,431262.27656555,84.5584259]]",dji_pose_mesh_ray_contour_nodes,
61,59,3,SPL,160.5714,2320.8571,158,2320,164,2323,6,3,14,243041.77727318,431262.25124359,84.5590353,dji_pose_mesh_ray_centroid,True,True,1113224,2.630611,warp,,160.5714,2320.8571,1,1,1.0,1,2.630611,2.630611,3,3,1.0,"[[163.0,2321.5],[162.0,2321.5],[161.5,2322.0]]","[[243041.77770424,431262.24983978,84.55866432],[243041.77746391,431262.25033569,84.55867004],[243041.77722359,431262.25041962,84.55839539]]",dji_pose_mesh_ray_contour_nodes,
62,60,3,SPL,100.4,2329.8,100,2329,102,2332,2,3,5,243041.76070213,431262.27793121,84.55442762,dji_pose_mesh_ray_centroid,True,True,1113224,2.642515,warp,,100.4,2329.8,1,1,1.0,1,2.642515,2.642515,2,2,1.0,"[[101.0,2330.5],[100.5,2331.0]]","[[243041.76068115,431262.27741241,84.55403662],[243041.76044273,431262.27749634,84.55376339]]",dji_pose_mesh_ray_contour_nodes,
63,61,3,SPL,137.1949,2340.5231,127,2331,150,2354,23,23,195,243041.76697731,431262.25645447,84.54828358,dji_pose_mesh_ray_centroid,True,True,1113224,2.629479,warp,,137.1949,2340.5231,1,1,1.0,1,2.629479,2.629479,33,33,1.0,"[[127.0,2351.5],[127.5,2351.0],[127.5,2350.0],[127.5,2349.0],[127.5,2348.0],[128.0,2347.5],[128.5,2347.0],[129.0,2346.5],[129.5,2346.0],[129.5,2345.0],[129.5,2344.0],[129.5,2343.0],[130.0,2342.5],[130.5,2342.0],[131.0,2341.5],[131.5,2341.0],[131.5,2340.0],[132.0,2339.5],[132.5,2339.0],[133.0,2338.5],[133.5,2338.0],[134.0,2337.5],[134.5,2337.0],[135.0,2336.5],[135.5,2336.0],[136.0,2335.5],[136.5,2335.0],[136.5,2334.0],[136.5,2333.0],[137.0,2332.5],[137.5,2332.0],[138.0,2331.5],[138.5,2331.0]]","[[243041.76194382,431262.25794983,84.54229879],[243041.76218033,431262.25785828,84.54257059],[243041.76241684,431262.25817871,84.54312086],[243041.76265144,431262.25849915,84.54367113],[243041.76288795,431262.25881958,84.5442214],[243041.76312637,431262.25873566,84.54449367],[243041.76336288,431262.2586441,84.54476595],[243041.7636013,431262.25856018,84.54503822],[243041.76383972,431262.25847626,84.5453105],[243041.76407623,431262.25879669,84.54586124],[243041.76431084,431262.25911713,84.54641247],[243041.76454735,431262.25943756,84.54696369],[243041.76478577,431262.25934601,84.54723644],[243041.76502419,431262.25926208,84.54750919],[243041.7652626,431262.25917816,84.54778194],[243041.76549911,431262.25909424,84.54805469],[243041.76573753,431262.25941467,84.54860687],[243041.76597404,431262.25932312,84.54887962],[243041.76621246,431262.2592392,84.54915285],[243041.76645088,431262.25915527,84.5494256],[243041.7666893,431262.25907135,84.54969883],[243041.76692772,431262.25898743,84.54997206],[243041.76716614,431262.25889587,84.55024528],[243041.76740456,431262.25881195,84.55051851],[243041.76764297,431262.25872803,84.55079174],[243041.76788139,431262.2586441,84.55106497],[243041.76811981,431262.25856018,84.55133867],[243041.76835823,431262.25887299,84.55189133],[243041.76859474,431262.25919342,84.55244446],[243041.76883316,431262.2591095,84.55271816],[243041.76907349,431262.25902557,84.55299187],[243041.7693119,431262.25894165,84.55326557],[243041.76955032,431262.25885773,84.55353928]]",dji_pose_mesh_ray_contour_nodes,
64,62,3,SPL,157.0,2332.5,157,2332,158,2334,1,2,2,243041.77363396,431262.24928284,84.55259991,dji_pose_mesh_ray_centroid,True,True,1113224,2.627373,warp,,157.0,2332.5,1,1,1.0,1,2.627373,2.627373,2,2,1.0,"[[157.0,2332.0],[157.0,2333.0]]","[[243041.77375221,431262.24944305,84.55287647],[243041.77351379,431262.24912262,84.55232286]]",dji_pose_mesh_ray_contour_nodes,
65,63,3,SPL,98.0,2337.1,96,2336,101,2339,5,3,10,243041.75840569,431262.27675629,84.55040836,dji_pose_mesh_ray_centroid,True,True,1113224,2.640532,warp,,98.0,2337.1,1,1,1.0,1,2.640532,2.640532,4,4,1.0,"[[96.0,2336.5],[97.0,2336.5],[98.0,2336.5],[98.5,2336.0]]","[[243041.75806999,431262.27793121,84.55075121],[243041.75830841,431262.27744293,84.55074549],[243041.75854683,431262.27695465,84.55073929],[243041.75878525,431262.27687073,84.55101252]]",dji_pose_mesh_ray_contour_nodes,
66,64,3,SPL,112.0,2340.0,112,2340,113,2341,1,1,1,243041.76107025,431262.26896667,84.54872417,dji_pose_mesh_ray_centroid,True,True,1113224,2.635977,warp,,112.0,2340.0,1,1,1.0,1,2.635977,2.635977,1,1,1.0,"[[112.0,2340.0]]","[[243041.76107025,431262.26896667,84.54872417]]",dji_pose_mesh_ray_contour_nodes,
67,65,3,SPL,120.25,2341.0,120,2340,122,2343,2,3,4,243041.76280785,431262.26461029,84.54812288,dji_pose_mesh_ray_centroid,True,True,1113224,2.633553,warp,,120.25,2341.0,1,1,1.0,1,2.633553,2.633553,2,2,1.0,"[[120.5,2340.0],[121.0,2340.5]]","[[243041.76310349,431262.26480865,84.54867315],[243041.76310539,431262.26439667,84.5483942]]",dji_pose_mesh_ray_contour_nodes,
68,66,3,SPL,92.04,2345.28,89,2344,97,2349,8,5,25,243041.75505829,431262.2770462,84.54593563,dji_pose_mesh_ray_centroid,True,True,1113224,2.639151,warp,,92.04,2345.28,1,1,1.0,1,2.639151,2.639151,8,8,1.0,"[[96.0,2344.5],[95.5,2345.0],[95.0,2345.5],[94.5,2346.0],[94.0,2346.5],[93.5,2347.0],[93.0,2347.5],[92.5,2348.0]]","[[243041.75618744,431262.27536011,84.54634094],[243041.75595093,431262.2754364,84.54606867],[243041.75571251,431262.27552795,84.54579639],[243041.755476,431262.27561188,84.54552412],[243041.75523949,431262.27568817,84.54525232],[243041.75500298,431262.27577209,84.54498005],[243041.75476646,431262.27585602,84.54470825],[243041.75452995,431262.27593994,84.54443645]]",dji_pose_mesh_ray_contour_nodes,
69,67,3,SPL,1929.4817,2365.632,1913,2345,1945,2388,32,43,845,243042.08340073,431261.25051117,84.53752375,dji_pose_mesh_ray_centroid,True,True,285985,2.187888,warp,,1929.4817,2365.632,1,1,1.0,1,2.187888,2.187888,49,49,1.0,"[[1913.0,2380.5],[1913.5,2380.0],[1914.0,2379.5],[1914.5,2379.0],[1915.0,2378.5],[1916.0,2378.5],[1917.0,2378.5],[1917.5,2379.0],[1918.0,2379.5],[1919.0,2379.5],[1919.5,2379.0],[1919.5,2378.0],[1919.5,2377.0],[1919.5,2376.0],[1919.5,2375.0],[1919.5,2374.0],[1919.5,2373.0],[1919.5,2372.0],[1919.5,2371.0],[1919.5,2370.0],[1919.5,2369.0],[1919.5,2368.0],[1919.5,2367.0],[1919.5,2366.0],[1919.5,2365.0],[1919.5,2364.0],[1919.5,2363.0],[1919.5,2362.0],[1919.5,2361.0],[1919.5,2360.0],[1919.5,2359.0],[1919.5,2358.0],[1919.5,2357.0],[1919.5,2356.0],[1919.5,2355.0],[1919.5,2354.0],[1919.5,2353.0],[1919.5,2352.0],[1919.5,2351.0],[1919.5,2350.0],[1919.5,2349.0],[1919.5,2348.0],[1919.5,2347.0],[1920.0,2346.5],[1920.5,2346.0],[1921.0,2345.5],[1922.0,2345.5],[1923.0,2345.5],[1923.5,2345.0]]","[[243042.07482719,431261.25623322,84.52965689],[243042.07510376,431261.256073,84.52992105],[243042.07538033,431261.25590515,84.53018522],[243042.07565689,431261.25574493,84.53044891],[243042.07593346,431261.25557709,84.53071308],[243042.07613945,431261.25505066,84.53071117],[243042.07634735,431261.2545166,84.53070927],[243042.07627678,431261.25415039,84.53044319],[243042.07620621,431261.25378418,84.53017759],[243042.07641411,431261.25325775,84.53017521],[243042.07669067,431261.2530899,84.53043938],[243042.07703781,431261.2532959,84.53096962],[243042.07738304,431261.25350189,84.53149986],[243042.07773018,431261.25370026,84.53203011],[243042.07807732,431261.25390625,84.53256082],[243042.07842445,431261.25411224,84.53309202],[243042.07877159,431261.25431061,84.53362322],[243042.07911873,431261.2545166,84.53415441],[243042.07946587,431261.2547226,84.53468561],[243042.079813,431261.25492859,84.53521728],[243042.08016014,431261.25512695,84.53574944],[243042.08050728,431261.25533295,84.53628159],[243042.08085632,431261.25553894,84.53681374],[243042.08120346,431261.25574493,84.53734636],[243042.08155251,431261.25595093,84.53787899],[243042.08189964,431261.25615692,84.53841162],[243042.08224869,431261.25635529,84.53894472],[243042.08259773,431261.25656128,84.53947782],[243042.08294487,431261.25676727,84.54001141],[243042.08329391,431261.25697327,84.54054499],[243042.08364296,431261.25717926,84.54107904],[243042.083992,431261.25738525,84.5416131],[243042.08434105,431261.25759125,84.54214716],[243042.08469009,431261.25779724,84.54268169],[243042.08503914,431261.25799561,84.54321623],[243042.08539009,431261.2582016,84.54375124],[243042.08573914,431261.25840759,84.54428625],[243042.08608818,431261.25861359,84.54482174],[243042.08643913,431261.25881958,84.54535675],[243042.08678818,431261.25902557,84.54589272],[243042.08713913,431261.25923157,84.54642868],[243042.08749008,431261.25943756,84.54696464],[243042.08783913,431261.25964355,84.54750061],[243042.08811951,431261.25948334,84.54776812],[243042.08839798,431261.25931549,84.54803562],[243042.08867836,431261.25915527,84.54830265],[243042.08888626,431261.25862122,84.54830122],[243042.08909416,431261.25808716,84.54829931],[243042.08937263,431261.25791931,84.54856682]]",dji_pose_mesh_ray_contour_nodes,
70,68,3,SPL,117.5729,2357.3125,109,2352,125,2362,16,10,96,243041.75832558,431262.26070404,84.53916454,dji_pose_mesh_ray_centroid,True,True,1113224,2.628509,warp,,117.5729,2357.3125,1,1,1.0,1,2.628509,2.628509,16,16,1.0,"[[109.0,2356.5],[109.5,2356.0],[110.0,2355.5],[111.0,2355.5],[112.0,2355.5],[113.0,2355.5],[114.0,2355.5],[115.0,2355.5],[116.0,2355.5],[117.0,2355.5],[117.5,2355.0],[118.0,2354.5],[118.5,2354.0],[118.5,2353.0],[119.0,2352.5],[119.5,2352.0]]","[[243041.75647163,431262.26515961,84.53966379],[243041.75670815,431262.26506805,84.53993511],[243041.75694466,431262.26498413,84.54020643],[243041.75718307,431262.26449585,84.54020023],[243041.75742149,431262.26400757,84.54019403],[243041.75765991,431262.26351929,84.54018784],[243041.75789833,431262.26303101,84.54018164],[243041.75813675,431262.26254272,84.54017544],[243041.75837517,431262.26205444,84.54016924],[243041.75861359,431262.26156616,84.54016304],[243041.7588501,431262.26148224,84.54043436],[243041.75908852,431262.26139832,84.54070568],[243041.75932503,431262.26130676,84.54097748],[243041.75955963,431262.2616272,84.54152679],[243041.75979614,431262.26154327,84.54179859],[243041.76003456,431262.26145935,84.54207039]]",dji_pose_mesh_ray_contour_nodes,
71,69,3,SPL,1915.25,2362.5,1915,2358,1917,2367,2,9,12,243042.08154106,431261.2587204,84.53921938,dji_pose_mesh_ray_centroid,True,True,285985,2.190255,warp,,1915.25,2362.5,1,1,1.0,1,2.190255,2.190255,6,6,1.0,"[[1915.5,2358.0],[1915.5,2359.0],[1915.5,2360.0],[1915.5,2361.0],[1915.5,2362.0],[1916.0,2362.5]]","[[243042.08316231,431261.25951385,84.54162025],[243042.08281326,431261.25930786,84.5410862],[243042.08246422,431261.25910187,84.54055262],[243042.08211708,431261.25889587,84.54001903],[243042.08176804,431261.25868988,84.53948545],[243042.08169746,431261.25832367,84.53921795]]",dji_pose_mesh_ray_contour_nodes,
72,70,3,SPL,78.0,2366.0,76,2364,81,2369,5,5,25,243041.74687195,431262.27724457,84.53465605,dji_pose_mesh_ray_centroid,True,True,1113224,2.635452,warp,,78.0,2366.0,1,1,1.0,1,2.635452,2.635452,25,25,1.0,"[[76.0,2364.0],[77.0,2364.0],[78.0,2364.0],[79.0,2364.0],[80.0,2364.0],[76.0,2365.0],[77.0,2365.0],[78.0,2365.0],[79.0,2365.0],[80.0,2365.0],[76.0,2366.0],[77.0,2366.0],[78.0,2366.0],[79.0,2366.0],[80.0,2366.0],[76.0,2367.0],[77.0,2367.0],[78.0,2367.0],[79.0,2367.0],[80.0,2367.0],[76.0,2368.0],[77.0,2368.0],[78.0,2368.0],[79.0,2368.0],[80.0,2368.0]]","[[243041.74686241,431262.278862,84.53576279],[243041.74710083,431262.27837372,84.53575611],[243041.74733734,431262.27788544,84.53574991],[243041.74757576,431262.27739716,84.53574371],[243041.74781418,431262.27690887,84.53573704],[243041.74662971,431262.27854156,84.53521538],[243041.74686813,431262.27805328,84.53520918],[243041.74710464,431262.277565,84.53520298],[243041.74734306,431262.27707672,84.5351963],[243041.74758148,431262.27658844,84.53519011],[243041.74639702,431262.27822113,84.53466845],[243041.74663544,431262.27773285,84.53466225],[243041.74687195,431262.27724457,84.53465605],[243041.74711037,431262.27675629,84.53464937],[243041.74734879,431262.27626801,84.53464317],[243041.74616432,431262.2779007,84.53412199],[243041.74640274,431262.27741241,84.53411579],[243041.74663925,431262.27692413,84.53410912],[243041.74687767,431262.27643585,84.53410292],[243041.74711609,431262.27594757,84.53409624],[243041.74593163,431262.27758026,84.53357553],[243041.74617004,431262.27709198,84.53356886],[243041.74640656,431262.2766037,84.53356266],[243041.74664497,431262.27611542,84.53355598],[243041.74688148,431262.27562714,84.53354979]]",dji_pose_mesh_ray_contour_nodes,
73,71,3,SPL,563.0845,2735.8592,559,2730,568,2742,9,12,71,243041.72670937,431261.88194275,84.35055923,dji_pose_mesh_ray_centroid,True,True,1113128,2.34031,warp,,563.0845,2735.8592,1,1,1.0,1,2.34031,2.34031,13,13,1.0,"[[559.0,2736.5],[559.5,2736.0],[559.5,2735.0],[560.0,2734.5],[560.5,2734.0],[560.5,2733.0],[561.0,2732.5],[561.5,2732.0],[562.0,2731.5],[562.5,2731.0],[563.0,2730.5],[564.0,2730.5],[564.5,2730.0]]","[[243041.72590446,431261.88394928,84.35023165],[243041.72610855,431261.88381958,84.3504715],[243041.72635651,431261.88410187,84.350945],[243041.72655869,431261.88397217,84.35118484],[243041.72676277,431261.8838501,84.35142469],[243041.72701073,431261.88413239,84.35189867],[243041.72721291,431261.88400269,84.35213852],[243041.72741699,431261.88388062,84.35237884],[243041.72762108,431261.88375092,84.35261869],[243041.72782326,431261.88362885,84.35285902],[243041.72802734,431261.88349915,84.35309887],[243041.72818565,431261.88296509,84.35310459],[243041.72838974,431261.88284302,84.35334492]]",dji_pose_mesh_ray_contour_nodes,
74,72,3,SPL,554.2082,2758.7429,547,2747,564,2773,17,26,245,243041.71965408,431261.88024139,84.33970928,dji_pose_mesh_ray_centroid,True,True,1113128,2.336395,warp,,554.2082,2758.7429,1,1,1.0,1,2.336395,2.336395,31,31,1.0,"[[563.0,2754.5],[562.5,2755.0],[562.0,2755.5],[561.5,2756.0],[561.0,2756.5],[560.5,2757.0],[560.0,2757.5],[559.5,2758.0],[559.5,2759.0],[559.0,2759.5],[558.5,2760.0],[558.5,2761.0],[558.0,2761.5],[557.5,2762.0],[557.5,2763.0],[557.0,2763.5],[556.5,2764.0],[556.5,2765.0],[556.0,2765.5],[555.5,2766.0],[555.5,2767.0],[555.0,2767.5],[554.5,2768.0],[554.5,2769.0],[554.0,2769.5],[553.5,2770.0],[553.0,2770.5],[552.5,2771.0],[552.0,2771.5],[551.0,2771.5],[550.5,2772.0]]","[[243041.72208786,431261.87675476,84.34175825],[243041.72188377,431261.87687683,84.34151983],[243041.7216835,431261.87700653,84.34128141],[243041.72148132,431261.8771286,84.341043],[243041.72127724,431261.8772583,84.34080505],[243041.72107697,431261.87738037,84.34056663],[243041.72087479,431261.87751007,84.34032869],[243041.72067261,431261.87763977,84.34009027],[243041.72042656,431261.87735748,84.33962011],[243041.72022438,431261.87747955,84.33938217],[243041.7200222,431261.87760925,84.33914423],[243041.71977615,431261.87732697,84.33867454],[243041.71957397,431261.87745667,84.3384366],[243041.7193718,431261.87757874,84.33819866],[243041.71912575,431261.87730408,84.33772945],[243041.71892548,431261.87742615,84.33749151],[243041.7187233,431261.87755585,84.33725405],[243041.71847725,431261.87727356,84.33678436],[243041.71827698,431261.87739563,84.3365469],[243041.7180748,431261.87752533,84.33630943],[243041.71782875,431261.87724304,84.3358407],[243041.71762657,431261.87737274,84.33560324],[243041.7174263,431261.87749481,84.33536577],[243041.71718025,431261.87722015,84.33489704],[243041.71697998,431261.87734222,84.33465958],[243041.7167778,431261.87747192,84.33442259],[243041.71657562,431261.87759399,84.33418512],[243041.71637535,431261.87772369,84.33394813],[243041.71617317,431261.87784576,84.33371067],[243041.71601677,431261.87837982,84.33370495],[243041.71581459,431261.87850189,84.33346748]]",dji_pose_mesh_ray_contour_nodes,
75,73,3,SPL,548.0833,2784.4583,544,2781,553,2789,9,8,48,243041.7123909,431261.87631226,84.3276329,dji_pose_mesh_ray_centroid,True,True,1113128,2.330984,warp,,548.0833,2784.4583,1,1,1.0,1,2.330984,2.330984,9,9,1.0,"[[544.0,2784.5],[544.5,2784.0],[545.0,2783.5],[545.5,2783.0],[546.0,2782.5],[546.5,2782.0],[547.0,2781.5],[548.0,2781.5],[548.5,2781.0]]","[[243041.71173668,431261.87846375,84.32758808],[243041.71193886,431261.87833405,84.32782412],[243041.71213913,431261.87821198,84.32806063],[243041.7123394,431261.87808228,84.32829666],[243041.71253967,431261.87796021,84.32853317],[243041.71273994,431261.87783051,84.32876968],[243041.71294212,431261.87770844,84.32900572],[243041.71309853,431261.87717438,84.32901192],[243041.7132988,431261.87705231,84.32924843]]",dji_pose_mesh_ray_contour_nodes,
76,74,3,SPL,1602.0769,3058.6154,1598,3058,1606,3060,8,2,13,243041.82508469,431261.29033661,84.20657349,dji_pose_mesh_ray_centroid,True,True,1113122,2.056341,warp,,1602.0769,3058.6154,1,1,1.0,1,2.056341,2.056341,4,4,1.0,"[[1598.0,3058.5],[1599.0,3058.5],[1600.0,3058.5],[1600.5,3058.0]]","[[243041.82457352,431261.29243469,84.20656967],[243041.82470703,431261.29192352,84.20658255],[243041.82484055,431261.29141998,84.20659494],[243041.82504654,431261.29125977,84.20681047]]",dji_pose_mesh_ray_contour_nodes,
77,75,3,SPL,639.2995,3120.2492,0,3072,1152,3182,1152,110,66844,243041.65520287,431261.74930573,84.17713356,dji_pose_mesh_ray_centroid,True,True,1113148,2.235018,warp,,639.2995,3120.2492,1,1,1.0,1,2.235018,2.235018,256,256,1.0,"[[278.5,3072.0],[281.5,3075.0],[285.0,3077.5],[291.0,3076.5],[296.0,3075.5],[302.0,3074.5],[306.5,3076.0],[306.0,3079.5],[311.0,3080.5],[316.0,3078.5],[319.5,3081.0],[321.5,3086.0],[322.5,3091.0],[328.0,3092.5],[332.5,3091.0],[336.5,3089.0],[334.0,3092.5],[331.5,3096.0],[332.0,3102.5],[336.0,3104.5],[343.0,3104.5],[346.5,3107.0],[351.0,3109.5],[356.0,3110.5],[362.0,3111.5],[367.0,3112.5],[370.0,3116.5],[374.0,3118.5],[377.5,3115.0],[380.0,3111.5],[383.0,3107.5],[383.5,3113.0],[383.5,3119.0],[387.0,3122.5],[389.5,3126.0],[395.0,3127.5],[399.0,3125.5],[403.0,3122.5],[409.0,3122.5],[413.0,3125.5],[414.5,3130.0],[420.0,3131.5],[424.0,3129.5],[428.0,3126.5],[432.0,3124.5],[437.0,3122.5],[441.5,3121.0],[445.5,3119.0],[451.0,3117.5],[456.0,3118.5],[462.0,3117.5],[466.5,3116.0],[471.5,3114.0],[476.0,3112.5],[480.0,3109.5],[484.0,3107.5],[489.0,3107.5],[493.0,3105.5],[496.5,3102.0],[500.0,3099.5],[504.5,3097.0],[506.5,3093.0],[511.0,3091.5],[517.0,3090.5],[522.0,3089.5],[527.0,3091.5],[533.0,3091.5],[537.5,3089.0],[540.5,3086.0],[545.0,3087.5],[550.0,3088.5],[550.0,3092.5],[545.0,3093.5],[538.0,3093.5],[536.0,3096.5],[540.0,3099.5],[545.0,3100.5],[551.0,3100.5],[554.5,3097.0],[557.5,3095.0],[561.5,3098.0],[565.5,3099.0],[568.5,3095.0],[571.5,3092.0],[576.5,3090.0],[580.5,3088.0],[585.5,3086.0],[590.0,3084.5],[594.0,3087.5],[591.0,3089.5],[587.5,3093.0],[586.5,3098.0],[587.0,3101.5],[593.5,3102.0],[598.0,3103.5],[604.0,3102.5],[608.0,3100.5],[611.5,3097.0],[613.5,3093.0],[616.0,3095.5],[613.0,3098.5],[612.5,3103.0],[614.5,3107.0],[617.5,3110.0],[621.0,3107.5],[626.5,3109.0],[628.5,3113.0],[631.0,3116.5],[636.0,3118.5],[640.0,3116.5],[644.0,3113.5],[647.0,3110.5],[650.5,3107.0],[656.0,3106.5],[660.0,3109.5],[662.0,3113.5],[667.0,3111.5],[671.0,3111.5],[670.0,3106.5],[671.0,3102.5],[677.0,3101.5],[680.5,3099.0],[684.0,3096.5],[689.0,3094.5],[692.5,3097.0],[694.5,3102.0],[698.0,3104.5],[704.5,3104.0],[709.0,3102.5],[709.5,3098.0],[709.5,3094.0],[710.0,3089.5],[713.0,3086.5],[717.0,3083.5],[719.5,3080.0],[723.0,3076.5],[727.0,3074.5],[732.0,3073.5],[737.5,3075.0],[738.0,3077.5],[735.0,3081.5],[732.0,3084.5],[734.0,3088.5],[739.0,3087.5],[742.0,3083.5],[748.0,3083.5],[753.0,3081.5],[758.0,3082.5],[763.5,3081.0],[766.0,3077.5],[767.5,3081.0],[767.5,3087.0],[770.5,3090.0],[776.0,3089.5],[781.0,3088.5],[787.0,3087.5],[790.5,3085.0],[795.0,3082.5],[800.0,3081.5],[806.0,3080.5],[810.0,3078.5],[813.5,3075.0],[818.0,3073.5],[824.0,3074.5],[828.0,3072.5],[834.0,3073.5],[839.5,3073.0],[845.0,3072.5],[850.5,3074.0],[854.5,3076.0],[851.5,3080.0],[857.0,3080.5],[859.5,3076.0],[865.0,3075.5],[872.0,3075.5],[875.0,3078.5],[881.0,3079.5],[886.0,3078.5],[892.0,3077.5],[895.5,3080.0],[901.0,3079.5],[906.0,3078.5],[910.0,3076.5],[916.0,3077.5],[918.5,3081.0],[921.5,3085.0],[927.0,3085.5],[931.5,3086.0],[932.0,3090.5],[934.5,3091.0],[938.0,3088.5],[943.0,3086.5],[947.5,3085.0],[953.0,3083.5],[957.0,3085.5],[963.0,3086.5],[968.0,3087.5],[972.5,3088.0],[977.0,3089.5],[982.5,3089.0],[985.5,3085.0],[989.0,3082.5],[996.0,3082.5],[1002.0,3082.5],[1008.0,3081.5],[1013.5,3082.0],[1019.0,3083.5],[1023.5,3082.0],[1030.0,3081.5],[1034.0,3083.5],[1038.5,3085.0],[1042.5,3083.0],[1046.5,3082.0],[1050.5,3085.0],[1051.5,3090.0],[1055.0,3093.5],[1059.5,3094.0],[1062.0,3089.5],[1066.0,3089.5],[1069.5,3093.0],[1073.0,3095.5],[1074.5,3101.0],[1079.0,3102.5],[1081.5,3098.0],[1082.5,3093.0],[1086.5,3090.0],[1091.0,3088.5],[1094.5,3086.0],[1098.0,3082.5],[1099.5,3087.0],[1096.0,3090.5],[1093.0,3093.5],[1092.5,3100.0],[1096.0,3102.5],[1099.5,3106.0],[1099.5,3110.0],[1100.5,3116.0],[1102.0,3120.5],[1104.5,3116.0],[1107.5,3118.0],[1107.5,3123.0],[1110.0,3126.5],[1113.5,3129.0],[1118.0,3127.5],[1122.0,3129.5],[1128.0,3130.5],[1130.5,3134.0],[1128.5,3139.0],[1130.0,3143.5],[1133.5,3140.0],[1138.0,3138.5],[1143.5,3137.0],[1143.5,3133.0],[1147.0,3131.5],[1148.5,3136.0],[1151.0,3140.5]]","[[243041.60577011,431261.93817902,84.19692326],[243041.60556221,431261.93580627,84.1956706],[243041.60553741,431261.93331146,84.1946373],[243041.60663986,431261.93049622,84.19512224],[243041.60759544,431261.92819214,84.19559765],[243041.60869789,431261.92537689,84.19608259],[243041.60903549,431261.92264557,84.19548559],[243041.60820198,431261.92194366,84.19398785],[243041.60872078,431261.9190979,84.19361019],[243041.60989189,431261.91706848,84.19451141],[243041.60986519,431261.91458893,84.19348001],[243041.60907364,431261.91220093,84.19137049],[243041.60813713,431261.91033173,84.18925524],[243041.60859299,431261.90706635,84.18868399],[243041.6095829,431261.90516663,84.18936348],[243041.61062813,431261.90367889,84.19024277],[243041.60941696,431261.90391541,84.18876553],[243041.6082077,431261.90414429,84.18729067],[243041.60667229,431261.90188599,84.18462563],[243041.60672951,431261.89916992,84.18385982],[243041.60769081,431261.89550781,84.18395615],[243041.60755539,431261.89291382,84.18297911],[243041.60755539,431261.8897934,84.18201685],[243041.60799408,431261.88687134,84.18167639],[243041.6085701,431261.88343811,84.18135023],[243041.60900879,431261.88052368,84.18100977],[243041.60843468,431261.87774658,84.17941713],[243041.60848999,431261.87505341,84.1786561],[243041.60983086,431261.87428284,84.18013334],[243041.61103439,431261.8740387,84.18159771],[243041.61243248,431261.87368011,84.1832757],[243041.61114502,431261.87175751,84.18103266],[243041.60966682,431261.86994934,84.17858362],[243041.60928535,431261.86708069,84.17720556],[243041.60876656,431261.86473083,84.17581558],[243041.60914803,431261.86141968,84.175282],[243041.61018562,431261.85993195,84.17615032],[243041.61146927,431261.85874939,84.17742681],[243041.61228943,431261.85562897,84.17750978],[243041.61209679,431261.8526535,84.17634439],[243041.61119461,431261.85054016,84.1745367],[243041.61157608,431261.84724426,84.17400408],[243041.61261177,431261.84575653,84.17487144],[243041.61389542,431261.84456635,84.17614555],[243041.61493301,431261.84307861,84.17701387],[243041.61610794,431261.84107208,84.1778965],[243041.61709023,431261.83917999,84.17856884],[243041.61812973,431261.83769226,84.17943859],[243041.61925125,431261.83527374,84.18012571],[243041.61968422,431261.8323822,84.17978668],[243041.62074852,431261.82955933,84.18027687],[243041.62173462,431261.82765961,84.18095016],[243041.62291145,431261.82564545,84.18183422],[243041.62389565,431261.82374573,84.18250751],[243041.62518692,431261.82254791,84.18378735],[243041.62622833,431261.82105255,84.184659],[243041.62690926,431261.81845093,84.18472767],[243041.62799072,431261.81700134,84.18558407],[243041.62942886,431261.81630707,84.18702888],[243041.63066673,431261.81536865,84.1880455],[243041.63211632,431261.81400299,84.18904686],[243041.63334084,431261.81407166,84.19073629],[243041.63459396,431261.81246948,84.1913085],[243041.63606453,431261.81009674,84.19164133],[243041.63732529,431261.80815887,84.19199038],[243041.63798332,431261.80552673,84.19104576],[243041.63925552,431261.80292511,84.19094706],[243041.64071465,431261.80155182,84.19195175],[243041.64195633,431261.80094147,84.1931982],[243041.64260864,431261.79863739,84.19247627],[243041.64346886,431261.79623413,84.19196224],[243041.64266014,431261.79531097,84.19023657],[243041.64139748,431261.79725647,84.18988752],[243041.63991356,431261.80029297,84.19000244],[243041.6388855,431261.80046844,84.18874311],[243041.63912964,431261.7980423,84.18738556],[243041.63998795,431261.79563904,84.18687248],[243041.64126015,431261.79303741,84.1867733],[243041.64270782,431261.79232025,84.18822241],[243041.64374733,431261.79148102,84.18903494],[243041.64398956,431261.78904724,84.18767595],[243041.64463615,431261.78708649,84.18717909],[243041.64608192,431261.78669739,84.18885326],[243041.64732742,431261.78607941,84.19009781],[243041.64879608,431261.78436279,84.19087887],[243041.64999199,431261.78301239,84.19170046],[243041.65136528,431261.78118134,84.19252157],[243041.65254211,431261.77947235,84.19313002],[243041.65274048,431261.7769928,84.1917839],[243041.6517601,431261.77791595,84.19094372],[243041.65038681,431261.7787323,84.18945694],[243041.64921379,431261.77809143,84.18729591],[243041.64862823,431261.77709198,84.1857729],[243041.64980507,431261.77403259,84.18549061],[243041.65039253,431261.77166748,84.18479538],[243041.65176392,431261.76916504,84.18516874],[243041.65293884,431261.76778412,84.18599558],[243041.65431023,431261.76696014,84.18747997],[243041.65548897,431261.76692963,84.18919754],[243041.65548706,431261.76524353,84.18808603],[243041.65431023,431261.76595306,84.18681335],[243041.65333176,431261.76519775,84.18486643],[243041.65294075,431261.7634201,84.1831131],[243041.65294075,431261.76140594,84.18178415],[243041.65411568,431261.76036072,84.18283129],[243041.6548996,431261.75754547,84.18212604],[243041.65450668,431261.75576782,84.1803751],[243041.65431213,431261.75387573,84.1788373],[243041.65489769,431261.75118256,84.17792273],[243041.65607262,431261.74980164,84.17874575],[243041.657444,431261.74863434,84.18000221],[243041.65862083,431261.74791718,84.18127012],[243041.65999603,431261.74708557,84.1827507],[243041.66117287,431261.74468994,84.18291187],[243041.66136551,431261.74223328,84.18157148],[243041.66097069,431261.74046326,84.17982006],[243041.66234398,431261.73862457,84.18063498],[243041.66312981,431261.73680878,84.18059444],[243041.66391945,431261.73833466,84.18277073],[243041.66490555,431261.73873138,84.18449545],[243041.66628265,431261.73622131,84.18486881],[243041.66746521,431261.73516083,84.18591928],[243041.66864777,431261.73410797,84.18697071],[243041.67002869,431261.73225403,84.18779039],[243041.67021942,431261.73012543,84.18666792],[243041.66962051,431261.72814941,84.1844759],[243041.66981316,431261.72602844,84.18335533],[243041.67119026,431261.72317505,84.18350697],[243041.67237282,431261.72144318,84.18411255],[243041.67336655,431261.7221756,84.18606281],[243041.67416191,431261.72302246,84.18780231],[243041.67515755,431261.72375488,84.18975687],[243041.67634773,431261.72302246,84.19103479],[243041.67773628,431261.7218399,84.19230366],[243041.67893028,431261.72144318,84.19380712],[243041.68032265,431261.72058868,84.19530249],[243041.68151474,431261.71918488,84.19613743],[243041.68270302,431261.71710968,84.19652605],[243041.68348885,431261.71427917,84.19581461],[243041.68308449,431261.71351624,84.19471598],[243041.68169022,431261.71404266,84.19299746],[243041.68049622,431261.71477509,84.19171762],[243041.68008995,431261.7130127,84.18995285],[243041.68128777,431261.71096039,84.19033384],[243041.68270493,431261.71045685,84.1920414],[243041.68395042,431261.70777893,84.19195795],[243041.68538857,431261.70596313,84.19276333],[243041.68622971,431261.70352173,84.19225597],[243041.68767166,431261.70137787,84.19283628],[243041.68889046,431261.70098877,84.19433546],[243041.68850517,431261.69959259,84.19278049],[243041.68730927,431261.698349,84.19015408],[243041.68733597,431261.69638824,84.18880033],[243041.68857956,431261.69403839,84.18894196],[243041.68981934,431261.69200897,84.18930912],[243041.69126701,431261.68953705,84.18966246],[243041.69249535,431261.68848419,84.19070768],[243041.69393158,431261.68698883,84.19173956],[243041.69517326,431261.68495941,84.19210815],[243041.69662666,431261.68247986,84.19246244],[243041.69786072,431261.68109894,84.19328403],[243041.69929504,431261.68025208,84.19477177],[243041.70053673,431261.67854309,84.19536781],[243041.70158958,431261.67565155,84.1948452],[243041.70282936,431261.674263,84.1956687],[243041.70388031,431261.67137146,84.19514561],[243041.70513153,431261.66900635,84.19528866],[243041.70638466,431261.66664124,84.19543219],[243041.70723152,431261.66386414,84.19469595],[243041.70766258,431261.66165924,84.19376087],[243041.70622635,431261.6621933,84.19204617],[243041.70727539,431261.65962219,84.19174957],[243041.70870972,431261.6594162,84.19369125],[243041.70996094,431261.65704346,84.1938343],[243041.71142578,431261.65390015,84.19373655],[243041.71144485,431261.65194702,84.19237614],[243041.71249771,431261.64904785,84.19185305],[243041.71374893,431261.64700317,84.19222212],[243041.71520805,431261.64450836,84.19257784],[243041.71543312,431261.64243317,84.19143009],[243041.71668816,431261.64006042,84.19157267],[243041.71793938,431261.63800812,84.19194221],[243041.71918678,431261.63661194,84.19276571],[243041.72024155,431261.63371277,84.19224167],[243041.7200489,431261.63188171,84.19066811],[243041.71986198,431261.62973785,84.188869],[243041.72091293,431261.62716675,84.18857193],[243041.72175407,431261.62503815,84.18828917],[243041.72093773,431261.62392426,84.18630838],[243041.72122574,431261.62256622,84.1861043],[243041.7224102,431261.62142944,84.18717337],[243041.72365761,431261.61936951,84.18806028],[243041.7246933,431261.61743927,84.18873596],[243041.72586632,431261.61497498,84.18942547],[243041.72583771,431261.61234283,84.18866253],[243041.72636414,431261.60894012,84.18833685],[243041.72675705,431261.60606384,84.18799734],[243041.72722244,431261.60357666,84.18785572],[243041.72740364,431261.60083008,84.18730545],[243041.72828865,431261.59809875,84.18758583],[243041.72983551,431261.5976181,84.18926096],[243041.73102379,431261.59647369,84.19033146],[243041.73197174,431261.59282684,84.19042778],[243041.73278236,431261.58969879,84.19051027],[243041.73387909,431261.5868454,84.19100189],[243041.734478,431261.58384705,84.19087315],[243041.7347908,431261.58058167,84.19033575],[243041.7358284,431261.5786438,84.19101095],[243041.73685074,431261.57539368,84.19130468],[243041.73681641,431261.57278442,84.19054222],[243041.73699379,431261.57004547,84.18999147],[243041.73810577,431261.5684967,84.19086313],[243041.73893356,431261.56668091,84.19132709],[243041.73861122,431261.56381226,84.19015646],[243041.73731232,431261.56197357,84.18813086],[243041.73678207,431261.55924225,84.18675423],[243041.73724556,431261.55677795,84.18661308],[243041.73886871,431261.55666351,84.1884799],[243041.73940849,431261.55458832,84.18853474],[243041.73887634,431261.55185699,84.18715811],[243041.7388401,431261.54958344,84.18611193],[243041.73770714,431261.54759216,84.18380928],[243041.73821259,431261.54517365,84.1831398],[243041.73987961,431261.54508972,84.18498421],[243041.74138069,431261.54581451,84.18705511],[243041.74296188,431261.54468536,84.18826485],[243041.74424934,431261.54296875,84.18884468],[243041.74560165,431261.54194641,84.18985271],[243041.74721718,431261.54116058,84.19127989],[243041.74633598,431261.53941345,84.18938398],[243041.74472237,431261.54019928,84.18795919],[243041.74334145,431261.54087067,84.18673944],[243041.74154472,431261.53956604,84.18403959],[243041.74158859,431261.5373764,84.1829648],[243041.74137306,431261.53495026,84.18147564],[243041.74033165,431261.53401184,84.1798172],[243041.73897171,431261.53215027,84.17732334],[243041.73810196,431261.5304184,84.17544842],[243041.73976517,431261.53031921,84.17728186],[243041.73984146,431261.52848053,84.17642403],[243041.73854446,431261.52732086,84.17435932],[243041.73813248,431261.52536011,84.17289019],[243041.73817635,431261.5231781,84.17182398],[243041.73945618,431261.52146912,84.17239475],[243041.73972893,431261.5191803,84.17152929],[243041.74065781,431261.51620483,84.17105436],[243041.74024582,431261.51425171,84.16958857],[243041.73855591,431261.51402283,84.16755533],[243041.73768997,431261.51230621,84.16569424],[243041.73928452,431261.51150513,84.16709232],[243041.74056244,431261.50979614,84.16766071],[243041.74203873,431261.50762177,84.16821861],[243041.74307823,431261.50853729,84.16986322],[243041.7441597,431261.50727844,84.17044353],[243041.74328804,431261.50556946,84.16857719],[243041.74261475,431261.50339508,84.16670275]]",dji_pose_mesh_ray_contour_nodes,
78,76,3,SPL,1645.8851,3129.0727,1258,3072,2136,3198,878,126,48321,243041.81156349,431261.254776,84.17809582,dji_pose_mesh_ray_centroid,True,True,1113122,2.0341,warp,,1645.8851,3129.0727,1,1,1.0,1,2.0341,2.0341,256,256,1.0,"[[1535.5,3072.0],[1535.5,3077.0],[1535.5,3083.0],[1535.5,3088.0],[1535.5,3094.0],[1535.5,3100.0],[1535.5,3105.0],[1535.5,3111.0],[1538.0,3108.5],[1542.0,3107.5],[1545.0,3109.5],[1543.5,3113.0],[1547.0,3115.5],[1548.5,3120.0],[1547.5,3124.0],[1552.0,3123.5],[1555.5,3126.0],[1555.5,3131.0],[1554.5,3136.0],[1556.0,3139.5],[1561.0,3140.5],[1566.5,3141.0],[1570.0,3142.5],[1572.5,3146.0],[1573.0,3151.5],[1576.0,3153.5],[1579.5,3156.0],[1581.5,3159.0],[1584.0,3162.5],[1588.0,3162.5],[1591.0,3160.5],[1595.0,3158.5],[1600.0,3159.5],[1604.5,3159.0],[1609.0,3157.5],[1613.0,3156.5],[1617.0,3154.5],[1620.5,3152.0],[1623.5,3153.0],[1628.0,3154.5],[1634.0,3154.5],[1638.0,3153.5],[1641.5,3151.0],[1645.0,3149.5],[1650.0,3148.5],[1654.0,3146.5],[1653.5,3143.0],[1650.0,3140.5],[1647.5,3137.0],[1645.5,3134.0],[1643.5,3130.0],[1638.0,3129.5],[1634.0,3128.5],[1633.0,3124.5],[1635.5,3122.0],[1638.0,3118.5],[1642.0,3116.5],[1645.0,3118.5],[1647.5,3122.0],[1650.5,3125.0],[1654.0,3124.5],[1655.0,3119.5],[1655.5,3115.0],[1655.5,3111.0],[1659.0,3108.5],[1662.5,3110.0],[1665.0,3113.5],[1670.5,3114.0],[1673.0,3113.5],[1670.5,3110.0],[1673.0,3107.5],[1678.0,3106.5],[1681.5,3104.0],[1686.0,3103.5],[1690.5,3105.0],[1694.0,3107.5],[1698.0,3106.5],[1703.0,3105.5],[1707.0,3104.5],[1708.5,3100.0],[1705.0,3097.5],[1703.5,3094.0],[1706.5,3094.0],[1708.5,3098.0],[1711.0,3100.5],[1714.0,3101.5],[1714.5,3097.0],[1716.5,3093.0],[1721.0,3093.5],[1723.5,3096.0],[1721.5,3100.0],[1720.5,3105.0],[1722.5,3108.0],[1725.5,3110.0],[1728.5,3108.0],[1732.0,3105.5],[1736.5,3105.0],[1741.0,3105.5],[1747.0,3105.5],[1751.0,3103.5],[1755.0,3102.5],[1760.0,3101.5],[1764.0,3099.5],[1767.0,3097.5],[1770.5,3096.0],[1774.0,3097.5],[1777.5,3100.0],[1781.5,3102.0],[1786.0,3102.5],[1790.5,3102.0],[1794.0,3104.5],[1797.0,3106.5],[1802.5,3106.0],[1806.5,3105.0],[1811.0,3103.5],[1815.0,3101.5],[1816.5,3098.0],[1818.5,3099.0],[1822.0,3101.5],[1825.0,3099.5],[1828.5,3097.0],[1832.5,3097.0],[1836.5,3096.0],[1841.5,3096.0],[1844.0,3098.5],[1846.5,3102.0],[1850.0,3104.5],[1854.0,3103.5],[1859.5,3104.0],[1864.0,3104.5],[1866.0,3100.5],[1872.0,3100.5],[1875.0,3100.5],[1880.0,3099.5],[1884.0,3097.5],[1885.5,3094.0],[1887.5,3090.0],[1891.0,3088.5],[1896.0,3087.5],[1898.5,3086.0],[1901.0,3083.5],[1905.5,3082.0],[1909.5,3083.0],[1914.0,3083.5],[1919.5,3084.0],[1919.5,3089.0],[1919.5,3095.0],[1919.5,3101.0],[1919.5,3106.0],[1922.0,3105.5],[1926.0,3103.5],[1927.5,3100.0],[1927.5,3096.0],[1930.5,3098.0],[1929.0,3101.5],[1930.0,3105.5],[1932.0,3108.5],[1935.0,3109.5],[1939.5,3108.0],[1944.0,3107.5],[1948.5,3109.0],[1949.5,3114.0],[1948.5,3118.0],[1950.5,3122.0],[1955.0,3122.5],[1959.0,3122.5],[1963.0,3120.5],[1963.5,3116.0],[1963.5,3112.0],[1966.0,3108.5],[1971.0,3108.5],[1974.5,3111.0],[1973.5,3115.0],[1973.5,3119.0],[1975.5,3123.0],[1974.5,3127.0],[1971.0,3129.5],[1968.0,3132.5],[1965.0,3134.5],[1962.5,3138.0],[1963.0,3142.5],[1967.0,3144.5],[1972.0,3143.5],[1976.0,3142.5],[1980.5,3141.0],[1983.5,3138.0],[1987.0,3136.5],[1990.5,3134.0],[1990.5,3129.0],[1993.0,3125.5],[1996.5,3123.0],[1999.5,3121.0],[2001.5,3117.0],[2003.5,3113.0],[2006.0,3110.5],[2009.0,3107.5],[2012.0,3105.5],[2016.0,3105.5],[2020.0,3107.5],[2023.0,3109.5],[2026.5,3111.0],[2030.0,3108.5],[2034.0,3107.5],[2040.0,3107.5],[2040.5,3111.0],[2038.0,3113.5],[2032.5,3114.0],[2034.5,3117.0],[2037.5,3120.0],[2042.0,3119.5],[2045.5,3121.0],[2042.0,3123.5],[2037.0,3124.5],[2033.5,3125.0],[2029.5,3124.0],[2026.0,3125.5],[2023.5,3129.0],[2024.5,3134.0],[2028.0,3135.5],[2031.5,3138.0],[2034.0,3141.5],[2037.0,3143.5],[2041.0,3145.5],[2045.0,3146.5],[2049.5,3148.0],[2054.0,3149.5],[2057.5,3150.0],[2060.5,3147.0],[2061.5,3142.0],[2060.5,3138.0],[2060.5,3132.0],[2062.0,3128.5],[2064.0,3124.5],[2067.5,3122.0],[2071.0,3120.5],[2076.0,3119.5],[2082.0,3119.5],[2085.0,3117.5],[2090.0,3118.5],[2091.5,3122.0],[2090.5,3127.0],[2089.5,3132.0],[2091.5,3135.0],[2094.5,3133.0],[2097.5,3131.0],[2099.0,3134.5],[2099.0,3139.5],[2099.5,3143.0],[2101.0,3147.5],[2106.0,3148.5],[2110.0,3149.5],[2115.0,3150.5],[2120.0,3151.5],[2125.0,3151.5],[2130.0,3150.5],[2135.0,3151.5]]","[[243041.81332207,431261.32220459,84.19985151],[243041.81194878,431261.32120514,84.19777203],[243041.81030273,431261.32000732,84.19528103],[243041.80893326,431261.31900787,84.19320917],[243041.80729485,431261.31781769,84.19072771],[243041.80565834,431261.3166275,84.18825149],[243041.80429649,431261.31564331,84.18619156],[243041.80266571,431261.31445312,84.1837244],[243041.80348206,431261.3135376,84.18485498],[243041.80397415,431261.31148529,84.18543148],[243041.80359459,431261.30940247,84.18473339],[243041.80256271,431261.30956268,84.18323421],[243041.80216217,431261.30716705,84.18232346],[243041.80114365,431261.30552673,84.18050051],[243041.79992867,431261.30525208,84.1788516],[243041.80065918,431261.3030777,84.17911625],[243041.80044746,431261.30082703,84.17814159],[243041.79909706,431261.29985809,84.17610168],[243041.79761696,431261.29938507,84.17405128],[243041.79687309,431261.29795837,84.17264843],[243041.79726601,431261.29524994,84.1723094],[243041.79785919,431261.29238892,84.17218018],[243041.79791641,431261.29034424,84.17161846],[243041.79730606,431261.288414,84.17023182],[243041.79589653,431261.28710938,84.16801071],[243041.79575539,431261.28522491,84.16724253],[243041.79554749,431261.28299713,84.16627932],[243041.79500771,431261.28141785,84.16509485],[243041.79440117,431261.27950287,84.16371727],[243041.7949276,431261.27750397,84.16377163],[243041.79585838,431261.27638245,84.16461897],[243041.79692078,431261.27475739,84.16548014],[243041.79730988,431261.27207184,84.16514444],[243041.79803658,431261.26991272,84.16540718],[243041.79903221,431261.26794434,84.1660738],[243041.79982758,431261.26612854,84.16653156],[243041.80088997,431261.26450348,84.16739368],[243041.80202484,431261.26322174,84.16845131],[243041.80215073,431261.26153564,84.16808748],[243041.80233955,431261.25900269,84.16754246],[243041.80317688,431261.25603485,84.16760588],[243041.80422401,431261.25439453,84.16797066],[243041.80546188,431261.25318146,84.16899013],[243041.8065033,431261.25183105,84.16957903],[243041.80776405,431261.2497406,84.16992807],[243041.80901146,431261.24823761,84.17072535],[243041.80960083,431261.24893188,84.17224455],[243041.80935097,431261.2508316,84.17338133],[243041.80962753,431261.25249481,84.1748929],[243041.81017685,431261.25405884,84.17608547],[243041.81099701,431261.25580597,84.17768621],[243041.81040764,431261.25865936,84.17781639],[243041.81015205,431261.260849,84.1781702],[243041.81110573,431261.26210022,84.17978811],[243041.81211472,431261.26131439,84.18084145],[243041.81339836,431261.2607193,84.18230486],[243041.81447029,431261.25907898,84.18317556],[243041.81432152,431261.25719452,84.18239737],[243041.81369972,431261.25528717,84.18100119],[243041.81328011,431261.2532196,84.17981672],[243041.81387711,431261.2515564,84.18006754],[243041.81537056,431261.25198364,84.18212175],[243041.81666374,431261.25257111,84.18396807],[243041.81775475,431261.25331116,84.18560553],[243041.81890106,431261.25202179,84.1866765],[243041.81895447,431261.24997711,84.18610764],[243041.81832695,431261.24806976,84.18470764],[243041.81901741,431261.24528503,84.18453979],[243041.81965256,431261.24423218,84.18471718],[243041.82001114,431261.24595642,84.18621349],[243041.82102394,431261.24516296,84.18727112],[243041.8221302,431261.24294281,84.18768597],[243041.82338524,431261.24171448,84.1887207],[243041.82445145,431261.23976898,84.18886709],[243041.8251152,431261.23754883,84.18814039],[243041.82536316,431261.23564148,84.18699408],[243041.82642365,431261.2339859,84.18736601],[243041.82769966,431261.23188019,84.18772268],[243041.82876015,431261.23022461,84.18809509],[243041.82999229,431261.23015594,84.1900363],[243041.82974625,431261.23205566,84.191185],[243041.83013153,431261.23320007,84.19273996],[243041.83077812,431261.2318573,84.19269228],[243041.83039856,431261.23042297,84.19091082],[243041.83042908,431261.22896576,84.18977785],[243041.83087158,431261.22748566,84.18929338],[243041.83189201,431261.2278595,84.19125223],[243041.8331337,431261.22750092,84.19297123],[243041.83400154,431261.22541046,84.19268084],[243041.83403206,431261.22395325,84.19154692],[243041.83279037,431261.22431946,84.18982887],[243041.83156204,431261.22409821,84.18766069],[243041.83138466,431261.22280121,84.18631935],[243041.83162308,431261.22119141,84.18539858],[243041.83267403,431261.22010803,84.18622303],[243041.83393288,431261.21887207,84.18725824],[243041.8350029,431261.21691895,84.18740463],[243041.83587074,431261.21482849,84.18711376],[243041.83716202,431261.21213531,84.18701744],[243041.8384304,431261.21060181,84.18782759],[243041.83949661,431261.20893097,84.18820047],[243041.84077835,431261.20681763,84.18855762],[243041.84205055,431261.20527649,84.18936872],[243041.84310722,431261.20419312,84.19019604],[243041.84416962,431261.20281219,84.19079733],[243041.84461784,431261.20103455,84.19008446],[243041.84486198,431261.19913483,84.18893385],[243041.84531593,431261.19706726,84.18799448],[243041.84618568,431261.19497681,84.18770361],[243041.84725952,431261.19301605,84.18785],[243041.84750366,431261.19111633,84.18669987],[243041.84774017,431261.18950653,84.18577719],[243041.84903145,431261.18708801,84.18590736],[243041.85009956,431261.18541718,84.18628025],[243041.8513813,431261.18357849,84.18686438],[243041.85265732,431261.18202972,84.18767548],[243041.85370255,431261.18180084,84.18918514],[243041.85392952,431261.18077087,84.18871498],[243041.85417175,431261.17887115,84.18756342],[243041.85523415,431261.17777252,84.18839121],[243041.85650826,431261.17651367,84.18943119],[243041.85737419,431261.17470551,84.18936729],[243041.85844803,431261.17302704,84.18974161],[243041.8595314,431261.17076111,84.1896615],[243041.8595562,431261.16931152,84.18852472],[243041.85937309,431261.16773987,84.18695021],[243041.85961533,431261.16584015,84.18579864],[243041.86068916,431261.16416168,84.18617201],[243041.86177635,431261.16160583,84.18586445],[243041.86264801,431261.15950775,84.18557262],[243041.86391258,431261.15911102,84.18729401],[243041.8652153,431261.15639496,84.18719721],[243041.86586571,431261.1550293,84.18714905],[243041.86715889,431261.15289307,84.18750715],[243041.86844444,431261.15132904,84.18832064],[243041.86949921,431261.1510849,84.18983459],[243041.8707695,431261.15068054,84.19156122],[243041.87184525,431261.14928436,84.19216537],[243041.87314224,431261.14713287,84.19252586],[243041.87400055,431261.14618683,84.19314623],[243041.87506866,431261.14536285,84.19420814],[243041.87636375,431261.14350128,84.19479752],[243041.87702751,431261.14156342,84.19429302],[243041.87790298,431261.13945007,84.19400072],[243041.8789978,431261.1368866,84.19369221],[243041.87794876,431261.13626862,84.19148874],[243041.87668991,431261.13552856,84.1888485],[243041.87543297,431261.13479614,84.18621206],[243041.87438583,431261.13417816,84.18401813],[243041.87503433,431261.13310242,84.18419647],[243041.8763237,431261.13153839,84.18500948],[243041.87738419,431261.13128662,84.18652201],[243041.87822151,431261.1317749,84.18828011],[243041.87819862,431261.13001251,84.18743992],[243041.87726974,431261.13034058,84.18588209],[243041.87649155,431261.12931061,84.184165],[243041.8760376,431261.12788391,84.18290663],[243041.87613106,431261.12619781,84.18254042],[243041.87693214,431261.12405396,84.1832943],[243041.87751389,431261.1217804,84.1836133],[243041.87765312,431261.11924744,84.18306446],[243041.87665558,431261.1180954,84.18091774],[243041.87566948,431261.11810303,84.17916203],[243041.875,431261.11656189,84.17747641],[243041.87535858,431261.11416626,84.1773634],[243041.87577629,431261.11209869,84.17745447],[243041.87663269,431261.1102829,84.17841101],[243041.87767601,431261.11058807,84.18037033],[243041.87855721,431261.11109161,84.18210316],[243041.87958908,431261.11023712,84.18367767],[243041.88011169,431261.10765076,84.18379116],[243041.87992477,431261.10552216,84.18278646],[243041.87893867,431261.10553741,84.18103075],[243041.87805748,431261.10503387,84.17929935],[243041.87738609,431261.10350037,84.17761564],[243041.87640381,431261.10352325,84.17586517],[243041.87549019,431261.10501862,84.17470598],[243041.87451935,431261.10618591,84.17334318],[243041.87376785,431261.10749054,84.1724124],[243041.8727417,431261.1083374,84.17084694],[243041.87180901,431261.10752106,84.16892195],[243041.87178802,431261.10520172,84.16815472],[243041.87252808,431261.10275269,84.16870022],[243041.87316132,431261.10081482,84.16922283],[243041.87395859,431261.09867859,84.16997147],[243041.87492752,431261.09751129,84.17133093],[243041.87561989,431261.09589386,84.17205715],[243041.8765316,431261.0943985,84.17321396],[243041.87763023,431261.09501648,84.17536879],[243041.87865829,431261.09415436,84.17693567],[243041.87957191,431261.092659,84.17809486],[243041.88032341,431261.091362,84.17902708],[243041.88141251,431261.09082031,84.18080139],[243041.8825016,431261.09027863,84.18257713],[243041.88331413,431261.08929443,84.1837163],[243041.88428879,431261.08811951,84.18508387],[243041.88504219,431261.08681488,84.18601847],[243041.88545799,431261.08474731,84.18610859],[243041.88543129,431261.08243561,84.18533182],[243041.88530159,431261.0806427,84.1845336],[243041.88533401,431261.07865906,84.1839633],[243041.88624954,431261.07715607,84.1851244],[243041.88688469,431261.0752182,84.18564749],[243041.88750648,431261.0721283,84.18578243],[243041.88678551,431261.07144165,84.18427896],[243041.88597488,431261.07243347,84.18314171],[243041.88529396,431261.07520294,84.18280125],[243041.88484001,431261.07380676,84.18155003],[243041.88448906,431261.07190704,84.18032265],[243041.88506508,431261.06964874,84.18064022],[243041.8850975,431261.06767273,84.18007278],[243041.88418579,431261.06916809,84.17891502],[243041.88344574,431261.07161713,84.17837048],[243041.88297462,431261.07335663,84.17807484],[243041.88277817,431261.07553864,84.1784153],[243041.8820858,431261.07715607,84.1776886],[243041.88105774,431261.07801819,84.17612314],[243041.8800621,431261.07689667,84.17399359],[243041.88009644,431261.07492065,84.17342901],[243041.87991142,431261.07281494,84.17243481],[243041.87940216,431261.07111359,84.17098904],[243041.87927628,431261.06933594,84.17019987],[243041.87925148,431261.06704712,84.16943455],[243041.87944603,431261.06487274,84.1690979],[243041.87958336,431261.06239319,84.16855907],[243041.87972069,431261.05991364,84.16802072],[243041.87997437,431261.05805969,84.16788721],[243041.88093948,431261.05688477,84.16924095],[243041.88213921,431261.05696106,84.17140627],[243041.88291359,431261.05794525,84.17309952],[243041.88422966,431261.05865479,84.17567682],[243041.88515472,431261.05830383,84.17721653],[243041.88624191,431261.05774689,84.17898369],[243041.88715553,431261.05625153,84.18014002],[243041.8878479,431261.05463409,84.18086624],[243041.88858414,431261.05218506,84.18141031],[243041.88920403,431261.04911041,84.18154573],[243041.88995552,431261.04780579,84.18247604],[243041.89025116,431261.04512787,84.18215799],[243041.88963509,431261.04394531,84.18068361],[243041.88842964,431261.04387665,84.17850923],[243041.8872261,431261.04380798,84.17633772],[243041.88677216,431261.04243469,84.17509556],[243041.88752174,431261.04113007,84.17602205],[243041.88827133,431261.03983307,84.17694902],[243041.88765717,431261.03865814,84.17548084],[243041.88655853,431261.03807831,84.17333651],[243041.88584137,431261.03742218,84.17184877],[243041.88500977,431261.03613281,84.16995764],[243041.8853054,431261.03347015,84.16964483],[243041.88549805,431261.03131866,84.16930962],[243041.88579369,431261.02865601,84.16899729],[243041.88608932,431261.02600098,84.16868496],[243041.88660431,431261.02345276,84.16879988],[243041.88733673,431261.02102661,84.16934156],[243041.88763237,431261.01837158,84.16902924]]",dji_pose_mesh_ray_contour_nodes,
79,77,3,SPL,1617.3474,3087.2186,1583,3073,1643,3108,60,35,970,243041.81921959,431261.27706146,84.1948905,dji_pose_mesh_ray_centroid,True,True,1113122,2.047583,warp,,1617.3474,3087.2186,1,1,1.0,1,2.047583,2.047583,95,95,1.0,"[[1634.5,3107.0],[1634.0,3106.5],[1633.0,3106.5],[1632.0,3106.5],[1631.0,3106.5],[1630.0,3106.5],[1629.5,3106.0],[1629.5,3105.0],[1629.5,3104.0],[1630.0,3103.5],[1630.5,3103.0],[1631.0,3102.5],[1631.5,3102.0],[1631.5,3101.0],[1631.5,3100.0],[1631.0,3099.5],[1630.5,3099.0],[1630.0,3098.5],[1629.0,3098.5],[1628.0,3098.5],[1627.0,3098.5],[1626.5,3099.0],[1626.0,3099.5],[1625.0,3099.5],[1624.0,3099.5],[1623.0,3099.5],[1622.0,3099.5],[1621.0,3099.5],[1620.0,3099.5],[1619.0,3099.5],[1618.0,3099.5],[1617.0,3099.5],[1616.5,3099.0],[1616.0,3098.5],[1615.5,3098.0],[1615.0,3097.5],[1614.5,3097.0],[1614.5,3096.0],[1614.5,3095.0],[1614.0,3094.5],[1613.5,3094.0],[1613.5,3093.0],[1613.5,3092.0],[1613.0,3091.5],[1612.5,3091.0],[1612.0,3090.5],[1611.5,3090.0],[1611.0,3089.5],[1610.5,3089.0],[1610.0,3088.5],[1609.0,3088.5],[1608.0,3088.5],[1607.5,3089.0],[1607.0,3089.5],[1606.0,3089.5],[1605.0,3089.5],[1604.0,3089.5],[1603.5,3090.0],[1603.0,3090.5],[1602.0,3090.5],[1601.0,3090.5],[1600.0,3090.5],[1599.5,3090.0],[1599.0,3089.5],[1598.0,3089.5],[1597.0,3089.5],[1596.0,3089.5],[1595.5,3090.0],[1595.0,3090.5],[1594.0,3090.5],[1593.0,3090.5],[1592.0,3090.5],[1591.5,3090.0],[1591.5,3089.0],[1591.5,3088.0],[1591.5,3087.0],[1591.5,3086.0],[1591.0,3085.5],[1590.5,3085.0],[1590.0,3084.5],[1589.5,3084.0],[1589.0,3083.5],[1588.5,3083.0],[1588.0,3082.5],[1587.5,3082.0],[1587.5,3081.0],[1587.0,3080.5],[1586.5,3080.0],[1586.0,3079.5],[1585.5,3079.0],[1585.0,3078.5],[1584.5,3078.0],[1584.0,3077.5],[1583.5,3077.0],[1583.0,3076.5]]","[[243041.81607246,431261.26464081,84.1869688],[243041.81614304,431261.26498413,84.18716717],[243041.81600952,431261.26548767,84.18715429],[243041.81587791,431261.26599121,84.18714094],[243041.8157444,431261.26650238,84.18712759],[243041.81561279,431261.26700592,84.18711472],[243041.81568336,431261.26734924,84.18731308],[243041.81595612,431261.26753998,84.18772364],[243041.81623077,431261.26773071,84.18813467],[243041.81643295,431261.2675705,84.18834686],[243041.81663704,431261.26741028,84.18855858],[243041.81683922,431261.26725769,84.18877077],[243041.8170414,431261.26709747,84.18898296],[243041.81731606,431261.26728821,84.189394],[243041.81759071,431261.26747894,84.18980551],[243041.81766129,431261.26782227,84.19000483],[243041.81773186,431261.26817322,84.19020367],[243041.81780243,431261.26851654,84.19040298],[243041.81766891,431261.26902008,84.19039011],[243041.81753731,431261.26952362,84.19037676],[243041.81740379,431261.27003479,84.19036388],[243041.81720161,431261.27018738,84.19015121],[243041.81699753,431261.2703476,84.18993902],[243041.81686592,431261.27085114,84.18992567],[243041.81673241,431261.27135468,84.1899128],[243041.8166008,431261.27185822,84.18989944],[243041.81646729,431261.27236938,84.18988657],[243041.81633568,431261.27287292,84.18987322],[243041.81620216,431261.27337646,84.18986034],[243041.81607056,431261.27388,84.18984699],[243041.81593704,431261.27439117,84.18983364],[243041.81580544,431261.27489471,84.18982077],[243041.81587601,431261.27523804,84.19002008],[243041.81594658,431261.27558899,84.1902194],[243041.81601715,431261.27593994,84.19041824],[243041.81608772,431261.27628326,84.19061804],[243041.81615829,431261.27663422,84.19081736],[243041.81643295,431261.27682495,84.19122934],[243041.8167057,431261.27701569,84.19164133],[243041.81677628,431261.27736664,84.19184113],[243041.81684685,431261.27770996,84.19204044],[243041.81712151,431261.2779007,84.19245291],[243041.81739616,431261.27809143,84.19286537],[243041.81746674,431261.27844238,84.19306564],[243041.81753731,431261.27879333,84.19326544],[243041.81760979,431261.27914429,84.19346523],[243041.81768036,431261.27948761,84.19366503],[243041.81775093,431261.27983856,84.19386482],[243041.8178215,431261.28018951,84.19406509],[243041.81789207,431261.28054047,84.19426489],[243041.81776047,431261.28104401,84.19425201],[243041.81762695,431261.28154755,84.19423866],[243041.81742287,431261.28170776,84.19402552],[243041.81721878,431261.28186035,84.19381285],[243041.81708717,431261.28237152,84.1937995],[243041.81695366,431261.28287506,84.19378662],[243041.81682014,431261.2833786,84.19377327],[243041.81661797,431261.28353882,84.19356012],[243041.81641388,431261.28369904,84.19334745],[243041.81628227,431261.28420258,84.1933341],[243041.81614876,431261.28470612,84.19332123],[243041.81601524,431261.28521729,84.19330788],[243041.81608582,431261.28556824,84.19350815],[243041.81615639,431261.28591156,84.19370794],[243041.81602478,431261.28642273,84.19369507],[243041.81589127,431261.28692627,84.19368172],[243041.81575966,431261.28743744,84.19366884],[243041.81555557,431261.28759003,84.1934557],[243041.81535149,431261.28775024,84.19324255],[243041.81521797,431261.28825378,84.19322967],[243041.81508636,431261.28875732,84.19321632],[243041.81495285,431261.28926849,84.19320345],[243041.81502342,431261.28961945,84.19340324],[243041.81529808,431261.28981018,84.19381666],[243041.81557274,431261.29000092,84.1942296],[243041.8158474,431261.29019928,84.1946435],[243041.81612206,431261.29039001,84.19505691],[243041.81619263,431261.29074097,84.19525719],[243041.8162632,431261.29109192,84.19545746],[243041.81633377,431261.29144287,84.19565773],[243041.81640434,431261.29179382,84.19585848],[243041.81647491,431261.29214478,84.19605875],[243041.81654549,431261.29249573,84.1962595],[243041.81661797,431261.29284668,84.19645977],[243041.81668854,431261.29319763,84.19666052],[243041.8169632,431261.29338837,84.19707489],[243041.81703377,431261.29373932,84.19727564],[243041.81710434,431261.29409027,84.19747639],[243041.81717682,431261.29444122,84.19767666],[243041.81724739,431261.29479218,84.19787788],[243041.81731796,431261.29515076,84.19807863],[243041.81738853,431261.29550171,84.19827938],[243041.81746101,431261.29585266,84.19848061],[243041.81753159,431261.29620361,84.19868135],[243041.81760216,431261.29655457,84.19888258]]",dji_pose_mesh_ray_contour_nodes,
80,78,3,SPL,1568.6923,3080.2179,1562,3075,1579,3087,17,12,78,243041.81467438,431261.30309296,84.19715404,dji_pose_mesh_ray_centroid,True,True,1113122,2.057816,warp,,1568.6923,3080.2179,1,1,1.0,1,2.057816,2.057816,21,21,1.0,"[[1578.0,3076.5],[1577.0,3076.5],[1576.5,3077.0],[1576.0,3077.5],[1575.0,3077.5],[1574.5,3078.0],[1574.0,3078.5],[1573.0,3078.5],[1572.5,3079.0],[1572.0,3079.5],[1571.0,3079.5],[1570.5,3080.0],[1570.0,3080.5],[1569.0,3080.5],[1568.5,3081.0],[1568.5,3082.0],[1568.5,3083.0],[1568.5,3084.0],[1568.5,3085.0],[1568.0,3085.5],[1567.5,3086.0]]","[[243041.81693649,431261.29909515,84.19881725],[243041.81680298,431261.29959869,84.19880438],[243041.81659889,431261.29975891,84.19859028],[243041.81639481,431261.2999115,84.19837618],[243041.81626129,431261.30042267,84.1983633],[243041.81605721,431261.30057526,84.1981492],[243041.81585312,431261.30073547,84.19793558],[243041.81572151,431261.30123901,84.19792223],[243041.81551743,431261.30139923,84.19770861],[243041.81531143,431261.30155182,84.19749451],[243041.81517982,431261.30206299,84.19748163],[243041.81497574,431261.30221558,84.19726753],[243041.81477165,431261.30237579,84.19705391],[243041.81463814,431261.30287933,84.19704103],[243041.81443405,431261.30303955,84.19682693],[243041.81415939,431261.30284119,84.19641256],[243041.81388474,431261.30264282,84.19599819],[243041.81361008,431261.30245209,84.1955843],[243041.81333733,431261.30225372,84.19516993],[243041.81313324,431261.30240631,84.19495678],[243041.81292915,431261.30256653,84.19474316]]",dji_pose_mesh_ray_contour_nodes,
81,79,3,SPL,1725.7143,3081.3469,1712,3075,1741,3090,29,15,294,243041.83749199,431261.22491455,84.19793606,dji_pose_mesh_ray_centroid,True,True,285953,2.033211,warp,,1725.7143,3081.3469,1,1,1.0,1,2.033211,2.033211,29,29,1.0,"[[1712.0,3080.5],[1712.5,3080.0],[1712.5,3079.0],[1713.0,3078.5],[1713.5,3078.0],[1714.0,3077.5],[1714.5,3077.0],[1715.0,3076.5],[1715.5,3076.0],[1716.0,3075.5],[1717.0,3075.5],[1718.0,3075.5],[1719.0,3075.5],[1720.0,3075.5],[1720.5,3076.0],[1721.0,3076.5],[1722.0,3076.5],[1723.0,3076.5],[1724.0,3076.5],[1724.5,3077.0],[1725.0,3077.5],[1725.5,3077.0],[1726.0,3076.5],[1727.0,3076.5],[1727.5,3076.0],[1728.0,3075.5],[1729.0,3075.5],[1730.0,3075.5],[1730.5,3075.0]]","[[243041.83470535,431261.23120117,84.198524],[243041.83491516,431261.23104095,84.19873571],[243041.83511925,431261.23117828,84.19917488],[243041.83532906,431261.23101807,84.1993866],[243041.83553886,431261.23086548,84.19959879],[243041.83574677,431261.23070526,84.1998105],[243041.83595848,431261.23054504,84.2000227],[243041.83616829,431261.23039246,84.20023441],[243041.8363781,431261.23023224,84.20044661],[243041.83658791,431261.23007202,84.20065832],[243041.83680344,431261.22962189,84.20064306],[243041.83701897,431261.22917175,84.20062733],[243041.8372345,431261.22872162,84.20061159],[243041.83745193,431261.22827148,84.20059586],[243041.83745766,431261.22798157,84.20036793],[243041.83746338,431261.22769165,84.20014048],[243041.83767891,431261.22724152,84.20012474],[243041.83789444,431261.22679138,84.200109],[243041.83811188,431261.22634125,84.20009327],[243041.8381176,431261.2260437,84.19986534],[243041.83812332,431261.22575378,84.19963789],[243041.83833313,431261.22559357,84.19984961],[243041.83854294,431261.22544098,84.2000618],[243041.83875847,431261.22499084,84.20004606],[243041.83897018,431261.22483063,84.20025778],[243041.83917999,431261.22467041,84.20046997],[243041.83939552,431261.22422028,84.20045423],[243041.83961105,431261.22377014,84.2004385],[243041.83982277,431261.22360992,84.20065069]]",dji_pose_mesh_ray_contour_nodes,
82,80,3,SPL,1540.25,3076.625,1539,3076,1543,3079,4,3,8,243041.81231117,431261.31858826,84.19812059,dji_pose_mesh_ray_centroid,True,True,285970,2.064414,warp,,1540.25,3076.625,1,1,1.0,1,2.064414,2.064414,4,4,1.0,"[[1542.0,3076.5],[1541.5,3077.0],[1541.0,3077.5],[1540.5,3078.0]]","[[243041.81244087,431261.31761932,84.19824362],[243041.81227684,431261.31780243,84.19801521],[243041.8121109,431261.31798553,84.19778728],[243041.81194687,431261.31816864,84.19755936]]",dji_pose_mesh_ray_contour_nodes,
83,81,3,SPL,1696.3642,3085.5563,1690,3077,1704,3094,14,17,151,243041.83030701,431261.23754883,84.1965518,dji_pose_mesh_ray_centroid,True,True,285953,2.034536,warp,,1696.3642,3085.5563,1,1,1.0,1,2.034536,2.034536,24,24,1.0,"[[1703.0,3080.5],[1702.5,3081.0],[1702.5,3082.0],[1702.0,3082.5],[1701.5,3083.0],[1701.5,3084.0],[1701.0,3084.5],[1700.5,3085.0],[1700.5,3086.0],[1700.5,3087.0],[1700.5,3088.0],[1700.5,3089.0],[1700.5,3090.0],[1700.5,3091.0],[1701.0,3091.5],[1701.5,3092.0],[1701.0,3092.5],[1700.0,3092.5],[1699.0,3092.5],[1698.0,3092.5],[1697.0,3092.5],[1696.0,3092.5],[1695.0,3092.5],[1694.5,3093.0]]","[[243041.83276367,431261.23525238,84.19866562],[243041.83255386,431261.23540497,84.1984539],[243041.83235168,431261.23526764,84.19801521],[243041.83214188,431261.23542786,84.1978035],[243041.83193398,431261.23558807,84.19759178],[243041.83172989,431261.23545074,84.19715309],[243041.83152008,431261.23561096,84.19694185],[243041.83131218,431261.23576355,84.19673061],[243041.83110809,431261.23562622,84.19629192],[243041.83090591,431261.23549652,84.19585323],[243041.83070183,431261.23535919,84.19541502],[243041.83049965,431261.23522186,84.19497681],[243041.83029747,431261.23509216,84.19453907],[243041.83009529,431261.23495483,84.19410086],[243041.83010101,431261.23466492,84.19387388],[243041.83010674,431261.23436737,84.19364738],[243041.82989883,431261.23452759,84.19343615],[243041.8296833,431261.23497772,84.19345188],[243041.82946777,431261.23542786,84.19346809],[243041.82925224,431261.23587799,84.19348383],[243041.82903671,431261.2363205,84.19349956],[243041.82882309,431261.23677063,84.1935153],[243041.82860756,431261.23722076,84.19353151],[243041.82839775,431261.23738098,84.19332075]]",dji_pose_mesh_ray_contour_nodes,
84,82,3,SPL,1753.0,3078.0,1753,3078,1754,3079,1,1,1,243041.84407425,431261.21307373,84.19897699,dji_pose_mesh_ray_centroid,True,True,285953,2.032006,warp,,1753.0,3078.0,1,1,1.0,1,2.032006,2.032006,1,1,1.0,"[[1753.0,3078.0]]","[[243041.84407425,431261.21307373,84.19897699]]",dji_pose_mesh_ray_contour_nodes,
85,83,3,SPL,1546.0667,3090.3333,1539,3080,1561,3098,22,18,195,243041.80888939,431261.31259155,84.19266987,dji_pose_mesh_ray_centroid,True,True,1113122,2.05986,warp,,1546.0667,3090.3333,1,1,1.0,1,2.05986,2.05986,29,29,1.0,"[[1544.5,3080.0],[1544.5,3081.0],[1545.0,3081.5],[1545.5,3082.0],[1546.0,3082.5],[1546.5,3083.0],[1547.0,3083.5],[1548.0,3083.5],[1548.5,3084.0],[1548.5,3085.0],[1549.0,3085.5],[1549.5,3086.0],[1549.5,3087.0],[1550.0,3087.5],[1550.5,3088.0],[1550.5,3089.0],[1551.0,3089.5],[1551.5,3090.0],[1552.0,3090.5],[1552.5,3091.0],[1553.0,3091.5],[1554.0,3091.5],[1555.0,3091.5],[1556.0,3091.5],[1557.0,3091.5],[1558.0,3091.5],[1559.0,3091.5],[1559.5,3092.0],[1560.0,3092.5]]","[[243041.8116169,431261.31550598,84.19689178],[243041.81134224,431261.31531525,84.19647694],[243041.81123352,431261.31492615,84.19629002],[243041.81112289,431261.31454468,84.1961031],[243041.81102562,431261.31417847,84.19591141],[243041.81095505,431261.31381989,84.19571114],[243041.81088448,431261.31346893,84.19551039],[243041.81101799,431261.31295776,84.19552326],[243041.81094742,431261.31260681,84.19532251],[243041.81067276,431261.31240845,84.19490862],[243041.8106041,431261.3120575,84.19470787],[243041.81053352,431261.31170654,84.1945076],[243041.81025887,431261.31150818,84.1940937],[243041.81018829,431261.3111496,84.19389343],[243041.81011963,431261.31079865,84.19369316],[243041.80984497,431261.31060028,84.19327974],[243041.8097744,431261.31024933,84.19307899],[243041.80970383,431261.30989838,84.1928792],[243041.80963516,431261.30954742,84.19267893],[243041.80956459,431261.30919647,84.19247913],[243041.80949402,431261.30884552,84.19227886],[243041.80962753,431261.30833435,84.19229174],[243041.80975914,431261.30783081,84.19230509],[243041.80989265,431261.30731964,84.19231844],[243041.81002617,431261.3068161,84.19233131],[243041.81015968,431261.30630493,84.19234467],[243041.81029129,431261.30580139,84.19235754],[243041.81022263,431261.30544281,84.19215774],[243041.81015205,431261.30509186,84.19195747]]",dji_pose_mesh_ray_contour_nodes,
86,84,3,SPL,478.5973,3094.1549,463,3084,502,3112,39,28,452,243041.62881851,431261.82777405,84.19005299,dji_pose_mesh_ray_centroid,True,True,1113147,2.271849,warp,,478.5973,3094.1549,1,1,1.0,1,2.271849,2.271849,61,61,1.0,"[[501.0,3090.5],[500.5,3091.0],[500.0,3091.5],[499.0,3091.5],[498.0,3091.5],[497.5,3092.0],[497.0,3092.5],[496.0,3092.5],[495.5,3093.0],[495.0,3093.5],[494.0,3093.5],[493.5,3094.0],[493.0,3094.5],[492.0,3094.5],[491.0,3094.5],[490.0,3094.5],[489.5,3094.0],[489.0,3093.5],[488.0,3093.5],[487.0,3093.5],[486.5,3093.0],[486.0,3092.5],[485.0,3092.5],[484.0,3092.5],[483.5,3093.0],[483.0,3093.5],[482.0,3093.5],[481.0,3093.5],[480.0,3093.5],[479.0,3093.5],[478.0,3093.5],[477.5,3094.0],[477.0,3094.5],[476.0,3094.5],[475.5,3095.0],[475.5,3096.0],[475.0,3096.5],[474.5,3097.0],[474.5,3098.0],[474.0,3098.5],[473.5,3099.0],[473.0,3099.5],[472.5,3100.0],[472.5,3101.0],[473.0,3101.5],[473.5,3102.0],[473.5,3103.0],[473.5,3104.0],[473.5,3105.0],[473.5,3106.0],[473.5,3107.0],[473.0,3107.5],[472.5,3108.0],[472.0,3108.5],[471.0,3108.5],[470.5,3109.0],[470.0,3109.5],[469.5,3110.0],[469.0,3110.5],[468.0,3110.5],[467.5,3111.0]]","[[243041.63279152,431261.81716919,84.19185781],[243041.63259888,431261.81728363,84.19164562],[243041.63240433,431261.81739807,84.19143343],[243041.63226891,431261.81791687,84.19142008],[243041.63213158,431261.8184433,84.19140625],[243041.63193893,431261.81855774,84.19119406],[243041.63174438,431261.81867218,84.19098234],[243041.63160896,431261.81919098,84.19096851],[243041.63141441,431261.81930542,84.19075632],[243041.63122177,431261.81941986,84.19054413],[243041.63108444,431261.81993866,84.19053078],[243041.6308918,431261.8200531,84.19031858],[243041.63069916,431261.82016754,84.19010639],[243041.63056183,431261.82068634,84.19009304],[243041.63042641,431261.82121277,84.19007969],[243041.63028908,431261.82173157,84.19006586],[243041.6303463,431261.82213593,84.19026422],[243041.63040352,431261.82254791,84.19046307],[243041.63026619,431261.82306671,84.19044924],[243041.63013077,431261.82358551,84.19043589],[243041.63018608,431261.8239975,84.19063425],[243041.6302433,431261.82440186,84.19083309],[243041.63010788,431261.82492065,84.19081926],[243041.62997055,431261.82544708,84.19080591],[243041.62977791,431261.82555389,84.19059372],[243041.62958336,431261.82566833,84.19038153],[243041.62944794,431261.82619476,84.19036818],[243041.62931061,431261.82671356,84.19035435],[243041.62917519,431261.82723236,84.190341],[243041.62903786,431261.82775879,84.19032717],[243041.62890053,431261.82827759,84.19031382],[243041.62870789,431261.82839203,84.19010162],[243041.62851524,431261.82850647,84.18988943],[243041.62837791,431261.82902527,84.18987608],[243041.62818527,431261.82913971,84.18966389],[243041.62793541,431261.82884216,84.18925333],[243041.62774277,431261.8289566,84.18904114],[243041.62755013,431261.82907104,84.18882942],[243041.62730026,431261.82878113,84.18841934],[243041.62710762,431261.82889557,84.18820715],[243041.62691498,431261.82900238,84.18799543],[243041.62672043,431261.82911682,84.18778372],[243041.62652779,431261.82923126,84.187572],[243041.62627983,431261.82894135,84.18716192],[243041.62622261,431261.82852936,84.18696403],[243041.6261673,431261.828125,84.18676615],[243041.62591743,431261.82783508,84.18635654],[243041.62566757,431261.82753754,84.18594742],[243041.62541962,431261.82724762,84.18553781],[243041.62516975,431261.82695007,84.18512917],[243041.6249218,431261.82666016,84.18472004],[243041.62472916,431261.8267746,84.1845088],[243041.62453651,431261.82688141,84.18429756],[243041.62434387,431261.82699585,84.18408632],[243041.62420845,431261.82752228,84.18407249],[243041.62401581,431261.82762909,84.18386173],[243041.62382317,431261.82774353,84.18365049],[243041.62363052,431261.82785797,84.18343925],[243041.62343788,431261.82797241,84.18322849],[243041.62330246,431261.82849121,84.18321466],[243041.62310982,431261.82860565,84.18300343]]",dji_pose_mesh_ray_contour_nodes,
87,85,3,SPL,1579.5537,3096.062,1568,3090,1592,3109,24,19,242,243041.81177711,431261.29449463,84.19074488,dji_pose_mesh_ray_centroid,True,True,1113122,2.052514,warp,,1579.5537,3096.062,1,1,1.0,1,2.052514,2.052514,31,31,1.0,"[[1591.0,3092.5],[1590.5,3093.0],[1590.5,3094.0],[1590.5,3095.0],[1590.0,3095.5],[1589.5,3096.0],[1589.5,3097.0],[1589.5,3098.0],[1589.5,3099.0],[1589.5,3100.0],[1589.0,3100.5],[1588.0,3100.5],[1587.0,3100.5],[1586.0,3100.5],[1585.0,3100.5],[1584.5,3101.0],[1584.0,3101.5],[1583.0,3101.5],[1582.0,3101.5],[1581.5,3102.0],[1581.0,3102.5],[1580.0,3102.5],[1579.0,3102.5],[1578.5,3103.0],[1578.0,3103.5],[1577.5,3104.0],[1577.5,3105.0],[1577.5,3106.0],[1577.5,3107.0],[1577.0,3107.5],[1576.5,3108.0]]","[[243041.81427193,431261.28938293,84.19236422],[243041.81406784,431261.28954315,84.19215155],[243041.81379509,431261.28935242,84.19173908],[243041.81352043,431261.28915405,84.19132662],[243041.81331825,431261.28931427,84.19111395],[243041.81311417,431261.28946686,84.1909008],[243041.81284142,431261.28927612,84.19048881],[243041.81256866,431261.28908539,84.19007683],[243041.81229401,431261.28888702,84.18966484],[243041.81202126,431261.28869629,84.18925285],[243041.81181908,431261.28884888,84.18904066],[243041.81168556,431261.28936005,84.18902731],[243041.81155205,431261.28986359,84.18901443],[243041.81142044,431261.29036713,84.18900108],[243041.81128693,431261.2908783,84.18898773],[243041.81108475,431261.29103088,84.18877554],[243041.81088257,431261.2911911,84.18856335],[243041.81074905,431261.29169464,84.18855],[243041.81061554,431261.29219818,84.18853664],[243041.81041336,431261.2923584,84.18832445],[243041.81021118,431261.29251099,84.18811226],[243041.81007767,431261.29301453,84.18809891],[243041.80994415,431261.2935257,84.18808556],[243041.80974197,431261.29367828,84.18787336],[243041.80953979,431261.29383087,84.18766117],[243041.80933762,431261.29399109,84.18744898],[243041.80906487,431261.29379272,84.18703794],[243041.80879211,431261.29360199,84.18662691],[243041.80851936,431261.29341125,84.18621588],[243041.80831718,431261.29356384,84.18600368],[243041.80811501,431261.29371643,84.18579197]]",dji_pose_mesh_ray_contour_nodes,
88,86,3,SPL,344.6212,3099.2273,338,3096,351,3103,13,7,66,243041.60921478,431261.89627075,84.18614292,dji_pose_mesh_ray_centroid,True,True,1113147,2.311819,warp,,344.6212,3099.2273,1,1,1.0,1,2.311819,2.311819,9,9,1.0,"[[338.0,3099.5],[339.0,3099.5],[340.0,3099.5],[340.5,3099.0],[341.0,3098.5],[341.5,3098.0],[342.0,3097.5],[342.5,3097.0],[342.5,3096.0]]","[[243041.60823822,431261.8996582,84.18594027],[243041.60837555,431261.89913177,84.18595409],[243041.60851288,431261.89861298,84.18596744],[243041.60870361,431261.89850616,84.18618011],[243041.60889626,431261.89839172,84.18639231],[243041.6090889,431261.89828491,84.1866045],[243041.60928154,431261.8981781,84.18681717],[243041.60947227,431261.89807129,84.18702936],[243041.60972023,431261.89837646,84.18744087]]",dji_pose_mesh_ray_contour_nodes,
89,87,3,SPL,1161.875,3097.125,1161,3096,1164,3099,3,3,8,243041.75611496,431261.50833893,84.1845212,dji_pose_mesh_ray_centroid,True,True,1113123,2.139687,warp,,1161.875,3097.125,1,1,1.0,1,2.139687,2.139687,2,2,1.0,"[[1162.5,3096.0],[1163.0,3096.5]]","[[243041.75653458,431261.50830841,84.18498325],[243041.75650406,431261.50796509,84.18477011]]",dji_pose_mesh_ray_contour_nodes,
90,88,3,SPL,1606.9878,3123.8702,1587,3098,1628,3153,41,55,986,243041.80783844,431261.27529907,84.17969847,dji_pose_mesh_ray_centroid,True,True,1113122,2.041913,warp,,1606.9878,3123.8702,1,1,1.0,1,2.041913,2.041913,135,135,1.0,"[[1627.0,3111.5],[1626.5,3112.0],[1626.5,3113.0],[1626.0,3113.5],[1625.5,3114.0],[1625.5,3115.0],[1625.0,3115.5],[1624.0,3115.5],[1623.0,3115.5],[1622.0,3115.5],[1621.0,3115.5],[1620.0,3115.5],[1619.5,3115.0],[1619.0,3114.5],[1618.0,3114.5],[1617.0,3114.5],[1616.0,3114.5],[1615.0,3114.5],[1614.5,3115.0],[1614.0,3115.5],[1613.5,3116.0],[1613.5,3117.0],[1614.0,3117.5],[1614.5,3118.0],[1615.0,3118.5],[1615.5,3119.0],[1616.0,3119.5],[1616.5,3120.0],[1617.0,3120.5],[1618.0,3120.5],[1618.5,3120.0],[1619.0,3119.5],[1620.0,3119.5],[1621.0,3119.5],[1622.0,3119.5],[1622.5,3120.0],[1622.5,3121.0],[1622.5,3122.0],[1622.5,3123.0],[1622.5,3124.0],[1622.5,3125.0],[1622.5,3126.0],[1622.5,3127.0],[1622.0,3127.5],[1621.0,3127.5],[1620.5,3127.0],[1620.0,3126.5],[1619.0,3126.5],[1618.5,3126.0],[1618.0,3125.5],[1617.0,3125.5],[1616.0,3125.5],[1615.0,3125.5],[1614.0,3125.5],[1613.0,3125.5],[1612.0,3125.5],[1611.0,3125.5],[1610.5,3125.0],[1610.0,3124.5],[1609.5,3124.0],[1609.0,3123.5],[1608.0,3123.5],[1607.5,3124.0],[1607.5,3125.0],[1607.5,3126.0],[1608.0,3126.5],[1609.0,3126.5],[1609.5,3127.0],[1610.0,3127.5],[1610.5,3128.0],[1610.5,3129.0],[1610.0,3129.5],[1609.5,3130.0],[1609.5,3131.0],[1609.0,3131.5],[1608.5,3132.0],[1608.0,3132.5],[1607.5,3133.0],[1607.5,3134.0],[1607.5,3135.0],[1607.0,3135.5],[1606.5,3136.0],[1606.5,3137.0],[1606.5,3138.0],[1606.5,3139.0],[1607.0,3139.5],[1607.5,3140.0],[1608.0,3140.5],[1609.0,3140.5],[1610.0,3140.5],[1611.0,3140.5],[1611.5,3140.0],[1612.0,3139.5],[1612.5,3139.0],[1612.5,3138.0],[1613.0,3137.5],[1614.0,3137.5],[1615.0,3137.5],[1616.0,3137.5],[1617.0,3137.5],[1618.0,3137.5],[1618.5,3138.0],[1618.5,3139.0],[1619.0,3139.5],[1619.5,3140.0],[1619.5,3141.0],[1620.0,3141.5],[1620.5,3142.0],[1620.5,3143.0],[1621.0,3143.5],[1621.5,3144.0],[1622.0,3144.5],[1622.5,3145.0],[1623.0,3145.5],[1623.5,3146.0],[1623.5,3147.0],[1623.0,3147.5],[1622.0,3147.5],[1621.0,3147.5],[1620.0,3147.5],[1619.0,3147.5],[1618.5,3148.0],[1618.0,3148.5],[1617.0,3148.5],[1616.0,3148.5],[1615.0,3148.5],[1614.0,3148.5],[1613.5,3149.0],[1613.0,3149.5],[1612.0,3149.5],[1611.5,3150.0],[1611.0,3150.5],[1610.5,3151.0],[1610.0,3151.5],[1609.5,3152.0]]","[[243041.8138504,431261.2675705,84.18502426],[243041.81364822,431261.26773071,84.18481255],[243041.81337547,431261.26753998,84.18440294],[243041.81317329,431261.26769257,84.18419123],[243041.81297112,431261.26785278,84.18397999],[243041.81269836,431261.26766205,84.18357086],[243041.81249619,431261.26782227,84.18335915],[243041.81236458,431261.26832581,84.18334627],[243041.81223106,431261.26882935,84.18333292],[243041.81209946,431261.26933289,84.18331957],[243041.81196785,431261.26983643,84.18330622],[243041.81183434,431261.27033997,84.18329334],[243041.81190491,431261.27068329,84.18349123],[243041.81197548,431261.27103424,84.18368912],[243041.81184196,431261.27153778,84.18367577],[243041.81171036,431261.27204132,84.18366289],[243041.81157875,431261.27254486,84.18364954],[243041.81144524,431261.2730484,84.18363619],[243041.81124306,431261.27320862,84.18342495],[243041.81104088,431261.27336121,84.18321371],[243041.8108387,431261.27352142,84.18300247],[243041.81056786,431261.27333069,84.18259287],[243041.81049728,431261.27297974,84.18239498],[243041.81042671,431261.27263641,84.18219709],[243041.81035805,431261.27228546,84.18199921],[243041.81028748,431261.27194214,84.18180132],[243041.8102169,431261.27159882,84.18160391],[243041.81014824,431261.27124786,84.18140602],[243041.81007767,431261.27090454,84.18120813],[243041.81020927,431261.270401,84.18122148],[243041.81041145,431261.27024078,84.18143272],[243041.81061363,431261.2700882,84.18164349],[243041.81074715,431261.26958466,84.18165684],[243041.81087875,431261.26908112,84.18167019],[243041.81101036,431261.26857758,84.18168354],[243041.8109417,431261.26823425,84.18148565],[243041.81066895,431261.26804352,84.181077],[243041.8103981,431261.26785278,84.18066883],[243041.81012535,431261.26766205,84.18026018],[243041.80985451,431261.26747894,84.17985201],[243041.80958366,431261.26728821,84.17944384],[243041.80931091,431261.26709747,84.17903614],[243041.80904007,431261.26690674,84.17862844],[243041.80883789,431261.26706696,84.17841768],[243041.80870628,431261.2675705,84.17840433],[243041.80877495,431261.26791382,84.17860174],[243041.80884552,431261.26826477,84.17879868],[243041.80871391,431261.26876068,84.17878532],[243041.80878258,431261.26911163,84.17898273],[243041.80885315,431261.26945496,84.17918014],[243041.80871964,431261.2699585,84.17916679],[243041.80858803,431261.27046204,84.17915344],[243041.80845642,431261.27096558,84.17914009],[243041.80832481,431261.27146912,84.17912674],[243041.8081913,431261.27197266,84.17911339],[243041.80805969,431261.27246857,84.17910004],[243041.80792809,431261.27297211,84.17908668],[243041.80799675,431261.27332306,84.1792841],[243041.80806732,431261.27366638,84.17948151],[243041.80813599,431261.27401733,84.17967892],[243041.80820656,431261.27436066,84.17987633],[243041.80807304,431261.2748642,84.17986298],[243041.80787086,431261.27501678,84.17965221],[243041.80760002,431261.27483368,84.17924404],[243041.80732918,431261.27464294,84.17883587],[243041.80726051,431261.27429199,84.17863893],[243041.80739212,431261.27378845,84.17865229],[243041.80732346,431261.27344513,84.17845488],[243041.80725288,431261.27310181,84.17825746],[243041.80718422,431261.27275085,84.17806053],[243041.80691338,431261.27256012,84.17765284],[243041.8067112,431261.27272034,84.17744255],[243041.80650902,431261.27288055,84.17723227],[243041.80623817,431261.27268982,84.17682457],[243041.8060379,431261.27284241,84.17661428],[243041.80583572,431261.27300262,84.176404],[243041.80563545,431261.27315521,84.17619371],[243041.80543327,431261.27331543,84.17598391],[243041.80516243,431261.27312469,84.17557669],[243041.80489349,431261.27293396,84.17516994],[243041.80469131,431261.27309418,84.17496014],[243041.80449104,431261.27324677,84.17474985],[243041.8042202,431261.27305603,84.17434359],[243041.80395126,431261.27287292,84.17393684],[243041.80368042,431261.27268219,84.17353058],[243041.80361176,431261.27233887,84.1733346],[243041.80354309,431261.27198792,84.17313814],[243041.80347443,431261.27164459,84.17294168],[243041.80360603,431261.27114105,84.17295551],[243041.80373764,431261.27064514,84.17296886],[243041.80386925,431261.2701416,84.17298222],[243041.80407143,431261.26998138,84.17319202],[243041.8042717,431261.2698288,84.17340136],[243041.80447197,431261.26966858,84.17361116],[243041.80474281,431261.26985931,84.17401743],[243041.80494308,431261.2696991,84.17422724],[243041.80507469,431261.26920319,84.17424107],[243041.80520821,431261.26869965,84.17425442],[243041.80533981,431261.26819611,84.17426777],[243041.80547142,431261.26769257,84.17428112],[243041.80560303,431261.26719666,84.17429447],[243041.80553436,431261.2668457,84.17409801],[243041.80526352,431261.2666626,84.17369175],[243041.80519485,431261.26631927,84.17349577],[243041.80512619,431261.26596832,84.17329931],[243041.80485535,431261.26578522,84.17289352],[243041.80478668,431261.26544189,84.17269754],[243041.80471802,431261.26509094,84.17250109],[243041.80444717,431261.26490784,84.17209578],[243041.80437851,431261.26456451,84.17189932],[243041.80430984,431261.26422119,84.17170334],[243041.80424118,431261.26387787,84.17150736],[243041.80417252,431261.26352692,84.17131185],[243041.80410385,431261.26318359,84.17111587],[243041.80403519,431261.26284027,84.17091989],[243041.80376434,431261.26265717,84.17051506],[243041.80356407,431261.26280975,84.17030573],[243041.80343246,431261.26331329,84.17029238],[243041.80330086,431261.26381683,84.17027855],[243041.80316925,431261.26431274,84.1702652],[243041.80303764,431261.26481628,84.17025185],[243041.80283737,431261.26496887,84.17004251],[243041.8026371,431261.26512909,84.16983318],[243041.80250359,431261.26563263,84.16981983],[243041.80237198,431261.26612854,84.16980648],[243041.80224037,431261.26663208,84.16979313],[243041.80210876,431261.26712799,84.1697793],[243041.80190849,431261.26728821,84.16957045],[243041.80170822,431261.2674408,84.16936111],[243041.80157661,431261.26794434,84.16934776],[243041.80137634,431261.26810455,84.16913843],[243041.80117607,431261.26825714,84.16892958],[243041.8009758,431261.26841736,84.16872072],[243041.80077553,431261.26856995,84.16851139],[243041.80057526,431261.26873016,84.16830254]]",dji_pose_mesh_ray_contour_nodes,
91,89,3,SPL,1563.2432,3107.0541,1557,3103,1570,3111,13,8,37,243041.80661201,431261.30060577,84.18600512,dji_pose_mesh_ray_centroid,True,True,1113122,2.053207,warp,,1563.2432,3107.0541,1,1,1.0,1,2.053207,2.053207,17,17,1.0,"[[1558.5,3103.0],[1559.0,3103.5],[1560.0,3103.5],[1560.5,3104.0],[1560.5,3105.0],[1561.0,3105.5],[1562.0,3105.5],[1563.0,3105.5],[1564.0,3105.5],[1565.0,3105.5],[1565.5,3106.0],[1566.0,3106.5],[1566.5,3107.0],[1567.0,3107.5],[1568.0,3107.5],[1568.5,3108.0],[1569.0,3108.5]]","[[243041.80708694,431261.30379486,84.18760967],[243041.80701637,431261.30344391,84.18741035],[243041.80714989,431261.30294037,84.18742371],[243041.80707932,431261.30258942,84.18722439],[243041.80680656,431261.30239105,84.18681335],[243041.8067379,431261.3020401,84.18661404],[243041.80687141,431261.30153656,84.18662739],[243041.80700302,431261.30103302,84.18664074],[243041.80713654,431261.30052185,84.18665409],[243041.80726814,431261.30001831,84.18666697],[243041.80719948,431261.29966736,84.18646812],[243041.80712891,431261.29931641,84.18626928],[243041.80706024,431261.29896545,84.18607044],[243041.80698967,431261.29862213,84.1858716],[243041.80712318,431261.29811096,84.18588495],[243041.80705261,431261.29776001,84.18568611],[243041.80698395,431261.29741669,84.18548727]]",dji_pose_mesh_ray_contour_nodes,
92,90,3,SPL,2055.8254,3112.8254,2053,3106,2060,3122,7,16,63,243041.88796997,431261.06333923,84.18383551,dji_pose_mesh_ray_centroid,True,True,1113104,1.999241,warp,,2055.8254,3112.8254,1,1,1.0,1,1.999241,1.999241,16,16,1.0,"[[2059.0,3113.5],[2058.5,3114.0],[2058.5,3115.0],[2058.5,3116.0],[2058.0,3116.5],[2057.5,3117.0],[2057.0,3117.5],[2056.5,3118.0],[2056.0,3118.5],[2055.5,3118.0],[2055.0,3117.5],[2054.5,3117.0],[2054.0,3116.5],[2053.5,3116.0],[2053.5,3115.0],[2053.0,3114.5]]","[[243041.88815117,431261.06162262,84.18361568],[243041.88798904,431261.06182098,84.18338823],[243041.88776779,431261.06170654,84.1829567],[243041.88754654,431261.06158447,84.18252468],[243041.88738441,431261.06178284,84.18229771],[243041.88722229,431261.0619812,84.18207073],[243041.88706017,431261.06217957,84.18184328],[243041.88689804,431261.0623703,84.18161631],[243041.88673592,431261.06256866,84.18138933],[243041.88679504,431261.0628891,84.18159342],[243041.88685417,431261.0632019,84.18179798],[243041.88691139,431261.06352234,84.18200254],[243041.88697052,431261.06383514,84.18220711],[243041.88702965,431261.06415558,84.18241167],[243041.88724899,431261.06427765,84.18284368],[243041.88730812,431261.06459045,84.18304825]]",dji_pose_mesh_ray_contour_nodes,
93,91,3,SPL,4729.0658,3177.3022,4170,3106,5280,3253,1110,147,47042,243042.30339241,431259.79044342,84.16182375,dji_pose_mesh_ray_centroid,True,True,1111756,2.212612,warp,,4729.0658,3177.3022,1,1,1.0,1,2.212612,2.212612,256,256,1.0,"[[5279.0,3187.5],[5276.0,3184.5],[5275.5,3181.0],[5273.5,3177.0],[5271.5,3173.0],[5267.0,3173.5],[5264.5,3170.0],[5261.0,3167.5],[5256.0,3166.5],[5251.5,3168.0],[5248.0,3170.5],[5243.0,3171.5],[5239.0,3173.5],[5234.0,3174.5],[5230.0,3174.5],[5224.0,3174.5],[5220.0,3172.5],[5215.0,3171.5],[5210.0,3170.5],[5205.5,3169.0],[5200.0,3168.5],[5197.5,3170.0],[5195.0,3173.5],[5191.0,3173.5],[5185.0,3173.5],[5180.0,3174.5],[5176.5,3174.0],[5172.5,3172.0],[5168.0,3170.5],[5163.0,3169.5],[5160.0,3166.5],[5156.5,3164.0],[5153.0,3161.5],[5148.5,3160.0],[5145.5,3162.0],[5143.0,3165.5],[5139.0,3163.5],[5135.0,3161.5],[5132.5,3158.0],[5130.5,3154.0],[5126.0,3152.5],[5121.5,3151.0],[5117.0,3149.5],[5113.0,3147.5],[5108.0,3146.5],[5103.0,3145.5],[5099.5,3143.0],[5095.0,3141.5],[5090.0,3140.5],[5085.0,3139.5],[5080.0,3140.5],[5074.0,3140.5],[5070.0,3138.5],[5066.0,3140.5],[5061.0,3141.5],[5056.0,3142.5],[5051.0,3143.5],[5046.0,3144.5],[5040.0,3144.5],[5035.0,3145.5],[5029.5,3146.0],[5027.5,3150.0],[5027.5,3154.0],[5023.0,3155.5],[5020.0,3158.5],[5016.0,3160.5],[5011.5,3162.0],[5012.5,3167.0],[5011.5,3172.0],[5008.5,3175.0],[5006.0,3178.5],[5002.0,3180.5],[4997.5,3180.0],[4995.0,3183.5],[4992.0,3186.5],[4987.0,3187.5],[4981.0,3187.5],[4975.0,3187.5],[4969.0,3187.5],[4963.0,3187.5],[4957.0,3187.5],[4952.0,3186.5],[4948.0,3184.5],[4944.0,3182.5],[4940.0,3180.5],[4935.5,3179.0],[4931.0,3179.5],[4925.5,3180.0],[4921.0,3181.5],[4916.0,3182.5],[4911.0,3181.5],[4907.0,3179.5],[4902.0,3178.5],[4896.0,3178.5],[4891.0,3179.5],[4886.0,3178.5],[4882.0,3176.5],[4876.0,3176.5],[4874.0,3179.5],[4873.5,3184.0],[4869.5,3185.0],[4865.0,3183.5],[4860.0,3184.5],[4855.0,3185.5],[4850.0,3186.5],[4845.0,3187.5],[4839.0,3187.5],[4833.0,3187.5],[4827.0,3187.5],[4822.0,3188.5],[4819.5,3192.0],[4818.0,3196.5],[4813.0,3197.5],[4809.0,3195.5],[4805.0,3197.5],[4799.0,3197.5],[4793.0,3197.5],[4789.0,3195.5],[4785.0,3193.5],[4780.5,3193.0],[4775.0,3193.5],[4770.0,3194.5],[4765.0,3193.5],[4760.5,3194.0],[4757.0,3191.5],[4752.0,3190.5],[4747.0,3189.5],[4742.0,3188.5],[4736.0,3188.5],[4730.5,3188.0],[4725.0,3187.5],[4719.0,3187.5],[4713.0,3187.5],[4707.0,3187.5],[4701.0,3187.5],[4695.0,3187.5],[4691.0,3185.5],[4687.0,3185.5],[4681.0,3185.5],[4676.0,3184.5],[4672.0,3182.5],[4667.5,3181.0],[4663.5,3179.0],[4660.0,3176.5],[4656.0,3174.5],[4651.0,3173.5],[4646.0,3174.5],[4641.0,3175.5],[4638.0,3178.5],[4635.5,3182.0],[4632.5,3185.0],[4629.0,3187.5],[4623.0,3187.5],[4617.0,3187.5],[4611.0,3187.5],[4607.5,3190.0],[4606.5,3195.0],[4607.5,3200.0],[4607.5,3206.0],[4604.0,3208.5],[4600.0,3206.5],[4596.5,3204.0],[4593.5,3201.0],[4589.0,3201.5],[4584.0,3202.5],[4581.0,3205.5],[4578.0,3208.5],[4575.0,3211.5],[4572.0,3214.5],[4569.5,3218.0],[4567.5,3222.0],[4565.0,3225.5],[4561.0,3227.5],[4557.5,3230.0],[4554.0,3232.5],[4550.5,3235.0],[4546.0,3236.5],[4540.0,3236.5],[4534.5,3236.0],[4529.0,3235.5],[4523.0,3235.5],[4517.0,3235.5],[4512.5,3234.0],[4508.0,3232.5],[4503.0,3231.5],[4498.0,3230.5],[4493.0,3229.5],[4487.0,3229.5],[4482.5,3231.0],[4477.0,3231.5],[4473.5,3229.0],[4468.0,3228.5],[4464.0,3228.5],[4459.0,3229.5],[4454.0,3230.5],[4449.0,3229.5],[4444.5,3231.0],[4440.0,3232.5],[4434.0,3232.5],[4429.5,3234.0],[4426.5,3237.0],[4427.5,3242.0],[4424.0,3244.5],[4419.0,3243.5],[4415.0,3241.5],[4411.0,3239.5],[4407.0,3237.5],[4402.0,3236.5],[4397.0,3237.5],[4393.0,3239.5],[4388.0,3240.5],[4383.0,3239.5],[4377.5,3239.0],[4373.5,3237.0],[4369.5,3235.0],[4366.0,3232.5],[4361.5,3231.0],[4356.0,3230.5],[4351.0,3229.5],[4347.5,3232.0],[4345.0,3235.5],[4342.5,3239.0],[4338.0,3238.5],[4333.5,3237.0],[4329.0,3235.5],[4324.0,3234.5],[4319.5,3233.0],[4316.0,3234.5],[4313.0,3237.5],[4309.0,3239.5],[4305.5,3237.0],[4301.0,3235.5],[4297.0,3233.5],[4294.0,3236.5],[4291.5,3240.0],[4287.0,3241.5],[4282.0,3242.5],[4279.0,3245.5],[4275.0,3247.5],[4269.5,3247.0],[4265.5,3245.0],[4262.5,3242.0],[4259.5,3240.0],[4258.0,3244.5],[4253.5,3245.0],[4250.0,3242.5],[4246.0,3242.5],[4241.0,3243.5],[4237.5,3244.0],[4235.5,3248.0],[4232.0,3250.5],[4227.5,3251.0],[4224.5,3248.0],[4222.5,3250.0],[4218.0,3250.5],[4212.5,3252.0]]","[[243042.37041092,431259.53883362,84.16349459],[243042.3710804,431259.53990173,84.16465521],[243042.37223434,431259.53977966,84.16604328],[243042.37337685,431259.54029846,84.16761589],[243042.37452126,431259.54081726,84.16919088],[243042.37378502,431259.54290771,84.16894245],[243042.37469292,431259.54370117,84.17031383],[243042.37512779,431259.54505157,84.17127609],[243042.37485123,431259.54723358,84.17162228],[243042.37376213,431259.54943085,84.1709733],[243042.37245178,431259.5512619,84.16993523],[243042.37147522,431259.55364227,84.16948128],[243042.3702774,431259.5556488,84.16863823],[243042.36930275,431259.55802155,84.16818428],[243042.36880112,431259.55984497,84.16814089],[243042.36804962,431259.56257629,84.16807556],[243042.36824417,431259.56420898,84.16883135],[243042.3679657,431259.56639862,84.16917705],[243042.36768532,431259.56858063,84.16952276],[243042.36764336,431259.57049561,84.17007399],[243042.36712646,431259.57295227,84.17021465],[243042.36629105,431259.57423401,84.16958666],[243042.36475945,431259.57569885,84.16815996],[243042.36425591,431259.57752991,84.16811609],[243042.36350441,431259.58026123,84.16805077],[243042.36252785,431259.58263397,84.16759682],[243042.36226273,431259.58419037,84.16775846],[243042.36245537,431259.58583069,84.16851473],[243042.3624115,431259.58774567,84.16906595],[243042.36213112,431259.58994293,84.16941214],[243042.36279678,431259.59104156,84.17058182],[243042.36322784,431259.59241486,84.17154646],[243042.363657,431259.59378815,84.17251158],[243042.36361504,431259.59571838,84.17306566],[243042.36253929,431259.59726715,84.17222977],[243042.36100578,431259.59872437,84.17079782],[243042.36119843,431259.60037994,84.17155695],[243042.36139107,431259.60202789,84.17231655],[243042.36229515,431259.60286713,84.17369652],[243042.36343956,431259.60342407,84.17528439],[243042.36339569,431259.60536194,84.1758399],[243042.36335182,431259.60729218,84.17639589],[243042.36330795,431259.60922241,84.17695236],[243042.3635025,431259.61088562,84.17771578],[243042.36322021,431259.61309814,84.17806578],[243042.36293793,431259.61530304,84.17841577],[243042.3633709,431259.61669922,84.17938852],[243042.3633194,431259.61863708,84.17994833],[243042.36303139,431259.62085724,84.18030119],[243042.36274147,431259.62306976,84.18065453],[243042.36175728,431259.62545776,84.18019628],[243042.36099243,431259.62822723,84.18013334],[243042.36117744,431259.62989807,84.18090248],[243042.359972,431259.63191223,84.18004942],[243042.35898781,431259.63430023,84.17959118],[243042.35800362,431259.63668823,84.17913341],[243042.35701942,431259.63907623,84.17867565],[243042.35603523,431259.6414566,84.17821789],[243042.35527039,431259.64422607,84.17815447],[243042.35428619,431259.64661407,84.1776967],[243042.35341263,431259.64918518,84.17743635],[243042.35177422,431259.6504364,84.17579603],[243042.3503933,431259.65075684,84.17417908],[243042.34930229,431259.65294647,84.17352581],[243042.34788704,431259.65457153,84.1722827],[243042.34668922,431259.65657043,84.17143345],[243042.34559822,431259.65876007,84.17078114],[243042.34400749,431259.65869904,84.16877842],[243042.34216499,431259.65955353,84.16675758],[243042.34075165,431259.66117096,84.16552162],[243042.33922768,431259.66259003,84.16409302],[243042.33803368,431259.66458893,84.16324902],[243042.33763695,431259.66661072,84.16339922],[243042.3361187,431259.66802979,84.16197205],[243042.33470726,431259.66963959,84.16074085],[243042.3337326,431259.67201233,84.16028643],[243042.33297539,431259.67476654,84.16022015],[243042.33221817,431259.67751312,84.16015387],[243042.33145905,431259.68026733,84.16008759],[243042.33069801,431259.68302155,84.16002226],[243042.32993317,431259.68577576,84.15995741],[243042.32963753,431259.68800354,84.16030359],[243042.32980919,431259.68968964,84.16106081],[243042.32998085,431259.69138336,84.16181898],[243042.33015251,431259.69307709,84.16257763],[243042.33008957,431259.69503021,84.16313076],[243042.3293457,431259.69714355,84.16288185],[243042.32847404,431259.69970703,84.16262197],[243042.32738876,431259.70188904,84.16197157],[243042.32641029,431259.70426178,84.16151667],[243042.32611275,431259.70648956,84.1618638],[243042.3262825,431259.70819092,84.16262293],[243042.32598495,431259.71042633,84.16297054],[243042.3252182,431259.71318817,84.16290569],[243042.32423973,431259.71556854,84.16245031],[243042.32394218,431259.71779633,84.16279793],[243042.32411003,431259.71950531,84.16355848],[243042.32334328,431259.72227478,84.16349363],[243042.32206726,431259.72340393,84.16226673],[243042.32047462,431259.72394562,84.1604557],[243042.31962395,431259.72585297,84.16001177],[243042.3195591,431259.72782898,84.16056442],[243042.31858063,431259.73020172,84.16010952],[243042.31760216,431259.73257446,84.15965414],[243042.31662369,431259.7349472,84.15919924],[243042.31564713,431259.73731995,84.15874433],[243042.31487846,431259.74008179,84.15867901],[243042.31411171,431259.74285126,84.15861416],[243042.31334496,431259.74562073,84.15854883],[243042.31236649,431259.74799347,84.15809393],[243042.31086349,431259.74937439,84.15666532],[243042.3091526,431259.75035858,84.15484905],[243042.3081646,431259.75272369,84.15439796],[243042.30824089,431259.75445557,84.15517902],[243042.30693626,431259.75645447,84.15436983],[243042.30601501,431259.75924683,84.15434837],[243042.30509377,431259.76203918,84.15432739],[243042.30516815,431259.76377869,84.15510845],[243042.30524254,431259.76551819,84.15588999],[243042.30472183,431259.76758575,84.15607357],[243042.30370522,431259.77017975,84.15585518],[243042.30273056,431259.77254486,84.1553998],[243042.3025074,431259.77478027,84.15572214],[243042.30191994,431259.7768631,84.15542793],[243042.30225945,431259.77833557,84.15640593],[243042.30203629,431259.78057861,84.15672874],[243042.30181313,431259.78281403,84.15705204],[243042.30158806,431259.78504944,84.15737534],[243042.30098724,431259.78779602,84.15726137],[243042.30057526,431259.79029083,84.15736628],[243042.30016327,431259.79279327,84.15747118],[243042.29956245,431259.79553986,84.15735674],[243042.29895973,431259.79829407,84.15724277],[243042.29835892,431259.80104065,84.15712881],[243042.2977562,431259.80379486,84.15701437],[243042.29715538,431259.80654907,84.15690041],[243042.29730606,431259.8082962,84.15766239],[243042.29690361,431259.81013489,84.15758657],[243042.29630089,431259.8128891,84.15747213],[243042.29607391,431259.8151474,84.15779686],[243042.29622459,431259.81689453,84.1585598],[243042.29618835,431259.81890106,84.15910435],[243042.29633904,431259.82065582,84.15986872],[243042.29667854,431259.82215881,84.16085339],[243042.29682922,431259.82391357,84.16161919],[243042.29660416,431259.8261795,84.16194534],[243042.29582214,431259.82852173,84.16142988],[243042.29504204,431259.83087158,84.16091394],[243042.29390907,431259.83238983,84.15959454],[243042.29269028,431259.83368683,84.15807533],[243042.29155922,431259.83519745,84.15675783],[243042.2905159,431259.83691406,84.15564108],[243042.28991127,431259.83968353,84.15552616],[243042.28930664,431259.842453,84.15541172],[243042.2887001,431259.84522247,84.1552968],[243042.28765869,431259.84693909,84.15418005],[243042.2861805,431259.84759521,84.15206385],[243042.28490639,431259.84733582,84.14998865],[243042.28325844,431259.84757996,84.14747906],[243042.28203964,431259.84931946,84.14641952],[243042.28233528,431259.85105896,84.14713335],[243042.28269768,431259.85256958,84.14810228],[243042.28321838,431259.85383606,84.14929962],[243042.28262711,431259.85592651,84.14900351],[243042.281847,431259.85827637,84.14848852],[243042.28054237,431259.85980225,84.14722776],[243042.27907181,431259.86135101,84.14601707],[243042.27760315,431259.86289215,84.14480782],[243042.27613449,431259.86444092,84.14359951],[243042.27453995,431259.86577606,84.14220715],[243042.2728157,431259.86691284,84.14063072],[243042.27122307,431259.86824799,84.13924122],[243042.27002144,431259.87019348,84.13840818],[243042.26869011,431259.87194061,84.13739061],[243042.26735878,431259.87368011,84.13637352],[243042.26603127,431259.87541962,84.13535738],[243042.26495934,431259.87757111,84.13471079],[243042.2642746,431259.88034058,84.13461637],[243042.26383209,431259.88285828,84.13472223],[243042.26338959,431259.88536835,84.13482809],[243042.26270485,431259.88814545,84.13473368],[243042.2620182,431259.89091492,84.13463974],[243042.26206017,431259.89292908,84.13514566],[243042.26210403,431259.89493561,84.13565254],[243042.26190186,431259.89720917,84.13595915],[243042.26170158,431259.8994751,84.13626575],[243042.26150131,431259.90174866,84.13657284],[243042.26081467,431259.90452576,84.1364789],[243042.25974083,431259.90667725,84.13582993],[243042.25892639,431259.90924835,84.13555098],[243042.25945282,431259.91075897,84.13645983],[243042.25900841,431259.91329193,84.13656616],[243042.25854874,431259.91514587,84.1365037],[243042.2576046,431259.91751099,84.13603878],[243042.25665855,431259.91986847,84.13557482],[243042.25645638,431259.92214966,84.1358819],[243042.25538445,431259.92430115,84.13523245],[243042.25431061,431259.92645264,84.13458347],[243042.25362206,431259.92923737,84.13448906],[243042.25255013,431259.93138885,84.13384008],[243042.25109482,431259.93289948,84.1326375],[243042.24936104,431259.93263245,84.13073063],[243042.24803734,431259.93435669,84.12971497],[243042.24783134,431259.93663788,84.13001966],[243042.24811172,431259.93841553,84.13072443],[243042.2483902,431259.94019318,84.13143015],[243042.24867058,431259.94197845,84.13213682],[243042.24846458,431259.94425964,84.13244295],[243042.24752045,431259.94662476,84.13197851],[243042.24632072,431259.94855499,84.13114548],[243042.24537659,431259.9509201,84.13068151],[243042.24517059,431259.95320892,84.13098717],[243042.24472237,431259.95574951,84.13109255],[243042.24429131,431259.95760345,84.13201809],[243042.24357414,431259.95948792,84.13303137],[243042.24334145,431259.96110535,84.13417053],[243042.24214172,431259.96326447,84.13505697],[243042.23997498,431259.96595764,84.13569021],[243042.23829269,431259.96838379,84.13644886],[243042.23544121,431259.97023773,84.1359005],[243042.23251343,431259.97163391,84.13493299],[243042.22959328,431259.97302246,84.13396788],[243042.22788239,431259.9752121,84.13451433],[243042.2266922,431259.97735596,84.135396],[243042.22550201,431259.97949982,84.13627768],[243042.22383499,431259.98191071,84.13703251],[243042.22264671,431259.98404694,84.13791275],[243042.22034264,431259.98582458,84.13770151],[243042.21748734,431259.98741913,84.13694572],[243042.21471977,431259.98945618,84.13661003],[243042.21448517,431259.99105835,84.13773918],[243042.21330261,431259.99319458,84.13861656],[243042.21259308,431259.99505615,84.1396203],[243042.20975494,431259.99663544,84.13886404],[243042.20688248,431259.99799347,84.13790035],[243042.20417404,431260.00022888,84.13777351],[243042.20150948,431260.00269318,84.13785458],[243042.19869614,431260.0042572,84.13710356],[243042.19633865,431260.00623322,84.13665295],[243042.1958065,431260.00875092,84.13678265],[243042.19589424,431260.01055145,84.13753271],[243042.19639397,431260.01187134,84.13869715],[243042.19660568,431260.01321411,84.13946152],[243042.19511604,431260.01399231,84.13763714],[243042.19441795,431260.01607513,84.13737917],[243042.19470978,431260.01763916,84.13833713],[243042.19421768,431260.01947784,84.13828564],[243042.19331169,431260.02180481,84.13782072],[243042.19273567,431260.02342224,84.13757563],[243042.19133186,431260.02442169,84.13594675],[243042.19017792,431260.02607727,84.13490057],[243042.18947983,431260.0281601,84.1346426],[243042.18997765,431260.02948761,84.13580561],[243042.18915176,431260.03044891,84.13497877],[243042.18845367,431260.03252411,84.1347208],[243042.18734169,431260.03508759,84.13404942]]",dji_pose_mesh_ray_contour_nodes,
94,92,3,SPL,1991.2745,3114.3529,1988,3108,1997,3125,9,17,51,243041.88093185,431261.09642792,84.18171453,dji_pose_mesh_ray_centroid,True,True,1113104,2.009264,warp,,1991.2745,3114.3529,1,1,1.0,1,2.009264,2.009264,22,22,1.0,"[[1996.0,3110.5],[1995.5,3111.0],[1995.0,3111.5],[1994.0,3111.5],[1993.5,3112.0],[1993.0,3112.5],[1992.5,3113.0],[1992.5,3114.0],[1992.0,3114.5],[1991.5,3115.0],[1991.5,3116.0],[1991.5,3117.0],[1991.0,3117.5],[1990.5,3118.0],[1990.5,3119.0],[1990.0,3119.5],[1989.5,3120.0],[1989.5,3121.0],[1989.5,3122.0],[1989.5,3123.0],[1990.0,3123.5],[1990.5,3124.0]]","[[243041.88227463,431261.09446716,84.18349028],[243041.8821106,431261.0946579,84.18326235],[243041.88194847,431261.09485626,84.18303442],[243041.88184547,431261.09537506,84.18301153],[243041.88168335,431261.09557343,84.1827836],[243041.88151932,431261.09576416,84.18255615],[243041.88135719,431261.09596252,84.18232822],[243041.88113785,431261.09584045,84.18189526],[243041.88097572,431261.09603882,84.18166733],[243041.8808136,431261.09622955,84.1814394],[243041.88059235,431261.09610748,84.18100691],[243041.880373,431261.09598541,84.18057442],[243041.88021088,431261.09618378,84.18034649],[243041.88004875,431261.09637451,84.18011904],[243041.8798275,431261.09625244,84.17968655],[243041.87966537,431261.09645081,84.17945909],[243041.87950325,431261.09664154,84.17923164],[243041.87928391,431261.09651947,84.17879915],[243041.87906456,431261.0963974,84.17836714],[243041.87884331,431261.09627533,84.17793512],[243041.87878609,431261.0959549,84.17773056],[243041.87872696,431261.09563446,84.177526]]",dji_pose_mesh_ray_contour_nodes,
95,93,3,SPL,1146.6,3118.5,1146,3116,1148,3122,2,6,10,243041.74746704,431261.51044464,84.17581034,dji_pose_mesh_ray_centroid,True,True,1113123,2.137125,warp,,1146.6,3118.5,1,1,1.0,1,2.137125,2.137125,2,2,1.0,"[[1146.0,3116.5],[1146.5,3116.0]]","[[243041.7478714,431261.51117706,84.17664337],[243041.74810028,431261.51106262,84.17684507]]",dji_pose_mesh_ray_contour_nodes,
96,94,3,SPL,1981.5,3128.0,1981,3128,1983,3129,2,1,2,243041.87691307,431261.09978485,84.17559385,dji_pose_mesh_ray_centroid,True,True,1113104,2.009262,warp,,1981.5,3128.0,1,1,1.0,1,2.009262,2.009262,2,2,1.0,"[[1981.0,3128.0],[1982.0,3128.0]]","[[243041.87685966,431261.10003662,84.17558241],[243041.87696457,431261.09952545,84.1756053]]",dji_pose_mesh_ray_contour_nodes,
97,95,3,SPL,1165.0,3129.7143,1164,3129,1167,3132,3,3,7,243041.74819183,431261.49944305,84.17098999,dji_pose_mesh_ray_centroid,True,True,1113123,2.132005,warp,,1165.0,3129.7143,1,1,1.0,1,2.132005,2.132005,2,2,1.0,"[[1164.5,3131.0],[1164.0,3130.5]]","[[243041.74775696,431261.49938202,84.17046595],[243041.74778748,431261.49972534,84.17067718]]",dji_pose_mesh_ray_contour_nodes,
98,96,3,SPL,1251.2424,3134.5758,1248,3132,1256,3138,8,6,33,243041.76363182,431261.45847321,84.16823149,dji_pose_mesh_ray_centroid,True,True,1113130,2.118469,warp,,1251.2424,3134.5758,1,1,1.0,1,2.118469,2.118469,7,7,1.0,"[[1250.5,3132.0],[1251.0,3132.5],[1252.0,3132.5],[1253.0,3132.5],[1253.5,3133.0],[1254.0,3133.5],[1255.0,3133.5]]","[[243041.76415443,431261.45937347,84.16930342],[243041.76410484,431261.45902252,84.16909838],[243041.76425362,431261.45851898,84.16910696],[243041.76440239,431261.45801544,84.16911554],[243041.7643528,431261.45766449,84.1689105],[243041.76430511,431261.45731354,84.16870546],[243041.76445198,431261.45681,84.16871405]]",dji_pose_mesh_ray_contour_nodes,
99,97,3,SPL,1634.1145,3142.0229,1627,3136,1642,3149,15,13,131,243041.8065052,431261.25827026,84.17267513,dji_pose_mesh_ray_centroid,True,True,1113122,2.033561,warp,,1634.1145,3142.0229,1,1,1.0,1,2.033561,2.033561,16,16,1.0,"[[1627.0,3143.5],[1627.5,3143.0],[1627.5,3142.0],[1628.0,3141.5],[1628.5,3141.0],[1628.5,3140.0],[1629.0,3139.5],[1629.5,3139.0],[1630.0,3138.5],[1630.5,3138.0],[1631.0,3137.5],[1632.0,3137.5],[1632.5,3137.0],[1633.0,3136.5],[1634.0,3136.5],[1634.5,3136.0]]","[[243041.80517006,431261.26155853,84.17198038],[243041.80537033,431261.26139832,84.17218971],[243041.80564117,431261.26158905,84.17259502],[243041.80584145,431261.26142883,84.17280483],[243041.80604172,431261.26126862,84.17301416],[243041.80631256,431261.26145935,84.17342043],[243041.80651283,431261.26129913,84.17362976],[243041.80671501,431261.26114655,84.17383957],[243041.80691528,431261.26098633,84.17404938],[243041.80711746,431261.26083374,84.17425919],[243041.80731773,431261.26067352,84.17446899],[243041.80744934,431261.26016998,84.17448235],[243041.80765152,431261.2600174,84.17469215],[243041.80785179,431261.25985718,84.17490196],[243041.8079834,431261.25935364,84.17491531],[243041.80818558,431261.25920105,84.17512512]]",dji_pose_mesh_ray_contour_nodes,
100,98,3,SPL,2293.4681,3154.5532,2282,3148,2304,3164,22,16,141,243041.91189957,431260.94204712,84.16831303,dji_pose_mesh_ray_centroid,True,True,1113101,1.972307,warp,,2293.4681,3154.5532,1,1,1.0,1,1.972307,1.972307,34,34,1.0,"[[2302.5,3163.0],[2302.0,3162.5],[2301.0,3162.5],[2300.0,3162.5],[2299.5,3162.0],[2299.0,3161.5],[2298.5,3161.0],[2298.0,3160.5],[2297.5,3160.0],[2297.0,3159.5],[2296.5,3159.0],[2296.0,3158.5],[2295.0,3158.5],[2294.5,3158.0],[2294.0,3157.5],[2293.0,3157.5],[2292.0,3157.5],[2291.5,3157.0],[2291.0,3156.5],[2290.0,3156.5],[2289.5,3156.0],[2289.0,3155.5],[2288.0,3155.5],[2287.5,3155.0],[2287.0,3154.5],[2286.5,3154.0],[2286.0,3153.5],[2285.0,3153.5],[2284.5,3153.0],[2284.0,3152.5],[2283.0,3152.5],[2282.5,3152.0],[2282.5,3151.0],[2282.0,3150.5]]","[[243041.91233253,431260.93726349,84.16444349],[243041.91231537,431260.93753815,84.16467094],[243041.91202545,431260.93795013,84.16471338],[243041.91173553,431260.93836975,84.1647563],[243041.91172028,431260.93863678,84.16498375],[243041.91170502,431260.93890381,84.1652112],[243041.91168976,431260.93917847,84.16543865],[243041.9116745,431260.9394455,84.1656661],[243041.91165924,431260.93971252,84.16589355],[243041.91164398,431260.93997955,84.16612101],[243041.91162872,431260.94024658,84.16634846],[243041.91161156,431260.94052124,84.16657591],[243041.91132164,431260.94093323,84.16661882],[243041.91130638,431260.94120026,84.16684627],[243041.91129112,431260.94147491,84.16707373],[243041.91100121,431260.9418869,84.16711616],[243041.91071129,431260.94230652,84.1671586],[243041.91069603,431260.94257355,84.16738605],[243041.91068077,431260.94284058,84.16761351],[243041.91039085,431260.94326019,84.16765594],[243041.9103756,431260.94352722,84.16788387],[243041.91036034,431260.94380188,84.16811132],[243041.91007042,431260.94421387,84.16815376],[243041.91005325,431260.9444809,84.16838121],[243041.91003799,431260.94475555,84.16860914],[243041.91002274,431260.94502258,84.16883659],[243041.91000748,431260.94528961,84.16906404],[243041.90971756,431260.94570923,84.16910648],[243041.9097023,431260.94597626,84.16933441],[243041.90968704,431260.94624329,84.16956186],[243041.90939713,431260.9466629,84.1696043],[243041.90944099,431260.94696045,84.16981125],[243041.90970993,431260.94708252,84.17022037],[243041.90975571,431260.94738007,84.17042732]]",dji_pose_mesh_ray_contour_nodes,
101,99,3,SPL,2310.375,3162.375,2308,3162,2313,3164,5,2,8,243041.91477776,431260.93405151,84.16436577,dji_pose_mesh_ray_centroid,True,True,1113101,1.972804,warp,,2310.375,3162.375,1,1,1.0,1,1.972804,1.972804,3,3,1.0,"[[2309.5,3163.0],[2309.0,3162.5],[2308.0,3162.5]]","[[243041.91436195,431260.93434143,84.16414499],[243041.91434669,431260.93460846,84.16437292],[243041.91405678,431260.93502808,84.16441536]]",dji_pose_mesh_ray_contour_nodes,
102,100,3,SPL,1169.5102,3168.0748,1156,3165,1183,3173,27,8,147,243041.73913956,431261.48872375,84.15524149,dji_pose_mesh_ray_centroid,True,True,1113123,2.123109,warp,,1169.5102,3168.0748,1,1,1.0,1,2.123109,2.123109,18,18,1.0,"[[1160.5,3165.0],[1161.0,3165.5],[1162.0,3165.5],[1163.0,3165.5],[1163.5,3166.0],[1164.0,3166.5],[1165.0,3166.5],[1165.5,3166.0],[1166.0,3165.5],[1167.0,3165.5],[1168.0,3165.5],[1169.0,3165.5],[1170.0,3165.5],[1171.0,3165.5],[1172.0,3165.5],[1173.0,3165.5],[1174.0,3165.5],[1174.5,3165.0]]","[[243041.73815727,431261.49351501,84.15658903],[243041.73812675,431261.49317169,84.15638018],[243041.73832321,431261.49272156,84.15636921],[243041.73851967,431261.49226379,84.15635872],[243041.73849106,431261.49192047,84.15614986],[243041.73846054,431261.49158478,84.15594101],[243041.738657,431261.49112701,84.15593052],[243041.73888397,431261.49101257,84.15612841],[243041.73911095,431261.49089813,84.15632677],[243041.7393074,431261.49044037,84.1563158],[243041.73950577,431261.48999023,84.15630531],[243041.73970222,431261.48953247,84.15629482],[243041.73989868,431261.48907471,84.15628386],[243041.74009514,431261.48861694,84.15627336],[243041.7402935,431261.48816681,84.1562624],[243041.74048996,431261.48770905,84.15625191],[243041.74068642,431261.48725128,84.15624094],[243041.74091339,431261.48713684,84.1564393]]",dji_pose_mesh_ray_contour_nodes,
103,101,3,SPL,2331.8571,3166.6667,2329,3165,2337,3169,8,4,21,243041.91990662,431260.92455292,84.16167688,dji_pose_mesh_ray_centroid,True,True,1113101,1.974329,warp,,2331.8571,3166.6667,1,1,1.0,1,1.974329,1.974329,5,5,1.0,"[[2336.0,3166.5],[2335.0,3166.5],[2334.5,3167.0],[2334.0,3167.5],[2333.5,3168.0]]","[[243041.92115593,431260.9228363,84.16156816],[243041.92086411,431260.92325592,84.16161108],[243041.92058754,431260.92340088,84.16142607],[243041.92031288,431260.92355347,84.16124105],[243041.92003632,431260.92370605,84.16105652]]",dji_pose_mesh_ray_contour_nodes,
104,102,3,SPL,3124.2243,3196.7346,3099,3187,3153,3208,54,21,437,243042.05803299,431260.5496521,84.14488649,dji_pose_mesh_ray_centroid,True,True,1113024,1.993245,warp,,3124.2243,3196.7346,1,1,1.0,1,1.993245,1.993245,58,58,1.0,"[[3152.0,3188.5],[3151.5,3189.0],[3151.0,3189.5],[3150.5,3190.0],[3150.0,3190.5],[3149.5,3191.0],[3149.0,3191.5],[3148.5,3192.0],[3148.0,3192.5],[3147.5,3193.0],[3147.0,3193.5],[3146.0,3193.5],[3145.5,3194.0],[3145.0,3194.5],[3144.0,3194.5],[3143.0,3194.5],[3142.0,3194.5],[3141.0,3194.5],[3140.0,3194.5],[3139.0,3194.5],[3138.0,3194.5],[3137.5,3195.0],[3137.0,3195.5],[3136.0,3195.5],[3135.0,3195.5],[3134.0,3195.5],[3133.0,3195.5],[3132.0,3195.5],[3131.0,3195.5],[3130.0,3195.5],[3129.0,3195.5],[3128.5,3196.0],[3128.0,3196.5],[3127.0,3196.5],[3126.5,3197.0],[3126.0,3197.5],[3125.5,3198.0],[3125.5,3199.0],[3125.5,3200.0],[3125.5,3201.0],[3125.0,3201.5],[3124.5,3202.0],[3124.5,3203.0],[3124.0,3203.5],[3123.5,3204.0],[3123.0,3204.5],[3122.5,3205.0],[3122.0,3205.5],[3121.0,3205.5],[3120.0,3205.5],[3119.5,3206.0],[3119.0,3206.5],[3118.0,3206.5],[3117.0,3206.5],[3116.0,3206.5],[3115.0,3206.5],[3114.0,3206.5],[3113.5,3207.0]]","[[243042.06453133,431260.53681183,84.14844418],[243042.06429863,431260.53702545,84.14824057],[243042.06406784,431260.53723145,84.14803648],[243042.06383514,431260.53743744,84.14783239],[243042.06360435,431260.53764343,84.14762831],[243042.06337166,431260.53784943,84.1474247],[243042.06313896,431260.53806305,84.14722061],[243042.06290817,431260.53826904,84.147017],[243042.06267548,431260.53847504,84.14681292],[243042.06244469,431260.53868103,84.14660931],[243042.06221199,431260.53888702,84.1464057],[243042.06207466,431260.53937531,84.14639521],[243042.06184387,431260.5395813,84.1461916],[243042.06161308,431260.53978729,84.14598799],[243042.06147575,431260.54026794,84.1459775],[243042.06133842,431260.5407486,84.14596748],[243042.0612011,431260.54123688,84.14595699],[243042.06106377,431260.54171753,84.1459465],[243042.06092644,431260.54219818,84.14593601],[243042.06078911,431260.54267883,84.145926],[243042.06065178,431260.54315948,84.14591551],[243042.06041908,431260.54337311,84.1457119],[243042.06018829,431260.5435791,84.14550829],[243042.06005096,431260.54405975,84.1454978],[243042.05991364,431260.54454041,84.14548778],[243042.05977631,431260.54502106,84.14547729],[243042.05963898,431260.54550934,84.1454668],[243042.05950165,431260.54598999,84.14545679],[243042.05936432,431260.54647064,84.1454463],[243042.05922699,431260.54695129,84.14543581],[243042.05908966,431260.54743958,84.1454258],[243042.05885887,431260.54764557,84.14522219],[243042.05862808,431260.54785156,84.14501858],[243042.05849075,431260.54833221,84.14500809],[243042.05825806,431260.54853821,84.14480448],[243042.05802727,431260.5487442,84.14460087],[243042.05779648,431260.5489502,84.14439774],[243042.05747032,431260.54888153,84.14400101],[243042.05714607,431260.54881287,84.14360476],[243042.05682182,431260.5487442,84.1432085],[243042.05658913,431260.5489502,84.14300537],[243042.05635834,431260.54915619,84.14280176],[243042.05603409,431260.54908752,84.14240599],[243042.0558033,431260.54929352,84.14220285],[243042.05557251,431260.54949951,84.14199972],[243042.05534172,431260.54970551,84.14179659],[243042.05511093,431260.5499115,84.14159346],[243042.05488014,431260.55011749,84.14139032],[243042.05474281,431260.55059814,84.14138031],[243042.05460548,431260.5510788,84.14136982],[243042.0543766,431260.55128479,84.14116669],[243042.05414581,431260.55149078,84.14096403],[243042.05400848,431260.55197144,84.14095354],[243042.05387115,431260.55245209,84.14094305],[243042.05373383,431260.55293274,84.14093256],[243042.0535965,431260.55342102,84.14092207],[243042.05345917,431260.55390167,84.14091206],[243042.05322838,431260.55410767,84.14070892]]",dji_pose_mesh_ray_contour_nodes,
105,103,3,SPL,3078.1923,3216.3846,3075,3214,3083,3220,8,6,26,243042.04535484,431260.57043457,84.1366353,dji_pose_mesh_ray_centroid,True,True,1113024,1.9883,warp,,3078.1923,3216.3846,1,1,1.0,1,1.9883,1.9883,10,10,1.0,"[[3082.0,3214.5],[3081.5,3215.0],[3081.5,3216.0],[3081.0,3216.5],[3080.5,3217.0],[3080.0,3217.5],[3079.5,3218.0],[3079.0,3218.5],[3078.0,3218.5],[3077.5,3219.0]]","[[243042.04648399,431260.56874084,84.13741875],[243042.0462532,431260.56894684,84.13721609],[243042.04593086,431260.56887054,84.13682175],[243042.04570198,431260.56907654,84.13661909],[243042.0454731,431260.56928253,84.13641691],[243042.04524231,431260.56948853,84.13621473],[243042.04501343,431260.56968689,84.13601255],[243042.04478264,431260.56989288,84.13581037],[243042.04464722,431260.57037354,84.13579988],[243042.04441643,431260.57057953,84.13559771]]",dji_pose_mesh_ray_contour_nodes,
106,104,3,SPL,3061.8542,3221.6042,3049,3215,3072,3228,23,13,192,243042.04143333,431260.57791901,84.134408,dji_pose_mesh_ray_centroid,True,True,1113024,1.98696,warp,,3061.8542,3221.6042,1,1,1.0,1,1.98696,1.98696,29,29,1.0,"[[3049.0,3221.5],[3049.5,3221.0],[3050.0,3220.5],[3050.5,3220.0],[3051.0,3219.5],[3052.0,3219.5],[3053.0,3219.5],[3054.0,3219.5],[3054.5,3219.0],[3055.0,3218.5],[3056.0,3218.5],[3057.0,3218.5],[3057.5,3218.0],[3058.0,3217.5],[3059.0,3217.5],[3060.0,3217.5],[3061.0,3217.5],[3061.5,3217.0],[3062.0,3216.5],[3063.0,3216.5],[3064.0,3216.5],[3064.5,3216.0],[3065.0,3215.5],[3066.0,3215.5],[3067.0,3215.5],[3068.0,3215.5],[3069.0,3215.5],[3070.0,3215.5],[3070.5,3215.0]]","[[243042.03970528,431260.58411407,84.13431454],[243042.03993416,431260.58390808,84.13451624],[243042.04016304,431260.58370972,84.13471842],[243042.04039192,431260.58350372,84.1349206],[243042.0406208,431260.58329773,84.13512325],[243042.04075813,431260.58281708,84.13513327],[243042.04089546,431260.58233643,84.13514376],[243042.04103279,431260.58185577,84.13515425],[243042.04126167,431260.58164978,84.13535643],[243042.04149246,431260.58145142,84.1355586],[243042.04162979,431260.58097076,84.1355691],[243042.04176521,431260.58049011,84.13558006],[243042.041996,431260.58028412,84.13578224],[243042.04222488,431260.58007812,84.13598442],[243042.04236221,431260.57959747,84.13599491],[243042.04249954,431260.57911682,84.1360054],[243042.04263687,431260.57863617,84.13601589],[243042.04286575,431260.57843018,84.13621807],[243042.04309654,431260.57822418,84.13642073],[243042.04323387,431260.57774353,84.13643122],[243042.04336929,431260.57726288,84.13644171],[243042.04360008,431260.57705688,84.13664389],[243042.04382896,431260.57685852,84.13684654],[243042.04396629,431260.57637787,84.13685703],[243042.04410362,431260.57588959,84.13686705],[243042.04424095,431260.57540894,84.13687754],[243042.04437828,431260.57492828,84.13688803],[243042.04451561,431260.57444763,84.13689852],[243042.04474449,431260.57424164,84.13710117]]",dji_pose_mesh_ray_contour_nodes,
107,105,3,SPL,3024.3636,3233.6364,3022,3233,3028,3236,6,3,11,243042.03244019,431260.59503937,84.12928629,dji_pose_mesh_ray_centroid,True,True,1113024,1.984022,warp,,3024.3636,3233.6364,1,1,1.0,1,1.984022,1.984022,6,6,1.0,"[[3027.0,3233.5],[3026.5,3234.0],[3026.0,3234.5],[3025.0,3234.5],[3024.0,3234.5],[3023.5,3235.0]]","[[243042.03284454,431260.59378815,84.12936735],[243042.03261757,431260.59398651,84.12916613],[243042.03238869,431260.59418488,84.1289649],[243042.03225136,431260.59466553,84.12895441],[243042.03211403,431260.59515381,84.12894392],[243042.03188705,431260.59535217,84.12874222]]",dji_pose_mesh_ray_contour_nodes,
108,106,3,SPL,5.0952,3292.2857,3,3290,9,3295,6,5,21,243041.51593399,431262.01012421,84.10494709,dji_pose_mesh_ray_centroid,True,True,72016,2.366624,warp,,5.0952,3292.2857,1,1,1.0,1,2.366624,2.366624,6,6,1.0,"[[5.5,3290.0],[6.0,3290.5],[6.5,3291.0],[7.0,3291.5],[7.5,3292.0],[8.0,3292.5]]","[[243041.51646233,431262.0105896,84.1058569],[243041.51645279,431262.01022339,84.10565376],[243041.51644516,431262.00985718,84.10545015],[243041.51643562,431262.00949097,84.10524654],[243041.51642799,431262.00912476,84.10504341],[243041.51641846,431262.00876617,84.1048398]]",dji_pose_mesh_ray_contour_nodes,
109,107,3,SPL,1274.4262,3457.4787,1254,3445,1288,3467,34,22,305,243041.68763542,431261.38106537,84.04172945,dji_pose_mesh_ray_centroid,True,True,1113123,2.05577,warp,,1274.4262,3457.4787,1,1,1.0,1,2.05577,2.05577,42,42,1.0,"[[1254.0,3460.5],[1255.0,3460.5],[1256.0,3460.5],[1257.0,3460.5],[1257.5,3460.0],[1258.0,3459.5],[1259.0,3459.5],[1260.0,3459.5],[1261.0,3459.5],[1262.0,3459.5],[1263.0,3459.5],[1263.5,3459.0],[1264.0,3458.5],[1265.0,3458.5],[1265.5,3458.0],[1266.0,3457.5],[1266.5,3457.0],[1267.0,3456.5],[1267.5,3456.0],[1268.0,3455.5],[1269.0,3455.5],[1270.0,3455.5],[1271.0,3455.5],[1272.0,3455.5],[1273.0,3455.5],[1274.0,3455.5],[1275.0,3455.5],[1275.5,3455.0],[1275.5,3454.0],[1275.5,3453.0],[1275.0,3452.5],[1274.5,3452.0],[1274.0,3451.5],[1273.5,3451.0],[1273.5,3450.0],[1273.5,3449.0],[1274.0,3448.5],[1274.5,3448.0],[1274.5,3447.0],[1275.0,3446.5],[1275.5,3446.0],[1275.5,3445.0]]","[[243041.68309784,431261.38938904,84.04085922],[243041.68328476,431261.38895416,84.0408473],[243041.68347168,431261.38851929,84.0408349],[243041.6836586,431261.38808441,84.04082298],[243041.68387032,431261.38796234,84.0410018],[243041.68408203,431261.38784027,84.04118061],[243041.68426895,431261.3874054,84.04116869],[243041.68445587,431261.38697052,84.04115629],[243041.68464279,431261.38653564,84.04114437],[243041.68482971,431261.38609314,84.04113197],[243041.68501663,431261.38565826,84.04112005],[243041.68522835,431261.38553619,84.04129934],[243041.68544197,431261.38542175,84.04147816],[243041.68562889,431261.38498688,84.04146576],[243041.68584061,431261.38486481,84.04164505],[243041.68605423,431261.38474274,84.04182386],[243041.68626595,431261.3846283,84.04200315],[243041.68647766,431261.38450623,84.04218197],[243041.68669128,431261.38438416,84.04236126],[243041.686903,431261.38426971,84.04254055],[243041.68708992,431261.38382721,84.04252815],[243041.68727684,431261.38339233,84.04251623],[243041.68746376,431261.38295746,84.04250383],[243041.68765259,431261.38251495,84.04249191],[243041.68783951,431261.38208008,84.04247999],[243041.68802643,431261.3816452,84.04246759],[243041.68821335,431261.38121033,84.04245567],[243041.68842697,431261.38108826,84.04263449],[243041.68866348,431261.38128662,84.04300547],[243041.6889019,431261.38148499,84.04337645],[243041.6889286,431261.38179779,84.04356766],[243041.6889534,431261.38211823,84.04375935],[243041.6889782,431261.38243103,84.04395103],[243041.6890049,431261.38275146,84.04414225],[243041.68924332,431261.38294983,84.0445137],[243041.68948174,431261.38314819,84.04488468],[243041.68969345,431261.38302612,84.04506445],[243041.68990707,431261.38290405,84.04524422],[243041.69014549,431261.38310242,84.04561567],[243041.69035912,431261.38298035,84.04579544],[243041.69057274,431261.38286591,84.04597521],[243041.69081116,431261.38306427,84.04634666]]",dji_pose_mesh_ray_contour_nodes,
110,108,3,SPL,1525.5321,3470.7436,1515,3456,1536,3492,21,36,468,243041.71776581,431261.25843048,84.04031229,dji_pose_mesh_ray_centroid,True,True,1113095,2.008039,warp,,1525.5321,3470.7436,1,1,1.0,1,2.008039,2.008039,31,31,1.0,"[[1535.0,3476.5],[1534.0,3476.5],[1533.0,3476.5],[1532.0,3476.5],[1531.0,3476.5],[1530.5,3477.0],[1530.0,3477.5],[1529.5,3478.0],[1529.0,3478.5],[1528.5,3479.0],[1528.0,3479.5],[1527.5,3480.0],[1527.0,3480.5],[1526.5,3481.0],[1526.0,3481.5],[1525.5,3482.0],[1525.0,3482.5],[1524.5,3483.0],[1524.5,3484.0],[1524.0,3484.5],[1523.5,3485.0],[1523.5,3486.0],[1523.0,3486.5],[1522.5,3487.0],[1522.0,3487.5],[1521.5,3488.0],[1521.0,3488.5],[1520.5,3489.0],[1520.0,3489.5],[1519.5,3490.0],[1519.5,3491.0]]","[[243041.71755409,431261.25286865,84.03836441],[243041.717453,431261.25336456,84.03833628],[243041.71735001,431261.25386047,84.03830814],[243041.71724892,431261.25435638,84.03827953],[243041.71714783,431261.25485992,84.0382514],[243041.71699524,431261.25502777,84.03804493],[243041.71684265,431261.25520325,84.03783894],[243041.71669006,431261.25537872,84.03763246],[243041.71653748,431261.2555542,84.03742599],[243041.71638489,431261.25572968,84.03721952],[243041.7162323,431261.25590515,84.03701353],[243041.71607971,431261.25608063,84.03680706],[243041.71592712,431261.25624847,84.03660107],[243041.71577454,431261.25642395,84.0363946],[243041.71562386,431261.25659943,84.0361886],[243041.71546936,431261.2567749,84.03598261],[243041.71531868,431261.25695038,84.03577614],[243041.71516609,431261.25712585,84.03557014],[243041.71496201,431261.25697327,84.03518629],[243041.71480942,431261.25714874,84.0349803],[243041.71465874,431261.25732422,84.03477383],[243041.71445465,431261.25717163,84.03439045],[243041.71430206,431261.25734711,84.03418446],[243041.71414948,431261.25752258,84.03397846],[243041.71399689,431261.25769806,84.03377247],[243041.71384621,431261.25787354,84.03356647],[243041.71369362,431261.25804138,84.03336096],[243041.71354103,431261.25821686,84.03315496],[243041.71338844,431261.25839233,84.03294897],[243041.71323586,431261.25856781,84.03274298],[243041.71303368,431261.25841522,84.0323596]]",dji_pose_mesh_ray_contour_nodes,
111,109,3,SPL,1533.3506,3488.1558,1531,3478,1536,3498,5,20,77,243041.71501541,431261.25196075,84.03384352,dji_pose_mesh_ray_centroid,True,True,1113095,2.004742,warp,,1533.3506,3488.1558,1,1,1.0,1,2.004742,2.004742,12,12,1.0,"[[1531.0,3485.5],[1531.5,3485.0],[1531.5,3484.0],[1531.5,3483.0],[1532.0,3482.5],[1532.5,3482.0],[1532.5,3481.0],[1532.5,3480.0],[1533.0,3479.5],[1533.5,3479.0],[1534.0,3478.5],[1534.5,3478.0]]","[[243041.71531677,431261.25352478,84.03479528],[243041.71546936,431261.2533493,84.03500128],[243041.71567345,431261.25349426,84.03538465],[243041.71587563,431261.25364685,84.03576851],[243041.71602821,431261.25347137,84.0359745],[243041.7161808,431261.2532959,84.03618097],[243041.71638489,431261.25344086,84.03656483],[243041.71658707,431261.25359344,84.03694916],[243041.71673965,431261.25341797,84.03715515],[243041.71689224,431261.25324249,84.03736114],[243041.71704483,431261.25306702,84.03756762],[243041.71719742,431261.25289154,84.03777409]]",dji_pose_mesh_ray_contour_nodes,
112,110,3,SPL,1416.6667,3818.6667,1416,3818,1418,3820,2,2,3,243041.62488365,431261.24970245,83.91727257,dji_pose_mesh_ray_centroid,True,True,1113092,1.983098,warp,,1416.6667,3818.6667,1,1,1.0,1,1.983098,1.983098,2,2,1.0,"[[1416.0,3818.5],[1416.5,3818.0]]","[[243041.62483215,431261.25003052,83.91731882],[243041.62501144,431261.24989319,83.91748619]]",dji_pose_mesh_ray_contour_nodes,
113,111,3,SPL,1413.3333,3822.3333,1413,3822,1415,3824,2,2,3,243041.62360764,431261.25054932,83.91604948,dji_pose_mesh_ray_centroid,True,True,1113092,1.983173,warp,,1413.3333,3822.3333,1,1,1.0,1,1.983173,1.983173,2,2,1.0,"[[1414.0,3822.5],[1413.5,3823.0]]","[[243041.62365913,431261.25022125,83.91600323],[243041.62347794,431261.25035858,83.91583586]]",dji_pose_mesh_ray_contour_nodes,
